DqId,RunId,ConfigId,TaskConfigId,TableName,RowCount,NullCount,DuplicateCount,ValidationStatus,CreatedAt,PipelineRunId
2.02608E+17,2.02608E+13,5,31,sl_8x8_CallInteractions,876,0,0,SUCCESS,2026-08-14T03:02:39.419Z,360959fd-08b4-465c-be75-1bdb70b33137
2.02608E+17,2.02608E+13,122,12585,OffWeekCounselingEngagement,0,0,0,SUCCESS,2026-08-10T09:06:07.260Z,871fd4e7-f63f-43b0-a6b5-8655d4836508
2.02608E+17,2.02608E+13,122,12585,OffWeekCounselingEngagement,0,0,0,SUCCESS,2026-08-10T07:03:55.708Z,307bc68c-7b9d-4658-a771-a1adcfd3b965
2.02608E+17,2.02608E+13,122,12585,OffWeekCounselingEngagement,0,0,0,SUCCESS,2026-08-10T11:24:21.893Z,78bad054-c366-447f-a42f-4880b22834e3
2.02608E+17,2.02608E+13,132,13707,TrendingTreatmentPlansStateReqs,2329626,0,1,FAILED,2026-08-27T07:36:08.434Z,67cdece8-9745-4c87-ab73-e4e58104b61d
2.02608E+17,2.02608E+13,132,13704,EnrollmentActivityWReadmission,325813,0,0,SUCCESS,2026-08-27T11:38:02.994Z,548cb8af-a2ae-442b-8193-6118f75471ea
2.02608E+17,2.02608E+17,82,6805,br_sf_patient_survey_responses,208,60,0,SUCCESS,2026-08-21T10:35:19.509Z,45603680-296f-4487-82f1-f8045d5f38e1
2.02608E+17,2.02608E+13,132,13704,EnrollmentActivityWReadmission,325813,0,0,SUCCESS,2026-08-27T10:48:24.997Z,9c98095d-0f6c-4ddc-995a-49dd3d71b166
2.02608E+17,2.02608E+17,82,6805,br_sf_patient_survey_responses,208,60,0,SUCCESS,2026-08-20T16:42:17.753Z,4ed56315-bafe-4059-9903-76e756bd89c4
2.02608E+17,2.02608E+17,82,6805,br_sf_patient_survey_responses,208,60,0,SUCCESS,2026-08-21T02:04:22.402Z,6e633944-6270-4167-9c27-2b58aaa91b88
2.02608E+17,2.02608E+17,82,6805,br_sf_patient_survey_responses,208,60,0,SUCCESS,2026-08-20T15:47:44.712Z,95538f17-9d82-404e-9e3f-d1777714a921
2.02608E+17,2.02608E+17,106,7276,br_UAResults,713,0,0,SUCCESS,2026-08-19T11:37:18.346Z,8c2f72fa-f3d3-4c31-9e7b-e1d36d508d72
2.02608E+17,2.02608E+13,100,13668,br_qq_gltran,20814,0,0,SUCCESS,2026-08-21T12:09:12.607Z,14146b7e-033f-4242-ae62-396792c4e1a2
2.02608E+17,2.02608E+13,100,13668,br_qq_gltran,20814,0,0,SUCCESS,2026-08-21T07:30:21.395Z,5dcbdf16-684e-4cfb-b8f1-a5d56858b4a4
2.02608E+17,2.02608E+13,100,13668,br_qq_gltran,26994,0,0,SUCCESS,2026-08-13T14:14:14.243Z,5c6777a8-8be5-4857-80ff-f86426d0e712
2.02608E+17,2.02608E+13,100,13668,br_qq_gltran,26994,0,0,SUCCESS,2026-08-13T07:22:07.022Z,938c3b79-c6a2-4853-9eeb-af71ec6a1113
2.02608E+17,2.02608E+13,100,13668,br_qq_gltran,20814,0,0,SUCCESS,2026-08-21T11:03:23.380Z,37e0e053-cd3f-49e8-8c93-e3deedc613de
2.02608E+17,2.02608E+13,132,13700,vwReadmissions,309274,0,1,FAILED,2026-08-27T09:00:40.488Z,3fa64f84-15aa-45fb-9cca-2f2fe48cfae1
2.02608E+17,2.02608E+17,106,7276,brz_UAResults,745,0,0,SUCCESS,2026-08-14T06:18:16.108Z,9a6b8567-8347-49cb-b213-618351c5e21c
2.02608E+17,2.02608E+17,107,8559,slv_uaresults,868,0,0,SUCCESS,2026-08-11T04:12:11.609Z,6e36e3b5-c33e-4cc8-b6e2-dc5c3524428c
2.02608E+17,2.02608E+17,106,7276,brz_UAResults,804,0,0,SUCCESS,2026-08-11T04:11:14.720Z,6e36e3b5-c33e-4cc8-b6e2-dc5c3524428c
2.02608E+17,2.02608E+13,132,13700,vwReadmissions,309274,0,1,FAILED,2026-08-27T06:46:47.546Z,475c3e58-0434-45d9-b3f8-9d768448de53
2.02608E+17,2.02608E+13,132,13700,vwReadmissions,309274,0,1,FAILED,2026-08-27T07:30:13.983Z,67cdece8-9745-4c87-ab73-e4e58104b61d
2.02608E+17,2.02608E+17,45,8644,GlobalDevices,4035,0,0,SUCCESS,2026-08-21T09:34:53.640Z,859bd6e7-8433-41b7-8f16-164cdd55063d
2.02608E+17,2.02608E+17,106,7276,brz_UAResults,745,0,0,SUCCESS,2026-08-14T05:54:46.519Z,367e5368-81b8-4196-9731-5b3efc5e39d9
2.02608E+17,2.02608E+17,106,8426,brz_TreatmentLevel,1482,0,0,SUCCESS,2026-08-11T04:11:14.720Z,6e36e3b5-c33e-4cc8-b6e2-dc5c3524428c
2.02608E+17,2.02608E+17,107,8569,slv_treatmentlevel,1486,0,0,SUCCESS,2026-08-13T04:14:04.310Z,11ed6329-841a-4e7a-bfb1-61191c79c28e
2.02608E+17,2.02608E+17,106,8426,brz_TreatmentLevel,1483,0,0,SUCCESS,2026-08-12T10:47:40.695Z,1325a4eb-aa02-4bc9-9fae-d06e40a0cece
2.02608E+17,2.02608E+17,43,175,br_FormsSAMMSClient,0,0,0,SUCCESS,2026-08-21T09:33:55.375Z,859bd6e7-8433-41b7-8f16-164cdd55063d
2.02608E+17,2.02608E+17,44,185,sl_FormsSAMMSClient,0,0,0,SUCCESS,2026-08-21T02:40:52.414Z,37d39418-848b-43a3-aff1-182cc8bb7455
2.02608E+17,2.02608E+17,43,175,br_FormsSAMMSClient,0,0,0,SUCCESS,2026-08-21T02:40:27.029Z,37d39418-848b-43a3-aff1-182cc8bb7455
2.02608E+17,2.02608E+17,44,185,sl_FormsSAMMSClient,0,0,0,SUCCESS,2026-08-21T09:34:25.751Z,859bd6e7-8433-41b7-8f16-164cdd55063d
2.02608E+17,2.02608E+13,132,13705,AdmitsPReadmissions,325842,0,1,FAILED,2026-08-27T07:33:36.903Z,67cdece8-9745-4c87-ab73-e4e58104b61d
2.02608E+17,2.02608E+17,82,6806,br_sf_outboundtexts,172,0,0,SUCCESS,2026-08-20T16:42:40.872Z,4ed56315-bafe-4059-9903-76e756bd89c4
2.02608E+17,2.02608E+17,82,6806,br_sf_outboundtexts,167,0,0,SUCCESS,2026-08-20T15:48:10.942Z,95538f17-9d82-404e-9e3f-d1777714a921
2.02608E+17,2.02608E+17,107,8562,sl_appointmentattend,93,0,2,FAILED,2026-08-19T05:36:21.947Z,05916e11-44cf-456b-ac26-991e7ff5d7aa
2.02608E+17,2.02608E+17,107,8562,sl_appointmentattend,93,0,2,FAILED,2026-08-17T12:44:21.971Z,71c4b27b-8df0-48dd-a1ee-a6ea3a63b852
2.02608E+17,2.02608E+17,107,8562,sl_appointmentattend,93,0,2,FAILED,2026-08-18T09:07:45.961Z,08f45940-4fba-4d40-8013-5941939f8b2e
2.02608E+17,2.02608E+17,107,8562,sl_appointmentattend,93,0,2,FAILED,2026-08-15T13:57:23.840Z,56214535-005b-4285-976b-e0172bc11b0b
2.02608E+17,2.02608E+17,107,8562,sl_appointmentattend,93,0,2,FAILED,2026-08-19T11:38:32.061Z,8c2f72fa-f3d3-4c31-9e7b-e1d36d508d72
2.02608E+17,2.02608E+17,82,6806,br_sf_outboundtexts,302,0,0,SUCCESS,2026-08-21T02:04:49.311Z,6e633944-6270-4167-9c27-2b58aaa91b88
2.02608E+17,2.02608E+17,107,8562,sl_appointmentattend,93,0,2,FAILED,2026-08-17T06:54:18.784Z,83c0f655-df7d-4ce0-a8e7-3e8120951bbc
2.02608E+17,2.02608E+17,82,6806,br_sf_outboundtexts,158,0,0,SUCCESS,2026-08-21T10:35:43.237Z,45603680-296f-4487-82f1-f8045d5f38e1
2.02608E+17,2.02608E+13,109,8608,br_cashflow_transactions,509839,509839,0,SUCCESS,2026-08-17T05:00:50.387Z,519221b9-f777-4eef-a705-f54d38d423fd
2.02608E+17,2.02608E+13,109,8608,br_cashflow_transactions,509839,509839,0,SUCCESS,2026-08-14T10:06:41.924Z,06018e17-471e-496d-b3c3-22a4b000055f
2.02608E+17,2.02608E+13,109,8608,br_cashflow_transactions,509839,509839,0,SUCCESS,2026-08-14T07:42:04.874Z,2b76f80f-940a-42f8-ba7f-a8bff776f2f4
2.02608E+17,2.02608E+17,107,8565,slv_vacomprehensiveassessment,1786,0,0,SUCCESS,2026-08-12T09:17:49.923Z,577435af-c452-4617-9a3c-7d2b03361707
2.02608E+17,2.02608E+13,4,29,br_8x8_HistoricalCCQueueSummary,112,0,0,SUCCESS,2026-08-13T14:44:11.486Z,1ff2783f-65b1-4543-a347-ca96da33eb80
2.02608E+17,2.02608E+17,45,194,ClinicalOpiateWithdrawalScale,425776,0,0,SUCCESS,2026-08-21T09:34:53.640Z,859bd6e7-8433-41b7-8f16-164cdd55063d
2.02608E+17,2.02608E+17,107,8565,slv_vacomprehensiveassessment,1781,0,0,SUCCESS,2026-08-11T04:12:11.609Z,6e36e3b5-c33e-4cc8-b6e2-dc5c3524428c
2.02608E+17,2.02608E+17,107,8565,slv_vacomprehensiveassessment,1786,0,0,SUCCESS,2026-08-14T06:19:22.669Z,9a6b8567-8347-49cb-b213-618351c5e21c
2.02608E+17,2.02608E+13,4,29,br_8x8_HistoricalCCQueueSummary,115,0,0,SUCCESS,2026-08-14T02:58:28.700Z,360959fd-08b4-465c-be75-1bdb70b33137
2.02608E+17,2.02608E+17,106,7736,brz_MNComprehensiveAssessment,1119,0,0,SUCCESS,2026-08-11T04:11:14.720Z,6e36e3b5-c33e-4cc8-b6e2-dc5c3524428c
2.02608E+17,2.02608E+17,45,194,ClinicalOpiateWithdrawalScale,425776,0,0,SUCCESS,2026-08-21T02:41:13.115Z,37d39418-848b-43a3-aff1-182cc8bb7455
2.02608E+17,2.02608E+13,2,8,HourRegister,106121,0,0,SUCCESS,2026-08-12T04:14:21.523Z,5887a7ec-8e8e-4ea8-ac1e-92a68946509a
2.02608E+17,2.02608E+13,2,8,HourRegister,108289,0,0,SUCCESS,2026-08-25T03:01:27.279Z,6ee9c1fc-1bc7-4a37-a063-1dfebdad8409
2.02608E+17,2.02608E+13,93,5716,CB_Inventory,12,0,0,SUCCESS,2026-08-19T15:59:52.559Z,70375d96-6ad0-4ecf-ab3c-8dd1fbb1f757
2.02608E+17,2.02608E+13,38,153,sl_knowbe4enrollments,94510,0,0,SUCCESS,2026-08-20T06:11:27.588Z,6ebf4f86-a572-46b7-a0b9-e243ddff1ee4
2.02608E+17,2.02608E+13,38,153,sl_knowbe4enrollments,94578,0,0,SUCCESS,2026-08-26T03:09:46.125Z,0afbc06c-50b9-46f2-b129-a534a963485d
2.02608E+17,2.02608E+13,109,8611,br_cashflow_textinput,17,17,0,SUCCESS,2026-08-14T11:11:10.127Z,316e02be-3a9a-4c93-8ef8-ecca66ba18c5
2.02608E+17,2.02608E+13,38,153,sl_knowbe4enrollments,94510,0,0,SUCCESS,2026-08-20T07:09:21.998Z,51c8df81-b91f-4be3-8810-59f3888974f0
2.02608E+17,2.02608E+13,38,153,sl_knowbe4enrollments,94510,0,0,SUCCESS,2026-08-19T18:22:56.898Z,4c3bb2ae-03a6-4a20-bd0c-9fdbe81d40ed
2.02608E+17,2.02608E+13,38,153,sl_knowbe4enrollments,94578,0,0,SUCCESS,2026-08-26T04:11:46.705Z,06bf1b3a-2ded-4e3b-ba7f-359214902c18
2.02608E+17,2.02608E+13,109,8611,br_cashflow_textinput,17,17,0,SUCCESS,2026-08-14T07:47:43.725Z,2b76f80f-940a-42f8-ba7f-a8bff776f2f4
2.02608E+17,2.02608E+17,44,181,sl_GlobalDevices,4032,0,0,SUCCESS,2026-08-21T09:34:25.751Z,859bd6e7-8433-41b7-8f16-164cdd55063d
2.02608E+17,2.02608E+13,5,32,sl_8x8_CallVolume,20502,0,0,SUCCESS,2026-08-14T08:56:18.769Z,36ebac0c-26de-4656-ae31-977cae255ad9
2.02608E+17,2.02608E+13,5,32,sl_8x8_CallVolume,20502,0,0,SUCCESS,2026-08-15T05:32:09.794Z,6517d2eb-46fa-4d72-8ea4-8ae23e1d30a8
2.02608E+17,2.02608E+13,5,32,sl_8x8_CallVolume,20502,0,0,SUCCESS,2026-08-15T11:19:22.061Z,2898ad47-3f2c-4db5-b5fc-5329717fcc94
2.02608E+17,2.02608E+17,82,201,br_sf_recordtype,21,16,0,SUCCESS,2026-08-20T16:39:25.652Z,4ed56315-bafe-4059-9903-76e756bd89c4
2.02608E+17,2.02608E+17,82,201,br_sf_recordtype,21,16,0,SUCCESS,2026-08-20T17:39:12.590Z,635224f3-f193-4ab0-a06c-8d0fbf5d6c6d
2.02608E+17,2.02608E+17,106,7966,brz_VAComprehensiveAssessment,0,0,0,SUCCESS,2026-08-14T05:54:46.519Z,367e5368-81b8-4196-9731-5b3efc5e39d9
2.02608E+17,2.02608E+17,106,7966,brz_VAComprehensiveAssessment,0,0,0,SUCCESS,2026-08-14T06:18:16.108Z,9a6b8567-8347-49cb-b213-618351c5e21c
2.02608E+17,2.02608E+17,106,7966,brz_VAComprehensiveAssessment,0,0,0,SUCCESS,2026-08-12T09:15:30.604Z,577435af-c452-4617-9a3c-7d2b03361707
2.02608E+17,2.02608E+17,106,7966,brz_VAComprehensiveAssessment,8,0,0,SUCCESS,2026-08-12T03:48:51.003Z,72952692-3a45-4fdd-be32-4592206c2867
2.02608E+17,2.02608E+17,106,7966,brz_VAComprehensiveAssessment,0,0,0,SUCCESS,2026-08-12T10:47:40.695Z,1325a4eb-aa02-4bc9-9fae-d06e40a0cece
2.02608E+17,2.02608E+17,106,7966,brz_VAComprehensiveAssessment,0,0,0,SUCCESS,2026-08-14T07:19:15.475Z,4f29b93d-8b22-445c-9466-6259e423edcc
2.02608E+17,2.02608E+17,84,13676,PatientContacts,2443,0,0,SUCCESS,2026-08-21T10:54:27.716Z,45603680-296f-4487-82f1-f8045d5f38e1
2.02608E+17,2.02608E+17,84,13676,PatientContacts,3130,0,0,SUCCESS,2026-08-21T02:22:59.729Z,6e633944-6270-4167-9c27-2b58aaa91b88
2.02608E+17,2.02608E+13,5,32,sl_8x8_CallVolume,115,0,0,SUCCESS,2026-08-14T03:03:10.297Z,360959fd-08b4-465c-be75-1bdb70b33137
2.02608E+17,2.02608E+13,5,32,sl_8x8_CallVolume,112,0,0,SUCCESS,2026-08-13T15:40:17.464Z,6cba3a07-87e1-4e5a-809c-65a43422107a
2.02608E+17,2.02608E+13,5,32,sl_8x8_CallVolume,115,0,0,SUCCESS,2026-08-25T13:42:08.829Z,3475c8ff-ffdb-4323-a994-e16cd3be5d9b
2.02608E+17,2.02608E+13,112,8621,sl_ccp_mappinghistory,1513,0,0,SUCCESS,2026-08-24T11:35:52.410Z,0962alssadgf_as255_d0988006789
2.02608E+17,2.02608E+17,45,195,FormsSAMMSClient,2,0,0,SUCCESS,2026-08-21T02:41:13.115Z,37d39418-848b-43a3-aff1-182cc8bb7455
2.02608E+17,2.02608E+13,109,8608,br_cashflow_transactions,509839,0,0,SUCCESS,2026-08-14T05:38:05.134Z,830c78f2-2c91-4be9-977a-e9ff0c1d8636
2.02608E+17,2.02608E+13,40,159,br_zoom_api_failures_raw,5,0,0,SUCCESS,2026-08-20T04:01:58.498Z,4af62a8a-1c5f-4dad-c48-dc1asdgh56adr09
2.02608E+17,2.02608E+13,130,13687,ClaimDenialPredictionV1,53117522,0,0,SUCCESS,2026-08-24T14:47:19.221Z,31f76fca-6e67-4da9-bdde-70234da73bc2
2.02608E+17,2.02608E+17,106,7845,br_MNComprehensiveAssessment,914,0,0,SUCCESS,2026-08-17T11:05:44.356Z,16b28601-46b7-41d7-bb6b-81142615d65b
2.02608E+17,2.02608E+17,107,8563,sl_mncomprehensiveassessment,914,0,0,SUCCESS,2026-08-17T11:07:18.741Z,16b28601-46b7-41d7-bb6b-81142615d65b
2.02608E+17,2.02608E+13,132,13704,EnrollmentActivityWReadmission,0,0,1,FAILED,2026-08-27T07:32:51.053Z,67cdece8-9745-4c87-ab73-e4e58104b61d
2.02608E+17,2.02608E+13,132,13704,EnrollmentActivityWReadmission,0,0,1,FAILED,2026-08-27T09:03:04.862Z,3fa64f84-15aa-45fb-9cca-2f2fe48cfae1
2.02608E+17,2.02608E+13,132,13704,EnrollmentActivityWReadmission,0,0,1,FAILED,2026-08-27T06:49:09.073Z,475c3e58-0434-45d9-b3f8-9d768448de53
2.02608E+17,2.02608E+17,107,8565,sl_vacomprehensiveassessment,20,0,0,SUCCESS,2026-08-17T11:07:18.741Z,16b28601-46b7-41d7-bb6b-81142615d65b
2.02608E+17,2.02608E+13,112,8620,sl_vw_enrollmentprograms_ret14stat,4917,0,0,ZERO_ROWS,2026-08-24T10:35:35.004Z,0962alssadgf_as255_dc1h56789
2.02608E+17,2.02608E+17,107,8565,sl_vacomprehensiveassessment,20,0,0,SUCCESS,2026-08-15T13:57:23.840Z,56214535-005b-4285-976b-e0172bc11b0b
2.02608E+17,2.02608E+17,107,8565,sl_vacomprehensiveassessment,20,0,0,SUCCESS,2026-08-17T05:10:11.252Z,0b53dc13-182d-4036-9b17-0891eca5f916
2.02608E+17,2.02608E+17,107,8565,sl_vacomprehensiveassessment,20,0,0,SUCCESS,2026-08-15T11:45:24.884Z,09bdfa13-0c4c-4ca3-9dd3-abd349cbbab4
2.02608E+17,2.02608E+13,112,8620,sl_vw_enrollmentprograms_ret14stat,4928,0,0,SUCCESS,2026-08-24T11:35:31.202Z,0962alssadgf_as255_d0988006789
2.02608E+17,2.02608E+13,112,8620,sl_vw_enrollmentprograms_ret14stat,4928,0,0,SUCCESS,2026-08-24T11:28:31.720Z,0962alssadgf_as255_d0988006789
2.02608E+17,2.02608E+13,112,8620,sl_vw_enrollmentprograms_ret14stat,4928,0,0,SUCCESS,2026-08-24T10:57:05.733Z,0962alssadgf_as255_d0988006789
2.02608E+17,2.02608E+17,82,204,br_sf_leads,11,0,0,SUCCESS,2026-08-17T10:09:19.931Z,7037e752-f6e1-4d8a-bc47-4e70a4e83a16
2.02608E+17,2.02608E+17,83,212,sl_sf_leads,67,0,0,SUCCESS,2026-08-21T10:44:25.883Z,45603680-296f-4487-82f1-f8045d5f38e1
2.02608E+17,2.02608E+17,83,212,sl_sf_leads,47,0,0,SUCCESS,2026-08-15T07:40:11.259Z,7aeef17f-6a83-4892-911d-f2c8473c9ddd
2.02608E+17,2.02608E+17,83,212,sl_sf_leads,47,0,0,SUCCESS,2026-08-15T06:42:50.879Z,4b120bb3-f1e6-442e-8114-0fadc28f6b49
2.02608E+17,2.02608E+13,101,13669,sl_QQgltran,194,0,0,SUCCESS,2026-08-12T05:20:14.166Z,869f1a46-93ef-4f12-a49b-3bbeb426170a
2.02608E+17,2.02608E+17,83,212,sl_sf_leads,63,0,0,SUCCESS,2026-08-14T11:17:10.223Z,65af9a38-d304-499c-abe3-51037aa67f0b
2.02608E+17,2.02608E+17,45,190,ClaimStatus,1619,0,392,FAILED,2026-08-21T09:34:53.640Z,859bd6e7-8433-41b7-8f16-164cdd55063d
2.02608E+17,2.02608E+17,106,6816,br_CheckIn,2266,0,0,SUCCESS,2026-08-19T05:35:06.090Z,05916e11-44cf-456b-ac26-991e7ff5d7aa
2.02608E+17,2.02608E+13,1,14,br_Locations,182,0,0,SUCCESS,2026-08-25T02:56:48.503Z,6ee9c1fc-1bc7-4a37-a063-1dfebdad8409
2.02608E+17,2.02608E+17,106,6816,br_CheckIn,2095,0,0,SUCCESS,2026-08-17T11:05:44.356Z,16b28601-46b7-41d7-bb6b-81142615d65b
2.02608E+17,2.02608E+13,6,34,8x8_CallInteractions,47025,0,0,SUCCESS,2026-08-10T04:10:22.982Z,0c0b5e48-d053-4755-97ee-27a6c27d227e
2.02608E+17,2.02608E+13,109,8610,br_cashflow_lockbox,13629,0,0,SUCCESS,2026-08-14T05:39:33.988Z,830c78f2-2c91-4be9-977a-e9ff0c1d8636
2.02608E+17,2.02608E+17,107,8561,slv_uaresultdetail,16998,0,0,SUCCESS,2026-08-11T04:12:11.609Z,6e36e3b5-c33e-4cc8-b6e2-dc5c3524428c
2.02608E+17,2.02608E+17,107,8561,slv_uaresultdetail,24402,0,0,SUCCESS,2026-08-12T09:17:49.923Z,577435af-c452-4617-9a3c-7d2b03361707
2.02608E+17,2.02608E+13,5,33,sl_8x8_Users,5652,0,0,SUCCESS,2026-08-14T03:03:38.639Z,360959fd-08b4-465c-be75-1bdb70b33137
2.02608E+17,2.02608E+13,4,30,br_8x8_Users,5652,0,0,SUCCESS,2026-08-13T17:38:03.242Z,793a1d88-9a51-42e1-b67b-8a9da7bfcd79
2.02608E+17,2.02608E+13,5,33,sl_8x8_Users,5652,0,0,SUCCESS,2026-08-14T02:30:19.860Z,7582fe2a-ab67-4726-aa6a-73a8a3ff4bdb
2.02608E+17,2.02608E+17,107,8558,sl_cows_v6,23738,0,0,SUCCESS,2026-08-15T13:57:23.840Z,56214535-005b-4285-976b-e0172bc11b0b
2.02608E+17,2.02608E+17,86,,sl_AdmissionAssessmentDimensionOneDisorder,909,0,0,SUCCESS,2026-08-17T00:12:19.802Z,77f58b99-e250-4627-9f17-559331ecd0ef
2.02608E+17,2.02608E+13,5,33,sl_8x8_Users,5705,0,0,SUCCESS,2026-08-28T06:46:33.576Z,6f91deae-0832-4a56-ab71-80188798e1a1
2.02608E+17,2.02608E+17,106,7161,br_Cows_v6,23798,0,0,SUCCESS,2026-08-18T09:05:19.149Z,08f45940-4fba-4d40-8013-5941939f8b2e
2.02608E+17,2.02608E+17,86,,sl_AdmissionAssessmentDimensionOneDisorder,904,0,0,SUCCESS,2026-08-10T09:56:01.413Z,6ef3fd30-03b0-4dcd-9022-3df447f4d036
2.02608E+17,2.02608E+13,5,33,sl_8x8_Users,5627,0,0,SUCCESS,2026-08-10T07:48:09.278Z,16a75514-afc2-4aaf-9331-e34f7fb9f5b5
2.02608E+17,2.02608E+13,4,30,br_8x8_Users,5652,0,0,SUCCESS,2026-08-13T15:11:40.229Z,6cba3a07-87e1-4e5a-809c-65a43422107a
2.02608E+17,2.02608E+13,4,30,br_8x8_Users,5652,0,0,SUCCESS,2026-08-14T03:00:31.910Z,360959fd-08b4-465c-be75-1bdb70b33137
2.02608E+17,2.02608E+17,107,8560,sl_uasched,11770,0,0,SUCCESS,2026-08-15T11:45:24.884Z,09bdfa13-0c4c-4ca3-9dd3-abd349cbbab4
2.02608E+17,2.02608E+17,107,8564,slv_mncomprehensiveassessmentlevelofcare,1051,0,0,SUCCESS,2026-08-12T03:50:30.130Z,72952692-3a45-4fdd-be32-4592206c2867
2.02608E+17,2.02608E+17,107,8564,slv_mncomprehensiveassessmentlevelofcare,1053,0,0,SUCCESS,2026-08-13T04:14:04.310Z,11ed6329-841a-4e7a-bfb1-61191c79c28e
2.02608E+17,2.02608E+17,107,8564,slv_mncomprehensiveassessmentlevelofcare,1054,0,0,SUCCESS,2026-08-14T06:19:22.669Z,9a6b8567-8347-49cb-b213-618351c5e21c
2.02608E+17,2.02608E+17,106,7960,brz_MNComprehensiveAssessmentLevelOfCare,1051,0,0,SUCCESS,2026-08-12T10:47:40.695Z,1325a4eb-aa02-4bc9-9fae-d06e40a0cece
2.02608E+17,2.02608E+17,107,8564,slv_mncomprehensiveassessmentlevelofcare,1051,0,0,SUCCESS,2026-08-12T10:49:53.573Z,1325a4eb-aa02-4bc9-9fae-d06e40a0cece
2.02608E+17,2.02608E+17,106,7851,brz_MNComprehensiveAssessmentLevelOfCare,1051,0,0,SUCCESS,2026-08-12T03:48:51.003Z,72952692-3a45-4fdd-be32-4592206c2867
2.02608E+17,2.02608E+17,106,7960,brz_MNComprehensiveAssessmentLevelOfCare,1054,0,0,SUCCESS,2026-08-14T07:19:15.475Z,4f29b93d-8b22-445c-9466-6259e423edcc
2.02608E+17,2.02608E+17,106,7851,brz_MNComprehensiveAssessmentLevelOfCare,1046,0,0,SUCCESS,2026-08-11T04:11:14.720Z,6e36e3b5-c33e-4cc8-b6e2-dc5c3524428c
2.02608E+17,2.02608E+17,106,7960,brz_MNComprehensiveAssessmentLevelOfCare,1054,0,0,SUCCESS,2026-08-14T05:54:46.519Z,367e5368-81b8-4196-9731-5b3efc5e39d9
2.02608E+17,2.02608E+17,107,8564,slv_mncomprehensiveassessmentlevelofcare,1051,0,0,SUCCESS,2026-08-12T09:17:49.923Z,577435af-c452-4617-9a3c-7d2b03361707
2.02608E+17,2.02608E+17,83,211,sl_sf_users,474,0,0,SUCCESS,2026-08-21T10:43:49.843Z,45603680-296f-4487-82f1-f8045d5f38e1
2.02608E+17,2.02608E+17,43,169,br_CONSENTS,459,0,0,SUCCESS,2026-08-21T09:33:55.375Z,859bd6e7-8433-41b7-8f16-164cdd55063d
2.02608E+17,2.02608E+17,107,8560,sl_uasched,54171,0,1,FAILED,2026-08-18T09:07:45.961Z,08f45940-4fba-4d40-8013-5941939f8b2e
2.02608E+17,2.02608E+17,107,8560,sl_uasched,54297,0,1,FAILED,2026-08-19T05:36:21.947Z,05916e11-44cf-456b-ac26-991e7ff5d7aa
2.02608E+17,2.02608E+17,118,,br_NewPeriodicReassessmentCounselorReview,0,0,0,SUCCESS,2026-08-14T11:56:01.490Z,21f5cd31-796d-43ad-806e-67ead954f01a
2.02608E+17,2.02608E+17,107,8560,sl_uasched,54105,0,1,FAILED,2026-08-17T12:44:21.971Z,71c4b27b-8df0-48dd-a1ee-a6ea3a63b852
2.02608E+17,2.02608E+17,107,8560,sl_uasched,54092,0,1,FAILED,2026-08-17T11:07:18.741Z,16b28601-46b7-41d7-bb6b-81142615d65b
2.02608E+17,2.02608E+17,83,210,sl_sf_tasks,648,0,0,SUCCESS,2026-08-15T06:41:32.484Z,4b120bb3-f1e6-442e-8114-0fadc28f6b49
2.02608E+17,2.02608E+17,83,214,sl_sf_cases,808,0,0,SUCCESS,2026-08-20T15:58:23.593Z,95538f17-9d82-404e-9e3f-d1777714a921
2.02608E+17,2.02608E+17,82,203,br_sf_users,473,0,0,SUCCESS,2026-08-14T11:04:30.255Z,65af9a38-d304-499c-abe3-51037aa67f0b
2.02608E+17,2.02608E+17,82,204,br_sf_leads,121,0,0,SUCCESS,2026-08-21T02:02:45.946Z,6e633944-6270-4167-9c27-2b58aaa91b88
2.02608E+17,2.02608E+17,83,210,sl_sf_tasks,904,0,0,SUCCESS,2026-08-14T11:15:52.209Z,65af9a38-d304-499c-abe3-51037aa67f0b
2.02608E+17,2.02608E+17,83,214,sl_sf_cases,593,0,0,SUCCESS,2026-08-15T08:24:11.756Z,749d5262-86ff-40e0-8a86-2235f2d6051c
2.02608E+17,2.02608E+13,4,29,br_8x8_HistoricalCCQueueSummary,115,0,0,SUCCESS,2026-08-14T02:11:26.317Z,7582fe2a-ab67-4726-aa6a-73a8a3ff4bdb
2.02608E+17,2.02608E+17,106,7845,brz_MNComprehensiveAssessment,1128,0,0,SUCCESS,2026-08-14T05:54:46.519Z,367e5368-81b8-4196-9731-5b3efc5e39d9
2.02608E+17,2.02608E+17,107,8565,slv_vacomprehensiveassessment,1786,0,0,SUCCESS,2026-08-14T07:20:20.609Z,4f29b93d-8b22-445c-9466-6259e423edcc
2.02608E+17,2.02608E+17,106,7736,brz_MNComprehensiveAssessment,1125,0,0,SUCCESS,2026-08-12T09:15:30.604Z,577435af-c452-4617-9a3c-7d2b03361707
2.02608E+17,2.02608E+17,107,8565,slv_vacomprehensiveassessment,1786,0,0,SUCCESS,2026-08-12T03:50:30.130Z,72952692-3a45-4fdd-be32-4592206c2867
2.02608E+17,2.02608E+17,106,7845,brz_MNComprehensiveAssessment,1128,0,0,SUCCESS,2026-08-14T06:18:16.108Z,9a6b8567-8347-49cb-b213-618351c5e21c
2.02608E+17,2.02608E+17,107,8565,slv_vacomprehensiveassessment,1786,0,0,SUCCESS,2026-08-12T10:49:53.573Z,1325a4eb-aa02-4bc9-9fae-d06e40a0cece
2.02608E+17,2.02608E+13,103,6812,br_activedirectory_aadusers,2089,0,0,SUCCESS,2026-08-24T08:10:24.527Z,4c05c22a-72c8-4983-bd52-da6045984616
2.02608E+17,2.02608E+13,104,6813,sl_activedirectory_aadusers,2093,0,0,SUCCESS,2026-08-25T09:47:35.957Z,6d272a94-926b-43c5-9728-935779865922
2.02608E+17,2.02608E+13,103,6812,br_activedirectory_aadusers,2095,0,0,SUCCESS,2026-08-10T05:10:26.077Z,5269cbca-9ed6-4306-8532-018515919ecf
2.02608E+17,2.02608E+13,103,6812,br_activedirectory_aadusers,2089,0,0,SUCCESS,2026-08-23T06:39:49.374Z,9ad7577b-a4ff-4904-b0db-db5c7c219a93
2.02608E+17,2.02608E+17,82,204,br_sf_leads,86,0,0,SUCCESS,2026-08-20T17:40:32.567Z,635224f3-f193-4ab0-a06c-8d0fbf5d6c6d
2.02608E+17,2.02608E+17,83,212,sl_sf_leads,11,0,0,SUCCESS,2026-08-17T10:22:05.203Z,7037e752-f6e1-4d8a-bc47-4e70a4e83a16
2.02608E+17,2.02608E+17,83,212,sl_sf_leads,74,0,0,SUCCESS,2026-08-20T15:57:05.126Z,95538f17-9d82-404e-9e3f-d1777714a921
2.02608E+17,2.02608E+17,82,204,br_sf_leads,63,0,0,SUCCESS,2026-08-14T11:04:55.372Z,65af9a38-d304-499c-abe3-51037aa67f0b
2.02608E+17,2.02608E+17,82,204,br_sf_leads,67,0,0,SUCCESS,2026-08-21T10:33:44.246Z,45603680-296f-4487-82f1-f8045d5f38e1
2.02608E+17,2.02608E+17,83,212,sl_sf_leads,80,0,0,SUCCESS,2026-08-20T16:51:46.183Z,4ed56315-bafe-4059-9903-76e756bd89c4
2.02608E+17,2.02608E+17,82,204,br_sf_leads,80,0,0,SUCCESS,2026-08-20T16:40:41.007Z,4ed56315-bafe-4059-9903-76e756bd89c4
2.02608E+17,2.02608E+13,40,158,br_zoom_meeting_participants_raw,15786,0,0,SUCCESS,2026-08-20T04:01:28.431Z,4af62a8a-1c5f-4dad-c48-dc1asdgh56adr09
2.02608E+17,2.02608E+13,129,13684,sl_tbl_Third_Party_AR_inDB_Balances,0,0,1,FAILED,2026-08-24T10:09:45.366Z,6a735722-6e76-450c-a96d-4ce695201a90
2.02608E+17,2.02608E+13,40,157,br_zoom_meeting_instances_raw,316,0,0,SUCCESS,2026-08-20T05:49:31.357Z,4af62a8a-1c5f-4dad-c48-dc1asdgh56098767899
2.02608E+17,2.02608E+13,129,13684,sl_tbl_Third_Party_AR_inDB_Balances,0,0,1,FAILED,2026-08-24T09:42:11.835Z,713fae33-277e-44b8-ab5b-2c26174abb4c
2.02608E+17,2.02608E+13,130,13686,tbl_Third_Party_AR_inDB_Balances,1200945,0,0,SUCCESS,2026-08-24T14:44:20.717Z,31f76fca-6e67-4da9-bdde-70234da73bc2
2.02608E+17,2.02608E+13,130,13686,tbl_Third_Party_AR_inDB_Balances,1200945,0,0,SUCCESS,2026-08-24T13:51:44.708Z,65ef2c78-6383-4fa0-b292-451fef5594ab
2.02608E+17,2.02608E+17,44,184,sl_ClinicalOpiateWithdrawalScale,425776,0,0,SUCCESS,2026-08-21T09:34:25.751Z,859bd6e7-8433-41b7-8f16-164cdd55063d
2.02608E+17,2.02608E+17,43,174,br_ClinicalOpiateWithdrawalScale,425776,0,0,SUCCESS,2026-08-21T02:40:27.029Z,37d39418-848b-43a3-aff1-182cc8bb7455
2.02608E+17,2.02608E+17,43,174,br_ClinicalOpiateWithdrawalScale,425776,0,0,SUCCESS,2026-08-21T09:33:55.375Z,859bd6e7-8433-41b7-8f16-164cdd55063d
2.02608E+17,2.02608E+17,83,209,sl_sf_recordtype,21,0,0,SUCCESS,2026-08-20T16:49:38.976Z,4ed56315-bafe-4059-9903-76e756bd89c4
2.02608E+17,2.02608E+17,84,13676,PatientContacts,2954,0,0,SUCCESS,2026-08-20T18:02:05.335Z,635224f3-f193-4ab0-a06c-8d0fbf5d6c6d
2.02608E+17,2.02608E+13,5,32,sl_8x8_CallVolume,112,0,0,SUCCESS,2026-08-13T17:22:40.909Z,793a1d88-9a51-42e1-b67b-8a9da7bfcd79
2.02608E+17,2.02608E+13,5,32,sl_8x8_CallVolume,110,0,0,SUCCESS,2026-08-28T06:46:11.931Z,6f91deae-0832-4a56-ab71-80188798e1a1
2.02608E+17,2.02608E+17,84,13676,PatientContacts,2745,0,0,SUCCESS,2026-08-20T16:05:05.883Z,95538f17-9d82-404e-9e3f-d1777714a921
2.02608E+17,2.02608E+13,109,8611,br_cashflow_textinput,17,17,0,SUCCESS,2026-08-14T10:21:45.981Z,0a17833d-2f2d-4705-abc5-4f15042beb2c
2.02608E+17,2.02608E+13,109,8611,br_cashflow_textinput,17,17,0,SUCCESS,2026-08-17T05:05:55.610Z,519221b9-f777-4eef-a705-f54d38d423fd
2.02608E+17,2.02608E+13,38,153,sl_knowbe4enrollments,94510,0,0,SUCCESS,2026-08-20T03:45:53.490Z,10674be9-f2b1-4514-8872-e5284ac360a9
2.02608E+17,2.02608E+13,6,34,8x8_CallInteractions,494425,0,345997,SUCCESS,2026-08-14T02:32:43.270Z,7582fe2a-ab67-4726-aa6a-73a8a3ff4bdb
2.02608E+17,2.02608E+13,6,34,8x8_CallInteractions,351632,0,203204,SUCCESS,2026-08-13T17:25:34.199Z,793a1d88-9a51-42e1-b67b-8a9da7bfcd79
2.02608E+17,2.02608E+13,112,8635,sl_employeeroster_trend,3931,0,0,SUCCESS,2026-08-24T12:44:40.399Z,09620987643sadgf_as255_d0988006789
2.02608E+17,2.02608E+13,112,8628,sl_patientlatestservice,406,0,0,SUCCESS,2026-08-24T12:51:05.558Z,09620987643sadgf_as255_d0988006789
2.02608E+17,2.02608E+13,128,13682,LearningReportsOverdue,2565,0,1,FAILED,2026-08-20T18:19:37.788Z,693cfd70-4f2a-4d22-9e5a-9889207939bc
2.02608E+17,2.02608E+13,4,29,br_8x8_HistoricalCCQueueSummary,20502,0,0,SUCCESS,2026-08-15T17:08:38.508Z,4bfd62cb-cdb1-43b0-9906-0c9977c047bd
2.02608E+17,2.02608E+13,4,29,br_8x8_HistoricalCCQueueSummary,20502,0,0,SUCCESS,2026-08-15T11:13:48.789Z,2898ad47-3f2c-4db5-b5fc-5329717fcc94
2.02608E+17,2.02608E+13,4,29,br_8x8_HistoricalCCQueueSummary,20502,0,0,SUCCESS,2026-08-15T05:26:40.879Z,6517d2eb-46fa-4d72-8ea4-8ae23e1d30a8
2.02608E+17,2.02608E+13,4,29,br_8x8_HistoricalCCQueueSummary,20502,0,0,SUCCESS,2026-08-14T08:50:59.660Z,36ebac0c-26de-4656-ae31-977cae255ad9
2.02608E+17,2.02608E+13,109,8609,br_cashflow_accountlocationref,273,273,0,SUCCESS,2026-08-17T05:01:23.381Z,519221b9-f777-4eef-a705-f54d38d423fd
2.02608E+17,2.02608E+13,109,8609,br_cashflow_accountlocationref,273,273,0,SUCCESS,2026-08-14T11:05:54.708Z,316e02be-3a9a-4c93-8ef8-ecca66ba18c5
2.02608E+17,2.02608E+13,109,8609,br_cashflow_accountlocationref,273,273,0,SUCCESS,2026-08-14T10:07:09.944Z,06018e17-471e-496d-b3c3-22a4b000055f
2.02608E+17,2.02608E+13,109,8609,br_cashflow_accountlocationref,273,273,0,SUCCESS,2026-08-14T07:42:43.298Z,2b76f80f-940a-42f8-ba7f-a8bff776f2f4
2.02608E+17,2.02608E+13,4,29,br_8x8_HistoricalCCQueueSummary,2993,0,0,SUCCESS,2026-08-17T07:45:42.503Z,3ff82efb-5627-4b07-90b6-91557ea1f939
2.02608E+17,2.02608E+13,4,29,br_8x8_HistoricalCCQueueSummary,2993,0,0,SUCCESS,2026-08-17T04:21:27.847Z,05bfb3aa-4a65-44f5-8e9d-867f9caa849a
2.02608E+17,2.02608E+13,40,157,br_zoom_meeting_instances_raw,3600,0,0,SUCCESS,2026-08-20T03:58:29.389Z,4af62a8a-1c5f-4dad-c48-dc1asdgh56adr09
2.02608E+17,2.02608E+13,4,29,br_8x8_HistoricalCCQueueSummary,2993,0,0,SUCCESS,2026-08-17T04:50:51.234Z,52164ce0-edd4-4190-aa47-6fab94475a01
2.02608E+17,2.02608E+17,107,8561,slv_uaresultdetail,24388,0,0,SUCCESS,2026-08-12T03:50:30.130Z,72952692-3a45-4fdd-be32-4592206c2867
2.02608E+17,2.02608E+17,106,7507,brz_UAResultDetail,14355,0,0,SUCCESS,2026-08-14T05:54:46.519Z,367e5368-81b8-4196-9731-5b3efc5e39d9
2.02608E+17,2.02608E+13,1,15,br_EmploymentDetails,4472,0,0,SUCCESS,2026-08-25T02:57:13.252Z,6ee9c1fc-1bc7-4a37-a063-1dfebdad8409
2.02608E+17,2.02608E+13,1,15,br_EmploymentDetails,4422,0,0,SUCCESS,2026-08-11T08:49:33.190Z,0fc9623f-ac58-4aee-8aa3-3afbc5271078
2.02608E+17,2.02608E+13,1,15,br_EmploymentDetails,4419,0,0,SUCCESS,2026-08-10T05:32:51.359Z,3848d083-d62d-4230-a484-06d335ca9baa
2.02608E+17,2.02608E+17,106,7506,brz_UAResultDetail,16115,0,0,SUCCESS,2026-08-12T09:15:30.604Z,577435af-c452-4617-9a3c-7d2b03361707
2.02608E+17,2.02608E+17,125,13652,Admissionassessmentsubstanceusehistory,2067,0,0,SUCCESS,2026-08-18T12:43:56.071Z,6a9f8fe6-e2a7-49ab-8570-443c59873958
2.02608E+17,2.02608E+17,125,13652,Admissionassessmentsubstanceusehistory,2067,0,0,SUCCESS,2026-08-18T11:01:06.975Z,06767fa9-f980-4e92-a048-4dd43e2dbe98
2.02608E+17,2.02608E+17,106,7960,br_MNComprehensiveAssessmentLevelOfCare,0,0,0,SUCCESS,2026-08-15T13:55:38.541Z,56214535-005b-4285-976b-e0172bc11b0b
2.02608E+17,2.02608E+17,106,7960,br_MNComprehensiveAssessmentLevelOfCare,0,0,0,SUCCESS,2026-08-17T05:09:01.689Z,0b53dc13-182d-4036-9b17-0891eca5f916
2.02608E+17,2.02608E+17,106,7960,br_MNComprehensiveAssessmentLevelOfCare,0,0,0,SUCCESS,2026-08-17T06:52:37.826Z,83c0f655-df7d-4ce0-a8e7-3e8120951bbc
2.02608E+17,2.02608E+17,106,7960,br_MNComprehensiveAssessmentLevelOfCare,0,0,0,SUCCESS,2026-08-15T11:43:57.195Z,09bdfa13-0c4c-4ca3-9dd3-abd349cbbab4
2.02608E+17,2.02608E+13,4,28,br_8x8_HistoricalCCDetailedInteractions,143379,0,0,SUCCESS,2026-08-15T05:04:27.677Z,6517d2eb-46fa-4d72-8ea4-8ae23e1d30a8
2.02608E+17,2.02608E+17,107,8560,sl_uasched,11770,0,0,SUCCESS,2026-08-15T13:57:23.840Z,56214535-005b-4285-976b-e0172bc11b0b
2.02608E+17,2.02608E+17,107,8555,sl_checkin,30808,0,0,SUCCESS,2026-08-17T11:07:18.741Z,16b28601-46b7-41d7-bb6b-81142615d65b
2.02608E+17,2.02608E+13,4,30,br_8x8_Users,5652,0,0,SUCCESS,2026-08-14T08:52:52.926Z,36ebac0c-26de-4656-ae31-977cae255ad9
2.02608E+17,2.02608E+17,82,204,br_sf_leads,74,0,0,SUCCESS,2026-08-20T15:46:04.310Z,95538f17-9d82-404e-9e3f-d1777714a921
2.02608E+17,2.02608E+17,84,6811,OutboundSMS,7,0,0,SUCCESS,2026-08-21T10:58:06.879Z,45603680-296f-4487-82f1-f8045d5f38e1
2.02608E+17,2.02608E+17,83,212,sl_sf_leads,47,0,0,SUCCESS,2026-08-15T08:22:48.261Z,749d5262-86ff-40e0-8a86-2235f2d6051c
2.02608E+17,2.02608E+13,101,13669,sl_QQgltran,194,0,0,SUCCESS,2026-08-12T05:56:58.750Z,4d11fd15-9e7f-4c18-9ed8-d28ed5d51a62
2.02608E+17,2.02608E+17,83,212,sl_sf_leads,86,0,0,SUCCESS,2026-08-20T17:52:08.382Z,635224f3-f193-4ab0-a06c-8d0fbf5d6c6d
2.02608E+17,2.02608E+17,84,6811,OutboundSMS,0,0,0,SUCCESS,2026-08-20T16:08:00.975Z,95538f17-9d82-404e-9e3f-d1777714a921
2.02608E+17,2.02608E+13,92,5715,sl_conferdeploy_cbinventory,4,0,0,SUCCESS,2026-08-19T17:38:33.268Z,524d77ff-a682-4916-9dc7-dd9b03654f88
2.02608E+17,2.02608E+13,91,5714,br_conferdeploy_cbinventory,4,0,0,SUCCESS,2026-08-19T17:36:27.557Z,524d77ff-a682-4916-9dc7-dd9b03654f88
2.02608E+17,2.02608E+13,104,6813,sl_activedirectory_aadusers,2089,0,1,FAILED,2026-08-22T12:00:01.347Z,5b101a56-28ce-45b2-9c69-c19cf110b723
2.02608E+17,2.02608E+17,106,7960,brz_MNComprehensiveAssessmentLevelOfCare,1053,0,0,SUCCESS,2026-08-13T04:12:16.734Z,11ed6329-841a-4e7a-bfb1-61191c79c28e
2.02608E+17,2.02608E+17,106,7851,brz_MNComprehensiveAssessmentLevelOfCare,1051,0,0,SUCCESS,2026-08-12T09:15:30.604Z,577435af-c452-4617-9a3c-7d2b03361707
2.02608E+17,2.02608E+17,107,8564,slv_mncomprehensiveassessmentlevelofcare,1054,0,0,SUCCESS,2026-08-14T07:20:20.609Z,4f29b93d-8b22-445c-9466-6259e423edcc
2.02608E+17,2.02608E+17,106,7960,brz_MNComprehensiveAssessmentLevelOfCare,1054,0,0,SUCCESS,2026-08-14T06:18:16.108Z,9a6b8567-8347-49cb-b213-618351c5e21c
2.02608E+17,2.02608E+17,107,8564,slv_mncomprehensiveassessmentlevelofcare,1046,0,0,SUCCESS,2026-08-11T04:12:11.609Z,6e36e3b5-c33e-4cc8-b6e2-dc5c3524428c
2.02608E+17,2.02608E+17,106,7960,br_MNComprehensiveAssessmentLevelOfCare,1063,0,0,SUCCESS,2026-08-19T05:35:06.090Z,05916e11-44cf-456b-ac26-991e7ff5d7aa
2.02608E+17,2.02608E+17,107,8564,sl_mncomprehensiveassessmentlevelofcare,1063,0,0,SUCCESS,2026-08-19T11:38:32.061Z,8c2f72fa-f3d3-4c31-9e7b-e1d36d508d72
2.02608E+17,2.02608E+17,107,8564,sl_mncomprehensiveassessmentlevelofcare,1054,0,0,SUCCESS,2026-08-15T13:57:23.840Z,56214535-005b-4285-976b-e0172bc11b0b
2.02608E+17,2.02608E+17,107,8564,sl_mncomprehensiveassessmentlevelofcare,1054,0,0,SUCCESS,2026-08-17T06:54:18.784Z,83c0f655-df7d-4ce0-a8e7-3e8120951bbc
2.02608E+17,2.02608E+17,106,7621,br_AppointmentAttend,0,0,0,SUCCESS,2026-08-17T05:09:01.689Z,0b53dc13-182d-4036-9b17-0891eca5f916
2.02608E+17,2.02608E+17,106,7621,br_AppointmentAttend,0,0,0,SUCCESS,2026-08-15T13:55:38.541Z,56214535-005b-4285-976b-e0172bc11b0b
2.02608E+17,2.02608E+17,106,7621,br_AppointmentAttend,0,0,0,SUCCESS,2026-08-17T06:52:37.826Z,83c0f655-df7d-4ce0-a8e7-3e8120951bbc
2.02608E+17,2.02608E+17,106,7621,br_AppointmentAttend,0,0,0,SUCCESS,2026-08-17T12:42:46.767Z,71c4b27b-8df0-48dd-a1ee-a6ea3a63b852
2.02608E+17,2.02608E+13,4,28,br_8x8_HistoricalCCDetailedInteractions,922,0,0,SUCCESS,2026-08-25T13:35:44.538Z,3475c8ff-ffdb-4323-a994-e16cd3be5d9b
2.02608E+17,2.02608E+13,4,28,br_8x8_HistoricalCCDetailedInteractions,879,0,0,SUCCESS,2026-08-28T06:40:34.373Z,6f91deae-0832-4a56-ab71-80188798e1a1
2.02608E+17,2.02608E+13,4,28,br_8x8_HistoricalCCDetailedInteractions,876,0,0,SUCCESS,2026-08-14T02:57:55.907Z,360959fd-08b4-465c-be75-1bdb70b33137
2.02608E+17,2.02608E+13,4,28,br_8x8_HistoricalCCDetailedInteractions,873,0,0,SUCCESS,2026-08-14T01:49:24.737Z,9e209bf9-13e9-42f0-a8b8-cd3732c2d635
2.02608E+17,2.02608E+13,4,28,br_8x8_HistoricalCCDetailedInteractions,873,0,0,SUCCESS,2026-08-14T02:09:35.069Z,7582fe2a-ab67-4726-aa6a-73a8a3ff4bdb
2.02608E+17,2.02608E+13,40,158,br_zoom_meeting_participants_raw,2427,0,0,SUCCESS,2026-08-20T05:50:15.791Z,4af62a8a-1c5f-4dad-c48-dc1asdgh56098767899
2.02608E+17,2.02608E+13,4,28,br_8x8_HistoricalCCDetailedInteractions,143379,0,0,SUCCESS,2026-08-14T08:28:20.390Z,36ebac0c-26de-4656-ae31-977cae255ad9
2.02608E+17,2.02608E+13,4,28,br_8x8_HistoricalCCDetailedInteractions,143379,0,0,SUCCESS,2026-08-15T16:46:15.044Z,4bfd62cb-cdb1-43b0-9906-0c9977c047bd
2.02608E+17,2.02608E+13,4,28,br_8x8_HistoricalCCDetailedInteractions,47025,0,0,SUCCESS,2026-08-10T04:01:08.689Z,0c0b5e48-d053-4755-97ee-27a6c27d227e
2.02608E+17,2.02608E+13,4,28,br_8x8_HistoricalCCDetailedInteractions,32587,0,0,SUCCESS,2026-08-15T10:52:11.474Z,2898ad47-3f2c-4db5-b5fc-5329717fcc94
2.02608E+17,2.02608E+13,4,28,br_8x8_HistoricalCCDetailedInteractions,21824,0,0,SUCCESS,2026-08-17T07:42:13.073Z,3ff82efb-5627-4b07-90b6-91557ea1f939
2.02608E+17,2.02608E+13,4,28,br_8x8_HistoricalCCDetailedInteractions,48135,0,0,SUCCESS,2026-08-17T04:47:24.482Z,52164ce0-edd4-4190-aa47-6fab94475a01
2.02608E+17,2.02608E+13,4,28,br_8x8_HistoricalCCDetailedInteractions,48135,0,0,SUCCESS,2026-08-17T04:18:03.783Z,05bfb3aa-4a65-44f5-8e9d-867f9caa849a
2.02608E+17,2.02608E+13,4,28,br_8x8_HistoricalCCDetailedInteractions,1005,0,0,SUCCESS,2026-08-13T15:08:55.050Z,6cba3a07-87e1-4e5a-809c-65a43422107a
2.02608E+17,2.02608E+13,4,28,br_8x8_HistoricalCCDetailedInteractions,1005,0,0,SUCCESS,2026-08-13T16:51:06.095Z,793a1d88-9a51-42e1-b67b-8a9da7bfcd79
2.02608E+17,2.02608E+13,6,34,8x8_CallInteractions,143379,0,0,SUCCESS,2026-08-15T05:35:30.266Z,6517d2eb-46fa-4d72-8ea4-8ae23e1d30a8
2.02608E+17,2.02608E+13,6,34,8x8_CallInteractions,797009,0,0,SUCCESS,2026-08-28T06:49:16.717Z,6f91deae-0832-4a56-ab71-80188798e1a1
2.02608E+17,2.02608E+13,112,8621,sl_ccp_mappinghistory,1513,0,0,SUCCESS,2026-08-24T12:49:45.584Z,09620987643sadgf_as255_d0988006789
2.02608E+17,2.02608E+17,82,6806,br_sf_outboundtexts,103,0,0,SUCCESS,2026-08-17T10:12:02.941Z,7037e752-f6e1-4d8a-bc47-4e70a4e83a16
2.02608E+17,2.02608E+17,107,8562,sl_appointmentattend,93,0,2,FAILED,2026-08-17T11:07:18.741Z,16b28601-46b7-41d7-bb6b-81142615d65b
2.02608E+17,2.02608E+17,82,6806,br_sf_outboundtexts,153,0,0,SUCCESS,2026-08-14T11:07:36.375Z,65af9a38-d304-499c-abe3-51037aa67f0b
2.02608E+17,2.02608E+17,82,6806,br_sf_outboundtexts,225,0,0,SUCCESS,2026-08-20T17:42:39.495Z,635224f3-f193-4ab0-a06c-8d0fbf5d6c6d
2.02608E+17,2.02608E+17,84,217,RecordType,0,0,0,SUCCESS,2026-08-20T16:01:55.831Z,95538f17-9d82-404e-9e3f-d1777714a921
2.02608E+17,2.02608E+13,1,1,br_JobCodes,295,0,0,SUCCESS,2026-08-11T08:42:42.617Z,0fc9623f-ac58-4aee-8aa3-3afbc5271078
2.02608E+17,2.02608E+17,107,8565,slv_vacomprehensiveassessment,1786,0,0,SUCCESS,2026-08-13T04:14:04.310Z,11ed6329-841a-4e7a-bfb1-61191c79c28e
2.02608E+17,2.02608E+13,4,29,br_8x8_HistoricalCCQueueSummary,115,0,0,SUCCESS,2026-08-25T13:36:59.683Z,3475c8ff-ffdb-4323-a994-e16cd3be5d9b
2.02608E+17,2.02608E+17,107,8563,slv_mncomprehensiveassessment,1125,0,0,SUCCESS,2026-08-12T10:49:53.573Z,1325a4eb-aa02-4bc9-9fae-d06e40a0cece
2.02608E+17,2.02608E+17,106,7736,brz_MNComprehensiveAssessment,1125,0,0,SUCCESS,2026-08-12T03:48:51.003Z,72952692-3a45-4fdd-be32-4592206c2867
2.02608E+17,2.02608E+17,107,8563,slv_mncomprehensiveassessment,1127,0,0,SUCCESS,2026-08-13T04:14:04.310Z,11ed6329-841a-4e7a-bfb1-61191c79c28e
2.02608E+17,2.02608E+13,4,29,br_8x8_HistoricalCCQueueSummary,110,0,0,SUCCESS,2026-08-28T06:41:10.484Z,6f91deae-0832-4a56-ab71-80188798e1a1
2.02608E+17,2.02608E+17,106,7845,brz_MNComprehensiveAssessment,1125,0,0,SUCCESS,2026-08-12T10:47:40.695Z,1325a4eb-aa02-4bc9-9fae-d06e40a0cece
2.02608E+17,2.02608E+17,106,7845,brz_MNComprehensiveAssessment,1128,0,0,SUCCESS,2026-08-14T07:19:15.475Z,4f29b93d-8b22-445c-9466-6259e423edcc
2.02608E+17,2.02608E+17,107,8563,slv_mncomprehensiveassessment,1119,0,0,SUCCESS,2026-08-11T04:12:11.609Z,6e36e3b5-c33e-4cc8-b6e2-dc5c3524428c
2.02608E+17,2.02608E+17,107,8563,slv_mncomprehensiveassessment,1125,0,0,SUCCESS,2026-08-12T09:17:49.923Z,577435af-c452-4617-9a3c-7d2b03361707
2.02608E+17,2.02608E+17,107,8563,slv_mncomprehensiveassessment,1128,0,0,SUCCESS,2026-08-14T06:19:22.669Z,9a6b8567-8347-49cb-b213-618351c5e21c
2.02608E+17,2.02608E+13,109,8609,br_cashflow_accountlocationref,273,0,0,SUCCESS,2026-08-14T05:38:33.385Z,830c78f2-2c91-4be9-977a-e9ff0c1d8636
2.02608E+17,2.02608E+13,132,13707,TrendingTreatmentPlansStateReqs,2329626,0,1,FAILED,2026-08-27T06:52:11.559Z,475c3e58-0434-45d9-b3f8-9d768448de53
2.02608E+17,2.02608E+17,123,13520,br_Admissionassessmentsubstanceusehistory,2068,0,0,SUCCESS,2026-08-21T10:35:51.884Z,8c07e343-4781-4d6b-b62d-dcb12587d856
2.02608E+17,2.02608E+17,124,13643,sl_Admissionassessmentsubstanceusehistory,2067,0,0,SUCCESS,2026-08-18T12:41:50.437Z,6a9f8fe6-e2a7-49ab-8570-443c59873958
2.02608E+17,2.02608E+17,124,13643,sl_Admissionassessmentsubstanceusehistory,2947,0,0,SUCCESS,2026-08-21T10:36:33.855Z,8c07e343-4781-4d6b-b62d-dcb12587d856
2.02608E+17,2.02608E+17,82,6805,br_sf_patient_survey_responses,208,60,0,SUCCESS,2026-08-20T17:42:14.532Z,635224f3-f193-4ab0-a06c-8d0fbf5d6c6d
2.02608E+17,2.02608E+17,82,6805,br_sf_patient_survey_responses,208,0,0,SUCCESS,2026-08-17T10:11:28.523Z,7037e752-f6e1-4d8a-bc47-4e70a4e83a16
2.02608E+17,2.02608E+17,82,6805,br_sf_patient_survey_responses,204,0,0,SUCCESS,2026-08-14T11:06:55.655Z,65af9a38-d304-499c-abe3-51037aa67f0b
2.02608E+17,2.02608E+13,40,160,br_zoom_db_insert_failures_raw,0,0,0,SUCCESS,2026-08-20T04:02:37.150Z,4af62a8a-1c5f-4dad-c48-dc1asdgh56adr09
2.02608E+17,2.02608E+17,44,5739,sl_UserCredentials,981,0,0,SUCCESS,2026-08-21T09:34:25.751Z,859bd6e7-8433-41b7-8f16-164cdd55063d
2.02608E+17,2.02608E+13,6,13679,8x8_CallDetailLegs,4753230,0,0,SUCCESS,2026-08-28T06:51:52.407Z,6f91deae-0832-4a56-ab71-80188798e1a1
2.02608E+17,2.02608E+17,43,5737,br_UserCredentials,981,0,0,SUCCESS,2026-08-21T09:33:55.375Z,859bd6e7-8433-41b7-8f16-164cdd55063d
2.02608E+17,2.02608E+17,107,8561,sl_uaresultdetail,208868,0,0,SUCCESS,2026-08-17T05:10:11.252Z,0b53dc13-182d-4036-9b17-0891eca5f916
2.02608E+17,2.02608E+17,107,8561,sl_uaresultdetail,208868,0,0,SUCCESS,2026-08-17T06:54:18.784Z,83c0f655-df7d-4ce0-a8e7-3e8120951bbc
2.02608E+17,2.02608E+17,107,8561,sl_uaresultdetail,208868,0,0,SUCCESS,2026-08-15T11:45:24.884Z,09bdfa13-0c4c-4ca3-9dd3-abd349cbbab4
2.02608E+17,2.02608E+17,107,8561,sl_uaresultdetail,208868,0,0,SUCCESS,2026-08-15T13:57:23.840Z,56214535-005b-4285-976b-e0172bc11b0b
2.02608E+17,2.02608E+17,34,144001,br_tbl3pClaimNote,42207,0,0,SUCCESS,2026-08-24T20:11:17.567Z,4d8b4395-4229-458f-ac6c-24f28fa466d2
2.02608E+17,2.02608E+17,106,7507,br_UAResultDetail,15480,0,0,SUCCESS,2026-08-18T09:05:19.149Z,08f45940-4fba-4d40-8013-5941939f8b2e
2.02608E+17,2.02608E+13,4,28,br_8x8_HistoricalCCDetailedInteractions,1005,0,0,SUCCESS,2026-08-13T17:26:01.893Z,793a1d88-9a51-42e1-b67b-8a9da7bfcd79
2.02608E+17,2.02608E+13,4,28,br_8x8_HistoricalCCDetailedInteractions,1005,0,0,SUCCESS,2026-08-13T14:43:08.697Z,1ff2783f-65b1-4543-a347-ca96da33eb80
2.02608E+17,2.02608E+13,4,28,br_8x8_HistoricalCCDetailedInteractions,1005,0,0,SUCCESS,2026-08-13T15:50:28.815Z,7d21e877-f08c-42e0-946c-607108d10a5e
2.02608E+17,2.02608E+17,107,8567,sl_mntreatmentservicereview,1329,0,0,SUCCESS,2026-08-19T11:38:32.061Z,8c2f72fa-f3d3-4c31-9e7b-e1d36d508d72
2.02608E+17,2.02608E+17,107,8567,sl_mntreatmentservicereview,1323,0,0,SUCCESS,2026-08-18T09:07:45.961Z,08f45940-4fba-4d40-8013-5941939f8b2e
2.02608E+17,2.02608E+17,106,8305,br_MNTreatmentServiceReview,1225,0,0,SUCCESS,2026-08-17T11:05:44.356Z,16b28601-46b7-41d7-bb6b-81142615d65b
2.02608E+17,2.02608E+17,106,8305,br_MNTreatmentServiceReview,877,0,0,SUCCESS,2026-08-19T05:35:06.090Z,05916e11-44cf-456b-ac26-991e7ff5d7aa
2.02608E+17,2.02608E+17,107,8567,sl_mntreatmentservicereview,877,0,0,SUCCESS,2026-08-19T05:36:21.947Z,05916e11-44cf-456b-ac26-991e7ff5d7aa
2.02608E+17,2.02608E+13,4,29,br_8x8_HistoricalCCQueueSummary,112,0,0,SUCCESS,2026-08-13T15:09:42.838Z,6cba3a07-87e1-4e5a-809c-65a43422107a
2.02608E+17,2.02608E+13,4,29,br_8x8_HistoricalCCQueueSummary,112,0,0,SUCCESS,2026-08-13T17:36:03.609Z,793a1d88-9a51-42e1-b67b-8a9da7bfcd79
2.02608E+17,2.02608E+13,4,29,br_8x8_HistoricalCCQueueSummary,112,0,0,SUCCESS,2026-08-13T15:51:06.863Z,7d21e877-f08c-42e0-946c-607108d10a5e
2.02608E+17,2.02608E+17,45,5742,DiversionNotificationLog,0,0,0,SUCCESS,2026-08-21T09:34:53.640Z,859bd6e7-8433-41b7-8f16-164cdd55063d
2.02608E+17,2.02608E+13,112,8628,sl_patientlatestservice,402,0,0,ZERO_ROWS,2026-08-24T10:02:42.424Z,0962als2a8a-1c5f-4dad-c48-dc1h56789
2.02608E+17,2.02608E+17,45,5742,DiversionNotificationLog,0,0,0,SUCCESS,2026-08-21T02:41:13.115Z,37d39418-848b-43a3-aff1-182cc8bb7455
2.02608E+17,2.02608E+13,112,8621,sl_ccp_mappinghistory,1513,0,0,SUCCESS,2026-08-24T10:41:49.089Z,0962alssadgf_as255_dc1h56789
2.02608E+17,2.02608E+17,44,180,sl_ClaimStatus,0,0,0,SUCCESS,2026-08-21T02:40:52.414Z,37d39418-848b-43a3-aff1-182cc8bb7455
2.02608E+17,2.02608E+17,44,182,sl_GlobalPayor,0,0,0,SUCCESS,2026-08-21T02:40:52.414Z,37d39418-848b-43a3-aff1-182cc8bb7455
2.02608E+17,2.02608E+17,106,7276,brz_UAResults,745,0,0,SUCCESS,2026-08-14T07:19:15.475Z,4f29b93d-8b22-445c-9466-6259e423edcc
2.02608E+17,2.02608E+13,101,13669,sl_QQgltran,20814,0,0,SUCCESS,2026-08-23T13:19:39.378Z,508fe03b-0979-4394-b454-75fc1e5f3879
2.02608E+17,2.02608E+17,83,210,sl_sf_tasks,1941,0,0,SUCCESS,2026-08-21T02:12:11.814Z,6e633944-6270-4167-9c27-2b58aaa91b88
2.02608E+17,2.02608E+17,83,210,sl_sf_tasks,1366,0,0,SUCCESS,2026-08-20T15:55:49.637Z,95538f17-9d82-404e-9e3f-d1777714a921
2.02608E+17,2.02608E+17,84,220,stgContacts,1065,0,0,SUCCESS,2026-08-17T10:29:19.085Z,7037e752-f6e1-4d8a-bc47-4e70a4e83a16
2.02608E+17,2.02608E+13,2,8,HourRegister,106121,0,0,SUCCESS,2026-08-10T05:37:37.907Z,3848d083-d62d-4230-a484-06d335ca9baa
2.02608E+17,2.02608E+13,2,8,HourRegister,106121,0,0,SUCCESS,2026-08-11T08:57:55.461Z,0fc9623f-ac58-4aee-8aa3-3afbc5271078
2.02608E+17,2.02608E+13,132,13705,AdmitsPReadmissions,325842,0,1,FAILED,2026-08-27T06:49:57.503Z,475c3e58-0434-45d9-b3f8-9d768448de53
2.02608E+17,2.02608E+17,107,8561,sl_uaresultdetail,1979188,0,0,SUCCESS,2026-08-17T12:44:21.971Z,71c4b27b-8df0-48dd-a1ee-a6ea3a63b852
2.02608E+17,2.02608E+17,107,8561,sl_uaresultdetail,1980555,0,0,SUCCESS,2026-08-18T09:07:45.961Z,08f45940-4fba-4d40-8013-5941939f8b2e
2.02608E+17,2.02608E+17,107,8561,sl_uaresultdetail,1981395,0,0,SUCCESS,2026-08-19T05:36:21.947Z,05916e11-44cf-456b-ac26-991e7ff5d7aa
2.02608E+17,2.02608E+17,107,8561,sl_uaresultdetail,1979177,0,0,SUCCESS,2026-08-17T11:07:18.741Z,16b28601-46b7-41d7-bb6b-81142615d65b
2.02608E+17,2.02608E+17,43,5737,br_UserCredentials,981,0,0,SUCCESS,2026-08-21T02:40:27.029Z,37d39418-848b-43a3-aff1-182cc8bb7455
2.02608E+17,2.02608E+13,128,13682,LearningReportsOverdue,2565,0,0,SUCCESS,2026-08-25T06:05:02.399Z,3129696d-6382-4e6f-9a07-281ff4c6c307
2.02608E+17,2.02608E+13,128,13682,LearningReportsOverdue,2565,0,0,SUCCESS,2026-08-20T18:42:02.140Z,35f7c089-8d9e-4c6e-98a4-d95a69912ca1
2.02608E+17,2.02608E+13,130,13687,ClaimDenialPredictionV1,0,0,1,FAILED,2026-08-24T13:52:05.150Z,65ef2c78-6383-4fa0-b292-451fef5594ab
2.02608E+17,2.02608E+13,112,13671,sl_all_enrollment_activity,561574,0,0,SUCCESS,2026-08-24T11:41:48.819Z,0962alssadgf_as255_d0988006789
2.02608E+17,2.02608E+13,112,13671,sl_all_enrollment_activity,561574,0,0,SUCCESS,2026-08-24T11:04:13.144Z,0962alssadgf_as255_d0988006789
2.02608E+17,2.02608E+17,123,12715,br_PACounselorReview,1342,0,0,SUCCESS,2026-08-22T09:31:58.400Z,39d3782c-f729-4e52-b4aa-f257942a503a
2.02608E+17,2.02608E+13,5,13678,sl_8x8_calldetaillegs,26742,0,0,SUCCESS,2026-08-28T06:47:45.067Z,6f91deae-0832-4a56-ab71-80188798e1a1
2.02608E+17,2.02608E+13,4,13677,br_8x8_CallDetailLegs,26742,0,0,SUCCESS,2026-08-28T06:44:15.464Z,6f91deae-0832-4a56-ab71-80188798e1a1
2.02608E+17,2.02608E+13,5,13678,sl_8x8_calldetaillegs,28744,0,0,SUCCESS,2026-08-25T13:43:11.437Z,3475c8ff-ffdb-4323-a994-e16cd3be5d9b
2.02608E+17,2.02608E+13,6,35,8x8_CallVolume,20502,0,0,SUCCESS,2026-08-14T08:59:34.254Z,36ebac0c-26de-4656-ae31-977cae255ad9
2.02608E+17,2.02608E+17,106,7161,br_Cows_v6,0,0,0,SUCCESS,2026-08-15T11:43:57.195Z,09bdfa13-0c4c-4ca3-9dd3-abd349cbbab4
2.02608E+17,2.02608E+17,106,6816,br_CheckIn,0,0,0,SUCCESS,2026-08-15T11:43:57.195Z,09bdfa13-0c4c-4ca3-9dd3-abd349cbbab4
2.02608E+17,2.02608E+17,106,6816,br_CheckIn,0,0,0,SUCCESS,2026-08-17T05:09:01.689Z,0b53dc13-182d-4036-9b17-0891eca5f916
2.02608E+17,2.02608E+17,106,6931,br_BAMForm,0,0,0,SUCCESS,2026-08-17T06:52:37.826Z,83c0f655-df7d-4ce0-a8e7-3e8120951bbc
2.02608E+17,2.02608E+17,118,,br_NewPeriodicReassessmentCounselorReview,0,0,0,SUCCESS,2026-08-14T15:17:42.970Z,7969362d-463a-4985-92c3-d629dd6d5c4e
2.02608E+17,2.02608E+13,4,13677,br_8x8_CallDetailLegs,28744,0,0,SUCCESS,2026-08-25T13:40:01.240Z,3475c8ff-ffdb-4323-a994-e16cd3be5d9b
2.02608E+17,2.02608E+17,84,6809,PatientSurveys,208,0,0,SUCCESS,2026-08-21T02:26:09.303Z,6e633944-6270-4167-9c27-2b58aaa91b88
2.02608E+17,2.02608E+17,84,6809,PatientSurveys,208,0,0,SUCCESS,2026-08-17T10:35:18.048Z,7037e752-f6e1-4d8a-bc47-4e70a4e83a16
2.02608E+17,2.02608E+17,82,205,br_sf_contacts,1920,0,0,SUCCESS,2026-08-20T17:41:01.114Z,635224f3-f193-4ab0-a06c-8d0fbf5d6c6d
2.02608E+17,2.02608E+17,84,6810,stgOutboundSMS,225,0,0,SUCCESS,2026-08-20T18:05:08.352Z,635224f3-f193-4ab0-a06c-8d0fbf5d6c6d
2.02608E+17,2.02608E+17,82,205,br_sf_contacts,1855,0,0,SUCCESS,2026-08-20T16:41:07.352Z,4ed56315-bafe-4059-9903-76e756bd89c4
2.02608E+17,2.02608E+17,83,213,sl_sf_contacts,1507,0,0,SUCCESS,2026-08-14T11:17:50.888Z,65af9a38-d304-499c-abe3-51037aa67f0b
2.02608E+17,2.02608E+13,1,4,br_HourRegister,106121,0,0,SUCCESS,2026-08-11T08:47:05.363Z,0fc9623f-ac58-4aee-8aa3-3afbc5271078
2.02608E+17,2.02608E+13,1,4,br_HourRegister,106121,0,0,SUCCESS,2026-08-12T04:04:09.869Z,5887a7ec-8e8e-4ea8-ac1e-92a68946509a
2.02608E+17,2.02608E+13,1,4,br_HourRegister,106121,0,0,SUCCESS,2026-08-10T05:31:24.499Z,3848d083-d62d-4230-a484-06d335ca9baa
2.02608E+17,2.02608E+13,1,4,br_HourRegister,108289,0,0,SUCCESS,2026-08-25T02:55:54.297Z,6ee9c1fc-1bc7-4a37-a063-1dfebdad8409
2.02608E+17,2.02608E+13,100,13668,br_qq_gltran,24920,0,0,SUCCESS,2026-08-27T07:01:32.193Z,434c0c00-c264-4a73-aac2-9dc5d7406fe8
2.02608E+17,2.02608E+13,100,13668,br_qq_gltran,25917,0,0,SUCCESS,2026-08-12T14:10:40.952Z,73cb27f3-e3a8-4a25-bf87-1cf2e3ca34d8
2.02608E+17,2.02608E+13,100,13668,br_qq_gltran,19100,0,0,SUCCESS,2026-08-12T09:23:32.951Z,3ceecaf4-5cab-4434-a477-f1d5d0d51483
2.02608E+17,2.02608E+13,100,13668,br_qq_gltran,24920,0,0,SUCCESS,2026-08-27T07:34:32.317Z,172af47b-610a-4a99-aceb-e1a3ed168be6
2.02608E+17,2.02608E+13,112,8622,sl_ua_drug_ref,1262,0,0,SUCCESS,2026-08-24T12:50:24.271Z,09620987643sadgf_as255_d0988006789
2.02608E+17,2.02608E+13,100,13668,br_qq_gltran,25917,0,0,SUCCESS,2026-08-12T11:20:56.653Z,1b0f010c-6a14-4998-a93b-4f07f46b08c5
2.02608E+17,2.02608E+13,100,13668,br_qq_gltran,18906,0,0,SUCCESS,2026-08-11T12:52:21.311Z,07a568df-8fb2-477d-9bf7-93c7d3cf3953
2.02608E+17,2.02608E+17,84,13675,PatientLeads,33,0,0,SUCCESS,2026-08-21T02:24:59.411Z,6e633944-6270-4167-9c27-2b58aaa91b88
2.02608E+17,2.02608E+13,100,13668,br_qq_gltran,26994,0,0,SUCCESS,2026-08-13T09:26:31.368Z,4234ec48-eb8e-4ef9-a9a6-7b79ac775c90
2.02608E+17,2.02608E+17,84,13675,PatientLeads,30,0,0,SUCCESS,2026-08-20T18:03:39.015Z,635224f3-f193-4ab0-a06c-8d0fbf5d6c6d
2.02608E+17,2.02608E+17,84,13675,PatientLeads,24,0,0,SUCCESS,2026-08-21T10:56:21.883Z,45603680-296f-4487-82f1-f8045d5f38e1
2.02608E+17,2.02608E+13,100,13668,br_qq_gltran,18906,0,0,SUCCESS,2026-08-12T01:28:30.265Z,6cc434e9-f97e-4251-a21f-0d09ad221fad
2.02608E+17,2.02608E+13,100,13668,br_qq_gltran,20814,0,0,SUCCESS,2026-08-23T13:12:22.612Z,508fe03b-0979-4394-b454-75fc1e5f3879
2.02608E+17,2.02608E+13,100,13668,br_qq_gltran,26994,0,0,SUCCESS,2026-08-13T13:49:48.475Z,18a8bdd4-64d7-475c-ae36-22f089cffbdd
2.02608E+17,2.02608E+13,100,13668,br_qq_gltran,22915,0,0,SUCCESS,2026-08-26T07:47:43.100Z,21530b3b-0ec0-412a-ac81-2ac56361fe90
2.02608E+17,2.02608E+13,100,13668,br_qq_gltran,19100,0,0,SUCCESS,2026-08-12T10:02:58.680Z,073a6fce-c9bc-479b-9176-987e7c40f23f
2.02608E+17,2.02608E+13,100,13668,br_qq_gltran,20814,0,0,SUCCESS,2026-08-21T07:30:51.403Z,5dcbdf16-684e-4cfb-b8f1-a5d56858b4a4
2.02608E+17,2.02608E+17,83,214,sl_sf_cases,592,0,0,SUCCESS,2026-08-15T06:44:13.285Z,4b120bb3-f1e6-442e-8114-0fadc28f6b49
2.02608E+17,2.02608E+17,83,214,sl_sf_cases,903,0,0,SUCCESS,2026-08-20T17:53:26.755Z,635224f3-f193-4ab0-a06c-8d0fbf5d6c6d
2.02608E+17,2.02608E+17,83,211,sl_sf_users,473,0,0,SUCCESS,2026-08-15T07:39:29.651Z,7aeef17f-6a83-4892-911d-f2c8473c9ddd
2.02608E+17,2.02608E+13,101,13669,sl_QQgltran,5784,0,0,SUCCESS,2026-08-24T06:29:43.142Z,25d2eaee-dfad-422c-bf93-c7d0a4c88cf3
2.02608E+17,2.02608E+17,44,5739,sl_UserCredentials,0,0,0,SUCCESS,2026-08-21T02:40:52.414Z,37d39418-848b-43a3-aff1-182cc8bb7455
2.02608E+17,2.02608E+13,111,8613,BankTransactions,1359737,1359737,0,SUCCESS,2026-08-17T05:22:11.083Z,519221b9-f777-4eef-a705-f54d38d423fd
2.02608E+17,2.02608E+17,107,8569,sl_treatmentlevel,1487,0,0,SUCCESS,2026-08-17T12:44:21.971Z,71c4b27b-8df0-48dd-a1ee-a6ea3a63b852
2.02608E+17,2.02608E+17,82,200,br_sf_accounts,13543,13543,0,SUCCESS,2026-08-21T02:00:16.957Z,6e633944-6270-4167-9c27-2b58aaa91b88
2.02608E+17,2.02608E+13,132,13703,LocationRetention,0,0,1,FAILED,2026-08-27T09:02:31.294Z,3fa64f84-15aa-45fb-9cca-2f2fe48cfae1
2.02608E+17,2.02608E+13,132,13708,CurrentDayPayAuth,4,0,1,FAILED,2026-08-27T07:36:47.841Z,67cdece8-9745-4c87-ab73-e4e58104b61d
2.02608E+17,2.02608E+13,132,13709,CurrentDayPayElig,4,0,1,FAILED,2026-08-27T07:37:29.070Z,67cdece8-9745-4c87-ab73-e4e58104b61d
2.02608E+17,2.02608E+17,82,200,br_sf_accounts,13542,13542,0,SUCCESS,2026-08-20T15:44:17.047Z,95538f17-9d82-404e-9e3f-d1777714a921
2.02608E+17,2.02608E+17,84,217,RecordType,21,0,0,SUCCESS,2026-08-20T17:57:35.980Z,635224f3-f193-4ab0-a06c-8d0fbf5d6c6d
2.02608E+17,2.02608E+17,84,217,RecordType,21,0,0,SUCCESS,2026-08-17T10:27:26.646Z,7037e752-f6e1-4d8a-bc47-4e70a4e83a16
2.02608E+17,2.02608E+17,98,,tbl_TakeHomeAgreementandDiversionControl,16528,0,0,SUCCESS,2026-08-19T16:04:41.346Z,0e774440-67e4-4817-8f97-24afdbb9d82f
2.02608E+17,2.02608E+17,98,,tbl_TakeHomeAgreementandDiversionControl,16368,0,0,SUCCESS,2026-08-17T08:30:59.212Z,760fb7f7-522d-45ef-ae35-70bd18d17fef
2.02608E+17,2.02608E+17,84,217,RecordType,21,0,0,SUCCESS,2026-08-21T02:18:40.576Z,6e633944-6270-4167-9c27-2b58aaa91b88
2.02608E+17,2.02608E+17,84,217,RecordType,21,0,0,SUCCESS,2026-08-21T10:49:52.354Z,45603680-296f-4487-82f1-f8045d5f38e1
2.02608E+17,2.02608E+17,84,217,RecordType,21,0,0,SUCCESS,2026-08-14T11:22:47.050Z,65af9a38-d304-499c-abe3-51037aa67f0b
2.02608E+17,2.02608E+17,98,,tbl_TakeHomeAgreementandDiversionControl,16529,0,0,SUCCESS,2026-08-26T18:00:46.514Z,4b416fe5-6f5c-4fb7-baa8-f0b32475e9c6
2.02608E+17,2.02608E+13,2,5,JobCodes,295,0,0,SUCCESS,2026-08-10T05:35:49.917Z,3848d083-d62d-4230-a484-06d335ca9baa
2.02608E+17,2.02608E+13,102,13670,QQgltran,0,0,0,FAILED,2026-08-12T05:23:14.617Z,869f1a46-93ef-4f12-a49b-3bbeb426170a
2.02608E+17,2.02608E+13,102,13670,QQgltran,0,0,0,FAILED,2026-08-12T10:16:12.003Z,073a6fce-c9bc-479b-9176-987e7c40f23f
2.02608E+17,2.02608E+13,102,13670,QQgltran,0,0,0,FAILED,2026-08-12T05:59:24.306Z,4d11fd15-9e7f-4c18-9ed8-d28ed5d51a62
2.02608E+17,2.02608E+17,85,,br_AdmissionAssessmentDimensionThree,873,0,0,SUCCESS,2026-08-10T09:54:37.587Z,6ef3fd30-03b0-4dcd-9022-3df447f4d036
2.02608E+17,2.02608E+17,86,,sl_AdmissionAssessmentDimensionThree,878,0,0,SUCCESS,2026-08-17T00:12:19.802Z,77f58b99-e250-4627-9f17-559331ecd0ef
2.02608E+17,2.02608E+17,82,206,br_sf_cases,670,0,0,SUCCESS,2026-08-21T10:34:35.768Z,45603680-296f-4487-82f1-f8045d5f38e1
2.02608E+17,2.02608E+17,106,7046,br_BAMScore,0,0,0,SUCCESS,2026-08-17T06:52:37.826Z,83c0f655-df7d-4ce0-a8e7-3e8120951bbc
2.02608E+17,2.02608E+17,106,7046,br_BAMScore,0,0,0,SUCCESS,2026-08-17T05:09:01.689Z,0b53dc13-182d-4036-9b17-0891eca5f916
2.02608E+17,2.02608E+17,83,214,sl_sf_cases,593,0,0,SUCCESS,2026-08-15T07:41:35.473Z,7aeef17f-6a83-4892-911d-f2c8473c9ddd
2.02608E+17,2.02608E+17,106,7046,br_BAMScore,0,0,0,SUCCESS,2026-08-15T13:55:38.541Z,56214535-005b-4285-976b-e0172bc11b0b
2.02608E+17,2.02608E+13,4,30,br_8x8_Users,5652,0,0,SUCCESS,2026-08-14T01:51:58.599Z,9e209bf9-13e9-42f0-a8b8-cd3732c2d635
2.02608E+17,2.02608E+17,107,8555,sl_checkin,30545,0,0,SUCCESS,2026-08-15T13:57:23.840Z,56214535-005b-4285-976b-e0172bc11b0b
2.02608E+17,2.02608E+17,107,8555,sl_checkin,30839,0,0,SUCCESS,2026-08-17T12:44:21.971Z,71c4b27b-8df0-48dd-a1ee-a6ea3a63b852
2.02608E+17,2.02608E+13,4,30,br_8x8_Users,5652,0,0,SUCCESS,2026-08-13T16:53:39.117Z,793a1d88-9a51-42e1-b67b-8a9da7bfcd79
2.02608E+17,2.02608E+17,107,8558,sl_cows_v6,23738,0,0,SUCCESS,2026-08-17T06:54:18.784Z,83c0f655-df7d-4ce0-a8e7-3e8120951bbc
2.02608E+17,2.02608E+17,107,8560,sl_uasched,11770,0,0,SUCCESS,2026-08-17T05:10:11.252Z,0b53dc13-182d-4036-9b17-0891eca5f916
2.02608E+17,2.02608E+17,83,213,sl_sf_contacts,1855,182,0,SUCCESS,2026-08-20T16:52:27.676Z,4ed56315-bafe-4059-9903-76e756bd89c4
2.02608E+17,2.02608E+17,86,,sl_AdmissionAssessmentDimensionFiveSubstanceUse,874,0,0,SUCCESS,2026-08-10T09:56:01.413Z,6ef3fd30-03b0-4dcd-9022-3df447f4d036
2.02608E+17,2.02608E+17,83,213,sl_sf_contacts,2044,225,0,SUCCESS,2026-08-21T02:14:04.170Z,6e633944-6270-4167-9c27-2b58aaa91b88
2.02608E+17,2.02608E+17,85,,br_AdmissionAssessmentDimensionFiveSubstanceUse,879,0,0,SUCCESS,2026-08-17T00:10:42.423Z,77f58b99-e250-4627-9f17-559331ecd0ef
2.02608E+17,2.02608E+17,86,,sl_AdmissionAssessmentDimensionFiveSubstanceUse,879,0,0,SUCCESS,2026-08-17T00:12:19.802Z,77f58b99-e250-4627-9f17-559331ecd0ef
2.02608E+17,2.02608E+17,83,213,sl_sf_contacts,1527,122,0,SUCCESS,2026-08-21T10:45:08.424Z,45603680-296f-4487-82f1-f8045d5f38e1
2.02608E+17,2.02608E+17,85,,br_AdmissionAssessmentDimensionFiveSubstanceUse,874,0,0,SUCCESS,2026-08-10T09:54:37.587Z,6ef3fd30-03b0-4dcd-9022-3df447f4d036
2.02608E+17,2.02608E+17,83,213,sl_sf_contacts,1813,170,0,SUCCESS,2026-08-20T15:57:48.671Z,95538f17-9d82-404e-9e3f-d1777714a921
2.02608E+17,2.02608E+17,83,213,sl_sf_contacts,1920,198,0,SUCCESS,2026-08-20T17:52:50.504Z,635224f3-f193-4ab0-a06c-8d0fbf5d6c6d
2.02608E+17,2.02608E+17,123,13060,br_PADimension3,1339,0,0,SUCCESS,2026-08-21T10:35:51.884Z,8c07e343-4781-4d6b-b62d-dcb12587d856
2.02608E+17,2.02608E+17,123,13175,br_PADimension4,1336,0,0,SUCCESS,2026-08-18T12:40:55.305Z,6a9f8fe6-e2a7-49ab-8570-443c59873958
2.02608E+17,2.02608E+13,2,20,EmploymentDetails,4419,0,0,SUCCESS,2026-08-10T05:39:33.195Z,3848d083-d62d-4230-a484-06d335ca9baa
2.02608E+17,2.02608E+17,123,12945,br_PADimension2,1339,0,0,SUCCESS,2026-08-18T10:56:59.745Z,06767fa9-f980-4e92-a048-4dd43e2dbe98
2.02608E+17,2.02608E+17,123,12945,br_PADimension2,1342,0,0,SUCCESS,2026-08-21T10:35:51.884Z,8c07e343-4781-4d6b-b62d-dcb12587d856
2.02608E+17,2.02608E+17,124,13638,sl_PADimension2,1126,0,0,SUCCESS,2026-08-22T09:33:10.568Z,39d3782c-f729-4e52-b4aa-f257942a503a
2.02608E+17,2.02608E+17,124,13641,sl_PADimension5,1333,0,0,SUCCESS,2026-08-18T10:58:53.081Z,06767fa9-f980-4e92-a048-4dd43e2dbe98
2.02608E+17,2.02608E+17,124,13638,sl_PADimension2,1339,0,0,SUCCESS,2026-08-18T12:41:50.437Z,6a9f8fe6-e2a7-49ab-8570-443c59873958
2.02608E+17,2.02608E+17,83,209,sl_sf_recordtype,21,0,0,SUCCESS,2026-08-20T17:50:19.311Z,635224f3-f193-4ab0-a06c-8d0fbf5d6c6d
2.02608E+17,2.02608E+17,82,201,br_sf_recordtype,21,0,0,SUCCESS,2026-08-17T10:07:21.633Z,7037e752-f6e1-4d8a-bc47-4e70a4e83a16
2.02608E+17,2.02608E+17,83,209,sl_sf_recordtype,21,0,0,SUCCESS,2026-08-21T10:42:39.556Z,45603680-296f-4487-82f1-f8045d5f38e1
2.02608E+17,2.02608E+17,83,209,sl_sf_recordtype,21,0,0,SUCCESS,2026-08-15T06:40:51.660Z,4b120bb3-f1e6-442e-8114-0fadc28f6b49
2.02608E+17,2.02608E+17,44,8643,sl_GlobalDevices,0,0,0,SUCCESS,2026-08-21T02:40:52.414Z,37d39418-848b-43a3-aff1-182cc8bb7455
2.02608E+17,2.02608E+13,1,16,br_Positions,10,0,0,SUCCESS,2026-08-25T02:57:36.140Z,6ee9c1fc-1bc7-4a37-a063-1dfebdad8409
2.02608E+17,2.02608E+13,1,16,br_Positions,10,0,0,SUCCESS,2026-08-11T08:50:35.254Z,0fc9623f-ac58-4aee-8aa3-3afbc5271078
2.02608E+17,2.02608E+13,1,3,br_OrgLevels,214,0,0,SUCCESS,2026-08-25T02:54:46.102Z,6ee9c1fc-1bc7-4a37-a063-1dfebdad8409
2.02608E+17,2.02608E+13,132,13706,MissedDoses,0,0,0,SUCCESS,2026-08-27T11:40:24.096Z,548cb8af-a2ae-442b-8193-6118f75471ea
2.02608E+17,2.02608E+17,118,,br_NewPeriodicReassessmentCounselorReview,562,0,0,SUCCESS,2026-08-25T04:04:14.716Z,8c969a39-95ec-4087-9ad3-4a9580887e34
2.02608E+17,2.02608E+13,132,13706,MissedDoses,0,0,0,SUCCESS,2026-08-27T09:05:06.052Z,3fa64f84-15aa-45fb-9cca-2f2fe48cfae1
2.02608E+17,2.02608E+13,100,13668,br_qq_gltran,0,0,0,FAILED,2026-08-12T03:53:07.737Z,8e37f056-242f-4c34-b401-ccc72997264b
2.02608E+17,2.02608E+13,100,13668,br_qq_gltran,0,0,0,FAILED,2026-08-12T03:41:43.322Z,13277167-7fb7-447e-9292-6a3b6529d4b3
2.02608E+17,2.02608E+17,85,,br_AdmissionAssessmentDimensionFiveSubstanceUse,50613,0,0,SUCCESS,2026-08-23T22:19:01.861Z,955211d4-28b8-44a0-8023-2bfaa48d6721
2.02608E+17,2.02608E+17,86,,sl_AdmissionAssessmentDimensionFiveSubstanceUse,48656,0,0,SUCCESS,2026-08-19T22:56:44.161Z,2caac1da-4db4-431b-998d-21dc6fd03dce
2.02608E+17,2.02608E+17,86,,sl_AdmissionAssessmentDimensionFiveSubstanceUse,50714,0,0,SUCCESS,2026-08-26T09:01:58.154Z,912d32aa-0b7f-4999-bf60-6670fe5985ea
2.02608E+17,2.02608E+17,86,,sl_AdmissionAssessmentDimensionFiveSubstanceUse,50712,0,0,SUCCESS,2026-08-25T21:28:22.248Z,7eb7a049-5d17-4a23-bb2f-3b9c445afd32
2.02608E+17,2.02608E+17,85,,br_AdmissionAssessmentDimensionFiveSubstanceUse,50714,0,0,SUCCESS,2026-08-26T09:00:37.286Z,912d32aa-0b7f-4999-bf60-6670fe5985ea
2.02608E+17,2.02608E+17,125,13648,PADimension3,1336,0,0,SUCCESS,2026-08-18T11:01:06.975Z,06767fa9-f980-4e92-a048-4dd43e2dbe98
2.02608E+17,2.02608E+17,106,7046,brz_BAMScore,19950,0,0,SUCCESS,2026-08-12T10:47:40.695Z,1325a4eb-aa02-4bc9-9fae-d06e40a0cece
2.02608E+17,2.02608E+17,106,7046,brz_BAMScore,20007,0,0,SUCCESS,2026-08-14T06:18:16.108Z,9a6b8567-8347-49cb-b213-618351c5e21c
2.02608E+17,2.02608E+17,107,8559,sl_uaresults,10220,0,0,SUCCESS,2026-08-17T05:10:11.252Z,0b53dc13-182d-4036-9b17-0891eca5f916
2.02608E+17,2.02608E+17,125,13646,PADimension1,1349,0,0,SUCCESS,2026-08-18T12:43:56.071Z,6a9f8fe6-e2a7-49ab-8570-443c59873958
2.02608E+17,2.02608E+17,107,8557,slv_bamscore,19929,0,0,SUCCESS,2026-08-11T04:12:11.609Z,6e36e3b5-c33e-4cc8-b6e2-dc5c3524428c
2.02608E+17,2.02608E+17,107,8557,slv_bamscore,19965,0,0,SUCCESS,2026-08-13T04:14:04.310Z,11ed6329-841a-4e7a-bfb1-61191c79c28e
2.02608E+17,2.02608E+17,107,8559,sl_uaresults,10220,0,0,SUCCESS,2026-08-15T11:45:24.884Z,09bdfa13-0c4c-4ca3-9dd3-abd349cbbab4
2.02608E+17,2.02608E+17,125,13647,PADimension2,1339,0,0,SUCCESS,2026-08-18T12:43:56.071Z,6a9f8fe6-e2a7-49ab-8570-443c59873958
2.02608E+17,2.02608E+17,107,8559,sl_uaresults,10220,0,0,SUCCESS,2026-08-15T13:57:23.840Z,56214535-005b-4285-976b-e0172bc11b0b
2.02608E+17,2.02608E+13,6,35,8x8_CallVolume,2993,0,0,SUCCESS,2026-08-17T07:54:05.094Z,3ff82efb-5627-4b07-90b6-91557ea1f939
2.02608E+17,2.02608E+17,107,8559,sl_uaresults,10369,0,0,SUCCESS,2026-08-18T09:07:45.961Z,08f45940-4fba-4d40-8013-5941939f8b2e
2.02608E+17,2.02608E+13,6,35,8x8_CallVolume,6800,0,0,SUCCESS,2026-08-13T17:26:08.368Z,793a1d88-9a51-42e1-b67b-8a9da7bfcd79
2.02608E+17,2.02608E+17,107,8559,sl_uaresults,10398,0,0,SUCCESS,2026-08-19T05:36:21.947Z,05916e11-44cf-456b-ac26-991e7ff5d7aa
2.02608E+17,2.02608E+13,132,13701,CensusFirstDose,4913,0,0,SUCCESS,2026-08-27T11:35:41.993Z,548cb8af-a2ae-442b-8193-6118f75471ea
2.02608E+17,2.02608E+13,105,13683,AADUsersDisable,2089,0,0,SUCCESS,2026-08-22T07:28:23.756Z,95c2ec9d-55ec-443a-9357-986a8e625f38
2.02608E+17,2.02608E+13,105,13683,AADUsersDisable,2089,0,0,SUCCESS,2026-08-22T09:18:06.512Z,500ec76f-f267-4cf8-a531-6dc879d5ad80
2.02608E+17,2.02608E+13,132,13701,CensusFirstDose,4913,0,0,SUCCESS,2026-08-27T09:01:18.897Z,3fa64f84-15aa-45fb-9cca-2f2fe48cfae1
2.02608E+17,2.02608E+13,105,13683,AADUsersDisable,2089,0,0,SUCCESS,2026-08-22T12:07:11.831Z,5b101a56-28ce-45b2-9c69-c19cf110b723
2.02608E+17,2.02608E+17,106,8311,brz_Enrollment,14861,0,0,SUCCESS,2026-08-11T04:11:14.720Z,6e36e3b5-c33e-4cc8-b6e2-dc5c3524428c
2.02608E+17,2.02608E+17,106,8311,brz_Enrollment,14871,0,0,SUCCESS,2026-08-14T06:18:16.108Z,9a6b8567-8347-49cb-b213-618351c5e21c
2.02608E+17,2.02608E+17,107,8568,slv_enrollment,14861,0,0,SUCCESS,2026-08-11T04:12:11.609Z,6e36e3b5-c33e-4cc8-b6e2-dc5c3524428c
2.02608E+17,2.02608E+17,107,8568,slv_enrollment,14862,0,0,SUCCESS,2026-08-12T10:49:53.573Z,1325a4eb-aa02-4bc9-9fae-d06e40a0cece
2.02608E+17,2.02608E+13,1,13,br_PersonDetails,4422,0,0,SUCCESS,2026-08-11T08:48:14.905Z,0fc9623f-ac58-4aee-8aa3-3afbc5271078
2.02608E+17,2.02608E+17,106,8311,brz_Enrollment,14871,0,0,SUCCESS,2026-08-14T05:54:46.519Z,367e5368-81b8-4196-9731-5b3efc5e39d9
2.02608E+17,2.02608E+17,106,8311,brz_Enrollment,14862,0,0,SUCCESS,2026-08-12T09:15:30.604Z,577435af-c452-4617-9a3c-7d2b03361707
2.02608E+17,2.02608E+13,1,13,br_PersonDetails,4424,0,0,SUCCESS,2026-08-12T04:04:59.447Z,5887a7ec-8e8e-4ea8-ac1e-92a68946509a
2.02608E+17,2.02608E+17,107,8568,slv_enrollment,14871,0,0,SUCCESS,2026-08-14T06:19:22.669Z,9a6b8567-8347-49cb-b213-618351c5e21c
2.02608E+17,2.02608E+17,85,,br_AdmissionAssessmentDimensionFiveSubstanceUse,6659,0,0,SUCCESS,2026-08-22T11:18:45.494Z,28d7acf5-bc26-4be3-b390-775b9af3d980
2.02608E+17,2.02608E+17,118,,br_NewPeriodicReassessment,1755,0,0,SUCCESS,2026-08-15T05:55:17.589Z,92fdec37-a7f1-4589-8ea2-af8b074ddb31
2.02608E+17,2.02608E+17,98,,tbl_TakeHomeRiskAssessment,98387,0,0,SUCCESS,2026-08-17T08:30:59.212Z,760fb7f7-522d-45ef-ae35-70bd18d17fef
2.02608E+17,2.02608E+17,46,,br_samms_payer_clt_history,51662,0,0,SUCCESS,2026-08-20T14:30:17.703Z,5f0dd8ad-486e-4238-8933-2b89499a6e18
2.02608E+17,2.02608E+17,118,,br_NewPeriodicReassessment,1755,0,0,SUCCESS,2026-08-17T07:50:19.981Z,422b71cc-fe6c-4f30-846d-92fb5587d0e9
2.02608E+17,2.02608E+17,119,,sl_NewPeriodicReassessment,2859,0,0,SUCCESS,2026-08-14T15:18:57.019Z,7969362d-463a-4985-92c3-d629dd6d5c4e
2.02608E+17,2.02608E+17,119,,sl_NewPeriodicReassessment,2859,0,0,SUCCESS,2026-08-14T07:46:51.127Z,9e759780-91b7-4e4a-882b-cd4350ec70b7
2.02608E+17,2.02608E+17,86,,sl_OrientationChecklistNew,12147,0,0,SUCCESS,2026-08-26T09:01:58.154Z,912d32aa-0b7f-4999-bf60-6670fe5985ea
2.02608E+17,2.02608E+17,119,,sl_NewPeriodicReassessment,2859,0,0,SUCCESS,2026-08-14T05:53:26.971Z,49a6a879-8aad-45bb-887e-905eab5ea9bb
2.02608E+17,2.02608E+17,85,,br_OrientationChecklistNew,12147,0,0,SUCCESS,2026-08-25T21:27:09.957Z,7eb7a049-5d17-4a23-bb2f-3b9c445afd32
2.02608E+17,2.02608E+17,118,,br_NewPeriodicReassessment,1752,0,0,SUCCESS,2026-08-14T05:52:58.693Z,49a6a879-8aad-45bb-887e-905eab5ea9bb
2.02608E+17,2.02608E+17,119,,sl_NewPeriodicReassessment,2862,0,0,SUCCESS,2026-08-15T14:39:25.281Z,556076c4-618a-4487-8b31-ba5017a3c197
2.02608E+17,2.02608E+17,83,208,sl_sf_accounts,13531,0,0,SUCCESS,2026-08-15T07:37:38.637Z,7aeef17f-6a83-4892-911d-f2c8473c9ddd
2.02608E+17,2.02608E+17,83,208,sl_sf_accounts,13542,0,0,SUCCESS,2026-08-20T16:49:03.714Z,4ed56315-bafe-4059-9903-76e756bd89c4
2.02608E+17,2.02608E+17,83,208,sl_sf_accounts,13531,0,0,SUCCESS,2026-08-14T11:13:54.937Z,65af9a38-d304-499c-abe3-51037aa67f0b
2.02608E+17,2.02608E+13,132,13702,Retention14Stat,325842,0,1,FAILED,2026-08-27T07:31:35.766Z,67cdece8-9745-4c87-ab73-e4e58104b61d
2.02608E+17,2.02608E+17,107,8561,sl_uaresultdetail,17194,0,0,SUCCESS,2026-08-19T11:38:32.061Z,8c2f72fa-f3d3-4c31-9e7b-e1d36d508d72
2.02608E+17,2.02608E+17,106,7507,br_UAResultDetail,15647,0,0,SUCCESS,2026-08-19T11:37:18.346Z,8c2f72fa-f3d3-4c31-9e7b-e1d36d508d72
2.02608E+17,2.02608E+17,106,7507,br_UAResultDetail,15488,0,0,SUCCESS,2026-08-19T05:35:06.090Z,05916e11-44cf-456b-ac26-991e7ff5d7aa
2.02608E+17,2.02608E+17,106,7507,br_UAResultDetail,14137,0,0,SUCCESS,2026-08-17T12:42:46.767Z,71c4b27b-8df0-48dd-a1ee-a6ea3a63b852
2.02608E+17,2.02608E+17,125,13645,PACounselorReview,1336,0,0,SUCCESS,2026-08-18T11:01:06.975Z,06767fa9-f980-4e92-a048-4dd43e2dbe98
2.02608E+17,2.02608E+17,106,7507,br_UAResultDetail,14126,0,0,SUCCESS,2026-08-17T11:05:44.356Z,16b28601-46b7-41d7-bb6b-81142615d65b
2.02608E+17,2.02608E+17,125,13645,PACounselorReview,1336,0,0,SUCCESS,2026-08-18T12:43:56.071Z,6a9f8fe6-e2a7-49ab-8570-443c59873958
2.02608E+17,2.02608E+17,106,7966,brz_VAComprehensiveAssessment,0,0,0,SUCCESS,2026-08-13T04:12:16.734Z,11ed6329-841a-4e7a-bfb1-61191c79c28e
2.02608E+17,2.02608E+17,107,8567,slv_mntreatmentservicereview,46466,0,0,SUCCESS,2026-08-14T06:19:22.669Z,9a6b8567-8347-49cb-b213-618351c5e21c
2.02608E+17,2.02608E+17,107,8567,slv_mntreatmentservicereview,46082,0,0,SUCCESS,2026-08-11T04:12:11.609Z,6e36e3b5-c33e-4cc8-b6e2-dc5c3524428c
2.02608E+17,2.02608E+17,106,8196,brz_MNTreatmentServiceReview,46082,0,0,SUCCESS,2026-08-11T04:11:14.720Z,6e36e3b5-c33e-4cc8-b6e2-dc5c3524428c
2.02608E+17,2.02608E+17,106,8305,brz_MNTreatmentServiceReview,46332,0,0,SUCCESS,2026-08-13T04:12:16.734Z,11ed6329-841a-4e7a-bfb1-61191c79c28e
2.02608E+17,2.02608E+17,107,8567,slv_mntreatmentservicereview,46332,0,0,SUCCESS,2026-08-13T04:14:04.310Z,11ed6329-841a-4e7a-bfb1-61191c79c28e
2.02608E+17,2.02608E+17,107,8567,slv_mntreatmentservicereview,46466,0,0,SUCCESS,2026-08-14T07:20:20.609Z,4f29b93d-8b22-445c-9466-6259e423edcc
2.02608E+17,2.02608E+17,106,8196,brz_MNTreatmentServiceReview,46206,0,0,SUCCESS,2026-08-12T03:48:51.003Z,72952692-3a45-4fdd-be32-4592206c2867
2.02608E+17,2.02608E+17,106,8305,brz_MNTreatmentServiceReview,46208,0,0,SUCCESS,2026-08-12T10:47:40.695Z,1325a4eb-aa02-4bc9-9fae-d06e40a0cece
2.02608E+17,2.02608E+17,107,8567,slv_mntreatmentservicereview,46206,0,0,SUCCESS,2026-08-12T03:50:30.130Z,72952692-3a45-4fdd-be32-4592206c2867
2.02608E+17,2.02608E+17,106,8196,brz_MNTreatmentServiceReview,46206,0,0,SUCCESS,2026-08-12T09:15:30.604Z,577435af-c452-4617-9a3c-7d2b03361707
2.02608E+17,2.02608E+17,107,8567,slv_mntreatmentservicereview,46208,0,0,SUCCESS,2026-08-12T10:49:53.573Z,1325a4eb-aa02-4bc9-9fae-d06e40a0cece
2.02608E+17,2.02608E+17,85,,br_AdmissionAssessmentDimensionFour,50811,0,0,SUCCESS,2026-08-25T21:27:09.957Z,7eb7a049-5d17-4a23-bb2f-3b9c445afd32
2.02608E+17,2.02608E+17,124,13635,sl_PA,1131,0,0,SUCCESS,2026-08-22T09:33:10.568Z,39d3782c-f729-4e52-b4aa-f257942a503a
2.02608E+17,2.02608E+17,124,13635,sl_PA,1349,0,0,SUCCESS,2026-08-18T12:41:50.437Z,6a9f8fe6-e2a7-49ab-8570-443c59873958
2.02608E+17,2.02608E+17,86,,sl_AdmissionAssessmentDimensionFour,50813,0,0,SUCCESS,2026-08-26T09:01:58.154Z,912d32aa-0b7f-4999-bf60-6670fe5985ea
2.02608E+17,2.02608E+17,86,,sl_AdmissionAssessmentDimensionFour,48739,0,0,SUCCESS,2026-08-22T11:20:00.031Z,28d7acf5-bc26-4be3-b390-775b9af3d980
2.02608E+17,2.02608E+17,123,12600,br_PA,1349,0,0,SUCCESS,2026-08-18T10:56:59.745Z,06767fa9-f980-4e92-a048-4dd43e2dbe98
2.02608E+17,2.02608E+17,85,,br_AdmissionAssessmentDimensionFour,50858,0,0,SUCCESS,2026-08-26T22:15:14.728Z,20846baf-2fe5-403c-85d4-31520e88a3ce
2.02608E+17,2.02608E+17,86,,sl_AdmissionAssessmentDimensionFour,48726,0,0,SUCCESS,2026-08-19T22:56:44.161Z,2caac1da-4db4-431b-998d-21dc6fd03dce
2.02608E+17,2.02608E+17,85,,br_AdmissionAssessmentDimensionFour,6669,0,0,SUCCESS,2026-08-22T11:18:45.494Z,28d7acf5-bc26-4be3-b390-775b9af3d980
2.02608E+17,2.02608E+17,84,230,Events,0,0,0,SUCCESS,2026-08-21T10:56:47.763Z,45603680-296f-4487-82f1-f8045d5f38e1
2.02608E+17,2.02608E+13,112,8622,sl_ua_drug_ref,1210,0,1,FAILED,2026-08-24T10:36:11.798Z,0962alssadgf_as255_dc1h56789
2.02608E+17,2.02608E+17,125,13644,PA,1349,0,0,SUCCESS,2026-08-18T11:01:06.975Z,06767fa9-f980-4e92-a048-4dd43e2dbe98
2.02608E+17,2.02608E+17,98,,tbl_ComprehensiveAssessmentForm,49647,0,0,SUCCESS,2026-08-19T16:04:41.346Z,0e774440-67e4-4817-8f97-24afdbb9d82f
2.02608E+17,2.02608E+17,98,,tbl_ComprehensiveAssessmentForm,49452,0,0,SUCCESS,2026-08-17T08:30:59.212Z,760fb7f7-522d-45ef-ae35-70bd18d17fef
2.02608E+17,2.02608E+17,124,13636,sl_PACounselorReview,1336,0,0,SUCCESS,2026-08-18T10:58:53.081Z,06767fa9-f980-4e92-a048-4dd43e2dbe98
2.02608E+17,2.02608E+17,124,13636,sl_PACounselorReview,1125,0,0,SUCCESS,2026-08-22T09:33:10.568Z,39d3782c-f729-4e52-b4aa-f257942a503a
2.02608E+17,2.02608E+17,124,13636,sl_PACounselorReview,1336,0,0,SUCCESS,2026-08-18T12:41:50.437Z,6a9f8fe6-e2a7-49ab-8570-443c59873958
2.02608E+17,2.02608E+17,124,13636,sl_PACounselorReview,1333,0,0,SUCCESS,2026-08-14T15:19:39.212Z,58f20748-15b7-4a11-966c-9510b56c5310
2.02608E+17,2.02608E+17,124,13636,sl_PACounselorReview,1339,0,0,SUCCESS,2026-08-21T10:36:33.855Z,8c07e343-4781-4d6b-b62d-dcb12587d856
2.02608E+17,2.02608E+17,123,12715,br_PACounselorReview,1333,0,0,SUCCESS,2026-08-14T15:18:21.922Z,58f20748-15b7-4a11-966c-9510b56c5310
2.02608E+17,2.02608E+17,123,12715,br_PACounselorReview,1336,0,0,SUCCESS,2026-08-18T12:40:55.305Z,6a9f8fe6-e2a7-49ab-8570-443c59873958
2.02608E+17,2.02608E+17,123,12715,br_PACounselorReview,1336,0,0,SUCCESS,2026-08-18T10:56:59.745Z,06767fa9-f980-4e92-a048-4dd43e2dbe98
2.02608E+17,2.02608E+17,123,12715,br_PACounselorReview,1339,0,0,SUCCESS,2026-08-21T10:35:51.884Z,8c07e343-4781-4d6b-b62d-dcb12587d856
2.02608E+17,2.02608E+17,97,,br_samms_new_discharge_transfer_plan_form,283,0,0,SUCCESS,2026-08-17T08:30:09.387Z,760fb7f7-522d-45ef-ae35-70bd18d17fef
2.02608E+17,2.02608E+17,97,,br_samms_new_discharge_transfer_plan_form,177,0,0,SUCCESS,2026-08-26T18:00:11.716Z,4b416fe5-6f5c-4fb7-baa8-f0b32475e9c6
2.02608E+17,2.02608E+17,106,7276,br_UAResults,0,0,0,SUCCESS,2026-08-15T13:55:38.541Z,56214535-005b-4285-976b-e0172bc11b0b
2.02608E+17,2.02608E+17,106,7276,br_UAResults,0,0,0,SUCCESS,2026-08-15T11:43:57.195Z,09bdfa13-0c4c-4ca3-9dd3-abd349cbbab4
2.02608E+17,2.02608E+17,106,7046,br_BAMScore,20031,0,0,SUCCESS,2026-08-17T12:42:46.767Z,71c4b27b-8df0-48dd-a1ee-a6ea3a63b852
2.02608E+17,2.02608E+17,107,8558,slv_cows_v6,23738,0,0,SUCCESS,2026-08-14T06:19:22.669Z,9a6b8567-8347-49cb-b213-618351c5e21c
2.02608E+17,2.02608E+13,101,13669,sl_QQgltran,14956673,0,0,SUCCESS,2026-08-23T09:44:12.614Z,922c4db3-6c9b-48dc-bf47-8e055d393626
2.02608E+17,2.02608E+17,107,8558,slv_cows_v6,23694,0,0,SUCCESS,2026-08-12T10:49:53.573Z,1325a4eb-aa02-4bc9-9fae-d06e40a0cece
2.02608E+17,2.02608E+17,106,7391,brz_UASched,11487,0,0,SUCCESS,2026-08-13T04:12:16.734Z,11ed6329-841a-4e7a-bfb1-61191c79c28e
2.02608E+17,2.02608E+17,106,7046,br_BAMScore,20031,0,0,SUCCESS,2026-08-17T11:05:44.356Z,16b28601-46b7-41d7-bb6b-81142615d65b
2.02608E+17,2.02608E+13,101,13669,sl_QQgltran,14956673,0,0,SUCCESS,2026-08-23T03:33:49.806Z,4a9a5f44-79e3-482a-86ae-6e1a0dee0d46
2.02608E+17,2.02608E+13,2,18,PersonDetails,4472,0,0,SUCCESS,2026-08-25T03:01:58.733Z,6ee9c1fc-1bc7-4a37-a063-1dfebdad8409
2.02608E+17,2.02608E+17,106,7046,br_BAMScore,20076,0,0,SUCCESS,2026-08-19T05:35:06.090Z,05916e11-44cf-456b-ac26-991e7ff5d7aa
2.02608E+17,2.02608E+17,106,7161,brz_Cows_v6,23694,0,0,SUCCESS,2026-08-12T09:15:30.604Z,577435af-c452-4617-9a3c-7d2b03361707
2.02608E+17,2.02608E+17,107,8557,sl_bamscore,20007,0,0,SUCCESS,2026-08-15T13:57:23.840Z,56214535-005b-4285-976b-e0172bc11b0b
2.02608E+17,2.02608E+17,106,7046,brz_BAMScore,19965,0,0,SUCCESS,2026-08-13T04:12:16.734Z,11ed6329-841a-4e7a-bfb1-61191c79c28e
2.02608E+17,2.02608E+17,107,8557,slv_bamscore,19950,0,0,SUCCESS,2026-08-12T10:49:53.573Z,1325a4eb-aa02-4bc9-9fae-d06e40a0cece
2.02608E+17,2.02608E+17,107,8557,slv_bamscore,20007,0,0,SUCCESS,2026-08-14T06:19:22.669Z,9a6b8567-8347-49cb-b213-618351c5e21c
2.02608E+17,2.02608E+17,106,7046,brz_BAMScore,19929,0,0,SUCCESS,2026-08-11T04:11:14.720Z,6e36e3b5-c33e-4cc8-b6e2-dc5c3524428c
2.02608E+17,2.02608E+17,125,13649,PADimension4,1336,0,0,SUCCESS,2026-08-18T11:01:06.975Z,06767fa9-f980-4e92-a048-4dd43e2dbe98
2.02608E+17,2.02608E+17,125,13650,PADimension5,1333,0,0,SUCCESS,2026-08-18T12:43:56.071Z,6a9f8fe6-e2a7-49ab-8570-443c59873958
2.02608E+17,2.02608E+17,106,7046,brz_BAMScore,20007,0,0,SUCCESS,2026-08-14T05:54:46.519Z,367e5368-81b8-4196-9731-5b3efc5e39d9
2.02608E+17,2.02608E+17,107,8557,slv_bamscore,20007,0,0,SUCCESS,2026-08-14T07:20:20.609Z,4f29b93d-8b22-445c-9466-6259e423edcc
2.02608E+17,2.02608E+17,45,187,User,0,0,0,SUCCESS,2026-08-21T02:41:13.115Z,37d39418-848b-43a3-aff1-182cc8bb7455
2.02608E+17,2.02608E+17,98,,tbl_NewDischargeTransferPlanForm,16425,0,0,SUCCESS,2026-08-26T18:00:46.514Z,4b416fe5-6f5c-4fb7-baa8-f0b32475e9c6
2.02608E+17,2.02608E+17,47,,tbl_FinancialHardshipApplication,72342,0,0,SUCCESS,2026-08-18T13:18:21.545Z,03823c35-021d-4cc9-8374-59681a542f1d
2.02608E+17,2.02608E+13,132,13711,QiUA,278831,0,1,FAILED,2026-08-27T06:56:06.297Z,475c3e58-0434-45d9-b3f8-9d768448de53
2.02608E+17,2.02608E+17,98,,tbl_NewDischargeTransferPlanForm,16416,0,0,SUCCESS,2026-08-19T16:04:41.346Z,0e774440-67e4-4817-8f97-24afdbb9d82f
2.02608E+17,2.02608E+17,98,,tbl_NewDischargeTransferPlanForm,15967,0,0,SUCCESS,2026-08-17T08:30:59.212Z,760fb7f7-522d-45ef-ae35-70bd18d17fef
2.02608E+17,2.02608E+17,47,,tbl_FinancialHardshipApplication,72342,0,0,SUCCESS,2026-08-18T14:11:08.071Z,2b16abcf-416f-4fd8-80a9-0aa52ca66e5c
2.02608E+17,2.02608E+17,47,,tbl_FinancialHardshipApplication,73140,0,0,SUCCESS,2026-08-20T14:31:13.395Z,5f0dd8ad-486e-4238-8933-2b89499a6e18
2.02608E+17,2.02608E+13,132,13711,QiUA,278831,0,1,FAILED,2026-08-27T07:41:09.061Z,67cdece8-9745-4c87-ab73-e4e58104b61d
2.02608E+17,2.02608E+17,47,,tbl_FinancialHardshipApplication,72332,0,0,SUCCESS,2026-08-14T15:12:50.431Z,1c123384-c339-4954-be1f-3a8d150ebb14
2.02608E+17,2.02608E+17,47,,tbl_FinancialHardshipApplication,72344,0,0,SUCCESS,2026-08-20T10:42:08.644Z,069e8d01-766c-4679-b3df-c21f4d7bc3d1
2.02608E+17,2.02608E+17,47,,tbl_FinancialHardshipApplication,72339,0,0,SUCCESS,2026-08-17T06:17:15.319Z,09d84bc7-e629-48a4-a32a-826b207e96d1
2.02608E+17,2.02608E+17,47,,tbl_FinancialHardshipApplication,72344,0,0,SUCCESS,2026-08-20T03:05:45.530Z,05c5c70e-2926-4311-8f49-65b9279948a3
2.02608E+17,2.02608E+17,83,212,sl_sf_leads,121,0,0,SUCCESS,2026-08-21T02:13:26.180Z,6e633944-6270-4167-9c27-2b58aaa91b88
2.02608E+17,2.02608E+17,82,202,br_sf_tasks,904,0,0,SUCCESS,2026-08-14T11:04:00.359Z,65af9a38-d304-499c-abe3-51037aa67f0b
2.02608E+17,2.02608E+17,83,210,sl_sf_tasks,649,0,0,SUCCESS,2026-08-15T08:21:24.630Z,749d5262-86ff-40e0-8a86-2235f2d6051c
2.02608E+17,2.02608E+17,82,206,br_sf_cases,852,0,0,SUCCESS,2026-08-20T16:41:32.072Z,4ed56315-bafe-4059-9903-76e756bd89c4
2.02608E+17,2.02608E+17,44,179,sl_Consents,459,0,0,SUCCESS,2026-08-21T09:34:25.751Z,859bd6e7-8433-41b7-8f16-164cdd55063d
2.02608E+17,2.02608E+17,43,169,br_CONSENTS,459,0,0,SUCCESS,2026-08-21T02:40:27.029Z,37d39418-848b-43a3-aff1-182cc8bb7455
2.02608E+17,2.02608E+17,83,211,sl_sf_users,474,0,0,SUCCESS,2026-08-20T15:56:21.651Z,95538f17-9d82-404e-9e3f-d1777714a921
2.02608E+17,2.02608E+17,107,8562,sl_appointmentattend,93,0,2,FAILED,2026-08-15T11:45:24.884Z,09bdfa13-0c4c-4ca3-9dd3-abd349cbbab4
2.02608E+17,2.02608E+17,107,8562,sl_appointmentattend,93,0,2,FAILED,2026-08-17T05:10:11.252Z,0b53dc13-182d-4036-9b17-0891eca5f916
2.02608E+17,2.02608E+17,107,8561,slv_uaresultdetail,208868,0,0,SUCCESS,2026-08-14T06:19:22.669Z,9a6b8567-8347-49cb-b213-618351c5e21c
2.02608E+17,2.02608E+17,106,7507,brz_UAResultDetail,199652,0,0,SUCCESS,2026-08-12T10:47:40.695Z,1325a4eb-aa02-4bc9-9fae-d06e40a0cece
2.02608E+17,2.02608E+17,107,8561,slv_uaresultdetail,207603,0,0,SUCCESS,2026-08-13T04:14:04.310Z,11ed6329-841a-4e7a-bfb1-61191c79c28e
2.02608E+17,2.02608E+13,6,34,8x8_CallInteractions,21824,0,0,SUCCESS,2026-08-17T07:53:32.011Z,3ff82efb-5627-4b07-90b6-91557ea1f939
2.02608E+17,2.02608E+17,107,8561,slv_uaresultdetail,208868,0,0,SUCCESS,2026-08-14T07:20:20.609Z,4f29b93d-8b22-445c-9466-6259e423edcc
2.02608E+17,2.02608E+17,107,8561,slv_uaresultdetail,206422,0,0,SUCCESS,2026-08-12T10:49:53.573Z,1325a4eb-aa02-4bc9-9fae-d06e40a0cece
2.02608E+17,2.02608E+17,106,7507,brz_UAResultDetail,200833,0,0,SUCCESS,2026-08-13T04:12:16.734Z,11ed6329-841a-4e7a-bfb1-61191c79c28e
2.02608E+17,2.02608E+17,106,7845,brz_MNComprehensiveAssessment,1127,0,0,SUCCESS,2026-08-13T04:12:16.734Z,11ed6329-841a-4e7a-bfb1-61191c79c28e
2.02608E+17,2.02608E+17,107,8563,slv_mncomprehensiveassessment,1125,0,0,SUCCESS,2026-08-12T03:50:30.130Z,72952692-3a45-4fdd-be32-4592206c2867
2.02608E+17,2.02608E+17,107,8563,slv_mncomprehensiveassessment,1128,0,0,SUCCESS,2026-08-14T07:20:20.609Z,4f29b93d-8b22-445c-9466-6259e423edcc
2.02608E+17,2.02608E+13,4,29,br_8x8_HistoricalCCQueueSummary,115,0,0,SUCCESS,2026-08-14T01:50:02.056Z,9e209bf9-13e9-42f0-a8b8-cd3732c2d635
2.02608E+17,2.02608E+13,4,29,br_8x8_HistoricalCCQueueSummary,112,0,0,SUCCESS,2026-08-13T16:51:40.847Z,793a1d88-9a51-42e1-b67b-8a9da7bfcd79
2.02608E+17,2.02608E+17,35,145,tbl_3pARNOTE,11762375,0,0,SUCCESS,2026-08-24T20:11:31.853Z,4d8b4395-4229-458f-ac6c-24f28fa466d2
2.02608E+17,2.02608E+13,6,35,8x8_CallVolume,12524,0,0,SUCCESS,2026-08-14T02:33:11.759Z,7582fe2a-ab67-4726-aa6a-73a8a3ff4bdb
2.02608E+17,2.02608E+17,106,8311,br_Enrollment,0,0,0,SUCCESS,2026-08-15T11:43:57.195Z,09bdfa13-0c4c-4ca3-9dd3-abd349cbbab4
2.02608E+17,2.02608E+17,106,8311,br_Enrollment,0,0,0,SUCCESS,2026-08-17T06:52:37.826Z,83c0f655-df7d-4ce0-a8e7-3e8120951bbc
2.02608E+17,2.02608E+17,106,8311,br_Enrollment,0,0,0,SUCCESS,2026-08-17T05:09:01.689Z,0b53dc13-182d-4036-9b17-0891eca5f916
2.02608E+17,2.02608E+17,106,8311,br_Enrollment,0,0,0,SUCCESS,2026-08-15T13:55:38.541Z,56214535-005b-4285-976b-e0172bc11b0b
2.02608E+17,2.02606E+13,79,226,br_absolute_inventory,1862,0,0,SUCCESS,2026-08-17T05:28:39.790Z,7df5bc5f-d487-47dc-af47-8642d74e8059
2.02608E+17,2.02606E+13,79,226,br_absolute_inventory,1862,0,0,SUCCESS,2026-08-17T08:19:24.266Z,46b84c02-c8f9-471f-bbfe-d9a13c18834a
2.02608E+17,2.02608E+13,79,226,br_absolute_inventory,1860,0,0,SUCCESS,2026-08-14T05:08:40.709Z,89bf3a37-8365-4f45-a835-64686a7b8b25
2.02608E+17,2.02608E+13,109,8610,br_cashflow_lockbox,509839,509839,0,SUCCESS,2026-08-14T07:46:57.531Z,2b76f80f-940a-42f8-ba7f-a8bff776f2f4
2.02608E+17,2.02606E+13,79,226,br_absolute_inventory,1862,0,0,SUCCESS,2026-08-17T04:42:51.497Z,1af9a41e-9125-485a-8041-26d6cee05acd
2.02608E+17,2.02608E+17,83,6807,sl_sf_patientsurveys,204,0,0,SUCCESS,2026-08-15T07:42:34.996Z,7aeef17f-6a83-4892-911d-f2c8473c9ddd
2.02608E+17,2.02608E+17,44,186,sl_BriefAddictionMonitor,0,0,0,SUCCESS,2026-08-21T02:40:52.414Z,37d39418-848b-43a3-aff1-182cc8bb7455
2.02608E+17,2.02608E+17,43,8642,br_GlobalDevices,4032,0,0,SUCCESS,2026-08-21T02:40:27.029Z,37d39418-848b-43a3-aff1-182cc8bb7455
2.02608E+17,2.02608E+17,43,8642,br_GlobalDevices,4032,0,0,SUCCESS,2026-08-21T09:33:55.375Z,859bd6e7-8433-41b7-8f16-164cdd55063d
2.02608E+17,2.02608E+13,111,8613,BankTransactions,1361045,0,0,SUCCESS,2026-08-19T13:21:19.971Z,033e2b9b-3e61-42eb-8a4a-6f9de454a9d1
2.02608E+17,2.02608E+13,105,13683,AADUsersDisable,67,0,0,SUCCESS,2026-08-25T09:53:49.690Z,6d272a94-926b-43c5-9728-935779865922
2.02608E+17,2.02608E+13,105,13683,AADUsersDisable,66,0,0,SUCCESS,2026-08-24T08:21:59.954Z,4c05c22a-72c8-4983-bd52-da6045984616
2.02608E+17,2.02608E+13,105,13683,AADUsersDisable,67,0,0,SUCCESS,2026-08-25T04:00:11.308Z,12130017-772e-4557-8a48-2b17fd46c3ad
2.02608E+17,2.02608E+13,112,8635,sl_employeeroster_trend,1962,0,1,FAILED,2026-08-24T10:39:28.855Z,0962alssadgf_as255_dc1h56789
2.02608E+17,2.02608E+17,82,200,br_sf_accounts,13531,0,0,SUCCESS,2026-08-17T13:25:01.365Z,1cdba2b7-2cc0-4832-97e7-304e1a700c17
2.02608E+17,2.02608E+17,83,208,sl_sf_accounts,13543,0,0,SUCCESS,2026-08-20T17:49:42.929Z,635224f3-f193-4ab0-a06c-8d0fbf5d6c6d
2.02608E+17,2.02608E+17,82,200,br_sf_accounts,13531,0,0,SUCCESS,2026-08-14T11:03:03.317Z,65af9a38-d304-499c-abe3-51037aa67f0b
2.02608E+17,2.02608E+17,83,208,sl_sf_accounts,13543,0,0,SUCCESS,2026-08-21T02:11:03.034Z,6e633944-6270-4167-9c27-2b58aaa91b88
2.02608E+17,2.02608E+17,106,8081,br_VAComprehensiveAssessmentSummary,0,0,0,SUCCESS,2026-08-15T13:55:38.541Z,56214535-005b-4285-976b-e0172bc11b0b
2.02608E+17,2.02608E+17,106,8081,br_VAComprehensiveAssessmentSummary,0,0,0,SUCCESS,2026-08-17T06:52:37.826Z,83c0f655-df7d-4ce0-a8e7-3e8120951bbc
2.02608E+17,2.02608E+17,106,8081,br_VAComprehensiveAssessmentSummary,0,0,0,SUCCESS,2026-08-15T11:43:57.195Z,09bdfa13-0c4c-4ca3-9dd3-abd349cbbab4
2.02608E+17,2.02608E+17,106,8081,br_VAComprehensiveAssessmentSummary,0,0,0,SUCCESS,2026-08-17T05:09:01.689Z,0b53dc13-182d-4036-9b17-0891eca5f916
2.02608E+17,2.02608E+17,106,8081,brz_VAComprehensiveAssessmentSummary,0,0,0,SUCCESS,2026-08-14T05:54:46.519Z,367e5368-81b8-4196-9731-5b3efc5e39d9
2.02608E+17,2.02608E+17,107,8566,sl_vacomprehensiveassessmentsummary,1740,0,0,SUCCESS,2026-08-17T11:07:18.741Z,16b28601-46b7-41d7-bb6b-81142615d65b
2.02608E+17,2.02608E+17,107,8566,sl_vacomprehensiveassessmentsummary,1740,0,0,SUCCESS,2026-08-15T13:57:23.840Z,56214535-005b-4285-976b-e0172bc11b0b
2.02608E+17,2.02608E+17,107,8566,sl_vacomprehensiveassessmentsummary,1755,0,0,SUCCESS,2026-08-19T05:36:21.947Z,05916e11-44cf-456b-ac26-991e7ff5d7aa
2.02608E+17,2.02608E+17,106,8081,br_VAComprehensiveAssessmentSummary,1671,0,0,SUCCESS,2026-08-18T09:05:19.149Z,08f45940-4fba-4d40-8013-5941939f8b2e
2.02608E+17,2.02608E+17,107,8566,sl_vacomprehensiveassessmentsummary,1740,0,0,SUCCESS,2026-08-17T05:10:11.252Z,0b53dc13-182d-4036-9b17-0891eca5f916
2.02608E+17,2.02608E+17,107,8566,sl_vacomprehensiveassessmentsummary,1740,0,0,SUCCESS,2026-08-17T06:54:18.784Z,83c0f655-df7d-4ce0-a8e7-3e8120951bbc
2.02608E+17,2.02608E+17,106,8081,br_VAComprehensiveAssessmentSummary,1673,0,0,SUCCESS,2026-08-19T05:35:06.090Z,05916e11-44cf-456b-ac26-991e7ff5d7aa
2.02608E+17,2.02608E+17,106,8081,br_VAComprehensiveAssessmentSummary,1673,0,0,SUCCESS,2026-08-19T11:37:18.346Z,8c2f72fa-f3d3-4c31-9e7b-e1d36d508d72
2.02608E+17,2.02608E+17,107,8566,sl_vacomprehensiveassessmentsummary,1753,0,0,SUCCESS,2026-08-18T09:07:45.961Z,08f45940-4fba-4d40-8013-5941939f8b2e
2.02608E+17,2.02608E+13,112,8629,sl_kytcm,0,0,0,ZERO_ROWS,2026-08-24T10:03:19.588Z,0962als2a8a-1c5f-4dad-c48-dc1h56789
2.02608E+17,2.02608E+17,118,,br_NewAdmissionAssessmentASAMDimension5,0,0,0,SUCCESS,2026-08-14T15:17:42.970Z,7969362d-463a-4985-92c3-d629dd6d5c4e
2.02608E+17,2.02608E+17,120,,NewPeriodicReassessmentCounselorReview,2850,0,0,SUCCESS,2026-08-17T11:51:35.731Z,50b193b8-c8c8-41b3-8f69-a5e058560d7e
2.02608E+17,2.02608E+13,102,13670,QQgltran,18906,0,0,SUCCESS,2026-08-12T01:39:50.864Z,6cc434e9-f97e-4251-a21f-0d09ad221fad
2.02608E+17,2.02608E+13,102,13670,QQgltran,18906,0,0,SUCCESS,2026-08-11T13:06:51.544Z,07a568df-8fb2-477d-9bf7-93c7d3cf3953
2.02608E+17,2.02608E+13,102,13670,QQgltran,25917,0,0,SUCCESS,2026-08-13T05:16:49.644Z,18585045-c0ca-4001-a812-fbd0cb09c50a
2.02608E+17,2.02608E+17,120,,NewPeriodicReassessmentCounselorReview,2860,0,0,SUCCESS,2026-08-25T04:08:26.736Z,8c969a39-95ec-4087-9ad3-4a9580887e34
2.02608E+17,2.02608E+17,97,,br_samms_comprehensive_assessment_form,49647,0,0,SUCCESS,2026-08-19T16:04:01.037Z,0e774440-67e4-4817-8f97-24afdbb9d82f
2.02608E+17,2.02608E+13,102,13670,QQgltran,25917,0,0,SUCCESS,2026-08-13T05:29:01.051Z,77f1c571-5f94-48af-a2cd-48c65fe6d516
2.02608E+17,2.02608E+13,102,13670,QQgltran,25917,0,0,SUCCESS,2026-08-12T14:24:36.066Z,73cb27f3-e3a8-4a25-bf87-1cf2e3ca34d8
2.02608E+17,2.02608E+17,84,221,stgCases,1065,0,0,SUCCESS,2026-08-21T02:20:33.537Z,6e633944-6270-4167-9c27-2b58aaa91b88
2.02608E+17,2.02608E+13,102,13670,QQgltran,25917,0,0,SUCCESS,2026-08-13T06:38:33.922Z,372a483b-7b54-40a3-8477-95b54a51c01d
2.02608E+17,2.02608E+13,102,13670,QQgltran,25917,0,0,SUCCESS,2026-08-12T11:42:01.946Z,1b0f010c-6a14-4998-a93b-4f07f46b08c5
2.02608E+17,2.02608E+17,83,6807,sl_sf_patientsurveys,204,0,0,SUCCESS,2026-08-14T11:19:31.594Z,65af9a38-d304-499c-abe3-51037aa67f0b
2.02608E+17,2.02608E+17,106,7621,brz_AppointmentAttend,93,0,2,FAILED,2026-08-14T07:19:15.475Z,4f29b93d-8b22-445c-9466-6259e423edcc
2.02608E+17,2.02608E+17,83,6807,sl_sf_patientsurveys,204,0,0,SUCCESS,2026-08-15T06:45:09.866Z,4b120bb3-f1e6-442e-8114-0fadc28f6b49
2.02608E+17,2.02608E+17,83,6807,sl_sf_patientsurveys,208,0,0,SUCCESS,2026-08-21T10:46:35.643Z,45603680-296f-4487-82f1-f8045d5f38e1
2.02608E+17,2.02608E+17,106,7621,brz_AppointmentAttend,93,0,2,FAILED,2026-08-12T10:47:40.695Z,1325a4eb-aa02-4bc9-9fae-d06e40a0cece
2.02608E+17,2.02608E+17,106,7621,brz_AppointmentAttend,93,0,2,FAILED,2026-08-14T06:18:16.108Z,9a6b8567-8347-49cb-b213-618351c5e21c
2.02608E+17,2.02608E+17,106,7621,br_AppointmentAttend,0,0,0,SUCCESS,2026-08-17T11:05:44.356Z,16b28601-46b7-41d7-bb6b-81142615d65b
2.02608E+17,2.02608E+17,106,7621,br_AppointmentAttend,0,0,0,SUCCESS,2026-08-19T11:37:18.346Z,8c2f72fa-f3d3-4c31-9e7b-e1d36d508d72
2.02608E+17,2.02608E+17,106,7621,br_AppointmentAttend,0,0,0,SUCCESS,2026-08-19T05:35:06.090Z,05916e11-44cf-456b-ac26-991e7ff5d7aa
2.02608E+17,2.02608E+17,106,7621,br_AppointmentAttend,0,0,0,SUCCESS,2026-08-18T09:05:19.149Z,08f45940-4fba-4d40-8013-5941939f8b2e
2.02608E+17,2.02608E+17,106,7621,br_AppointmentAttend,0,0,0,SUCCESS,2026-08-15T11:43:57.195Z,09bdfa13-0c4c-4ca3-9dd3-abd349cbbab4
2.02608E+17,2.02608E+13,112,8621,sl_ccp_mappinghistory,1133,0,0,SUCCESS,2026-08-24T10:02:03.370Z,0962als2a8a-1c5f-4dad-c48-dc1h56789
2.02608E+17,2.02608E+17,82,206,br_sf_cases,1065,0,0,SUCCESS,2026-08-21T02:03:38.867Z,6e633944-6270-4167-9c27-2b58aaa91b88
2.02608E+17,2.02608E+13,101,13669,sl_QQgltran,25917,0,0,SUCCESS,2026-08-12T14:17:23.522Z,73cb27f3-e3a8-4a25-bf87-1cf2e3ca34d8
2.02608E+17,2.02608E+13,101,13669,sl_QQgltran,24920,0,0,SUCCESS,2026-08-27T07:39:45.260Z,172af47b-610a-4a99-aceb-e1a3ed168be6
2.02608E+17,2.02608E+17,83,210,sl_sf_tasks,1476,0,0,SUCCESS,2026-08-20T16:50:13.981Z,4ed56315-bafe-4059-9903-76e756bd89c4
2.02608E+17,2.02608E+13,101,13669,sl_qqgltran,18906,0,0,SUCCESS,2026-08-12T01:35:53.689Z,6cc434e9-f97e-4251-a21f-0d09ad221fad
2.02608E+17,2.02608E+13,101,13669,sl_QQgltran,19100,0,0,SUCCESS,2026-08-12T09:29:21.602Z,3ceecaf4-5cab-4434-a477-f1d5d0d51483
2.02608E+17,2.02608E+17,123,13520,br_Admissionassessmentsubstanceusehistory,2069,0,0,SUCCESS,2026-08-22T09:31:58.400Z,39d3782c-f729-4e52-b4aa-f257942a503a
2.02608E+17,2.02608E+17,123,13520,br_Admissionassessmentsubstanceusehistory,2065,0,0,SUCCESS,2026-08-18T12:40:55.305Z,6a9f8fe6-e2a7-49ab-8570-443c59873958
2.02608E+17,2.02608E+17,124,13643,sl_Admissionassessmentsubstanceusehistory,2067,0,0,SUCCESS,2026-08-18T10:58:53.081Z,06767fa9-f980-4e92-a048-4dd43e2dbe98
2.02608E+17,2.02608E+17,123,13520,br_Admissionassessmentsubstanceusehistory,2065,0,0,SUCCESS,2026-08-18T10:56:59.745Z,06767fa9-f980-4e92-a048-4dd43e2dbe98
2.02608E+17,2.02608E+17,124,13643,sl_Admissionassessmentsubstanceusehistory,2008,0,0,SUCCESS,2026-08-22T09:33:10.568Z,39d3782c-f729-4e52-b4aa-f257942a503a
2.02608E+17,2.02608E+13,5,31,sl_8x8_CallInteractions,143379,0,0,SUCCESS,2026-08-15T05:31:33.246Z,6517d2eb-46fa-4d72-8ea4-8ae23e1d30a8
2.02608E+17,2.02608E+13,5,31,sl_8x8_CallInteractions,143379,0,0,SUCCESS,2026-08-14T08:55:42.635Z,36ebac0c-26de-4656-ae31-977cae255ad9
2.02608E+17,2.02608E+13,5,31,sl_8x8_CallInteractions,101602,0,0,SUCCESS,2026-08-13T16:20:40.919Z,7d21e877-f08c-42e0-946c-607108d10a5e
2.02608E+17,2.02608E+13,117,8627,PatientServicesNoShow,56563539,0,56563539,FAILED,2026-08-12T17:51:02.692Z,671a3bdd-f523-4ead-8f5c-38e46b083399
2.02608E+17,2.02608E+13,117,8627,PatientServicesNoShow,56563539,0,56563539,FAILED,2026-08-12T17:09:19.930Z,23a4a328-005d-472d-8b87-bb30b33501a7
2.02608E+17,2.02608E+13,117,8627,PatientServicesNoShow,56563539,0,56563539,FAILED,2026-08-12T09:02:42.491Z,473be684-042c-471f-a263-402ba6fc6c7d
2.02608E+17,2.02608E+13,117,8627,PatientServicesNoShow,56563539,0,56563539,FAILED,2026-08-12T18:34:16.660Z,834aed09-160f-4574-8301-b233c796f637
2.02608E+17,2.02608E+13,117,8627,PatientServicesNoShow,56563539,0,56563539,FAILED,2026-08-12T11:05:26.381Z,92859603-ed5a-4a4e-a6f3-c4cef250fd48
2.02608E+17,2.02608E+13,5,31,sl_8x8_CallInteractions,47025,0,0,SUCCESS,2026-08-10T07:47:28.103Z,16a75514-afc2-4aaf-9331-e34f7fb9f5b5
2.02608E+17,2.02608E+13,116,8626,sl_patientservicesnoshow,0,0,1,FAILED,2026-08-12T17:02:32.305Z,23a4a328-005d-472d-8b87-bb30b33501a7
2.02608E+17,2.02608E+13,5,31,sl_8x8_CallInteractions,47025,0,0,SUCCESS,2026-08-10T04:07:06.324Z,0c0b5e48-d053-4755-97ee-27a6c27d227e
2.02608E+17,2.02608E+17,83,210,sl_sf_tasks,1061,0,0,SUCCESS,2026-08-21T10:43:15.179Z,45603680-296f-4487-82f1-f8045d5f38e1
2.02608E+17,2.02608E+13,101,13669,sl_QQgltran,22915,0,0,SUCCESS,2026-08-26T07:53:12.346Z,21530b3b-0ec0-412a-ac81-2ac56361fe90
2.02608E+17,2.02608E+13,101,13669,sl_QQgltran,20814,0,0,SUCCESS,2026-08-22T09:54:10.811Z,8603ce7d-aa9e-47e1-a98a-6210d9a6660a
2.02608E+17,2.02608E+17,45,190,ClaimStatus,1619,0,0,SUCCESS,2026-08-21T02:41:13.115Z,37d39418-848b-43a3-aff1-182cc8bb7455
2.02608E+17,2.02608E+17,106,7507,brz_UAResultDetail,14355,0,0,SUCCESS,2026-08-14T07:19:15.475Z,4f29b93d-8b22-445c-9466-6259e423edcc
2.02608E+17,2.02608E+17,106,7506,brz_UAResultDetail,17829,0,0,SUCCESS,2026-08-12T03:48:51.003Z,72952692-3a45-4fdd-be32-4592206c2867
2.02608E+17,2.02608E+13,1,15,br_EmploymentDetails,4424,0,0,SUCCESS,2026-08-12T04:07:54.959Z,5887a7ec-8e8e-4ea8-ac1e-92a68946509a
2.02608E+17,2.02608E+17,106,7507,brz_UAResultDetail,14355,0,0,SUCCESS,2026-08-14T06:18:16.108Z,9a6b8567-8347-49cb-b213-618351c5e21c
2.02608E+17,2.02608E+17,106,7507,brz_UAResultDetail,15899,0,0,SUCCESS,2026-08-11T04:11:14.720Z,6e36e3b5-c33e-4cc8-b6e2-dc5c3524428c
2.02608E+17,2.02608E+17,85,,br_AdmissionAssessmentDimensionOneDisorder,53316,0,0,SUCCESS,2026-08-26T09:00:37.286Z,912d32aa-0b7f-4999-bf60-6670fe5985ea
2.02608E+17,2.02608E+17,85,,br_AdmissionAssessmentDimensionOneDisorder,53314,0,0,SUCCESS,2026-08-25T21:27:09.957Z,7eb7a049-5d17-4a23-bb2f-3b9c445afd32
2.02608E+17,2.02608E+17,85,,br_AdmissionAssessmentDimensionOneDisorder,53362,0,0,SUCCESS,2026-08-26T22:15:14.728Z,20846baf-2fe5-403c-85d4-31520e88a3ce
2.02608E+17,2.02608E+17,86,,sl_AdmissionAssessmentDimensionOneDisorder,53314,0,0,SUCCESS,2026-08-25T21:28:22.248Z,7eb7a049-5d17-4a23-bb2f-3b9c445afd32
2.02608E+17,2.02608E+17,86,,sl_AdmissionAssessmentDimensionOneDisorder,53316,0,0,SUCCESS,2026-08-26T09:01:58.154Z,912d32aa-0b7f-4999-bf60-6670fe5985ea
2.02608E+17,2.02608E+17,86,,sl_AdmissionAssessmentDimensionOneDisorder,53095,0,0,SUCCESS,2026-08-19T22:56:44.161Z,2caac1da-4db4-431b-998d-21dc6fd03dce
2.02608E+17,2.02608E+13,101,13669,sl_QQgltran,20814,0,0,SUCCESS,2026-08-22T11:05:54.186Z,5e2d23d6-f118-4b39-83bf-fd492995fd47
2.02608E+17,2.02608E+17,83,210,sl_sf_tasks,1619,0,0,SUCCESS,2026-08-20T17:50:55.610Z,635224f3-f193-4ab0-a06c-8d0fbf5d6c6d
2.02608E+17,2.02608E+17,83,214,sl_sf_cases,1065,0,0,SUCCESS,2026-08-21T02:14:36.840Z,6e633944-6270-4167-9c27-2b58aaa91b88
2.02608E+17,2.02608E+13,101,13669,sl_QQgltran,25917,0,0,SUCCESS,2026-08-12T11:33:47.282Z,1b0f010c-6a14-4998-a93b-4f07f46b08c5
2.02608E+17,2.02608E+13,101,13669,sl_qqgltran,18906,0,0,SUCCESS,2026-08-11T13:01:40.493Z,07a568df-8fb2-477d-9bf7-93c7d3cf3953
2.02608E+17,2.02608E+17,84,220,stgContacts,1507,0,0,SUCCESS,2026-08-14T11:24:30.782Z,65af9a38-d304-499c-abe3-51037aa67f0b
2.02608E+17,2.02608E+17,107,8558,slv_cows_v6,23710,0,0,SUCCESS,2026-08-13T04:14:04.310Z,11ed6329-841a-4e7a-bfb1-61191c79c28e
2.02608E+17,2.02608E+17,106,7046,br_BAMScore,20079,0,0,SUCCESS,2026-08-19T11:37:18.346Z,8c2f72fa-f3d3-4c31-9e7b-e1d36d508d72
2.02608E+17,2.02608E+17,107,8557,sl_bamscore,20076,0,0,SUCCESS,2026-08-19T05:36:21.947Z,05916e11-44cf-456b-ac26-991e7ff5d7aa
2.02608E+17,2.02608E+17,107,8558,slv_cows_v6,23738,0,0,SUCCESS,2026-08-14T07:20:20.609Z,4f29b93d-8b22-445c-9466-6259e423edcc
2.02608E+17,2.02608E+13,112,8634,sl_rbdc_Latest,29,0,0,SUCCESS,2026-08-24T12:54:32.431Z,09620987643sadgf_as255_d0988006789
2.02608E+17,2.02608E+13,100,13668,br_qq_gltran,194,0,0,SUCCESS,2026-08-12T05:12:39.854Z,869f1a46-93ef-4f12-a49b-3bbeb426170a
2.02608E+17,2.02608E+13,100,13668,br_qq_gltran,194,0,0,SUCCESS,2026-08-12T05:49:53.546Z,4d11fd15-9e7f-4c18-9ed8-d28ed5d51a62
2.02608E+17,2.02608E+13,112,8634,sl_rbdc_Latest,29,0,0,SUCCESS,2026-08-24T12:43:56.698Z,09620987643sadgf_as255_d0988006789
2.02608E+17,2.02608E+17,82,202,br_sf_tasks,1619,680,0,SUCCESS,2026-08-20T17:39:38.663Z,635224f3-f193-4ab0-a06c-8d0fbf5d6c6d
2.02608E+17,2.02608E+17,107,8556,slv_bamform,1130,0,0,SUCCESS,2026-08-11T04:12:11.609Z,6e36e3b5-c33e-4cc8-b6e2-dc5c3524428c
2.02608E+17,2.02608E+17,107,8556,slv_bamform,1137,0,0,SUCCESS,2026-08-12T09:17:49.923Z,577435af-c452-4617-9a3c-7d2b03361707
2.02608E+17,2.02608E+17,106,6931,brz_BAMForm,1148,0,0,SUCCESS,2026-08-14T06:18:16.108Z,9a6b8567-8347-49cb-b213-618351c5e21c
2.02608E+17,2.02608E+17,106,7391,brz_UASched,5126,0,0,SUCCESS,2026-08-14T07:19:15.475Z,4f29b93d-8b22-445c-9466-6259e423edcc
2.02608E+17,2.02608E+17,83,6808,sl_sf_outboundsms,146,0,0,SUCCESS,2026-08-15T06:45:42.126Z,4b120bb3-f1e6-442e-8114-0fadc28f6b49
2.02608E+17,2.02608E+17,83,6808,sl_sf_outboundsms,153,0,0,SUCCESS,2026-08-14T11:19:58.426Z,65af9a38-d304-499c-abe3-51037aa67f0b
2.02608E+17,2.02608E+17,83,6808,sl_sf_outboundsms,146,0,0,SUCCESS,2026-08-15T08:26:02.360Z,749d5262-86ff-40e0-8a86-2235f2d6051c
2.02608E+17,2.02608E+17,83,6808,sl_sf_outboundsms,225,0,0,SUCCESS,2026-08-20T17:54:50.589Z,635224f3-f193-4ab0-a06c-8d0fbf5d6c6d
2.02608E+17,2.02608E+17,83,6808,sl_sf_outboundsms,103,0,0,SUCCESS,2026-08-17T10:25:20.026Z,7037e752-f6e1-4d8a-bc47-4e70a4e83a16
2.02608E+17,2.02608E+17,83,6808,sl_sf_outboundsms,146,0,0,SUCCESS,2026-08-15T07:43:11.819Z,7aeef17f-6a83-4892-911d-f2c8473c9ddd
2.02608E+17,2.02608E+17,83,6808,sl_sf_outboundsms,158,0,0,SUCCESS,2026-08-21T10:47:04.128Z,45603680-296f-4487-82f1-f8045d5f38e1
2.02608E+17,2.02608E+17,83,6808,sl_sf_outboundsms,302,0,0,SUCCESS,2026-08-21T02:15:59.015Z,6e633944-6270-4167-9c27-2b58aaa91b88
2.02608E+17,2.02608E+17,83,6808,sl_sf_outboundsms,172,0,0,SUCCESS,2026-08-20T16:54:25.133Z,4ed56315-bafe-4059-9903-76e756bd89c4
2.02608E+17,2.02608E+17,44,186,sl_BriefAddictionMonitor,268559,0,0,SUCCESS,2026-08-21T09:34:25.751Z,859bd6e7-8433-41b7-8f16-164cdd55063d
2.02608E+17,2.02608E+17,43,176,br_BriefAddictionMonitor,268559,0,0,SUCCESS,2026-08-21T02:40:27.029Z,37d39418-848b-43a3-aff1-182cc8bb7455
2.02608E+17,2.02608E+13,126,13680,br_learningreports_overdue,0,0,1,FAILED,2026-08-27T10:02:23.162Z,8eb039aa-7a6f-4c9f-b071-197bf1311b4c
2.02608E+17,2.02608E+13,40,156,br_zoom_new_users_raw,0,0,0,SUCCESS,2026-08-20T05:45:41.734Z,4af62a8a-1c5f-4dad-c48-dc1asdgh56098767899
2.02608E+17,2.02608E+13,129,13685,sl_ClaimDenialPredictionV1,0,0,1,FAILED,2026-08-24T09:43:07.982Z,713fae33-277e-44b8-ab5b-2c26174abb4c
2.02608E+17,2.02608E+13,109,8610,br_cashflow_lockbox,509839,509839,0,SUCCESS,2026-08-14T11:10:31.691Z,316e02be-3a9a-4c93-8ef8-ecca66ba18c5
2.02608E+17,2.02608E+13,79,226,br_absolute_inventory,1857,0,0,SUCCESS,2026-08-13T09:57:38.993Z,494be37e-e82d-4d45-8f02-f9e0849ccd2a
2.02608E+17,2.02608E+13,109,8611,br_cashflow_textinput,17,0,0,SUCCESS,2026-08-14T05:40:23.990Z,830c78f2-2c91-4be9-977a-e9ff0c1d8636
2.02608E+17,2.02606E+13,79,226,br_absolute_inventory,1862,0,0,SUCCESS,2026-08-17T07:10:43.412Z,8f01a5e1-72f3-458c-9206-4e02ea561505
2.02608E+17,2.02608E+13,79,226,br_absolute_inventory,1866,0,0,SUCCESS,2026-08-26T12:00:07.453Z,1b1a6fda-3898-4977-8293-4f6270f8ba38
2.02608E+17,2.02608E+13,80,227,sl_absolute_inventory,1860,0,0,SUCCESS,2026-08-14T06:01:27.160Z,52069135-4356-4041-98cb-6a775e5416f1
2.02608E+17,2.02608E+13,109,8610,br_cashflow_lockbox,509839,509839,0,SUCCESS,2026-08-14T10:11:18.773Z,06018e17-471e-496d-b3c3-22a4b000055f
2.02608E+17,2.02608E+17,106,7276,br_UAResults,712,0,0,SUCCESS,2026-08-19T05:35:06.090Z,05916e11-44cf-456b-ac26-991e7ff5d7aa
2.02608E+17,2.02608E+17,43,168,br_UserSites,71001,0,0,SUCCESS,2026-08-21T02:40:27.029Z,37d39418-848b-43a3-aff1-182cc8bb7455
2.02608E+17,2.02608E+17,106,7276,br_UAResults,708,0,0,SUCCESS,2026-08-18T09:05:19.149Z,08f45940-4fba-4d40-8013-5941939f8b2e
2.02608E+17,2.02608E+17,107,8559,sl_uaresults,843,0,0,SUCCESS,2026-08-19T11:38:32.061Z,8c2f72fa-f3d3-4c31-9e7b-e1d36d508d72
2.02608E+17,2.02608E+17,106,7276,br_UAResults,654,0,0,SUCCESS,2026-08-17T11:05:44.356Z,16b28601-46b7-41d7-bb6b-81142615d65b
2.02608E+17,2.02608E+17,44,178,sl_UserSites,71001,0,0,SUCCESS,2026-08-21T09:34:25.751Z,859bd6e7-8433-41b7-8f16-164cdd55063d
2.02608E+17,2.02608E+17,107,8567,slv_mntreatmentservicereview,46206,0,0,SUCCESS,2026-08-12T09:17:49.923Z,577435af-c452-4617-9a3c-7d2b03361707
2.02608E+17,2.02608E+17,106,7960,br_MNComprehensiveAssessmentLevelOfCare,1056,0,0,SUCCESS,2026-08-17T12:42:46.767Z,71c4b27b-8df0-48dd-a1ee-a6ea3a63b852
2.02608E+17,2.02608E+17,106,7960,br_MNComprehensiveAssessmentLevelOfCare,1058,0,0,SUCCESS,2026-08-18T09:05:19.149Z,08f45940-4fba-4d40-8013-5941939f8b2e
2.02608E+17,2.02608E+17,106,7960,br_MNComprehensiveAssessmentLevelOfCare,1056,0,0,SUCCESS,2026-08-17T11:05:44.356Z,16b28601-46b7-41d7-bb6b-81142615d65b
2.02608E+17,2.02608E+17,107,8564,sl_mncomprehensiveassessmentlevelofcare,1056,0,0,SUCCESS,2026-08-17T12:44:21.971Z,71c4b27b-8df0-48dd-a1ee-a6ea3a63b852
2.02608E+17,2.02608E+17,107,8564,sl_mncomprehensiveassessmentlevelofcare,1054,0,0,SUCCESS,2026-08-15T11:45:24.884Z,09bdfa13-0c4c-4ca3-9dd3-abd349cbbab4
2.02608E+17,2.02608E+17,107,8564,sl_mncomprehensiveassessmentlevelofcare,1058,0,0,SUCCESS,2026-08-18T09:07:45.961Z,08f45940-4fba-4d40-8013-5941939f8b2e
2.02608E+17,2.02608E+17,106,7960,br_MNComprehensiveAssessmentLevelOfCare,1063,0,0,SUCCESS,2026-08-19T11:37:18.346Z,8c2f72fa-f3d3-4c31-9e7b-e1d36d508d72
2.02608E+17,2.02608E+17,107,8564,sl_mncomprehensiveassessmentlevelofcare,1054,0,0,SUCCESS,2026-08-17T05:10:11.252Z,0b53dc13-182d-4036-9b17-0891eca5f916
2.02608E+17,2.02608E+17,107,8564,sl_mncomprehensiveassessmentlevelofcare,1063,0,0,SUCCESS,2026-08-19T05:36:21.947Z,05916e11-44cf-456b-ac26-991e7ff5d7aa
2.02608E+17,2.02608E+17,107,8564,sl_mncomprehensiveassessmentlevelofcare,1056,0,0,SUCCESS,2026-08-17T11:07:18.741Z,16b28601-46b7-41d7-bb6b-81142615d65b
2.02608E+17,2.02608E+13,132,13705,AdmitsPReadmissions,325842,0,0,SUCCESS,2026-08-27T09:04:31.594Z,3fa64f84-15aa-45fb-9cca-2f2fe48cfae1
2.02608E+17,2.02608E+13,132,13705,AdmitsPReadmissions,325842,0,0,SUCCESS,2026-08-27T11:39:46.181Z,548cb8af-a2ae-442b-8193-6118f75471ea
2.02608E+17,2.02608E+13,80,227,sl_absolute_inventory,1862,0,1,FAILED,2026-08-26T12:02:26.479Z,1b1a6fda-3898-4977-8293-4f6270f8ba38
2.02608E+17,2.02608E+13,6,34,8x8_CallInteractions,143379,0,0,SUCCESS,2026-08-14T08:59:03.476Z,36ebac0c-26de-4656-ae31-977cae255ad9
2.02608E+17,2.02608E+17,83,208,sl_sf_accounts,13543,0,0,SUCCESS,2026-08-21T10:42:08.210Z,45603680-296f-4487-82f1-f8045d5f38e1
2.02608E+17,2.02608E+17,83,208,sl_sf_accounts,13531,0,0,SUCCESS,2026-08-15T06:40:15.151Z,4b120bb3-f1e6-442e-8114-0fadc28f6b49
2.02608E+17,2.02608E+17,83,208,sl_sf_accounts,13531,0,0,SUCCESS,2026-08-15T08:20:01.538Z,749d5262-86ff-40e0-8a86-2235f2d6051c
2.02608E+17,2.02608E+17,83,208,sl_sf_accounts,13542,0,0,SUCCESS,2026-08-20T15:54:35.892Z,95538f17-9d82-404e-9e3f-d1777714a921
2.02608E+17,2.02608E+13,117,8627,PatientServicesNoShow,56563539,56563539,0,SUCCESS,2026-08-12T11:49:36.037Z,707a824e-33de-4319-b626-cf63a3508155
2.02608E+17,2.02608E+13,117,8627,PatientServicesNoShow,56561145,56561145,0,SUCCESS,2026-08-13T11:27:35.445Z,971f0b89-0a2f-41c6-b8a9-d60aa59ce7d5
2.02608E+17,2.02608E+13,117,8627,PatientServicesNoShow,56561145,56561145,0,SUCCESS,2026-08-13T12:09:26.733Z,6014d6de-3d2c-4cd5-a4f4-e68917ec3897
2.02608E+17,2.02608E+13,117,8627,PatientServicesNoShow,56561145,56561145,0,SUCCESS,2026-08-13T09:10:14.342Z,68515acd-d42e-4d53-98a3-ea8ddd26175f
2.02608E+17,2.02608E+17,46,,br_samms_claim_line_item_activity,53058423,0,0,SUCCESS,2026-08-20T14:30:17.703Z,5f0dd8ad-486e-4238-8933-2b89499a6e18
2.02608E+17,2.02608E+17,97,,br_samms_take_home_risk_assessment,1213,0,0,SUCCESS,2026-08-17T08:30:09.387Z,760fb7f7-522d-45ef-ae35-70bd18d17fef
2.02608E+17,2.02608E+17,85,,br_AdmissionAssessmentDimensionSix,6655,0,0,SUCCESS,2026-08-22T11:18:45.494Z,28d7acf5-bc26-4be3-b390-775b9af3d980
2.02608E+17,2.02608E+17,85,,br_AdmissionAssessmentDimensionTwo,6718,0,0,SUCCESS,2026-08-22T11:18:45.494Z,28d7acf5-bc26-4be3-b390-775b9af3d980
2.02608E+17,2.02608E+17,86,,sl_AdmissionAssessmentDimensionTwo,880,0,0,SUCCESS,2026-08-17T00:12:19.802Z,77f58b99-e250-4627-9f17-559331ecd0ef
2.02608E+17,2.02608E+17,86,,sl_AdmissionAssessmentDimensionTwo,875,0,0,SUCCESS,2026-08-10T09:56:01.413Z,6ef3fd30-03b0-4dcd-9022-3df447f4d036
2.02608E+17,2.02608E+17,85,,br_AdmissionAssessmentDimensionSix,876,0,0,SUCCESS,2026-08-10T09:54:37.587Z,6ef3fd30-03b0-4dcd-9022-3df447f4d036
2.02608E+17,2.02608E+17,97,,br_samms_take_home_risk_assessment,752,0,0,SUCCESS,2026-08-26T18:00:11.716Z,4b416fe5-6f5c-4fb7-baa8-f0b32475e9c6
2.02608E+17,2.02608E+13,91,5714,br_conferdeploy_cbinventory,4,0,0,SUCCESS,2026-08-19T17:28:57.359Z,70375d96-6ad0-4ecf-ab3c-91105
2.02608E+17,2.02608E+13,91,5714,br_conferdeploy_cbinventory,4,0,0,SUCCESS,2026-08-19T16:43:32.866Z,70375d96-6ad0-4ecf-ab3c-88865
2.02608E+17,2.02608E+13,91,5714,br_conferdeploy_cbinventory,4,0,0,SUCCESS,2026-08-19T16:53:49.046Z,70375d96-6ad0-4ecf-ab3c-88865
2.02608E+17,2.02608E+13,4,30,br_8x8_Users,5705,0,0,SUCCESS,2026-08-28T06:43:26.948Z,6f91deae-0832-4a56-ab71-80188798e1a1
2.02608E+17,2.02608E+13,5,33,sl_8x8_Users,5627,0,0,SUCCESS,2026-08-10T04:07:49.047Z,0c0b5e48-d053-4755-97ee-27a6c27d227e
2.02608E+17,2.02608E+17,107,8558,sl_cows_v6,23828,0,0,SUCCESS,2026-08-19T05:36:21.947Z,05916e11-44cf-456b-ac26-991e7ff5d7aa
2.02608E+17,2.02608E+17,106,7161,br_Cows_v6,23828,0,0,SUCCESS,2026-08-19T05:35:06.090Z,05916e11-44cf-456b-ac26-991e7ff5d7aa
2.02608E+17,2.02608E+17,107,8558,sl_cows_v6,23765,0,0,SUCCESS,2026-08-17T11:07:18.741Z,16b28601-46b7-41d7-bb6b-81142615d65b
2.02608E+17,2.02608E+17,106,7161,br_Cows_v6,23765,0,0,SUCCESS,2026-08-17T11:05:44.356Z,16b28601-46b7-41d7-bb6b-81142615d65b
2.02608E+17,2.02608E+17,107,8558,sl_cows_v6,23769,0,0,SUCCESS,2026-08-17T12:44:21.971Z,71c4b27b-8df0-48dd-a1ee-a6ea3a63b852
2.02608E+17,2.02608E+13,4,30,br_8x8_Users,5652,0,0,SUCCESS,2026-08-13T14:46:08.539Z,1ff2783f-65b1-4543-a347-ca96da33eb80
2.02608E+17,2.02608E+13,4,30,br_8x8_Users,5648,0,0,SUCCESS,2026-08-17T04:52:46.860Z,52164ce0-edd4-4190-aa47-6fab94475a01
2.02608E+17,2.02608E+17,106,7161,br_Cows_v6,23828,0,0,SUCCESS,2026-08-19T11:37:18.346Z,8c2f72fa-f3d3-4c31-9e7b-e1d36d508d72
2.02608E+17,2.02608E+17,106,7046,br_BAMScore,20046,0,0,SUCCESS,2026-08-18T09:05:19.149Z,08f45940-4fba-4d40-8013-5941939f8b2e
2.02608E+17,2.02608E+17,106,7161,brz_Cows_v6,23738,0,0,SUCCESS,2026-08-14T06:18:16.108Z,9a6b8567-8347-49cb-b213-618351c5e21c
2.02608E+17,2.02608E+13,2,18,PersonDetails,4424,0,0,SUCCESS,2026-08-12T04:15:13.744Z,5887a7ec-8e8e-4ea8-ac1e-92a68946509a
2.02608E+17,2.02608E+17,107,8557,sl_bamscore,20031,0,0,SUCCESS,2026-08-17T11:07:18.741Z,16b28601-46b7-41d7-bb6b-81142615d65b
2.02608E+17,2.02608E+17,107,8560,slv_uasched,11716,0,0,SUCCESS,2026-08-13T04:14:04.310Z,11ed6329-841a-4e7a-bfb1-61191c79c28e
2.02608E+17,2.02608E+17,106,7161,brz_Cows_v6,23710,0,0,SUCCESS,2026-08-13T04:12:16.734Z,11ed6329-841a-4e7a-bfb1-61191c79c28e
2.02608E+17,2.02608E+17,107,8555,slv_checkin,30545,0,0,SUCCESS,2026-08-14T06:19:22.669Z,9a6b8567-8347-49cb-b213-618351c5e21c
2.02608E+17,2.02608E+17,107,8560,slv_uasched,11695,0,0,SUCCESS,2026-08-12T10:49:53.573Z,1325a4eb-aa02-4bc9-9fae-d06e40a0cece
2.02608E+17,2.02608E+13,101,13669,sl_QQgltran,14956673,0,0,SUCCESS,2026-08-22T15:59:41.412Z,86dc8945-04f7-4dc3-82eb-5503b6ff4b72
2.02608E+17,2.02608E+17,107,8557,sl_bamscore,20007,0,0,SUCCESS,2026-08-17T05:10:11.252Z,0b53dc13-182d-4036-9b17-0891eca5f916
2.02608E+17,2.02608E+17,107,8558,slv_cows_v6,23694,0,0,SUCCESS,2026-08-12T03:50:30.130Z,72952692-3a45-4fdd-be32-4592206c2867
2.02608E+17,2.02608E+17,107,8557,sl_bamscore,20046,0,0,SUCCESS,2026-08-18T09:07:45.961Z,08f45940-4fba-4d40-8013-5941939f8b2e
2.02608E+17,2.02608E+13,101,13669,sl_QQgltran,14956673,0,0,SUCCESS,2026-08-23T04:49:39.753Z,965977a7-6bfb-44ad-884a-eeae6dd5275c
2.02608E+17,2.02608E+13,2,18,PersonDetails,4419,0,0,SUCCESS,2026-08-10T05:38:24.918Z,3848d083-d62d-4230-a484-06d335ca9baa
2.02608E+17,2.02608E+17,107,8557,sl_bamscore,20031,0,0,SUCCESS,2026-08-17T12:44:21.971Z,71c4b27b-8df0-48dd-a1ee-a6ea3a63b852
2.02608E+17,2.02608E+17,106,6816,brz_CheckIn,30365,0,0,SUCCESS,2026-08-13T04:12:16.734Z,11ed6329-841a-4e7a-bfb1-61191c79c28e
2.02608E+17,2.02608E+17,107,8557,sl_bamscore,20007,0,0,SUCCESS,2026-08-17T06:54:18.784Z,83c0f655-df7d-4ce0-a8e7-3e8120951bbc
2.02608E+17,2.02608E+17,107,8565,sl_vacomprehensiveassessment,20,0,0,SUCCESS,2026-08-17T06:54:18.784Z,83c0f655-df7d-4ce0-a8e7-3e8120951bbc
2.02608E+17,2.02608E+13,112,8620,sl_vw_enrollmentprograms_ret14stat,4917,0,0,ZERO_ROWS,2026-08-24T10:41:25.037Z,0962alssadgf_as255_dc1h56789
2.02608E+17,2.02608E+17,106,7966,br_VAComprehensiveAssessment,0,0,0,SUCCESS,2026-08-15T13:55:38.541Z,56214535-005b-4285-976b-e0172bc11b0b
2.02608E+17,2.02608E+17,106,7966,br_VAComprehensiveAssessment,0,0,0,SUCCESS,2026-08-17T05:09:01.689Z,0b53dc13-182d-4036-9b17-0891eca5f916
2.02608E+17,2.02608E+17,106,7845,br_MNComprehensiveAssessment,0,0,0,SUCCESS,2026-08-15T11:43:57.195Z,09bdfa13-0c4c-4ca3-9dd3-abd349cbbab4
2.02608E+17,2.02608E+17,106,7845,br_MNComprehensiveAssessment,0,0,0,SUCCESS,2026-08-17T06:52:37.826Z,83c0f655-df7d-4ce0-a8e7-3e8120951bbc
2.02608E+17,2.02608E+17,106,7966,br_VAComprehensiveAssessment,0,0,0,SUCCESS,2026-08-17T06:52:37.826Z,83c0f655-df7d-4ce0-a8e7-3e8120951bbc
2.02608E+17,2.02608E+17,106,7845,br_MNComprehensiveAssessment,0,0,0,SUCCESS,2026-08-17T05:09:01.689Z,0b53dc13-182d-4036-9b17-0891eca5f916
2.02608E+17,2.02608E+17,106,7966,br_VAComprehensiveAssessment,0,0,0,SUCCESS,2026-08-15T11:43:57.195Z,09bdfa13-0c4c-4ca3-9dd3-abd349cbbab4
2.02608E+17,2.02608E+17,106,7845,br_MNComprehensiveAssessment,0,0,0,SUCCESS,2026-08-15T13:55:38.541Z,56214535-005b-4285-976b-e0172bc11b0b
2.02608E+17,2.02608E+17,107,8567,sl_mntreatmentservicereview,46466,0,0,SUCCESS,2026-08-17T06:54:18.784Z,83c0f655-df7d-4ce0-a8e7-3e8120951bbc
2.02608E+17,2.02608E+17,107,8567,sl_mntreatmentservicereview,46466,0,0,SUCCESS,2026-08-17T05:10:11.252Z,0b53dc13-182d-4036-9b17-0891eca5f916
2.02608E+17,2.02608E+17,107,8567,sl_mntreatmentservicereview,46466,0,0,SUCCESS,2026-08-15T13:57:23.840Z,56214535-005b-4285-976b-e0172bc11b0b
2.02608E+17,2.02608E+17,107,8567,sl_mntreatmentservicereview,46466,0,0,SUCCESS,2026-08-15T11:45:24.884Z,09bdfa13-0c4c-4ca3-9dd3-abd349cbbab4
2.02608E+17,2.02608E+17,44,184,sl_ClinicalOpiateWithdrawalScale,0,0,0,SUCCESS,2026-08-21T02:40:52.414Z,37d39418-848b-43a3-aff1-182cc8bb7455
2.02608E+17,2.02608E+13,94,5717,br_chatmeter_patientsatisfaction,9290,0,0,SUCCESS,2026-08-14T03:16:06.793Z,8f130ade-f940-4ab7-88a3-def4adf9c0ce
2.02608E+17,2.02608E+13,95,5718,sl_chatmeter_patientsatisfaction,9290,0,0,SUCCESS,2026-08-14T03:18:44.066Z,8f130ade-f940-4ab7-88a3-def4adf9c0ce
2.02608E+17,2.02608E+17,106,8081,brz_VAComprehensiveAssessmentSummary,0,0,0,SUCCESS,2026-08-13T04:12:16.734Z,11ed6329-841a-4e7a-bfb1-61191c79c28e
2.02608E+17,2.02608E+17,106,8081,brz_VAComprehensiveAssessmentSummary,0,0,0,SUCCESS,2026-08-14T06:18:16.108Z,9a6b8567-8347-49cb-b213-618351c5e21c
2.02608E+17,2.02608E+17,106,8081,brz_VAComprehensiveAssessmentSummary,0,0,0,SUCCESS,2026-08-12T10:47:40.695Z,1325a4eb-aa02-4bc9-9fae-d06e40a0cece
2.02608E+17,2.02608E+17,106,8081,brz_VAComprehensiveAssessmentSummary,0,0,0,SUCCESS,2026-08-14T07:19:15.475Z,4f29b93d-8b22-445c-9466-6259e423edcc
2.02608E+17,2.02608E+17,107,8566,slv_vacomprehensiveassessmentsummary,1740,0,0,SUCCESS,2026-08-13T04:14:04.310Z,11ed6329-841a-4e7a-bfb1-61191c79c28e
2.02608E+17,2.02608E+17,107,8566,slv_vacomprehensiveassessmentsummary,1740,0,0,SUCCESS,2026-08-14T07:20:20.609Z,4f29b93d-8b22-445c-9466-6259e423edcc
2.02608E+17,2.02608E+17,107,8566,slv_vacomprehensiveassessmentsummary,1740,0,0,SUCCESS,2026-08-12T09:17:49.923Z,577435af-c452-4617-9a3c-7d2b03361707
2.02608E+17,2.02608E+17,106,8081,brz_VAComprehensiveAssessmentSummary,1740,0,0,SUCCESS,2026-08-12T09:15:30.604Z,577435af-c452-4617-9a3c-7d2b03361707
2.02608E+17,2.02608E+17,107,8566,slv_vacomprehensiveassessmentsummary,1736,0,0,SUCCESS,2026-08-11T04:12:11.609Z,6e36e3b5-c33e-4cc8-b6e2-dc5c3524428c
2.02608E+17,2.02608E+17,107,8566,slv_vacomprehensiveassessmentsummary,1740,0,0,SUCCESS,2026-08-14T06:19:22.669Z,9a6b8567-8347-49cb-b213-618351c5e21c
2.02608E+17,2.02608E+17,106,8081,brz_VAComprehensiveAssessmentSummary,1736,0,0,SUCCESS,2026-08-11T04:11:14.720Z,6e36e3b5-c33e-4cc8-b6e2-dc5c3524428c
2.02608E+17,2.02608E+17,106,8081,brz_VAComprehensiveAssessmentSummary,1740,0,0,SUCCESS,2026-08-12T03:48:51.003Z,72952692-3a45-4fdd-be32-4592206c2867
2.02608E+17,2.02608E+17,107,8566,slv_vacomprehensiveassessmentsummary,1740,0,0,SUCCESS,2026-08-12T10:49:53.573Z,1325a4eb-aa02-4bc9-9fae-d06e40a0cece
2.02608E+17,2.02608E+17,107,8566,slv_vacomprehensiveassessmentsummary,1740,0,0,SUCCESS,2026-08-12T03:50:30.130Z,72952692-3a45-4fdd-be32-4592206c2867
2.02608E+17,2.02608E+17,45,195,FormsSAMMSClient,0,0,0,SUCCESS,2026-08-21T08:54:43.292Z,63de4b0b-e7e7-4150-93d6-8b706da9bfcd
2.02608E+17,2.02608E+17,46,,br_samms_3p_elig,22813,0,0,SUCCESS,2026-08-20T14:30:17.703Z,5f0dd8ad-486e-4238-8933-2b89499a6e18
2.02608E+17,2.02608E+17,46,,br_samms_3p_elig,2620,0,0,SUCCESS,2026-08-20T10:41:00.075Z,069e8d01-766c-4679-b3df-c21f4d7bc3d1
2.02608E+17,2.02608E+17,46,,br_samms_3p_elig,2598,0,0,SUCCESS,2026-08-18T13:17:14.054Z,03823c35-021d-4cc9-8374-59681a542f1d
2.02608E+17,2.02608E+17,46,,br_samms_3p_elig,2563,0,0,SUCCESS,2026-08-17T06:16:01.149Z,09d84bc7-e629-48a4-a32a-826b207e96d1
2.02608E+17,2.02608E+17,114,,br_LiquidLog_CDC,400,0,0,SUCCESS,2026-08-27T04:50:06.441Z,2e7c859c-0cb2-4a04-88a8-b5f0cad3f58f
2.02608E+17,2.02608E+17,46,,br_samms_3p_elig,2607,0,0,SUCCESS,2026-08-18T14:09:41.185Z,2b16abcf-416f-4fd8-80a9-0aa52ca66e5c
2.02608E+17,2.02608E+17,46,,br_samms_3p_elig,2620,0,0,SUCCESS,2026-08-20T03:04:41.109Z,05c5c70e-2926-4311-8f49-65b9279948a3
2.02608E+17,2.02608E+17,46,,br_samms_3p_elig,318,0,0,SUCCESS,2026-08-25T14:52:45.394Z,5e789551-b18e-4745-8526-2b8db3ceeb01
2.02608E+17,2.02608E+17,46,,br_samms_3p_elig,311,0,0,SUCCESS,2026-08-14T15:11:50.100Z,1c123384-c339-4954-be1f-3a8d150ebb14
2.02608E+17,2.02608E+17,86,,sl_Appointments,2675540,0,0,SUCCESS,2026-08-26T22:16:17.170Z,20846baf-2fe5-403c-85d4-31520e88a3ce
2.02608E+17,2.02608E+17,45,5741,UserCredentials,981,0,0,SUCCESS,2026-08-21T09:34:53.640Z,859bd6e7-8433-41b7-8f16-164cdd55063d
2.02608E+17,2.02608E+13,112,8630,sl_employeeroster,7281,0,0,SUCCESS,2026-08-24T12:40:19.252Z,09620987643sadgf_as255_d0988006789
2.02608E+17,2.02608E+17,45,5741,UserCredentials,981,0,0,SUCCESS,2026-08-21T02:41:13.115Z,37d39418-848b-43a3-aff1-182cc8bb7455
2.02608E+17,2.02608E+13,112,8630,sl_employeeroster,7281,0,0,SUCCESS,2026-08-24T12:51:54.231Z,09620987643sadgf_as255_d0988006789
2.02608E+17,2.02608E+17,85,,br_AdmissionAssessmentDimensionFiveSubstanceUse,50712,0,0,SUCCESS,2026-08-25T21:27:09.957Z,7eb7a049-5d17-4a23-bb2f-3b9c445afd32
2.02608E+17,2.02608E+17,86,,sl_AdmissionAssessmentDimensionFiveSubstanceUse,48669,0,0,SUCCESS,2026-08-22T11:20:00.031Z,28d7acf5-bc26-4be3-b390-775b9af3d980
2.02608E+17,2.02608E+13,5,33,sl_8x8_Users,5652,0,0,SUCCESS,2026-08-13T15:41:05.547Z,6cba3a07-87e1-4e5a-809c-65a43422107a
2.02608E+17,2.02608E+13,4,30,br_8x8_Users,5648,0,0,SUCCESS,2026-08-17T07:47:39.963Z,3ff82efb-5627-4b07-90b6-91557ea1f939
2.02608E+17,2.02608E+17,107,8560,sl_uasched,11770,0,0,SUCCESS,2026-08-17T06:54:18.784Z,83c0f655-df7d-4ce0-a8e7-3e8120951bbc
2.02608E+17,2.02608E+13,5,33,sl_8x8_Users,5648,0,0,SUCCESS,2026-08-15T11:20:01.740Z,2898ad47-3f2c-4db5-b5fc-5329717fcc94
2.02608E+17,2.02608E+17,107,8555,sl_checkin,30545,0,0,SUCCESS,2026-08-17T06:54:18.784Z,83c0f655-df7d-4ce0-a8e7-3e8120951bbc
2.02608E+17,2.02608E+17,107,8558,sl_cows_v6,23738,0,0,SUCCESS,2026-08-17T05:10:11.252Z,0b53dc13-182d-4036-9b17-0891eca5f916
2.02608E+17,2.02608E+17,85,,br_AdmissionAssessmentDimensionOneDisorder,904,0,0,SUCCESS,2026-08-10T09:54:37.587Z,6ef3fd30-03b0-4dcd-9022-3df447f4d036
2.02608E+17,2.02608E+17,107,8558,sl_cows_v6,23738,0,0,SUCCESS,2026-08-15T11:45:24.884Z,09bdfa13-0c4c-4ca3-9dd3-abd349cbbab4
2.02608E+17,2.02608E+13,4,30,br_8x8_Users,5652,0,0,SUCCESS,2026-08-14T02:14:46.920Z,7582fe2a-ab67-4726-aa6a-73a8a3ff4bdb
2.02608E+17,2.02608E+17,106,7161,br_Cows_v6,23769,0,0,SUCCESS,2026-08-17T12:42:46.767Z,71c4b27b-8df0-48dd-a1ee-a6ea3a63b852
2.02608E+17,2.02608E+13,5,33,sl_8x8_Users,5675,0,0,SUCCESS,2026-08-25T13:42:34.631Z,3475c8ff-ffdb-4323-a994-e16cd3be5d9b
2.02608E+17,2.02608E+13,4,30,br_8x8_Users,5648,0,0,SUCCESS,2026-08-15T17:10:41.652Z,4bfd62cb-cdb1-43b0-9906-0c9977c047bd
2.02608E+17,2.02608E+17,43,168,br_UserSites,71001,0,0,SUCCESS,2026-08-21T09:33:55.375Z,859bd6e7-8433-41b7-8f16-164cdd55063d
2.02608E+17,2.02608E+17,106,7276,br_UAResults,654,0,0,SUCCESS,2026-08-17T12:42:46.767Z,71c4b27b-8df0-48dd-a1ee-a6ea3a63b852
2.02608E+17,2.02608E+13,81,228,Absolute_Inventory,1860,0,0,SUCCESS,2026-08-14T05:12:43.851Z,89bf3a37-8365-4f45-a835-64686a7b8b25
2.02608E+17,2.02608E+13,112,8628,sl_patientlatestservice,404,0,0,SUCCESS,2026-08-24T11:29:57.254Z,0962alssadgf_as255_d0988006789
2.02608E+17,2.02608E+13,81,228,Absolute_Inventory,1862,0,0,SUCCESS,2026-08-17T08:23:20.153Z,46b84c02-c8f9-471f-bbfe-d9a13c18834a
2.02608E+17,2.02608E+13,81,228,Absolute_Inventory,1860,0,0,SUCCESS,2026-08-17T05:33:19.009Z,7df5bc5f-d487-47dc-af47-8642d74e8059
2.02608E+17,2.02608E+13,112,8628,sl_patientlatestservice,403,0,0,SUCCESS,2026-08-24T10:58:33.932Z,0962alssadgf_as255_d0988006789
2.02608E+17,2.02608E+13,112,8628,sl_patientlatestservice,405,0,0,SUCCESS,2026-08-24T11:36:51.750Z,0962alssadgf_as255_d0988006789
2.02608E+17,2.02608E+13,81,228,Absolute_Inventory,1860,0,0,SUCCESS,2026-08-14T06:03:32.498Z,52069135-4356-4041-98cb-6a775e5416f1
2.02608E+17,2.02608E+17,83,6808,sl_sf_outboundsms,167,0,0,SUCCESS,2026-08-20T15:59:48.280Z,95538f17-9d82-404e-9e3f-d1777714a921
2.02608E+17,2.02608E+17,107,8562,slv_appointmentattend,93,0,2,FAILED,2026-08-11T04:12:11.609Z,6e36e3b5-c33e-4cc8-b6e2-dc5c3524428c
2.02608E+17,2.02608E+17,107,8562,slv_appointmentattend,93,0,2,FAILED,2026-08-12T10:49:53.573Z,1325a4eb-aa02-4bc9-9fae-d06e40a0cece
2.02608E+17,2.02608E+17,83,6807,sl_sf_patientsurveys,208,0,0,SUCCESS,2026-08-17T10:24:41.028Z,7037e752-f6e1-4d8a-bc47-4e70a4e83a16
2.02608E+17,2.02608E+17,83,6807,sl_sf_patientsurveys,208,0,0,SUCCESS,2026-08-20T17:54:21.609Z,635224f3-f193-4ab0-a06c-8d0fbf5d6c6d
2.02608E+17,2.02608E+17,83,6807,sl_sf_patientsurveys,204,0,0,SUCCESS,2026-08-15T08:25:29.646Z,749d5262-86ff-40e0-8a86-2235f2d6051c
2.02608E+17,2.02608E+13,2,6,TermCodes,4,0,0,SUCCESS,2026-08-12T04:12:37.032Z,5887a7ec-8e8e-4ea8-ac1e-92a68946509a
2.02608E+17,2.02608E+17,88,,br_samms_preadmission_referral_source,617,0,0,SUCCESS,2026-08-25T16:51:28.338Z,6d78ce37-8c21-4519-a454-1e5ee4a84a47
2.02608E+17,2.02608E+13,2,6,TermCodes,4,0,0,SUCCESS,2026-08-11T08:56:25.897Z,0fc9623f-ac58-4aee-8aa3-3afbc5271078
2.02608E+17,2.02608E+17,84,219,stgTask,191,0,0,SUCCESS,2026-08-17T10:28:44.657Z,7037e752-f6e1-4d8a-bc47-4e70a4e83a16
2.02608E+17,2.02608E+13,2,6,TermCodes,4,0,0,SUCCESS,2026-08-10T05:36:30.749Z,3848d083-d62d-4230-a484-06d335ca9baa
2.02608E+17,2.02608E+17,84,219,stgTask,904,0,0,SUCCESS,2026-08-14T11:23:54.875Z,65af9a38-d304-499c-abe3-51037aa67f0b
2.02608E+17,2.02608E+13,112,8633,sl_ccp_latest,0,0,0,ZERO_ROWS,2026-08-24T10:38:31.542Z,0962alssadgf_as255_dc1h56789
2.02608E+17,2.02608E+17,45,196,BriefAddictionMonitor,268559,0,0,SUCCESS,2026-08-21T09:34:53.640Z,859bd6e7-8433-41b7-8f16-164cdd55063d
2.02608E+17,2.02608E+13,5,31,sl_8x8_CallInteractions,922,0,0,SUCCESS,2026-08-25T13:41:46.178Z,3475c8ff-ffdb-4323-a994-e16cd3be5d9b
2.02608E+17,2.02608E+17,45,196,BriefAddictionMonitor,268559,0,0,SUCCESS,2026-08-21T02:41:13.115Z,37d39418-848b-43a3-aff1-182cc8bb7455
2.02608E+17,2.02608E+17,88,,br_samms_custom_answers,192545,0,0,SUCCESS,2026-08-21T21:06:18.000Z,8488c727-7e26-424c-b4ea-f3ce6564dbed
2.02608E+17,2.02608E+17,120,,NewPeriodicReassessment,2872,0,0,SUCCESS,2026-08-25T04:08:26.736Z,8c969a39-95ec-4087-9ad3-4a9580887e34
2.02608E+17,2.02608E+17,120,,NewPeriodicReassessment,2862,0,0,SUCCESS,2026-08-17T11:51:35.731Z,50b193b8-c8c8-41b3-8f69-a5e058560d7e
2.02608E+17,2.02608E+17,97,,br_samms_eandm_form_mdm,19567,0,0,SUCCESS,2026-08-17T08:30:09.387Z,760fb7f7-522d-45ef-ae35-70bd18d17fef
2.02608E+17,2.02608E+17,120,,NewPeriodicReassessment,2862,0,0,SUCCESS,2026-08-17T07:56:14.288Z,422b71cc-fe6c-4f30-846d-92fb5587d0e9
2.02608E+17,2.02608E+17,120,,NewPeriodicReassessment,2872,0,0,SUCCESS,2026-08-18T12:36:25.606Z,201d97b6-7f87-43f7-a098-fb002daf1faf
2.02608E+17,2.02608E+17,97,,br_samms_eandm_form_mdm,3398,0,0,SUCCESS,2026-08-26T18:00:11.716Z,4b416fe5-6f5c-4fb7-baa8-f0b32475e9c6
2.02608E+17,2.02608E+17,84,225,Contacts,110,0,0,SUCCESS,2026-08-20T18:01:28.410Z,635224f3-f193-4ab0-a06c-8d0fbf5d6c6d
2.02608E+17,2.02608E+17,84,222,stgLeads,121,0,0,SUCCESS,2026-08-21T02:20:59.205Z,6e633944-6270-4167-9c27-2b58aaa91b88
2.02608E+17,2.02608E+17,45,189,CONSENTS,459,0,0,SUCCESS,2026-08-21T02:41:13.115Z,37d39418-848b-43a3-aff1-182cc8bb7455
2.02608E+17,2.02608E+17,84,221,stgCases,279,0,0,SUCCESS,2026-08-17T10:29:54.804Z,7037e752-f6e1-4d8a-bc47-4e70a4e83a16
2.02608E+17,2.02608E+17,45,189,CONSENTS,459,0,0,SUCCESS,2026-08-21T09:34:53.640Z,859bd6e7-8433-41b7-8f16-164cdd55063d
2.02608E+17,2.02608E+17,45,8644,GlobalDevices,0,0,0,SUCCESS,2026-08-21T02:41:13.115Z,37d39418-848b-43a3-aff1-182cc8bb7455
2.02608E+17,2.02608E+17,83,211,sl_sf_users,474,0,0,SUCCESS,2026-08-20T17:51:29.403Z,635224f3-f193-4ab0-a06c-8d0fbf5d6c6d
2.02608E+17,2.02608E+17,45,192,GlobalPayor,909,0,0,SUCCESS,2026-08-21T02:41:13.115Z,37d39418-848b-43a3-aff1-182cc8bb7455
2.02608E+17,2.02608E+13,112,8636,sl_rls_rollup,454,0,0,SUCCESS,2026-08-24T12:55:44.472Z,09620987643sadgf_as255_d0988006789
2.02608E+17,2.02608E+17,45,188,UserSites,71027,0,0,SUCCESS,2026-08-21T02:41:13.115Z,37d39418-848b-43a3-aff1-182cc8bb7455
2.02608E+17,2.02608E+13,1,1,br_JobCodes,298,0,0,SUCCESS,2026-08-25T02:53:56.811Z,6ee9c1fc-1bc7-4a37-a063-1dfebdad8409
2.02608E+17,2.02608E+13,1,1,br_JobCodes,295,0,0,SUCCESS,2026-08-12T04:01:11.376Z,5887a7ec-8e8e-4ea8-ac1e-92a68946509a
2.02608E+17,2.02608E+17,45,188,UserSites,71027,0,0,SUCCESS,2026-08-21T09:34:53.640Z,859bd6e7-8433-41b7-8f16-164cdd55063d
2.02608E+17,2.02608E+17,107,8558,slv_cows_v6,23694,0,0,SUCCESS,2026-08-12T09:17:49.923Z,577435af-c452-4617-9a3c-7d2b03361707
2.02608E+17,2.02608E+17,106,7161,brz_Cows_v6,23738,0,0,SUCCESS,2026-08-14T05:54:46.519Z,367e5368-81b8-4196-9731-5b3efc5e39d9
2.02608E+17,2.02608E+17,107,8560,slv_uasched,11770,0,0,SUCCESS,2026-08-14T06:19:22.669Z,9a6b8567-8347-49cb-b213-618351c5e21c
2.02608E+17,2.02608E+17,106,7161,brz_Cows_v6,23653,0,0,SUCCESS,2026-08-11T04:11:14.720Z,6e36e3b5-c33e-4cc8-b6e2-dc5c3524428c
2.02608E+17,2.02608E+17,107,8558,slv_cows_v6,23653,0,0,SUCCESS,2026-08-11T04:12:11.609Z,6e36e3b5-c33e-4cc8-b6e2-dc5c3524428c
2.02608E+17,2.02608E+17,107,8557,sl_bamscore,20007,0,0,SUCCESS,2026-08-15T11:45:24.884Z,09bdfa13-0c4c-4ca3-9dd3-abd349cbbab4
2.02608E+17,2.02608E+13,2,18,PersonDetails,4422,0,0,SUCCESS,2026-08-11T08:58:46.430Z,0fc9623f-ac58-4aee-8aa3-3afbc5271078
2.02608E+17,2.02608E+17,107,8555,slv_checkin,30152,0,0,SUCCESS,2026-08-12T10:49:53.573Z,1325a4eb-aa02-4bc9-9fae-d06e40a0cece
2.02608E+17,2.02608E+17,106,7391,brz_UASched,11471,0,0,SUCCESS,2026-08-12T10:47:40.695Z,1325a4eb-aa02-4bc9-9fae-d06e40a0cece
2.02608E+17,2.02608E+17,107,8560,slv_uasched,11770,0,0,SUCCESS,2026-08-14T07:20:20.609Z,4f29b93d-8b22-445c-9466-6259e423edcc
2.02608E+17,2.02608E+17,107,8557,sl_bamscore,20079,0,0,SUCCESS,2026-08-19T11:38:32.061Z,8c2f72fa-f3d3-4c31-9e7b-e1d36d508d72
2.02608E+17,2.02608E+17,107,8555,slv_checkin,30545,0,0,SUCCESS,2026-08-14T07:20:20.609Z,4f29b93d-8b22-445c-9466-6259e423edcc
2.02608E+17,2.02608E+17,106,7161,brz_Cows_v6,23694,0,0,SUCCESS,2026-08-12T10:47:40.695Z,1325a4eb-aa02-4bc9-9fae-d06e40a0cece
2.02608E+17,2.02608E+17,106,7161,brz_Cows_v6,23738,0,0,SUCCESS,2026-08-14T07:19:15.475Z,4f29b93d-8b22-445c-9466-6259e423edcc
2.02608E+17,2.02608E+17,106,6816,brz_CheckIn,30151,0,0,SUCCESS,2026-08-12T10:47:40.695Z,1325a4eb-aa02-4bc9-9fae-d06e40a0cece
2.02608E+17,2.02608E+17,107,8555,slv_checkin,30368,0,0,SUCCESS,2026-08-13T04:14:04.310Z,11ed6329-841a-4e7a-bfb1-61191c79c28e
2.02608E+17,2.02608E+17,106,7161,brz_Cows_v6,23694,0,0,SUCCESS,2026-08-12T03:48:51.003Z,72952692-3a45-4fdd-be32-4592206c2867
2.02608E+17,2.02608E+17,83,6807,sl_sf_patientsurveys,208,0,0,SUCCESS,2026-08-20T15:59:17.055Z,95538f17-9d82-404e-9e3f-d1777714a921
2.02608E+17,2.02608E+17,106,7621,brz_AppointmentAttend,93,0,2,FAILED,2026-08-12T03:48:51.003Z,72952692-3a45-4fdd-be32-4592206c2867
2.02608E+17,2.02608E+17,106,7621,brz_AppointmentAttend,93,0,2,FAILED,2026-08-13T04:12:16.734Z,11ed6329-841a-4e7a-bfb1-61191c79c28e
2.02608E+17,2.02608E+17,107,8562,slv_appointmentattend,93,0,2,FAILED,2026-08-13T04:14:04.310Z,11ed6329-841a-4e7a-bfb1-61191c79c28e
2.02608E+17,2.02608E+17,106,7621,brz_AppointmentAttend,93,0,2,FAILED,2026-08-14T05:54:46.519Z,367e5368-81b8-4196-9731-5b3efc5e39d9
2.02608E+17,2.02608E+17,107,8562,slv_appointmentattend,93,0,2,FAILED,2026-08-14T07:20:20.609Z,4f29b93d-8b22-445c-9466-6259e423edcc
2.02608E+17,2.02608E+17,106,7621,brz_AppointmentAttend,93,0,2,FAILED,2026-08-11T04:11:14.720Z,6e36e3b5-c33e-4cc8-b6e2-dc5c3524428c
2.02608E+17,2.02608E+17,83,6807,sl_sf_patientsurveys,208,0,0,SUCCESS,2026-08-20T16:53:50.143Z,4ed56315-bafe-4059-9903-76e756bd89c4
2.02608E+17,2.02608E+17,107,8562,slv_appointmentattend,93,0,2,FAILED,2026-08-14T06:19:22.669Z,9a6b8567-8347-49cb-b213-618351c5e21c
2.02608E+17,2.02608E+17,107,8562,slv_appointmentattend,93,0,2,FAILED,2026-08-12T09:17:49.923Z,577435af-c452-4617-9a3c-7d2b03361707
2.02608E+17,2.02608E+17,107,8562,slv_appointmentattend,93,0,2,FAILED,2026-08-12T03:50:30.130Z,72952692-3a45-4fdd-be32-4592206c2867
2.02608E+17,2.02608E+17,83,6807,sl_sf_patientsurveys,208,0,0,SUCCESS,2026-08-21T02:15:31.936Z,6e633944-6270-4167-9c27-2b58aaa91b88
2.02608E+17,2.02608E+17,106,7621,brz_AppointmentAttend,93,0,2,FAILED,2026-08-12T09:15:30.604Z,577435af-c452-4617-9a3c-7d2b03361707
2.02608E+17,2.02608E+13,1,13,br_PersonDetails,4472,0,0,SUCCESS,2026-08-25T02:56:21.096Z,6ee9c1fc-1bc7-4a37-a063-1dfebdad8409
2.02608E+17,2.02608E+17,107,8568,slv_enrollment,14862,0,0,SUCCESS,2026-08-12T09:17:49.923Z,577435af-c452-4617-9a3c-7d2b03361707
2.02608E+17,2.02608E+17,107,8565,sl_vacomprehensiveassessment,1725,0,0,SUCCESS,2026-08-19T05:36:21.947Z,05916e11-44cf-456b-ac26-991e7ff5d7aa
2.02608E+17,2.02608E+17,106,8305,brz_MNTreatmentServiceReview,1337,0,0,SUCCESS,2026-08-14T06:18:16.108Z,9a6b8567-8347-49cb-b213-618351c5e21c
2.02608E+17,2.02608E+17,106,7966,br_VAComprehensiveAssessment,1716,0,0,SUCCESS,2026-08-17T12:42:46.767Z,71c4b27b-8df0-48dd-a1ee-a6ea3a63b852
2.02608E+17,2.02608E+17,106,7845,br_MNComprehensiveAssessment,1133,0,0,SUCCESS,2026-08-18T09:05:19.149Z,08f45940-4fba-4d40-8013-5941939f8b2e
2.02608E+17,2.02608E+17,107,8565,sl_vacomprehensiveassessment,1723,0,0,SUCCESS,2026-08-18T09:07:45.961Z,08f45940-4fba-4d40-8013-5941939f8b2e
2.02608E+17,2.02608E+17,106,7845,br_MNComprehensiveAssessment,1138,0,0,SUCCESS,2026-08-19T05:35:06.090Z,05916e11-44cf-456b-ac26-991e7ff5d7aa
2.02608E+17,2.02608E+17,107,8563,sl_mncomprehensiveassessment,1133,0,0,SUCCESS,2026-08-18T09:07:45.961Z,08f45940-4fba-4d40-8013-5941939f8b2e
2.02608E+17,2.02608E+17,106,7966,br_VAComprehensiveAssessment,1721,0,0,SUCCESS,2026-08-18T09:05:19.149Z,08f45940-4fba-4d40-8013-5941939f8b2e
2.02608E+17,2.02608E+17,106,7845,br_MNComprehensiveAssessment,1130,0,0,SUCCESS,2026-08-17T12:42:46.767Z,71c4b27b-8df0-48dd-a1ee-a6ea3a63b852
2.02608E+17,2.02608E+17,107,8563,sl_mncomprehensiveassessment,1128,0,0,SUCCESS,2026-08-17T05:10:11.252Z,0b53dc13-182d-4036-9b17-0891eca5f916
2.02608E+17,2.02608E+13,112,8620,sl_vw_enrollmentprograms_ret14stat,4928,0,0,SUCCESS,2026-08-24T12:49:20.531Z,09620987643sadgf_as255_d0988006789
2.02608E+17,2.02608E+13,112,8630,sl_employeeroster,7272,0,0,ZERO_ROWS,2026-08-24T10:37:01.930Z,0962alssadgf_as255_dc1h56789
2.02608E+17,2.02608E+17,82,207,br_sf_events,0,0,0,SUCCESS,2026-08-20T17:41:48.890Z,635224f3-f193-4ab0-a06c-8d0fbf5d6c6d
2.02608E+17,2.02608E+17,82,207,br_sf_events,0,0,0,SUCCESS,2026-08-21T02:03:56.506Z,6e633944-6270-4167-9c27-2b58aaa91b88
2.02608E+17,2.02608E+13,93,5716,CB_Inventory,2205,0,0,SUCCESS,2026-08-19T17:40:25.204Z,524d77ff-a682-4916-9dc7-dd9b03654f88
2.02608E+17,2.02608E+17,82,203,br_sf_users,474,473,0,SUCCESS,2026-08-21T02:01:51.178Z,6e633944-6270-4167-9c27-2b58aaa91b88
2.02608E+17,2.02608E+17,82,203,br_sf_users,474,473,0,SUCCESS,2026-08-20T16:40:16.187Z,4ed56315-bafe-4059-9903-76e756bd89c4
2.02608E+17,2.02608E+17,44,183,sl_FeeSched,16313,0,0,SUCCESS,2026-08-21T09:34:25.751Z,859bd6e7-8433-41b7-8f16-164cdd55063d
2.02608E+17,2.02608E+17,82,203,br_sf_users,474,473,0,SUCCESS,2026-08-20T17:40:07.803Z,635224f3-f193-4ab0-a06c-8d0fbf5d6c6d
2.02608E+17,2.02608E+17,82,203,br_sf_users,474,473,0,SUCCESS,2026-08-21T10:33:20.649Z,45603680-296f-4487-82f1-f8045d5f38e1
2.02608E+17,2.02608E+17,82,203,br_sf_users,474,473,0,SUCCESS,2026-08-20T15:45:33.586Z,95538f17-9d82-404e-9e3f-d1777714a921
2.02608E+17,2.02608E+17,43,173,br_FeeSched,16313,0,0,SUCCESS,2026-08-21T02:40:27.029Z,37d39418-848b-43a3-aff1-182cc8bb7455
2.02608E+17,2.02608E+17,43,173,br_FeeSched,16313,0,0,SUCCESS,2026-08-21T09:33:55.375Z,859bd6e7-8433-41b7-8f16-164cdd55063d
2.02608E+17,2.02608E+17,85,,br_AdmissionAssessmentDimensionOneDisorder,53207,0,0,SUCCESS,2026-08-23T22:19:01.861Z,955211d4-28b8-44a0-8023-2bfaa48d6721
2.02608E+17,2.02608E+17,86,,sl_AdmissionAssessmentDimensionOneDisorder,53362,0,0,SUCCESS,2026-08-26T22:16:17.170Z,20846baf-2fe5-403c-85d4-31520e88a3ce
2.02608E+17,2.02608E+17,86,,sl_AdmissionAssessmentDimensionOneDisorder,53207,0,0,SUCCESS,2026-08-23T22:20:02.709Z,955211d4-28b8-44a0-8023-2bfaa48d6721
2.02608E+17,2.02608E+13,132,13702,Retention14Stat,325842,0,0,SUCCESS,2026-08-27T11:36:28.745Z,548cb8af-a2ae-442b-8193-6118f75471ea
2.02608E+17,2.02608E+13,132,13703,LocationRetention,0,0,1,FAILED,2026-08-27T07:32:10.729Z,67cdece8-9745-4c87-ab73-e4e58104b61d
2.02608E+17,2.02608E+13,132,13703,LocationRetention,0,0,1,FAILED,2026-08-27T06:48:36.834Z,475c3e58-0434-45d9-b3f8-9d768448de53
2.02608E+17,2.02608E+17,34,143001,br_tbl3pArnote,127109,0,0,SUCCESS,2026-08-24T20:11:17.567Z,4d8b4395-4229-458f-ac6c-24f28fa466d2
2.02608E+17,2.02608E+17,82,200,br_sf_accounts,13542,13542,0,SUCCESS,2026-08-20T16:38:58.284Z,4ed56315-bafe-4059-9903-76e756bd89c4
2.02608E+17,2.02608E+17,82,200,br_sf_accounts,13543,13543,0,SUCCESS,2026-08-21T10:32:01.402Z,45603680-296f-4487-82f1-f8045d5f38e1
2.02608E+17,2.02608E+13,132,13708,CurrentDayPayAuth,4,0,1,FAILED,2026-08-27T06:52:44.741Z,475c3e58-0434-45d9-b3f8-9d768448de53
2.02608E+17,2.02608E+17,82,200,br_sf_accounts,13543,13543,0,SUCCESS,2026-08-20T17:38:39.457Z,635224f3-f193-4ab0-a06c-8d0fbf5d6c6d
2.02608E+17,2.02608E+13,132,13709,CurrentDayPayElig,4,0,1,FAILED,2026-08-27T06:53:18.534Z,475c3e58-0434-45d9-b3f8-9d768448de53
2.02608E+17,2.02608E+17,107,8559,slv_uaresults,10220,0,0,SUCCESS,2026-08-14T07:20:20.609Z,4f29b93d-8b22-445c-9466-6259e423edcc
2.02608E+17,2.02608E+17,106,8311,br_Enrollment,14882,0,0,SUCCESS,2026-08-18T09:05:19.149Z,08f45940-4fba-4d40-8013-5941939f8b2e
2.02608E+17,2.02608E+17,106,8311,br_Enrollment,14876,0,0,SUCCESS,2026-08-17T11:05:44.356Z,16b28601-46b7-41d7-bb6b-81142615d65b
2.02608E+17,2.02608E+17,107,8568,sl_enrollment,14871,0,0,SUCCESS,2026-08-15T13:57:23.840Z,56214535-005b-4285-976b-e0172bc11b0b
2.02608E+17,2.02608E+17,107,8568,sl_enrollment,14871,0,0,SUCCESS,2026-08-17T05:10:11.252Z,0b53dc13-182d-4036-9b17-0891eca5f916
2.02608E+17,2.02608E+17,84,6809,PatientSurveys,0,0,0,SUCCESS,2026-08-20T16:07:22.725Z,95538f17-9d82-404e-9e3f-d1777714a921
2.02608E+17,2.02608E+17,84,6810,stgOutboundSMS,0,0,0,SUCCESS,2026-08-20T16:07:44.390Z,95538f17-9d82-404e-9e3f-d1777714a921
2.02608E+17,2.02608E+17,97,,br_samms_take_home_agreement_diversion_control,85,0,0,SUCCESS,2026-08-26T18:00:11.716Z,4b416fe5-6f5c-4fb7-baa8-f0b32475e9c6
2.02608E+17,2.02608E+17,107,8566,sl_vacomprehensiveassessmentsummary,1755,0,0,SUCCESS,2026-08-19T11:38:32.061Z,8c2f72fa-f3d3-4c31-9e7b-e1d36d508d72
2.02608E+17,2.02608E+17,107,8566,sl_vacomprehensiveassessmentsummary,1748,0,0,SUCCESS,2026-08-17T12:44:21.971Z,71c4b27b-8df0-48dd-a1ee-a6ea3a63b852
2.02608E+17,2.02608E+17,106,8081,br_VAComprehensiveAssessmentSummary,1666,0,0,SUCCESS,2026-08-17T12:42:46.767Z,71c4b27b-8df0-48dd-a1ee-a6ea3a63b852
2.02608E+17,2.02608E+17,107,8566,sl_vacomprehensiveassessmentsummary,1740,0,0,SUCCESS,2026-08-15T11:45:24.884Z,09bdfa13-0c4c-4ca3-9dd3-abd349cbbab4
2.02608E+17,2.02608E+17,120,,NewAdmissionAssessmentASAMDimension2,1261,0,0,SUCCESS,2026-08-18T12:36:25.606Z,201d97b6-7f87-43f7-a098-fb002daf1faf
2.02608E+17,2.02608E+17,86,,sl_AdmissionAssessmentDimensionThree,49258,0,0,SUCCESS,2026-08-19T22:56:44.161Z,2caac1da-4db4-431b-998d-21dc6fd03dce
2.02608E+17,2.02608E+17,120,,NewAdmissionAssessmentASAMDimension5,1257,0,0,SUCCESS,2026-08-17T07:56:14.288Z,422b71cc-fe6c-4f30-846d-92fb5587d0e9
2.02608E+17,2.02608E+17,120,,NewAdmissionAssessmentASAMDimension4,1269,0,0,SUCCESS,2026-08-25T04:08:26.736Z,8c969a39-95ec-4087-9ad3-4a9580887e34
2.02608E+17,2.02608E+17,86,,sl_AdmissionAssessmentDimensionThree,51191,0,0,SUCCESS,2026-08-26T22:16:17.170Z,20846baf-2fe5-403c-85d4-31520e88a3ce
2.02608E+17,2.02608E+17,120,,NewAdmissionAssessmentASAMDimension4,1269,0,0,SUCCESS,2026-08-18T12:36:25.606Z,201d97b6-7f87-43f7-a098-fb002daf1faf
2.02608E+17,2.02608E+17,120,,NewAdmissionAssessmentASAMDimension6,1289,0,0,SUCCESS,2026-08-17T07:56:14.288Z,422b71cc-fe6c-4f30-846d-92fb5587d0e9
2.02608E+17,2.02608E+17,84,219,stgTask,0,0,0,SUCCESS,2026-08-20T16:02:27.855Z,95538f17-9d82-404e-9e3f-d1777714a921
2.02608E+17,2.02608E+17,44,177,sl_User,0,0,0,SUCCESS,2026-08-21T02:40:52.414Z,37d39418-848b-43a3-aff1-182cc8bb7455
2.02608E+17,2.02608E+17,85,,br_AdmissionAssessmentDimensionThree,6700,0,0,SUCCESS,2026-08-22T11:18:45.494Z,28d7acf5-bc26-4be3-b390-775b9af3d980
2.02608E+17,2.02608E+13,2,5,JobCodes,298,0,0,SUCCESS,2026-08-25T03:00:02.375Z,6ee9c1fc-1bc7-4a37-a063-1dfebdad8409
2.02608E+17,2.02608E+13,2,5,JobCodes,295,0,0,SUCCESS,2026-08-11T08:54:46.035Z,0fc9623f-ac58-4aee-8aa3-3afbc5271078
2.02608E+17,2.02608E+13,2,5,JobCodes,295,0,0,SUCCESS,2026-08-12T04:11:50.460Z,5887a7ec-8e8e-4ea8-ac1e-92a68946509a
2.02608E+17,2.02608E+13,132,13702,Retention14Stat,325842,0,1,FAILED,2026-08-27T06:48:04.084Z,475c3e58-0434-45d9-b3f8-9d768448de53
2.02608E+17,2.02608E+13,132,13700,vwReadmissions,309274,0,0,SUCCESS,2026-08-27T11:34:54.182Z,548cb8af-a2ae-442b-8193-6118f75471ea
2.02608E+17,2.02608E+13,132,13702,Retention14Stat,325842,0,1,FAILED,2026-08-27T09:01:56.476Z,3fa64f84-15aa-45fb-9cca-2f2fe48cfae1
2.02608E+17,2.02608E+17,97,,br_samms_take_home_agreement_diversion_control,16211,0,0,SUCCESS,2026-08-19T16:04:01.037Z,0e774440-67e4-4817-8f97-24afdbb9d82f
2.02608E+17,2.02608E+17,44,8643,sl_SAMMSGlobal_Devices,4032,0,0,SUCCESS,2026-08-21T09:34:25.751Z,859bd6e7-8433-41b7-8f16-164cdd55063d
2.02608E+17,2.02608E+13,96,5719,PatientSatisfaction_Rolling,9290,0,0,SUCCESS,2026-08-14T03:20:33.102Z,8f130ade-f940-4ab7-88a3-def4adf9c0ce
2.02608E+17,2.02608E+13,132,13708,CurrentDayPayAuth,4,0,0,SUCCESS,2026-08-27T09:07:12.651Z,3fa64f84-15aa-45fb-9cca-2f2fe48cfae1
2.02608E+17,2.02608E+13,132,13709,CurrentDayPayElig,4,0,0,SUCCESS,2026-08-27T09:07:38.338Z,3fa64f84-15aa-45fb-9cca-2f2fe48cfae1
2.02608E+17,2.02608E+13,132,13703,LocationRetention,0,0,0,SUCCESS,2026-08-27T11:37:00.784Z,548cb8af-a2ae-442b-8193-6118f75471ea
2.02608E+17,2.02608E+13,132,13709,CurrentDayPayElig,4,0,0,SUCCESS,2026-08-27T11:44:03.833Z,548cb8af-a2ae-442b-8193-6118f75471ea
2.02608E+17,2.02608E+13,132,13708,CurrentDayPayAuth,4,0,0,SUCCESS,2026-08-27T11:43:32.995Z,548cb8af-a2ae-442b-8193-6118f75471ea
2.02608E+17,2.02608E+17,106,8305,br_MNTreatmentServiceReview,0,0,0,SUCCESS,2026-08-17T06:52:37.826Z,83c0f655-df7d-4ce0-a8e7-3e8120951bbc
2.02608E+17,2.02608E+17,106,8305,br_MNTreatmentServiceReview,0,0,0,SUCCESS,2026-08-17T05:09:01.689Z,0b53dc13-182d-4036-9b17-0891eca5f916
2.02608E+17,2.02608E+17,86,,sl_AdmissionAssessmentDimensionFiveSubstanceUse,50759,0,0,SUCCESS,2026-08-26T22:16:17.170Z,20846baf-2fe5-403c-85d4-31520e88a3ce
2.02608E+17,2.02608E+17,86,,sl_AdmissionAssessmentDimensionFiveSubstanceUse,50613,0,0,SUCCESS,2026-08-23T22:20:02.709Z,955211d4-28b8-44a0-8023-2bfaa48d6721
2.02608E+17,2.02608E+17,85,,br_AdmissionAssessmentDimensionFiveSubstanceUse,50759,0,0,SUCCESS,2026-08-26T22:15:14.728Z,20846baf-2fe5-403c-85d4-31520e88a3ce
2.02608E+17,2.02608E+13,105,13683,AADUsersDisable,2089,0,0,SUCCESS,2026-08-23T06:52:25.852Z,9ad7577b-a4ff-4904-b0db-db5c7c219a93
2.02608E+17,2.02608E+17,107,8569,sl_treatmentlevel,1486,0,0,SUCCESS,2026-08-17T05:10:11.252Z,0b53dc13-182d-4036-9b17-0891eca5f916
2.02608E+17,2.02608E+17,106,8426,br_TreatmentLevel,1493,0,0,SUCCESS,2026-08-19T05:35:06.090Z,05916e11-44cf-456b-ac26-991e7ff5d7aa
2.02608E+17,2.02608E+17,106,8426,br_TreatmentLevel,1493,0,0,SUCCESS,2026-08-19T11:37:18.346Z,8c2f72fa-f3d3-4c31-9e7b-e1d36d508d72
2.02608E+17,2.02608E+17,107,8569,sl_treatmentlevel,1493,0,0,SUCCESS,2026-08-19T11:38:32.061Z,8c2f72fa-f3d3-4c31-9e7b-e1d36d508d72
2.02608E+17,2.02608E+17,107,8569,sl_treatmentlevel,1486,0,0,SUCCESS,2026-08-15T11:45:24.884Z,09bdfa13-0c4c-4ca3-9dd3-abd349cbbab4
2.02608E+17,2.02608E+17,107,8569,sl_treatmentlevel,1486,0,0,SUCCESS,2026-08-17T06:54:18.784Z,83c0f655-df7d-4ce0-a8e7-3e8120951bbc
2.02608E+17,2.02608E+17,106,8426,br_TreatmentLevel,1488,0,0,SUCCESS,2026-08-18T09:05:19.149Z,08f45940-4fba-4d40-8013-5941939f8b2e
2.02608E+17,2.02608E+17,107,8569,sl_treatmentlevel,1488,0,0,SUCCESS,2026-08-18T09:07:45.961Z,08f45940-4fba-4d40-8013-5941939f8b2e
2.02608E+17,2.02608E+17,107,8569,sl_treatmentlevel,1487,0,0,SUCCESS,2026-08-17T11:07:18.741Z,16b28601-46b7-41d7-bb6b-81142615d65b
2.02608E+17,2.02608E+17,106,8426,br_TreatmentLevel,1487,0,0,SUCCESS,2026-08-17T12:42:46.767Z,71c4b27b-8df0-48dd-a1ee-a6ea3a63b852
2.02608E+17,2.02608E+17,106,8426,br_TreatmentLevel,1487,0,0,SUCCESS,2026-08-17T11:05:44.356Z,16b28601-46b7-41d7-bb6b-81142615d65b
2.02608E+17,2.02608E+17,107,8569,sl_treatmentlevel,1493,0,0,SUCCESS,2026-08-19T05:36:21.947Z,05916e11-44cf-456b-ac26-991e7ff5d7aa
2.02608E+17,2.02608E+17,107,8569,sl_treatmentlevel,1486,0,0,SUCCESS,2026-08-15T13:57:23.840Z,56214535-005b-4285-976b-e0172bc11b0b
2.02608E+17,2.02608E+13,39,154,KnowBe4Enrollments,94578,0,0,SUCCESS,2026-08-26T04:17:45.889Z,06bf1b3a-2ded-4e3b-ba7f-359214902c18
2.02608E+17,2.02608E+13,40,155,br_zoom_all_users_raw,1659,0,0,SUCCESS,2026-08-20T03:52:06.291Z,4af62a8a-1c5f-4dad-c48-dc1asdgh56adr09
2.02608E+17,2.02608E+13,105,6814,AADUsers,2022,0,0,SUCCESS,2026-08-25T09:53:02.154Z,6d272a94-926b-43c5-9728-935779865922
2.02608E+17,2.02608E+13,105,6814,AADUsers,2089,0,0,SUCCESS,2026-08-22T12:06:46.362Z,5b101a56-28ce-45b2-9c69-c19cf110b723
2.02608E+17,2.02608E+13,2,19,Locations,182,0,0,SUCCESS,2026-08-12T04:15:49.867Z,5887a7ec-8e8e-4ea8-ac1e-92a68946509a
2.02608E+17,2.02608E+13,2,19,Locations,182,0,0,SUCCESS,2026-08-10T05:38:56.868Z,3848d083-d62d-4230-a484-06d335ca9baa
2.02608E+17,2.02608E+13,2,19,Locations,182,0,0,SUCCESS,2026-08-11T09:00:00.332Z,0fc9623f-ac58-4aee-8aa3-3afbc5271078
2.02608E+17,2.02608E+13,2,19,Locations,182,0,0,SUCCESS,2026-08-25T03:02:31.706Z,6ee9c1fc-1bc7-4a37-a063-1dfebdad8409
2.02608E+17,2.02608E+17,84,225,Contacts,0,0,0,SUCCESS,2026-08-20T16:04:22.565Z,95538f17-9d82-404e-9e3f-d1777714a921
2.02608E+17,2.02608E+17,82,206,br_sf_cases,903,0,0,SUCCESS,2026-08-20T17:41:28.567Z,635224f3-f193-4ab0-a06c-8d0fbf5d6c6d
2.02608E+17,2.02608E+17,83,210,sl_sf_tasks,191,0,0,SUCCESS,2026-08-17T10:20:36.203Z,7037e752-f6e1-4d8a-bc47-4e70a4e83a16
2.02608E+17,2.02608E+17,82,206,br_sf_cases,279,0,0,SUCCESS,2026-08-17T10:10:29.556Z,7037e752-f6e1-4d8a-bc47-4e70a4e83a16
2.02608E+17,2.02608E+17,83,211,sl_sf_users,473,0,0,SUCCESS,2026-08-15T06:42:10.653Z,4b120bb3-f1e6-442e-8114-0fadc28f6b49
2.02608E+17,2.02608E+17,84,6811,OutboundSMS,77,0,0,SUCCESS,2026-08-21T02:27:00.620Z,6e633944-6270-4167-9c27-2b58aaa91b88
2.02608E+17,2.02608E+17,83,211,sl_sf_users,474,0,0,SUCCESS,2026-08-21T02:12:48.294Z,6e633944-6270-4167-9c27-2b58aaa91b88
2.02608E+17,2.02608E+17,83,214,sl_sf_cases,279,0,0,SUCCESS,2026-08-17T10:23:35.881Z,7037e752-f6e1-4d8a-bc47-4e70a4e83a16
2.02608E+17,2.02608E+13,39,154,KnowBe4Enrollments,94510,0,0,SUCCESS,2026-08-20T06:17:45.398Z,6ebf4f86-a572-46b7-a0b9-e243ddff1ee4
2.02608E+17,2.02608E+13,39,154,KnowBe4Enrollments,94510,0,0,SUCCESS,2026-08-20T07:15:51.119Z,51c8df81-b91f-4be3-8810-59f3888974f0
2.02608E+17,2.02608E+17,97,,br_samms_new_discharge_transfer_plan_form,15829,0,0,SUCCESS,2026-08-19T16:04:01.037Z,0e774440-67e4-4817-8f97-24afdbb9d82f
2.02608E+17,2.02608E+17,119,,sl_NewPeriodicReassessmentCounselorReview,2847,0,0,SUCCESS,2026-08-14T05:53:26.971Z,49a6a879-8aad-45bb-887e-905eab5ea9bb
2.02608E+17,2.02608E+17,118,,br_NewPeriodicReassessmentCounselorReview,1749,0,0,SUCCESS,2026-08-17T07:50:19.981Z,422b71cc-fe6c-4f30-846d-92fb5587d0e9
2.02608E+17,2.02608E+17,119,,sl_NewPeriodicReassessmentCounselorReview,2864,0,0,SUCCESS,2026-08-25T04:06:29.840Z,8c969a39-95ec-4087-9ad3-4a9580887e34
2.02608E+17,2.02608E+17,118,,br_NewPeriodicReassessmentCounselorReview,1746,0,0,SUCCESS,2026-08-14T05:52:58.693Z,49a6a879-8aad-45bb-887e-905eab5ea9bb
2.02608E+17,2.02608E+17,119,,sl_NewPeriodicReassessmentCounselorReview,2860,0,0,SUCCESS,2026-08-18T12:34:31.762Z,201d97b6-7f87-43f7-a098-fb002daf1faf
2.02608E+17,2.02608E+17,44,179,sl_Consents,0,0,0,SUCCESS,2026-08-21T02:40:52.414Z,37d39418-848b-43a3-aff1-182cc8bb7455
2.02608E+17,2.02608E+17,118,,br_NewPeriodicReassessmentCounselorReview,1749,0,0,SUCCESS,2026-08-17T11:47:31.137Z,50b193b8-c8c8-41b3-8f69-a5e058560d7e
2.02608E+17,2.02608E+17,119,,sl_NewPeriodicReassessmentCounselorReview,2847,0,0,SUCCESS,2026-08-14T11:56:44.244Z,21f5cd31-796d-43ad-806e-67ead954f01a
2.02608E+17,2.02608E+13,5,33,sl_8x8_Users,5652,0,0,SUCCESS,2026-08-14T08:56:48.226Z,36ebac0c-26de-4656-ae31-977cae255ad9
2.02608E+17,2.02608E+13,4,30,br_8x8_Users,5648,0,0,SUCCESS,2026-08-15T05:28:38.925Z,6517d2eb-46fa-4d72-8ea4-8ae23e1d30a8
2.02608E+17,2.02608E+13,4,30,br_8x8_Users,5675,0,0,SUCCESS,2026-08-25T13:38:52.047Z,3475c8ff-ffdb-4323-a994-e16cd3be5d9b
2.02608E+17,2.02608E+13,5,33,sl_8x8_Users,5648,0,0,SUCCESS,2026-08-17T04:28:28.147Z,05bfb3aa-4a65-44f5-8e9d-867f9caa849a
2.02608E+17,2.02608E+13,4,30,br_8x8_Users,5648,0,0,SUCCESS,2026-08-15T11:15:47.668Z,2898ad47-3f2c-4db5-b5fc-5329717fcc94
2.02608E+17,2.02608E+17,107,8555,sl_checkin,31049,0,0,SUCCESS,2026-08-18T09:07:45.961Z,08f45940-4fba-4d40-8013-5941939f8b2e
2.02608E+17,2.02608E+17,85,,br_AdmissionAssessmentDimensionOneDisorder,909,0,0,SUCCESS,2026-08-17T00:10:42.423Z,77f58b99-e250-4627-9f17-559331ecd0ef
2.02608E+17,2.02608E+13,5,33,sl_8x8_Users,5652,0,0,SUCCESS,2026-08-13T17:23:16.980Z,793a1d88-9a51-42e1-b67b-8a9da7bfcd79
2.02608E+17,2.02608E+13,4,30,br_8x8_Users,5648,0,0,SUCCESS,2026-08-17T04:23:26.435Z,05bfb3aa-4a65-44f5-8e9d-867f9caa849a
2.02608E+17,2.02608E+17,107,8558,sl_cows_v6,23798,0,0,SUCCESS,2026-08-18T09:07:45.961Z,08f45940-4fba-4d40-8013-5941939f8b2e
2.02608E+17,2.02608E+13,5,33,sl_8x8_Users,5648,0,0,SUCCESS,2026-08-15T05:32:56.944Z,6517d2eb-46fa-4d72-8ea4-8ae23e1d30a8
2.02608E+17,2.02608E+17,107,8555,sl_checkin,31203,0,0,SUCCESS,2026-08-19T05:36:21.947Z,05916e11-44cf-456b-ac26-991e7ff5d7aa
2.02608E+17,2.02608E+13,4,30,br_8x8_Users,5627,0,0,SUCCESS,2026-08-10T04:04:04.199Z,0c0b5e48-d053-4755-97ee-27a6c27d227e
2.02608E+17,2.02608E+17,107,8558,sl_cows_v6,23828,0,0,SUCCESS,2026-08-19T11:38:32.061Z,8c2f72fa-f3d3-4c31-9e7b-e1d36d508d72
2.02608E+17,2.02608E+17,107,8555,sl_checkin,30545,0,0,SUCCESS,2026-08-15T11:45:24.884Z,09bdfa13-0c4c-4ca3-9dd3-abd349cbbab4
2.02608E+17,2.02608E+17,107,8555,sl_checkin,31208,0,0,SUCCESS,2026-08-19T11:38:32.061Z,8c2f72fa-f3d3-4c31-9e7b-e1d36d508d72
2.02608E+17,2.02608E+13,4,30,br_8x8_Users,5652,0,0,SUCCESS,2026-08-13T15:53:10.392Z,7d21e877-f08c-42e0-946c-607108d10a5e
2.02608E+17,2.02608E+17,107,8555,sl_checkin,30545,0,0,SUCCESS,2026-08-17T05:10:11.252Z,0b53dc13-182d-4036-9b17-0891eca5f916
2.02608E+17,2.02608E+13,40,160,br_zoom_db_insert_failures_raw,0,0,0,SUCCESS,2026-08-20T05:50:59.251Z,4af62a8a-1c5f-4dad-c48-dc1asdgh56098767899
2.02608E+17,2.02608E+13,6,35,8x8_CallVolume,110942,0,0,SUCCESS,2026-08-28T06:49:41.054Z,6f91deae-0832-4a56-ab71-80188798e1a1
2.02608E+17,2.02608E+13,5,31,sl_8x8_CallInteractions,879,0,0,SUCCESS,2026-08-28T06:45:50.341Z,6f91deae-0832-4a56-ab71-80188798e1a1
2.02608E+17,2.02608E+17,118,,br_NewAdmissionAssessment,872,0,0,SUCCESS,2026-08-15T05:55:17.589Z,92fdec37-a7f1-4589-8ea2-af8b074ddb31
2.02608E+17,2.02608E+17,76,,br_SF_PatientPreAdmission,6315,0,0,SUCCESS,2026-08-12T19:28:13.344Z,08d29c93-5d20-4cf2-aadc-bec1ce1bf79a
2.02608E+17,2.02608E+17,118,,br_NewAdmissionAssessment,480,0,0,SUCCESS,2026-08-25T04:04:14.716Z,8c969a39-95ec-4087-9ad3-4a9580887e34
2.02608E+17,2.02608E+17,88,,br_samms_custom_questions,1958,0,0,SUCCESS,2026-08-21T21:06:18.000Z,8488c727-7e26-424c-b4ea-f3ce6564dbed
2.02608E+17,2.02608E+17,118,,br_NewAdmissionAssessment,877,0,0,SUCCESS,2026-08-18T12:32:47.421Z,201d97b6-7f87-43f7-a098-fb002daf1faf
2.02608E+17,2.02608E+17,118,,br_NewAdmissionAssessment,869,0,0,SUCCESS,2026-08-14T05:52:58.693Z,49a6a879-8aad-45bb-887e-905eab5ea9bb
2.02608E+17,2.02608E+17,46,,br_samms_claim_line_item,40887945,0,0,SUCCESS,2026-08-20T14:30:17.703Z,5f0dd8ad-486e-4238-8933-2b89499a6e18
2.02608E+17,2.02608E+17,106,7046,br_BAMScore,0,0,0,SUCCESS,2026-08-15T11:43:57.195Z,09bdfa13-0c4c-4ca3-9dd3-abd349cbbab4
2.02608E+17,2.02608E+17,83,211,sl_sf_users,474,0,0,SUCCESS,2026-08-20T16:50:43.513Z,4ed56315-bafe-4059-9903-76e756bd89c4
2.02608E+17,2.02608E+17,82,201,br_sf_recordtype,21,0,0,SUCCESS,2026-08-14T11:03:33.295Z,65af9a38-d304-499c-abe3-51037aa67f0b
2.02608E+17,2.02608E+17,83,209,sl_sf_recordtype,21,0,0,SUCCESS,2026-08-15T07:38:14.889Z,7aeef17f-6a83-4892-911d-f2c8473c9ddd
2.02608E+17,2.02608E+17,83,211,sl_sf_users,473,0,0,SUCCESS,2026-08-17T10:21:21.157Z,7037e752-f6e1-4d8a-bc47-4e70a4e83a16
2.02608E+17,2.02608E+17,82,206,br_sf_cases,710,0,0,SUCCESS,2026-08-14T11:06:02.187Z,65af9a38-d304-499c-abe3-51037aa67f0b
2.02608E+17,2.02608E+17,83,211,sl_sf_users,473,0,0,SUCCESS,2026-08-15T08:22:04.587Z,749d5262-86ff-40e0-8a86-2235f2d6051c
2.02608E+17,2.02608E+17,82,202,br_sf_tasks,191,0,0,SUCCESS,2026-08-17T10:08:05.437Z,7037e752-f6e1-4d8a-bc47-4e70a4e83a16
2.02608E+17,2.02608E+17,83,211,sl_sf_users,473,0,0,SUCCESS,2026-08-14T11:16:24.774Z,65af9a38-d304-499c-abe3-51037aa67f0b
2.02608E+17,2.02608E+17,84,6811,OutboundSMS,62,0,0,SUCCESS,2026-08-20T18:05:35.584Z,635224f3-f193-4ab0-a06c-8d0fbf5d6c6d
2.02608E+17,2.02608E+17,82,206,br_sf_cases,808,0,0,SUCCESS,2026-08-20T15:47:02.344Z,95538f17-9d82-404e-9e3f-d1777714a921
2.02608E+17,2.02608E+17,83,214,sl_sf_cases,710,0,0,SUCCESS,2026-08-14T11:18:28.325Z,65af9a38-d304-499c-abe3-51037aa67f0b
2.02608E+17,2.02608E+17,83,214,sl_sf_cases,670,0,0,SUCCESS,2026-08-21T10:45:43.167Z,45603680-296f-4487-82f1-f8045d5f38e1
2.02608E+17,2.02608E+17,83,210,sl_sf_tasks,649,0,0,SUCCESS,2026-08-15T07:38:55.890Z,7aeef17f-6a83-4892-911d-f2c8473c9ddd
2.02608E+17,2.02608E+17,82,203,br_sf_users,473,0,0,SUCCESS,2026-08-17T10:08:43.976Z,7037e752-f6e1-4d8a-bc47-4e70a4e83a16
2.02608E+17,2.02608E+17,107,8563,sl_mncomprehensiveassessment,1138,0,0,SUCCESS,2026-08-19T11:38:32.061Z,8c2f72fa-f3d3-4c31-9e7b-e1d36d508d72
2.02608E+17,2.02608E+17,107,8563,sl_mncomprehensiveassessment,1138,0,0,SUCCESS,2026-08-19T05:36:21.947Z,05916e11-44cf-456b-ac26-991e7ff5d7aa
2.02608E+17,2.02608E+17,107,8563,sl_mncomprehensiveassessment,1128,0,0,SUCCESS,2026-08-15T11:45:24.884Z,09bdfa13-0c4c-4ca3-9dd3-abd349cbbab4
2.02608E+17,2.02608E+17,106,8305,brz_MNTreatmentServiceReview,1337,0,0,SUCCESS,2026-08-14T05:54:46.519Z,367e5368-81b8-4196-9731-5b3efc5e39d9
2.02608E+17,2.02608E+17,107,8563,sl_mncomprehensiveassessment,1128,0,0,SUCCESS,2026-08-15T13:57:23.840Z,56214535-005b-4285-976b-e0172bc11b0b
2.02608E+17,2.02608E+17,107,8563,sl_mncomprehensiveassessment,1128,0,0,SUCCESS,2026-08-17T06:54:18.784Z,83c0f655-df7d-4ce0-a8e7-3e8120951bbc
2.02608E+17,2.02608E+17,107,8565,sl_vacomprehensiveassessment,1725,0,0,SUCCESS,2026-08-19T11:38:32.061Z,8c2f72fa-f3d3-4c31-9e7b-e1d36d508d72
2.02608E+17,2.02608E+17,107,8565,sl_vacomprehensiveassessment,1718,0,0,SUCCESS,2026-08-17T12:44:21.971Z,71c4b27b-8df0-48dd-a1ee-a6ea3a63b852
2.02608E+17,2.02608E+17,106,7966,br_VAComprehensiveAssessment,1723,0,0,SUCCESS,2026-08-19T11:37:18.346Z,8c2f72fa-f3d3-4c31-9e7b-e1d36d508d72
2.02608E+17,2.02608E+17,106,8305,brz_MNTreatmentServiceReview,1337,0,0,SUCCESS,2026-08-14T07:19:15.475Z,4f29b93d-8b22-445c-9466-6259e423edcc
2.02608E+17,2.02608E+17,106,7845,br_MNComprehensiveAssessment,1138,0,0,SUCCESS,2026-08-19T11:37:18.346Z,8c2f72fa-f3d3-4c31-9e7b-e1d36d508d72
2.02608E+17,2.02608E+17,106,7966,br_VAComprehensiveAssessment,1723,0,0,SUCCESS,2026-08-19T05:35:06.090Z,05916e11-44cf-456b-ac26-991e7ff5d7aa
2.02608E+17,2.02608E+17,107,8563,sl_mncomprehensiveassessment,1130,0,0,SUCCESS,2026-08-17T12:44:21.971Z,71c4b27b-8df0-48dd-a1ee-a6ea3a63b852
2.02608E+17,2.02608E+17,106,8305,br_MNTreatmentServiceReview,0,0,0,SUCCESS,2026-08-15T11:43:57.195Z,09bdfa13-0c4c-4ca3-9dd3-abd349cbbab4
2.02608E+17,2.02608E+17,106,8305,br_MNTreatmentServiceReview,0,0,0,SUCCESS,2026-08-15T13:55:38.541Z,56214535-005b-4285-976b-e0172bc11b0b
2.02608E+17,2.02608E+13,104,6813,sl_activedirectory_aadusers,2096,0,0,SUCCESS,2026-08-14T10:05:03.875Z,86da3734-c4d3-4a01-9b94-6fc5fe6dd0dd
2.02608E+17,2.02608E+13,103,6812,br_activedirectory_aadusers,2096,0,0,SUCCESS,2026-08-14T09:14:20.496Z,78c00878-a295-4b82-b0d7-f3fcf0baa4d0
2.02608E+17,2.02608E+13,104,6813,sl_activedirectory_aadusers,2089,0,0,SUCCESS,2026-08-24T08:15:59.132Z,4c05c22a-72c8-4983-bd52-da6045984616
2.02608E+17,2.02608E+13,40,156,br_zoom_new_users_raw,43,0,0,SUCCESS,2026-08-20T03:52:37.904Z,4af62a8a-1c5f-4dad-c48-dc1asdgh56adr09
2.02608E+17,2.02608E+17,83,214,sl_sf_cases,852,0,0,SUCCESS,2026-08-20T16:52:58.472Z,4ed56315-bafe-4059-9903-76e756bd89c4
2.02608E+17,2.02608E+17,45,192,GlobalPayor,909,0,0,SUCCESS,2026-08-21T09:34:53.640Z,859bd6e7-8433-41b7-8f16-164cdd55063d
2.02608E+17,2.02608E+17,107,8568,slv_enrollment,14867,0,0,SUCCESS,2026-08-13T04:14:04.310Z,11ed6329-841a-4e7a-bfb1-61191c79c28e
2.02608E+17,2.02608E+17,106,8311,brz_Enrollment,14862,0,0,SUCCESS,2026-08-12T10:47:40.695Z,1325a4eb-aa02-4bc9-9fae-d06e40a0cece
2.02608E+17,2.02608E+17,106,8311,brz_Enrollment,14871,0,0,SUCCESS,2026-08-14T07:19:15.475Z,4f29b93d-8b22-445c-9466-6259e423edcc
2.02608E+17,2.02608E+17,106,8311,brz_Enrollment,14867,0,0,SUCCESS,2026-08-13T04:12:16.734Z,11ed6329-841a-4e7a-bfb1-61191c79c28e
2.02608E+17,2.02608E+17,107,8568,slv_enrollment,14862,0,0,SUCCESS,2026-08-12T03:50:30.130Z,72952692-3a45-4fdd-be32-4592206c2867
2.02608E+17,2.02608E+17,106,8311,brz_Enrollment,14862,0,0,SUCCESS,2026-08-12T03:48:51.003Z,72952692-3a45-4fdd-be32-4592206c2867
2.02608E+17,2.02608E+17,107,8568,slv_enrollment,14871,0,0,SUCCESS,2026-08-14T07:20:20.609Z,4f29b93d-8b22-445c-9466-6259e423edcc
2.02608E+17,2.02608E+13,1,13,br_PersonDetails,4419,0,0,SUCCESS,2026-08-10T05:32:00.658Z,3848d083-d62d-4230-a484-06d335ca9baa
2.02608E+17,2.02608E+17,44,5740,sl_DiversionNotificationLog,18843,0,0,SUCCESS,2026-08-21T09:34:25.751Z,859bd6e7-8433-41b7-8f16-164cdd55063d
2.02608E+17,2.02608E+17,106,8305,br_MNTreatmentServiceReview,1230,0,0,SUCCESS,2026-08-17T12:42:46.767Z,71c4b27b-8df0-48dd-a1ee-a6ea3a63b852
2.02608E+17,2.02608E+17,106,8305,br_MNTreatmentServiceReview,1316,0,0,SUCCESS,2026-08-18T09:05:19.149Z,08f45940-4fba-4d40-8013-5941939f8b2e
2.02608E+17,2.02608E+17,107,8567,sl_mntreatmentservicereview,1225,0,0,SUCCESS,2026-08-17T11:07:18.741Z,16b28601-46b7-41d7-bb6b-81142615d65b
2.02608E+17,2.02608E+17,107,8567,sl_mntreatmentservicereview,1230,0,0,SUCCESS,2026-08-17T12:44:21.971Z,71c4b27b-8df0-48dd-a1ee-a6ea3a63b852
2.02608E+17,2.02608E+17,106,8305,br_MNTreatmentServiceReview,1329,0,0,SUCCESS,2026-08-19T11:37:18.346Z,8c2f72fa-f3d3-4c31-9e7b-e1d36d508d72
2.02608E+17,2.02608E+17,43,5738,br_DiversionNotificationLog,18843,0,0,SUCCESS,2026-08-21T02:40:27.029Z,37d39418-848b-43a3-aff1-182cc8bb7455
2.02608E+17,2.02608E+17,43,5738,br_DiversionNotificationLog,18843,0,0,SUCCESS,2026-08-21T09:33:55.375Z,859bd6e7-8433-41b7-8f16-164cdd55063d
2.02608E+17,2.02608E+17,47,,tbl_ClaimLineItemActivity,51709505,0,0,SUCCESS,2026-08-20T10:42:08.644Z,069e8d01-766c-4679-b3df-c21f4d7bc3d1
2.02608E+17,2.02608E+17,47,,tbl_ClaimLineItemActivity,51707496,0,0,SUCCESS,2026-08-17T06:17:15.319Z,09d84bc7-e629-48a4-a32a-826b207e96d1
2.02608E+17,2.02608E+17,47,,tbl_ClaimLineItemActivity,51708561,0,0,SUCCESS,2026-08-18T13:18:21.545Z,03823c35-021d-4cc9-8374-59681a542f1d
2.02608E+17,2.02608E+17,47,,tbl_ClaimLineItemActivity,51706469,0,0,SUCCESS,2026-08-14T15:12:50.431Z,1c123384-c339-4954-be1f-3a8d150ebb14
2.02608E+17,2.02608E+17,46,,br_samms_payer_clt_history,247,0,0,SUCCESS,2026-08-18T13:17:14.054Z,03823c35-021d-4cc9-8374-59681a542f1d
2.02608E+17,2.02608E+17,46,,br_samms_payer_clt_history,558,0,0,SUCCESS,2026-08-25T14:52:45.394Z,5e789551-b18e-4745-8526-2b8db3ceeb01
2.02608E+17,2.02608E+17,46,,br_samms_payer_clt_history,171,0,0,SUCCESS,2026-08-14T15:11:50.100Z,1c123384-c339-4954-be1f-3a8d150ebb14
2.02608E+17,2.02608E+17,46,,br_samms_payer_clt_history,247,0,0,SUCCESS,2026-08-18T14:09:41.185Z,2b16abcf-416f-4fd8-80a9-0aa52ca66e5c
2.02608E+17,2.02608E+17,86,,sl_OrientationChecklistNew,789,0,0,SUCCESS,2026-08-19T22:56:44.161Z,2caac1da-4db4-431b-998d-21dc6fd03dce
2.02608E+17,2.02608E+17,46,,br_samms_payer_clt_history,337,0,0,SUCCESS,2026-08-17T06:16:01.149Z,09d84bc7-e629-48a4-a32a-826b207e96d1
2.02608E+17,2.02608E+17,86,,sl_OrientationChecklistNew,22,0,0,SUCCESS,2026-08-17T00:12:19.802Z,77f58b99-e250-4627-9f17-559331ecd0ef
2.02608E+17,2.02608E+17,86,,sl_OrientationChecklistNew,19,0,0,SUCCESS,2026-08-10T09:56:01.413Z,6ef3fd30-03b0-4dcd-9022-3df447f4d036
2.02608E+17,2.02608E+17,118,,br_NewPeriodicReassessment,0,0,0,SUCCESS,2026-08-14T15:17:42.970Z,7969362d-463a-4985-92c3-d629dd6d5c4e
2.02608E+17,2.02608E+17,46,,br_samms_payer_clt_history,61,0,0,SUCCESS,2026-08-26T17:26:29.472Z,7a1b4484-4dc4-4e48-b51b-e78359ce9673
2.02608E+17,2.02608E+17,106,6816,brz_CheckIn,2515,0,0,SUCCESS,2026-08-12T03:48:51.003Z,72952692-3a45-4fdd-be32-4592206c2867
2.02608E+17,2.02608E+17,106,7391,brz_UASched,5280,0,0,SUCCESS,2026-08-12T03:48:51.003Z,72952692-3a45-4fdd-be32-4592206c2867
2.02608E+17,2.02608E+17,107,8556,slv_bamform,1148,0,0,SUCCESS,2026-08-14T07:20:20.609Z,4f29b93d-8b22-445c-9466-6259e423edcc
2.02608E+17,2.02608E+17,82,202,br_sf_tasks,1366,574,0,SUCCESS,2026-08-20T15:45:09.792Z,95538f17-9d82-404e-9e3f-d1777714a921
2.02608E+17,2.02608E+17,106,6816,brz_CheckIn,2283,0,0,SUCCESS,2026-08-14T06:18:16.108Z,9a6b8567-8347-49cb-b213-618351c5e21c
2.02608E+17,2.02608E+17,107,8560,slv_uasched,5566,0,0,SUCCESS,2026-08-12T09:17:49.923Z,577435af-c452-4617-9a3c-7d2b03361707
2.02608E+17,2.02608E+17,106,7391,brz_UASched,5254,0,0,SUCCESS,2026-08-11T04:11:14.720Z,6e36e3b5-c33e-4cc8-b6e2-dc5c3524428c
2.02608E+17,2.02608E+17,107,8555,slv_checkin,2636,0,0,SUCCESS,2026-08-11T04:12:11.609Z,6e36e3b5-c33e-4cc8-b6e2-dc5c3524428c
2.02608E+17,2.02608E+17,84,220,stgContacts,2044,225,0,SUCCESS,2026-08-21T02:20:07.027Z,6e633944-6270-4167-9c27-2b58aaa91b88
2.02608E+17,2.02608E+17,83,215,sl_sf_events,0,0,0,SUCCESS,2026-08-21T10:46:06.874Z,45603680-296f-4487-82f1-f8045d5f38e1
2.02608E+17,2.02608E+17,82,207,br_sf_events,0,0,0,SUCCESS,2026-08-21T10:34:54.374Z,45603680-296f-4487-82f1-f8045d5f38e1
2.02608E+17,2.02608E+17,83,215,sl_sf_events,0,0,0,SUCCESS,2026-08-21T02:14:59.341Z,6e633944-6270-4167-9c27-2b58aaa91b88
2.02608E+17,2.02608E+17,83,215,sl_sf_events,0,0,0,SUCCESS,2026-08-20T17:53:51.622Z,635224f3-f193-4ab0-a06c-8d0fbf5d6c6d
2.02608E+17,2.02608E+17,82,207,br_sf_events,0,0,0,SUCCESS,2026-08-20T16:41:50.670Z,4ed56315-bafe-4059-9903-76e756bd89c4
2.02608E+17,2.02608E+17,82,207,br_sf_events,0,0,0,SUCCESS,2026-08-20T15:47:21.199Z,95538f17-9d82-404e-9e3f-d1777714a921
2.02608E+17,2.02608E+17,83,215,sl_sf_events,0,0,0,SUCCESS,2026-08-20T15:58:47.665Z,95538f17-9d82-404e-9e3f-d1777714a921
2.02608E+17,2.02608E+17,44,178,sl_UserSites,0,0,0,SUCCESS,2026-08-21T02:40:52.414Z,37d39418-848b-43a3-aff1-182cc8bb7455
2.02608E+17,2.02608E+17,83,215,sl_sf_events,0,0,0,SUCCESS,2026-08-20T16:53:22.611Z,4ed56315-bafe-4059-9903-76e756bd89c4
2.02608E+17,2.02608E+17,85,,br_AdmissionAssessmentDimensionTwo,880,0,0,SUCCESS,2026-08-17T00:10:42.423Z,77f58b99-e250-4627-9f17-559331ecd0ef
2.02608E+17,2.02608E+17,85,,br_AdmissionAssessmentDimensionTwo,875,0,0,SUCCESS,2026-08-10T09:54:37.587Z,6ef3fd30-03b0-4dcd-9022-3df447f4d036
2.02608E+17,2.02608E+17,86,,sl_AdmissionAssessmentDimensionSix,881,0,0,SUCCESS,2026-08-17T00:12:19.802Z,77f58b99-e250-4627-9f17-559331ecd0ef
2.02608E+17,2.02608E+17,86,,sl_AdmissionAssessmentDimensionSix,876,0,0,SUCCESS,2026-08-10T09:56:01.413Z,6ef3fd30-03b0-4dcd-9022-3df447f4d036
2.02608E+17,2.02608E+17,85,,br_AdmissionAssessmentDimensionSix,881,0,0,SUCCESS,2026-08-17T00:10:42.423Z,77f58b99-e250-4627-9f17-559331ecd0ef
2.02608E+17,2.02608E+17,46,,br_samms_claim_line_item_activity,646875,0,0,SUCCESS,2026-08-18T14:09:41.185Z,2b16abcf-416f-4fd8-80a9-0aa52ca66e5c
2.02608E+17,2.02608E+17,46,,br_samms_claim_line_item_activity,646796,0,0,SUCCESS,2026-08-18T13:17:14.054Z,03823c35-021d-4cc9-8374-59681a542f1d
2.02608E+17,2.02608E+17,46,,br_samms_claim_line_item_activity,296347,0,0,SUCCESS,2026-08-25T14:52:45.394Z,5e789551-b18e-4745-8526-2b8db3ceeb01
2.02608E+17,2.02608E+17,46,,br_samms_claim_line_item_activity,295067,0,0,SUCCESS,2026-08-14T15:11:50.100Z,1c123384-c339-4954-be1f-3a8d150ebb14
2.02608E+17,2.02608E+17,46,,br_samms_claim_line_item_activity,647740,0,0,SUCCESS,2026-08-20T03:04:41.109Z,05c5c70e-2926-4311-8f49-65b9279948a3
2.02608E+17,2.02608E+17,46,,br_samms_claim_line_item_activity,647740,0,0,SUCCESS,2026-08-20T10:41:00.075Z,069e8d01-766c-4679-b3df-c21f4d7bc3d1
2.02608E+17,2.02608E+17,84,218,Users,0,0,0,SUCCESS,2026-08-20T16:02:10.756Z,95538f17-9d82-404e-9e3f-d1777714a921
2.02608E+17,2.02608E+17,46,,br_samms_claim_line_item_activity,645731,0,0,SUCCESS,2026-08-17T06:16:01.149Z,09d84bc7-e629-48a4-a32a-826b207e96d1
2.02608E+17,2.02608E+17,119,,sl_NewPeriodicReassessment,2862,0,0,SUCCESS,2026-08-17T11:49:45.238Z,50b193b8-c8c8-41b3-8f69-a5e058560d7e
2.02608E+17,2.02608E+17,119,,sl_NewPeriodicReassessment,2859,0,0,SUCCESS,2026-08-14T11:56:44.244Z,21f5cd31-796d-43ad-806e-67ead954f01a
2.02608E+17,2.02608E+17,119,,sl_NewPeriodicReassessment,2862,0,0,SUCCESS,2026-08-15T05:55:49.193Z,92fdec37-a7f1-4589-8ea2-af8b074ddb31
2.02608E+17,2.02608E+17,119,,sl_NewPeriodicReassessment,2862,0,0,SUCCESS,2026-08-17T07:52:43.729Z,422b71cc-fe6c-4f30-846d-92fb5587d0e9
2.02608E+17,2.02608E+17,118,,br_NewPeriodicReassessment,1752,0,0,SUCCESS,2026-08-14T07:46:03.913Z,9e759780-91b7-4e4a-882b-cd4350ec70b7
2.02608E+17,2.02608E+17,98,,tbl_TakeHomeRiskAssessment,98851,0,0,SUCCESS,2026-08-19T16:04:41.346Z,0e774440-67e4-4817-8f97-24afdbb9d82f
2.02608E+17,2.02608E+17,86,,sl_OrientationChecklistNew,12147,0,0,SUCCESS,2026-08-25T21:28:22.248Z,7eb7a049-5d17-4a23-bb2f-3b9c445afd32
2.02608E+17,2.02608E+17,118,,br_NewPeriodicReassessment,1755,0,0,SUCCESS,2026-08-15T14:38:54.958Z,556076c4-618a-4487-8b31-ba5017a3c197
2.02608E+17,2.02608E+17,85,,br_OrientationChecklistNew,12094,0,0,SUCCESS,2026-08-26T09:00:37.286Z,912d32aa-0b7f-4999-bf60-6670fe5985ea
2.02608E+17,2.02608E+17,119,,sl_NewPeriodicReassessment,2876,0,0,SUCCESS,2026-08-25T04:06:29.840Z,8c969a39-95ec-4087-9ad3-4a9580887e34
2.02608E+17,2.02608E+13,1,1,br_JobCodes,295,0,0,SUCCESS,2026-08-10T05:28:41.747Z,3848d083-d62d-4230-a484-06d335ca9baa
2.02608E+17,2.02608E+13,132,13706,MissedDoses,0,0,1,FAILED,2026-08-27T06:50:34.098Z,475c3e58-0434-45d9-b3f8-9d768448de53
2.02608E+17,2.02608E+13,132,13706,MissedDoses,0,0,1,FAILED,2026-08-27T07:34:11.186Z,67cdece8-9745-4c87-ab73-e4e58104b61d
2.02608E+17,2.02608E+17,88,,br_samms_custom_answers,1844,0,0,SUCCESS,2026-08-25T16:51:28.338Z,6d78ce37-8c21-4519-a454-1e5ee4a84a47
2.02608E+17,2.02608E+13,40,159,br_zoom_api_failures_raw,5,0,0,SUCCESS,2026-08-20T05:50:35.774Z,4af62a8a-1c5f-4dad-c48-dc1asdgh56098767899
2.02608E+17,2.02608E+13,122,12585,OffWeekCounselingEngagement,46967,0,0,SUCCESS,2026-08-10T15:18:59.925Z,67ac4554-40b9-4a4f-b42b-b07474e5e143
2.02608E+17,2.02608E+13,122,12585,OffWeekCounselingEngagement,46986,0,0,SUCCESS,2026-08-18T06:59:00.416Z,401c9c1b-3971-44a9-a17e-46e79ae01eff
2.02608E+17,2.02608E+13,112,8632,sl_termed_latest,9731,0,0,SUCCESS,2026-08-24T12:53:38.902Z,09620987643sadgf_as255_d0988006789
2.02608E+17,2.02608E+17,82,205,br_sf_contacts,1065,0,0,SUCCESS,2026-08-17T10:09:56.090Z,7037e752-f6e1-4d8a-bc47-4e70a4e83a16
2.02608E+17,2.02608E+17,84,6809,PatientSurveys,208,0,0,SUCCESS,2026-08-21T10:57:15.390Z,45603680-296f-4487-82f1-f8045d5f38e1
2.02608E+17,2.02608E+17,83,213,sl_sf_contacts,1426,0,0,SUCCESS,2026-08-15T08:23:30.026Z,749d5262-86ff-40e0-8a86-2235f2d6051c
2.02608E+17,2.02608E+17,82,205,br_sf_contacts,1813,0,0,SUCCESS,2026-08-20T15:46:35.535Z,95538f17-9d82-404e-9e3f-d1777714a921
2.02608E+17,2.02608E+13,112,8632,sl_termed_latest,9731,0,0,SUCCESS,2026-08-24T12:42:52.864Z,09620987643sadgf_as255_d0988006789
2.02608E+17,2.02608E+17,84,6809,PatientSurveys,208,0,0,SUCCESS,2026-08-20T18:04:35.714Z,635224f3-f193-4ab0-a06c-8d0fbf5d6c6d
2.02608E+17,2.02608E+17,82,205,br_sf_contacts,1527,0,0,SUCCESS,2026-08-21T10:34:12.278Z,45603680-296f-4487-82f1-f8045d5f38e1
2.02608E+17,2.02608E+13,112,8635,sl_employeeroster_trend,3931,0,0,SUCCESS,2026-08-24T12:55:07.028Z,09620987643sadgf_as255_d0988006789
2.02608E+17,2.02608E+17,84,216,Accounts,13543,0,0,SUCCESS,2026-08-20T17:57:05.367Z,635224f3-f193-4ab0-a06c-8d0fbf5d6c6d
2.02608E+17,2.02608E+17,97,,br_samms_comprehensive_assessment_form,1009,0,0,SUCCESS,2026-08-17T08:30:09.387Z,760fb7f7-522d-45ef-ae35-70bd18d17fef
2.02608E+17,2.02608E+17,84,221,stgCases,710,0,0,SUCCESS,2026-08-14T11:25:03.444Z,65af9a38-d304-499c-abe3-51037aa67f0b
2.02608E+17,2.02608E+17,84,225,Contacts,111,0,0,SUCCESS,2026-08-21T02:22:18.407Z,6e633944-6270-4167-9c27-2b58aaa91b88
2.02608E+17,2.02608E+17,84,221,stgCases,670,0,0,SUCCESS,2026-08-21T10:51:52.153Z,45603680-296f-4487-82f1-f8045d5f38e1
2.02608E+17,2.02608E+13,6,36,8x8_Users,5648,0,0,SUCCESS,2026-08-17T07:54:37.698Z,3ff82efb-5627-4b07-90b6-91557ea1f939
2.02608E+17,2.02608E+13,6,36,8x8_Users,5652,0,0,SUCCESS,2026-08-14T03:06:16.438Z,360959fd-08b4-465c-be75-1bdb70b33137
2.02608E+17,2.02608E+17,119,,sl_NewAdmissionAssessmentASAMDimension6,1293,0,0,SUCCESS,2026-08-18T12:34:31.762Z,201d97b6-7f87-43f7-a098-fb002daf1faf
2.02608E+17,2.02608E+17,119,,sl_NewAdmissionAssessmentASAMDimension5,1257,0,0,SUCCESS,2026-08-17T07:52:43.729Z,422b71cc-fe6c-4f30-846d-92fb5587d0e9
2.02608E+17,2.02608E+17,119,,sl_NewAdmissionAssessmentASAMDimension2,1256,0,0,SUCCESS,2026-08-17T11:49:45.238Z,50b193b8-c8c8-41b3-8f69-a5e058560d7e
2.02608E+17,2.02608E+17,119,,sl_NewAdmissionAssessmentASAMDimension6,1289,0,0,SUCCESS,2026-08-17T11:49:45.238Z,50b193b8-c8c8-41b3-8f69-a5e058560d7e
2.02608E+17,2.02608E+17,119,,sl_NewAdmissionAssessmentASAMDimension2,1253,0,0,SUCCESS,2026-08-14T05:53:26.971Z,49a6a879-8aad-45bb-887e-905eab5ea9bb
2.02608E+17,2.02608E+17,119,,sl_NewAdmissionAssessmentASAMDimension2,1253,0,0,SUCCESS,2026-08-14T11:56:44.244Z,21f5cd31-796d-43ad-806e-67ead954f01a
2.02608E+17,2.02608E+17,119,,sl_NewAdmissionAssessmentASAMDimension2,1256,0,0,SUCCESS,2026-08-15T05:55:49.193Z,92fdec37-a7f1-4589-8ea2-af8b074ddb31
2.02608E+17,2.02608E+17,119,,sl_NewAdmissionAssessmentASAMDimension4,1264,0,0,SUCCESS,2026-08-15T14:39:25.281Z,556076c4-618a-4487-8b31-ba5017a3c197
2.02608E+17,2.02608E+17,119,,sl_NewAdmissionAssessmentASAMDimension4,1261,0,0,SUCCESS,2026-08-14T05:53:26.971Z,49a6a879-8aad-45bb-887e-905eab5ea9bb
2.02608E+17,2.02608E+17,119,,sl_NewAdmissionAssessmentASAMDimension2,1261,0,0,SUCCESS,2026-08-18T12:34:31.762Z,201d97b6-7f87-43f7-a098-fb002daf1faf
2.02608E+17,2.02608E+17,119,,sl_NewAdmissionAssessmentASAMDimension4,1276,0,0,SUCCESS,2026-08-25T04:06:29.840Z,8c969a39-95ec-4087-9ad3-4a9580887e34
2.02608E+17,2.02608E+13,102,13670,QQgltran,14387651,0,0,SUCCESS,2026-08-26T07:57:56.362Z,21530b3b-0ec0-412a-ac81-2ac56361fe90
2.02608E+17,2.02608E+13,102,13670,QQgltran,14956673,0,0,SUCCESS,2026-08-24T06:34:04.200Z,25d2eaee-dfad-422c-bf93-c7d0a4c88cf3
2.02608E+17,2.02608E+13,102,13670,QQgltran,14392557,0,0,SUCCESS,2026-08-27T07:44:37.727Z,172af47b-610a-4a99-aceb-e1a3ed168be6
2.02608E+17,2.02608E+13,102,13670,QQgltran,14956673,0,0,SUCCESS,2026-08-23T13:23:49.880Z,508fe03b-0979-4394-b454-75fc1e5f3879
2.02608E+17,2.02608E+17,118,,br_NewAdmissionAssessmentASAMDimension5,841,0,0,SUCCESS,2026-08-14T05:52:58.693Z,49a6a879-8aad-45bb-887e-905eab5ea9bb
2.02608E+17,2.02608E+17,118,,br_NewAdmissionAssessmentASAMDimension5,455,0,0,SUCCESS,2026-08-25T04:04:14.716Z,8c969a39-95ec-4087-9ad3-4a9580887e34
2.02608E+17,2.02608E+17,46,,br_samms_financial_hardship_application,2264,0,0,SUCCESS,2026-08-18T13:17:14.054Z,03823c35-021d-4cc9-8374-59681a542f1d
2.02608E+17,2.02608E+17,46,,br_samms_financial_hardship_application,2264,0,0,SUCCESS,2026-08-18T14:09:41.185Z,2b16abcf-416f-4fd8-80a9-0aa52ca66e5c
2.02608E+17,2.02608E+13,112,8631,sl_employeeroster_latest,11773,0,0,SUCCESS,2026-08-24T12:52:59.273Z,09620987643sadgf_as255_d0988006789
2.02608E+17,2.02608E+13,5,31,sl_8x8_CallInteractions,101602,0,0,SUCCESS,2026-08-13T17:22:08.616Z,793a1d88-9a51-42e1-b67b-8a9da7bfcd79
2.02608E+17,2.02608E+13,5,31,sl_8x8_CallInteractions,101602,0,0,SUCCESS,2026-08-13T15:39:41.328Z,6cba3a07-87e1-4e5a-809c-65a43422107a
2.02608E+17,2.02608E+17,84,6810,stgOutboundSMS,153,0,0,SUCCESS,2026-08-14T11:33:27.255Z,65af9a38-d304-499c-abe3-51037aa67f0b
2.02608E+17,2.02608E+17,83,213,sl_sf_contacts,1065,0,0,SUCCESS,2026-08-17T10:22:53.416Z,7037e752-f6e1-4d8a-bc47-4e70a4e83a16
2.02608E+17,2.02608E+17,84,6810,stgOutboundSMS,103,0,0,SUCCESS,2026-08-17T10:35:55.265Z,7037e752-f6e1-4d8a-bc47-4e70a4e83a16
2.02608E+17,2.02608E+17,82,205,br_sf_contacts,1507,0,0,SUCCESS,2026-08-14T11:05:27.514Z,65af9a38-d304-499c-abe3-51037aa67f0b
2.02608E+17,2.02608E+17,84,6810,stgOutboundSMS,158,0,0,SUCCESS,2026-08-21T10:57:42.194Z,45603680-296f-4487-82f1-f8045d5f38e1
2.02608E+17,2.02608E+17,83,213,sl_sf_contacts,1425,0,0,SUCCESS,2026-08-15T06:43:36.293Z,4b120bb3-f1e6-442e-8114-0fadc28f6b49
2.02608E+17,2.02608E+17,82,205,br_sf_contacts,2044,0,0,SUCCESS,2026-08-21T02:03:14.772Z,6e633944-6270-4167-9c27-2b58aaa91b88
2.02608E+17,2.02608E+17,84,6809,PatientSurveys,204,0,0,SUCCESS,2026-08-14T11:31:41.287Z,65af9a38-d304-499c-abe3-51037aa67f0b
2.02608E+17,2.02608E+17,83,213,sl_sf_contacts,1426,0,0,SUCCESS,2026-08-15T07:40:59.611Z,7aeef17f-6a83-4892-911d-f2c8473c9ddd
2.02608E+17,2.02608E+17,84,6810,stgOutboundSMS,302,0,0,SUCCESS,2026-08-21T02:26:38.617Z,6e633944-6270-4167-9c27-2b58aaa91b88
2.02608E+17,2.02608E+17,106,8426,br_TreatmentLevel,0,0,0,SUCCESS,2026-08-17T05:09:01.689Z,0b53dc13-182d-4036-9b17-0891eca5f916
2.02608E+17,2.02608E+17,106,8426,br_TreatmentLevel,0,0,0,SUCCESS,2026-08-17T06:52:37.826Z,83c0f655-df7d-4ce0-a8e7-3e8120951bbc
2.02608E+17,2.02608E+17,106,7507,br_UAResultDetail,0,0,0,SUCCESS,2026-08-17T05:09:01.689Z,0b53dc13-182d-4036-9b17-0891eca5f916
2.02608E+17,2.02608E+17,106,7507,br_UAResultDetail,0,0,0,SUCCESS,2026-08-15T13:55:38.541Z,56214535-005b-4285-976b-e0172bc11b0b
2.02608E+17,2.02608E+17,106,8426,br_TreatmentLevel,0,0,0,SUCCESS,2026-08-15T13:55:38.541Z,56214535-005b-4285-976b-e0172bc11b0b
2.02608E+17,2.02608E+17,106,7507,br_UAResultDetail,0,0,0,SUCCESS,2026-08-15T11:43:57.195Z,09bdfa13-0c4c-4ca3-9dd3-abd349cbbab4
2.02608E+17,2.02608E+17,106,8426,br_TreatmentLevel,0,0,0,SUCCESS,2026-08-15T11:43:57.195Z,09bdfa13-0c4c-4ca3-9dd3-abd349cbbab4
2.02608E+17,2.02608E+17,106,7507,br_UAResultDetail,0,0,0,SUCCESS,2026-08-17T06:52:37.826Z,83c0f655-df7d-4ce0-a8e7-3e8120951bbc
2.02608E+17,2.02608E+13,105,6814,AADUsers,6285,0,0,SUCCESS,2026-08-10T05:22:38.840Z,5269cbca-9ed6-4306-8532-018515919ecf
2.02608E+17,2.02608E+17,84,222,stgLeads,67,0,0,SUCCESS,2026-08-21T10:52:26.192Z,45603680-296f-4487-82f1-f8045d5f38e1
2.02608E+17,2.02608E+17,84,225,Contacts,59,0,0,SUCCESS,2026-08-21T10:53:47.834Z,45603680-296f-4487-82f1-f8045d5f38e1
2.02608E+17,2.02608E+13,105,6814,AADUsers,2089,0,0,SUCCESS,2026-08-22T09:17:36.682Z,500ec76f-f267-4cf8-a531-6dc879d5ad80
2.02608E+17,2.02608E+17,97,,br_samms_comprehensive_assessment_form,777,0,0,SUCCESS,2026-08-26T18:00:11.716Z,4b416fe5-6f5c-4fb7-baa8-f0b32475e9c6
2.02608E+17,2.02608E+17,84,222,stgLeads,86,0,0,SUCCESS,2026-08-20T18:00:09.880Z,635224f3-f193-4ab0-a06c-8d0fbf5d6c6d
2.02608E+17,2.02608E+17,84,222,stgLeads,63,0,0,SUCCESS,2026-08-14T11:25:50.263Z,65af9a38-d304-499c-abe3-51037aa67f0b
2.02608E+17,2.02608E+13,105,6814,AADUsers,2089,0,0,SUCCESS,2026-08-22T07:27:52.651Z,95c2ec9d-55ec-443a-9357-986a8e625f38
2.02608E+17,2.02608E+13,105,6814,AADUsers,2023,0,0,SUCCESS,2026-08-24T08:21:30.171Z,4c05c22a-72c8-4983-bd52-da6045984616
2.02608E+17,2.02608E+17,84,222,stgLeads,11,0,0,SUCCESS,2026-08-17T10:30:28.127Z,7037e752-f6e1-4d8a-bc47-4e70a4e83a16
2.02608E+17,2.02608E+13,105,6814,AADUsers,6285,0,0,SUCCESS,2026-08-14T08:38:19.413Z,45e95ca2-629e-4976-8482-3be8710cf118
2.02608E+17,2.02608E+13,105,6814,AADUsers,8381,0,0,SUCCESS,2026-08-14T09:49:49.058Z,800305b1-0b30-4e63-a791-84feb90a5573
2.02608E+17,2.02608E+13,105,6814,AADUsers,2022,0,0,SUCCESS,2026-08-25T03:59:40.332Z,12130017-772e-4557-8a48-2b17fd46c3ad
2.02608E+17,2.02608E+13,105,6814,AADUsers,8381,0,0,SUCCESS,2026-08-14T09:26:43.856Z,78c00878-a295-4b82-b0d7-f3fcf0baa4d0
2.02608E+17,2.02608E+13,105,6814,AADUsers,2089,0,0,SUCCESS,2026-08-23T06:51:56.458Z,9ad7577b-a4ff-4904-b0db-db5c7c219a93
2.02608E+17,2.02608E+13,102,13670,QQgltran,194,0,0,SUCCESS,2026-08-12T09:33:08.867Z,3ceecaf4-5cab-4434-a477-f1d5d0d51483
2.02608E+17,2.02608E+13,80,227,sl_absolute_inventory,1857,0,0,SUCCESS,2026-08-12T11:36:15.509Z,3294ab87-05f1-4b6e-93e9-0049786e91cf
2.02608E+17,2.02608E+13,79,226,br_absolute_inventory,1862,0,0,SUCCESS,2026-08-17T04:23:56.996Z,917429b5-ff6b-44a1-95d5-5d35eb42c85f
2.02608E+17,2.02608E+13,109,8610,br_cashflow_lockbox,509839,509839,0,SUCCESS,2026-08-17T05:05:29.297Z,519221b9-f777-4eef-a705-f54d38d423fd
2.02608E+17,2.02608E+13,79,226,br_absolute_inventory,1857,0,0,SUCCESS,2026-08-12T11:28:59.778Z,3294ab87-05f1-4b6e-93e9-0049786e91cf
2.02608E+17,2.02608E+13,110,8612,sl_BankTransactions,431039,431039,0,SUCCESS,2026-08-17T05:13:13.063Z,519221b9-f777-4eef-a705-f54d38d423fd
2.02608E+17,2.02606E+13,79,226,br_absolute_inventory,1862,0,0,SUCCESS,2026-08-17T05:08:39.961Z,4300b874-eb47-449c-9d38-f629beccfecd
2.02608E+17,2.02608E+13,80,227,sl_absolute_inventory,1860,0,0,SUCCESS,2026-08-14T05:10:50.574Z,89bf3a37-8365-4f45-a835-64686a7b8b25
2.02608E+17,2.02608E+13,80,227,sl_absolute_inventory,1862,0,0,SUCCESS,2026-08-17T08:21:38.101Z,46b84c02-c8f9-471f-bbfe-d9a13c18834a
2.02608E+17,2.02608E+13,132,13707,TrendingTreatmentPlansStateReqs,2329626,0,0,SUCCESS,2026-08-27T11:42:57.809Z,548cb8af-a2ae-442b-8193-6118f75471ea
2.02608E+17,2.02608E+13,132,13707,TrendingTreatmentPlansStateReqs,2329626,0,0,SUCCESS,2026-08-27T09:06:45.066Z,3fa64f84-15aa-45fb-9cca-2f2fe48cfae1
2.02608E+17,2.02608E+17,82,202,br_sf_tasks,1061,459,0,SUCCESS,2026-08-21T10:32:52.221Z,45603680-296f-4487-82f1-f8045d5f38e1
2.02608E+17,2.02608E+17,106,6931,brz_BAMForm,1148,0,0,SUCCESS,2026-08-14T07:19:15.475Z,4f29b93d-8b22-445c-9466-6259e423edcc
2.02608E+17,2.02608E+17,82,202,br_sf_tasks,1476,623,0,SUCCESS,2026-08-20T16:39:49.930Z,4ed56315-bafe-4059-9903-76e756bd89c4
2.02608E+17,2.02608E+17,82,202,br_sf_tasks,1941,850,0,SUCCESS,2026-08-21T02:01:24.297Z,6e633944-6270-4167-9c27-2b58aaa91b88
2.02608E+17,2.02608E+17,107,8556,slv_bamform,1137,0,0,SUCCESS,2026-08-12T03:50:30.130Z,72952692-3a45-4fdd-be32-4592206c2867
2.02608E+17,2.02608E+17,84,220,stgContacts,1920,198,0,SUCCESS,2026-08-20T17:59:02.814Z,635224f3-f193-4ab0-a06c-8d0fbf5d6c6d
2.02608E+17,2.02608E+17,106,6931,brz_BAMForm,1148,0,0,SUCCESS,2026-08-14T05:54:46.519Z,367e5368-81b8-4196-9731-5b3efc5e39d9
2.02608E+17,2.02608E+17,106,7391,brz_UASched,5126,0,0,SUCCESS,2026-08-14T05:54:46.519Z,367e5368-81b8-4196-9731-5b3efc5e39d9
2.02608E+17,2.02608E+17,106,6931,brz_BAMForm,1137,0,0,SUCCESS,2026-08-12T03:48:51.003Z,72952692-3a45-4fdd-be32-4592206c2867
2.02608E+17,2.02608E+17,107,8555,slv_checkin,2793,0,0,SUCCESS,2026-08-12T09:17:49.923Z,577435af-c452-4617-9a3c-7d2b03361707
2.02608E+17,2.02608E+17,84,220,stgContacts,1527,122,0,SUCCESS,2026-08-21T10:51:21.306Z,45603680-296f-4487-82f1-f8045d5f38e1
2.02608E+17,2.02608E+17,107,8560,slv_uasched,5530,0,0,SUCCESS,2026-08-11T04:12:11.609Z,6e36e3b5-c33e-4cc8-b6e2-dc5c3524428c
2.02608E+17,2.02608E+17,107,8556,slv_bamform,1137,0,0,SUCCESS,2026-08-12T10:49:53.573Z,1325a4eb-aa02-4bc9-9fae-d06e40a0cece
2.02608E+17,2.02608E+17,98,,tbl_EandMFormPregnancy,62473,0,0,SUCCESS,2026-08-19T16:04:41.346Z,0e774440-67e4-4817-8f97-24afdbb9d82f
2.02608E+17,2.02608E+17,120,,NewAdmissionAssessment,1313,0,0,SUCCESS,2026-08-25T04:08:26.736Z,8c969a39-95ec-4087-9ad3-4a9580887e34
2.02608E+17,2.02608E+17,120,,NewAdmissionAssessment,1308,0,0,SUCCESS,2026-08-17T11:51:35.731Z,50b193b8-c8c8-41b3-8f69-a5e058560d7e
2.02608E+17,2.02608E+17,46,,br_samms_pbi3_pay_auth,3411,0,0,SUCCESS,2026-08-20T03:04:41.109Z,05c5c70e-2926-4311-8f49-65b9279948a3
2.02608E+17,2.02608E+17,46,,br_samms_vw3p_bill_sub,4052,0,0,SUCCESS,2026-08-20T03:04:41.109Z,05c5c70e-2926-4311-8f49-65b9279948a3
2.02608E+17,2.02608E+17,46,,br_samms_vw3p_bill_sub,4086,0,0,SUCCESS,2026-08-20T10:41:00.075Z,069e8d01-766c-4679-b3df-c21f4d7bc3d1
2.02608E+17,2.02608E+17,86,,sl_AdmissionAssessment,1502,0,0,SUCCESS,2026-08-22T11:20:00.031Z,28d7acf5-bc26-4be3-b390-775b9af3d980
2.02608E+17,2.02608E+13,104,6813,sl_activedirectory_aadusers,2095,0,0,SUCCESS,2026-08-10T05:17:05.051Z,5269cbca-9ed6-4306-8532-018515919ecf
2.02608E+17,2.02608E+13,103,6812,br_activedirectory_aadusers,2089,0,0,SUCCESS,2026-08-22T09:04:52.041Z,500ec76f-f267-4cf8-a531-6dc879d5ad80
2.02608E+17,2.02608E+13,103,6812,br_activedirectory_aadusers,2096,0,0,SUCCESS,2026-08-14T09:58:29.622Z,86da3734-c4d3-4a01-9b94-6fc5fe6dd0dd
2.02608E+17,2.02608E+13,104,6813,sl_activedirectory_aadusers,2096,0,0,SUCCESS,2026-08-14T09:20:17.874Z,78c00878-a295-4b82-b0d7-f3fcf0baa4d0
2.02608E+17,2.02608E+13,103,6812,br_activedirectory_aadusers,2086,0,0,SUCCESS,2026-08-25T09:41:41.073Z,6d272a94-926b-43c5-9728-935779865922
2.02608E+17,2.02608E+13,104,6813,sl_activedirectory_aadusers,2089,0,0,SUCCESS,2026-08-22T09:11:03.884Z,500ec76f-f267-4cf8-a531-6dc879d5ad80
2.02608E+17,2.02608E+13,104,6813,sl_activedirectory_aadusers,2089,0,0,SUCCESS,2026-08-22T07:22:16.540Z,95c2ec9d-55ec-443a-9357-986a8e625f38
2.02608E+17,2.02608E+13,103,6812,br_activedirectory_aadusers,2089,0,0,SUCCESS,2026-08-22T11:53:33.601Z,5b101a56-28ce-45b2-9c69-c19cf110b723
2.02608E+17,2.02608E+17,44,5740,sl_DiversionNotificationLog,0,0,0,SUCCESS,2026-08-21T02:40:52.414Z,37d39418-848b-43a3-aff1-182cc8bb7455
2.02608E+17,2.02608E+13,103,6812,br_activedirectory_aadusers,2089,0,0,SUCCESS,2026-08-22T07:16:02.879Z,95c2ec9d-55ec-443a-9357-986a8e625f38
2.02608E+17,2.02608E+13,103,6812,br_activedirectory_aadusers,2086,0,0,SUCCESS,2026-08-25T03:47:52.484Z,12130017-772e-4557-8a48-2b17fd46c3ad
2.02608E+17,2.02608E+13,104,6813,sl_activedirectory_aadusers,2093,0,0,SUCCESS,2026-08-25T03:53:47.383Z,12130017-772e-4557-8a48-2b17fd46c3ad
2.02608E+17,2.02608E+13,104,6813,sl_activedirectory_aadusers,2089,0,0,SUCCESS,2026-08-23T06:46:00.861Z,9ad7577b-a4ff-4904-b0db-db5c7c219a93
2.02608E+17,2.02608E+17,107,8569,slv_treatmentlevel,1483,0,0,SUCCESS,2026-08-12T10:49:53.573Z,1325a4eb-aa02-4bc9-9fae-d06e40a0cece
2.02608E+17,2.02608E+17,106,8426,brz_TreatmentLevel,1483,0,0,SUCCESS,2026-08-12T09:15:30.604Z,577435af-c452-4617-9a3c-7d2b03361707
2.02608E+17,2.02608E+17,106,8426,brz_TreatmentLevel,1483,0,0,SUCCESS,2026-08-12T03:48:51.003Z,72952692-3a45-4fdd-be32-4592206c2867
2.02608E+17,2.02608E+17,107,8569,slv_treatmentlevel,1483,0,0,SUCCESS,2026-08-12T09:17:49.923Z,577435af-c452-4617-9a3c-7d2b03361707
2.02608E+17,2.02608E+17,107,8569,slv_treatmentlevel,1486,0,0,SUCCESS,2026-08-14T06:19:22.669Z,9a6b8567-8347-49cb-b213-618351c5e21c
2.02608E+17,2.02608E+17,106,8426,brz_TreatmentLevel,1486,0,0,SUCCESS,2026-08-14T05:54:46.519Z,367e5368-81b8-4196-9731-5b3efc5e39d9
2.02608E+17,2.02608E+17,106,8426,brz_TreatmentLevel,1486,0,0,SUCCESS,2026-08-14T07:19:15.475Z,4f29b93d-8b22-445c-9466-6259e423edcc
2.02608E+17,2.02608E+17,107,8569,slv_treatmentlevel,1486,0,0,SUCCESS,2026-08-14T07:20:20.609Z,4f29b93d-8b22-445c-9466-6259e423edcc
2.02608E+17,2.02608E+17,107,8569,slv_treatmentlevel,1483,0,0,SUCCESS,2026-08-12T03:50:30.130Z,72952692-3a45-4fdd-be32-4592206c2867
2.02608E+17,2.02608E+17,106,8426,brz_TreatmentLevel,1486,0,0,SUCCESS,2026-08-14T06:18:16.108Z,9a6b8567-8347-49cb-b213-618351c5e21c
2.02608E+17,2.02608E+17,106,8426,brz_TreatmentLevel,1486,0,0,SUCCESS,2026-08-13T04:12:16.734Z,11ed6329-841a-4e7a-bfb1-61191c79c28e
2.02608E+17,2.02608E+13,6,34,8x8_CallInteractions,876,0,0,SUCCESS,2026-08-14T03:05:11.654Z,360959fd-08b4-465c-be75-1bdb70b33137
2.02608E+17,2.02608E+17,107,8569,slv_treatmentlevel,1482,0,0,SUCCESS,2026-08-11T04:12:11.609Z,6e36e3b5-c33e-4cc8-b6e2-dc5c3524428c
2.02608E+17,2.02608E+17,46,,br_samms_vw3p_bill_sub,4130,0,0,SUCCESS,2026-08-17T06:16:01.149Z,09d84bc7-e629-48a4-a32a-826b207e96d1
2.02608E+17,2.02608E+17,85,,br_AdmissionAssessment,1484,0,0,SUCCESS,2026-08-23T22:19:01.861Z,955211d4-28b8-44a0-8023-2bfaa48d6721
2.02608E+17,2.02608E+17,86,,sl_AdmissionAssessment,1705,0,0,SUCCESS,2026-08-23T22:20:02.709Z,955211d4-28b8-44a0-8023-2bfaa48d6721
2.02608E+17,2.02608E+17,46,,br_samms_pbi3_pay_auth,3409,0,0,SUCCESS,2026-08-18T13:17:14.054Z,03823c35-021d-4cc9-8374-59681a542f1d
2.02608E+17,2.02608E+17,98,,tbl_ConsenttoMarketing,6977,0,0,SUCCESS,2026-08-17T08:30:59.212Z,760fb7f7-522d-45ef-ae35-70bd18d17fef
2.02608E+17,2.02608E+17,46,,br_samms_vw3p_bill_sub,3950,0,0,SUCCESS,2026-08-18T13:17:14.054Z,03823c35-021d-4cc9-8374-59681a542f1d
2.02608E+17,2.02608E+17,98,,tbl_ConsenttoMarketing,7225,0,0,SUCCESS,2026-08-19T16:04:41.346Z,0e774440-67e4-4817-8f97-24afdbb9d82f
2.02608E+17,2.02608E+17,46,,br_samms_vw3p_bill_sub,1251,0,0,SUCCESS,2026-08-25T14:52:45.394Z,5e789551-b18e-4745-8526-2b8db3ceeb01
2.02608E+17,2.02608E+17,46,,br_samms_pbi3_pay_auth,3409,0,0,SUCCESS,2026-08-18T14:09:41.185Z,2b16abcf-416f-4fd8-80a9-0aa52ca66e5c
2.02608E+17,2.02608E+17,46,,br_samms_vw3p_bill_sub,3952,0,0,SUCCESS,2026-08-18T14:09:41.185Z,2b16abcf-416f-4fd8-80a9-0aa52ca66e5c
2.02608E+17,2.02608E+17,46,,br_samms_pbi3_pay_auth,3409,0,0,SUCCESS,2026-08-17T06:16:01.149Z,09d84bc7-e629-48a4-a32a-826b207e96d1
2.02608E+17,2.02608E+17,46,,br_samms_vw3p_bill_sub,1375,0,0,SUCCESS,2026-08-14T15:11:50.100Z,1c123384-c339-4954-be1f-3a8d150ebb14
2.02608E+17,2.02608E+17,46,,br_samms_pbi3_pay_auth,3411,0,0,SUCCESS,2026-08-20T10:41:00.075Z,069e8d01-766c-4679-b3df-c21f4d7bc3d1
2.02608E+17,2.02608E+17,46,,br_samms_claim_line_item,246061,0,0,SUCCESS,2026-08-14T15:11:50.100Z,1c123384-c339-4954-be1f-3a8d150ebb14
2.02608E+17,2.02608E+17,46,,br_samms_claim_line_item,546644,0,0,SUCCESS,2026-08-20T03:04:41.109Z,05c5c70e-2926-4311-8f49-65b9279948a3
2.02608E+17,2.02608E+17,46,,br_samms_claim_line_item,546644,0,0,SUCCESS,2026-08-18T13:17:14.054Z,03823c35-021d-4cc9-8374-59681a542f1d
2.02608E+17,2.02608E+17,46,,br_samms_claim_line_item,546644,0,0,SUCCESS,2026-08-20T10:41:00.075Z,069e8d01-766c-4679-b3df-c21f4d7bc3d1
2.02608E+17,2.02608E+17,46,,br_samms_claim_line_item,546644,0,0,SUCCESS,2026-08-18T14:09:41.185Z,2b16abcf-416f-4fd8-80a9-0aa52ca66e5c
2.02608E+17,2.02608E+17,46,,br_samms_claim_line_item,248594,0,0,SUCCESS,2026-08-25T14:52:45.394Z,5e789551-b18e-4745-8526-2b8db3ceeb01
2.02608E+17,2.02608E+17,88,,br_samms_custom_questions,0,0,0,SUCCESS,2026-08-25T17:32:44.371Z,72553dbc-d702-4eda-a5d0-9ceb643e22ea
2.02608E+17,2.02608E+17,84,223,stgEvents,0,0,0,SUCCESS,2026-08-21T10:52:55.460Z,45603680-296f-4487-82f1-f8045d5f38e1
2.02608E+17,2.02608E+17,46,,br_samms_financial_hardship_application,301,0,0,SUCCESS,2026-08-25T14:52:45.394Z,5e789551-b18e-4745-8526-2b8db3ceeb01
2.02608E+17,2.02608E+17,46,,br_samms_financial_hardship_application,182,0,0,SUCCESS,2026-08-25T15:40:31.780Z,04d587cb-fd28-4f28-a572-c158aa92fa98
2.02608E+17,2.02608E+13,112,8622,sl_ua_drug_ref,1210,0,0,SUCCESS,2026-08-24T11:20:36.807Z,0962alssadgf_as255_d0988006789
2.02608E+17,2.02608E+13,112,8622,sl_ua_drug_ref,1262,0,0,SUCCESS,2026-08-24T11:36:20.291Z,0962alssadgf_as255_d0988006789
2.02608E+17,2.02608E+17,46,,br_samms_financial_hardship_application,182,0,0,SUCCESS,2026-08-26T17:26:29.472Z,7a1b4484-4dc4-4e48-b51b-e78359ce9673
2.02608E+17,2.02608E+17,84,223,stgEvents,0,0,0,SUCCESS,2026-08-20T16:03:44.488Z,95538f17-9d82-404e-9e3f-d1777714a921
2.02608E+17,2.02608E+17,84,223,stgEvents,0,0,0,SUCCESS,2026-08-20T18:00:37.009Z,635224f3-f193-4ab0-a06c-8d0fbf5d6c6d
2.02608E+17,2.02608E+17,107,8559,slv_uaresults,2307,0,0,SUCCESS,2026-08-12T09:17:49.923Z,577435af-c452-4617-9a3c-7d2b03361707
2.02608E+17,2.02608E+17,106,7276,brz_UAResults,8779,0,0,SUCCESS,2026-08-12T10:47:40.695Z,1325a4eb-aa02-4bc9-9fae-d06e40a0cece
2.02608E+17,2.02608E+17,107,8559,slv_uaresults,2306,0,0,SUCCESS,2026-08-12T03:50:30.130Z,72952692-3a45-4fdd-be32-4592206c2867
2.02608E+17,2.02608E+17,106,7276,brz_UAResults,1951,0,0,SUCCESS,2026-08-12T03:48:51.003Z,72952692-3a45-4fdd-be32-4592206c2867
2.02608E+17,2.02608E+17,106,7276,brz_UAResults,1756,0,0,SUCCESS,2026-08-12T09:15:30.604Z,577435af-c452-4617-9a3c-7d2b03361707
2.02608E+17,2.02608E+17,106,7276,brz_UAResults,8842,0,0,SUCCESS,2026-08-13T04:12:16.734Z,11ed6329-841a-4e7a-bfb1-61191c79c28e
2.02608E+17,2.02608E+17,119,,sl_NewPeriodicReassessmentCounselorReview,2850,0,0,SUCCESS,2026-08-15T05:55:49.193Z,92fdec37-a7f1-4589-8ea2-af8b074ddb31
2.02608E+17,2.02608E+17,84,220,stgContacts,0,0,0,SUCCESS,2026-08-20T16:02:50.946Z,95538f17-9d82-404e-9e3f-d1777714a921
2.02608E+17,2.02608E+17,119,,sl_NewPeriodicReassessmentCounselorReview,2850,0,0,SUCCESS,2026-08-17T11:49:45.238Z,50b193b8-c8c8-41b3-8f69-a5e058560d7e
2.02608E+17,2.02608E+17,119,,sl_NewPeriodicReassessmentCounselorReview,2847,0,0,SUCCESS,2026-08-14T15:18:57.019Z,7969362d-463a-4985-92c3-d629dd6d5c4e
2.02608E+17,2.02608E+13,1,16,br_Positions,10,0,0,SUCCESS,2026-08-10T05:33:14.225Z,3848d083-d62d-4230-a484-06d335ca9baa
2.02608E+17,2.02608E+13,1,3,br_OrgLevels,202,0,0,SUCCESS,2026-08-11T08:45:04.284Z,0fc9623f-ac58-4aee-8aa3-3afbc5271078
2.02608E+17,2.02608E+13,1,16,br_Positions,10,0,0,SUCCESS,2026-08-12T04:08:38.961Z,5887a7ec-8e8e-4ea8-ac1e-92a68946509a
2.02608E+17,2.02608E+13,1,3,br_OrgLevels,202,0,0,SUCCESS,2026-08-10T05:29:59.960Z,3848d083-d62d-4230-a484-06d335ca9baa
2.02608E+17,2.02608E+13,1,3,br_OrgLevels,202,0,0,SUCCESS,2026-08-12T04:02:51.917Z,5887a7ec-8e8e-4ea8-ac1e-92a68946509a
2.02608E+17,2.02608E+17,86,,sl_AdmissionAssessmentSummary,914,0,0,SUCCESS,2026-08-17T00:12:19.802Z,77f58b99-e250-4627-9f17-559331ecd0ef
2.02608E+17,2.02608E+17,85,,br_AdmissionAssessmentSummary,914,0,0,SUCCESS,2026-08-17T00:10:42.423Z,77f58b99-e250-4627-9f17-559331ecd0ef
2.02608E+17,2.02608E+17,97,,br_samms_eandm_form_pregnancy,955,0,0,SUCCESS,2026-08-26T18:00:11.716Z,4b416fe5-6f5c-4fb7-baa8-f0b32475e9c6
2.02608E+17,2.02608E+17,85,,br_ReAssessmentPhysicalHealth,697,0,0,SUCCESS,2026-08-10T09:54:37.587Z,6ef3fd30-03b0-4dcd-9022-3df447f4d036
2.02608E+17,2.02608E+17,86,,sl_AdmissionAssessmentSummary,909,0,0,SUCCESS,2026-08-10T09:56:01.413Z,6ef3fd30-03b0-4dcd-9022-3df447f4d036
2.02608E+17,2.02608E+17,32,,tbl_dbo_FormAnswerSignatures,8857696,0,0,SUCCESS,2026-08-14T19:36:55.729Z,015634ea-243f-49e1-a18e-0e1d033651d1
2.02608E+17,2.02608E+17,32,,tbl_dbo_FormAnswerSignatures,2127948,0,0,SUCCESS,2026-08-11T00:48:03.704Z,03b87ee5-1e5e-4b32-ba16-03ddc89bc75a
2.02608E+17,2.02608E+17,32,,tbl_dbo_FormAnswerSignatures,2127932,0,0,SUCCESS,2026-08-10T22:28:12.688Z,733bdb65-98e7-4d6d-af8f-93040e55bb44
2.02608E+17,2.02608E+17,32,,tbl_dbo_FormAnswerSignatures,2127948,0,0,SUCCESS,2026-08-10T23:24:39.827Z,577185a2-f5a0-4625-b776-012683caf0bc
2.02608E+17,2.02608E+17,97,,br_samms_consent_to_marketing,79,0,0,SUCCESS,2026-08-26T18:00:11.716Z,4b416fe5-6f5c-4fb7-baa8-f0b32475e9c6
2.02608E+17,2.02608E+17,86,,sl_AdmissionAssessment,12344,0,0,SUCCESS,2026-08-26T09:01:58.154Z,912d32aa-0b7f-4999-bf60-6670fe5985ea
2.02608E+17,2.02608E+17,98,,tbl_SMSTextConsentForm,14481,0,0,SUCCESS,2026-08-26T18:00:46.514Z,4b416fe5-6f5c-4fb7-baa8-f0b32475e9c6
2.02608E+17,2.02608E+17,98,,tbl_EandMFormPregnancy,62185,0,0,SUCCESS,2026-08-17T08:30:59.212Z,760fb7f7-522d-45ef-ae35-70bd18d17fef
2.02608E+17,2.02608E+17,85,,br_AdmissionAssessment,12342,0,0,SUCCESS,2026-08-25T21:27:09.957Z,7eb7a049-5d17-4a23-bb2f-3b9c445afd32
2.02608E+17,2.02608E+17,120,,NewAdmissionAssessment,1308,0,0,SUCCESS,2026-08-17T07:56:14.288Z,422b71cc-fe6c-4f30-846d-92fb5587d0e9
2.02608E+17,2.02608E+17,86,,sl_AdmissionAssessment,12390,0,0,SUCCESS,2026-08-26T22:16:17.170Z,20846baf-2fe5-403c-85d4-31520e88a3ce
2.02608E+17,2.02608E+17,85,,br_AdmissionAssessment,12292,0,0,SUCCESS,2026-08-26T09:00:37.286Z,912d32aa-0b7f-4999-bf60-6670fe5985ea
2.02608E+17,2.02608E+17,98,,tbl_SMSTextConsentForm,14480,0,0,SUCCESS,2026-08-19T16:04:41.346Z,0e774440-67e4-4817-8f97-24afdbb9d82f
2.02608E+17,2.02608E+17,98,,tbl_SMSTextConsentForm,14216,0,0,SUCCESS,2026-08-17T08:30:59.212Z,760fb7f7-522d-45ef-ae35-70bd18d17fef
2.02608E+17,2.02608E+17,45,193,FeeSched,16222,0,0,SUCCESS,2026-08-21T09:34:53.640Z,859bd6e7-8433-41b7-8f16-164cdd55063d
2.02608E+17,2.02608E+17,84,216,Accounts,13543,0,0,SUCCESS,2026-08-21T02:18:15.697Z,6e633944-6270-4167-9c27-2b58aaa91b88
2.02608E+17,2.02608E+17,45,193,FeeSched,16222,0,0,SUCCESS,2026-08-21T02:41:13.115Z,37d39418-848b-43a3-aff1-182cc8bb7455
2.02608E+17,2.02608E+17,46,,br_samms_payer_clt_history,1494,0,0,SUCCESS,2026-08-20T10:41:00.075Z,069e8d01-766c-4679-b3df-c21f4d7bc3d1
2.02608E+17,2.02608E+17,86,,sl_OrientationChecklistNew,2040,0,0,SUCCESS,2026-08-22T11:20:00.031Z,28d7acf5-bc26-4be3-b390-775b9af3d980
2.02608E+17,2.02608E+17,118,,br_NewPeriodicReassessment,563,0,0,SUCCESS,2026-08-25T04:04:14.716Z,8c969a39-95ec-4087-9ad3-4a9580887e34
2.02608E+17,2.02608E+17,77,,tbl_SF_PatientPreAdmission,9692,0,0,SUCCESS,2026-08-12T19:28:28.534Z,08d29c93-5d20-4cf2-aadc-bec1ce1bf79a
2.02608E+17,2.02608E+17,85,,br_OrientationChecklistNew,1900,0,0,SUCCESS,2026-08-23T22:19:01.861Z,955211d4-28b8-44a0-8023-2bfaa48d6721
2.02608E+17,2.02608E+17,47,,tbl_ClaimLineItemActivity,53058507,0,0,SUCCESS,2026-08-20T14:31:13.395Z,5f0dd8ad-486e-4238-8933-2b89499a6e18
2.02608E+17,2.02608E+17,47,,tbl_ClaimLineItemActivity,51709505,0,0,SUCCESS,2026-08-20T03:05:45.530Z,05c5c70e-2926-4311-8f49-65b9279948a3
2.02608E+17,2.02608E+17,47,,tbl_ClaimLineItemActivity,51708640,0,0,SUCCESS,2026-08-18T14:11:08.071Z,2b16abcf-416f-4fd8-80a9-0aa52ca66e5c
2.02608E+17,2.02608E+13,6,35,8x8_CallVolume,115,0,0,SUCCESS,2026-08-14T03:05:47.412Z,360959fd-08b4-465c-be75-1bdb70b33137
2.02608E+17,2.02608E+17,85,,br_OrientationChecklistNew,10,0,0,SUCCESS,2026-08-10T09:54:37.587Z,6ef3fd30-03b0-4dcd-9022-3df447f4d036
2.02608E+17,2.02608E+17,118,,br_NewPeriodicReassessment,0,0,0,SUCCESS,2026-08-14T11:56:01.490Z,21f5cd31-796d-43ad-806e-67ead954f01a
2.02608E+17,2.02608E+17,46,,br_samms_payer_clt_history,61,0,0,SUCCESS,2026-08-25T15:40:31.780Z,04d587cb-fd28-4f28-a572-c158aa92fa98
2.02608E+17,2.02608E+17,76,,br_SF_PatientPreAdmission,609711,0,0,SUCCESS,2026-08-21T15:09:09.561Z,0c589208-2221-4d68-8178-9fb813ab6d11
2.02608E+17,2.02608E+17,76,,br_SF_PatientPreAdmission,177453,0,0,SUCCESS,2026-08-24T20:50:02.181Z,3493ae40-96b6-4051-9666-1f519a793994
2.02608E+17,2.02608E+17,47,,tbl_ClaimLineItemActivity,296347,0,0,SUCCESS,2026-08-25T14:53:28.816Z,5e789551-b18e-4745-8526-2b8db3ceeb01
2.02608E+17,2.02608E+17,47,,tbl_ClaimLineItemActivity,296347,0,0,SUCCESS,2026-08-25T15:41:15.440Z,04d587cb-fd28-4f28-a572-c158aa92fa98
2.02608E+17,2.02608E+17,47,,tbl_ClaimLineItemActivity,296511,0,0,SUCCESS,2026-08-26T17:27:26.991Z,7a1b4484-4dc4-4e48-b51b-e78359ce9673
2.02608E+17,2.02608E+17,76,,br_SF_PatientPreAdmission,484213,0,0,SUCCESS,2026-08-19T17:11:11.418Z,4736cb14-987d-4509-b3d7-654790c2de16
2.02608E+17,2.02608E+17,107,8556,sl_bamform,1148,0,0,SUCCESS,2026-08-15T11:45:24.884Z,09bdfa13-0c4c-4ca3-9dd3-abd349cbbab4
2.02608E+17,2.02608E+17,106,7391,br_UASched,5064,0,0,SUCCESS,2026-08-18T09:05:19.149Z,08f45940-4fba-4d40-8013-5941939f8b2e
2.02608E+17,2.02608E+17,106,6931,br_BAMForm,1156,0,0,SUCCESS,2026-08-17T12:42:46.767Z,71c4b27b-8df0-48dd-a1ee-a6ea3a63b852
2.02608E+17,2.02608E+17,106,7391,br_UASched,5023,0,0,SUCCESS,2026-08-17T12:42:46.767Z,71c4b27b-8df0-48dd-a1ee-a6ea3a63b852
2.02608E+17,2.02608E+13,1,14,br_Locations,182,0,0,SUCCESS,2026-08-12T04:06:08.657Z,5887a7ec-8e8e-4ea8-ac1e-92a68946509a
2.02608E+17,2.02608E+17,107,8556,sl_bamform,1148,0,0,SUCCESS,2026-08-17T06:54:18.784Z,83c0f655-df7d-4ce0-a8e7-3e8120951bbc
2.02608E+17,2.02608E+17,106,6931,br_BAMForm,1156,0,0,SUCCESS,2026-08-17T11:05:44.356Z,16b28601-46b7-41d7-bb6b-81142615d65b
2.02608E+17,2.02608E+17,106,6931,br_BAMForm,1167,0,0,SUCCESS,2026-08-19T05:35:06.090Z,05916e11-44cf-456b-ac26-991e7ff5d7aa
2.02608E+17,2.02608E+17,106,6816,br_CheckIn,2336,0,0,SUCCESS,2026-08-18T09:05:19.149Z,08f45940-4fba-4d40-8013-5941939f8b2e
2.02608E+17,2.02608E+17,107,8556,sl_bamform,1168,0,0,SUCCESS,2026-08-19T11:38:32.061Z,8c2f72fa-f3d3-4c31-9e7b-e1d36d508d72
2.02608E+17,2.02608E+17,107,8556,sl_bamform,1148,0,0,SUCCESS,2026-08-15T13:57:23.840Z,56214535-005b-4285-976b-e0172bc11b0b
2.02608E+17,2.02608E+17,106,6816,br_CheckIn,2126,0,0,SUCCESS,2026-08-17T12:42:46.767Z,71c4b27b-8df0-48dd-a1ee-a6ea3a63b852
2.02608E+17,2.02608E+17,118,,br_NewPeriodicReassessmentCounselorReview,1759,0,0,SUCCESS,2026-08-18T12:32:47.421Z,201d97b6-7f87-43f7-a098-fb002daf1faf
2.02608E+17,2.02608E+17,124,13635,sl_PA,1349,0,0,SUCCESS,2026-08-18T10:58:53.081Z,06767fa9-f980-4e92-a048-4dd43e2dbe98
2.02608E+17,2.02608E+17,124,13635,sl_PA,1346,0,0,SUCCESS,2026-08-14T15:19:39.212Z,58f20748-15b7-4a11-966c-9510b56c5310
2.02608E+17,2.02608E+17,124,13635,sl_PA,1352,0,0,SUCCESS,2026-08-21T10:36:33.855Z,8c07e343-4781-4d6b-b62d-dcb12587d856
2.02608E+17,2.02608E+17,86,,sl_AdmissionAssessmentDimensionFour,50811,0,0,SUCCESS,2026-08-25T21:28:22.248Z,7eb7a049-5d17-4a23-bb2f-3b9c445afd32
2.02608E+17,2.02608E+17,86,,sl_AdmissionAssessmentDimensionFour,50713,0,0,SUCCESS,2026-08-23T22:20:02.709Z,955211d4-28b8-44a0-8023-2bfaa48d6721
2.02608E+17,2.02608E+17,85,,br_AdmissionAssessmentDimensionFour,50713,0,0,SUCCESS,2026-08-23T22:19:01.861Z,955211d4-28b8-44a0-8023-2bfaa48d6721
2.02608E+17,2.02608E+17,123,12600,br_PA,1349,0,0,SUCCESS,2026-08-18T12:40:55.305Z,6a9f8fe6-e2a7-49ab-8570-443c59873958
2.02608E+17,2.02608E+17,86,,sl_AdmissionAssessmentDimensionFour,50858,0,0,SUCCESS,2026-08-26T22:16:17.170Z,20846baf-2fe5-403c-85d4-31520e88a3ce
2.02608E+17,2.02608E+17,123,12600,br_PA,1352,0,0,SUCCESS,2026-08-21T10:35:51.884Z,8c07e343-4781-4d6b-b62d-dcb12587d856
2.02608E+17,2.02608E+17,123,12600,br_PA,1355,0,0,SUCCESS,2026-08-22T09:31:58.400Z,39d3782c-f729-4e52-b4aa-f257942a503a
2.02608E+17,2.02608E+17,85,,br_AdmissionAssessmentDimensionFour,50813,0,0,SUCCESS,2026-08-26T09:00:37.286Z,912d32aa-0b7f-4999-bf60-6670fe5985ea
2.02608E+17,2.02608E+17,83,209,sl_sf_recordtype,21,0,0,SUCCESS,2026-08-17T10:19:41.818Z,7037e752-f6e1-4d8a-bc47-4e70a4e83a16
2.02608E+17,2.02608E+17,83,209,sl_sf_recordtype,21,0,0,SUCCESS,2026-08-21T02:11:34.581Z,6e633944-6270-4167-9c27-2b58aaa91b88
2.02608E+17,2.02608E+17,83,209,sl_sf_recordtype,21,0,0,SUCCESS,2026-08-15T08:20:42.241Z,749d5262-86ff-40e0-8a86-2235f2d6051c
2.02608E+17,2.02608E+17,83,209,sl_sf_recordtype,21,0,0,SUCCESS,2026-08-20T15:55:10.510Z,95538f17-9d82-404e-9e3f-d1777714a921
2.02608E+17,2.02608E+17,83,209,sl_sf_recordtype,21,0,0,SUCCESS,2026-08-14T11:14:53.459Z,65af9a38-d304-499c-abe3-51037aa67f0b
2.02608E+17,2.02608E+17,89,,tbl_PreAdmission_V6,23968,0,0,SUCCESS,2026-08-22T13:25:23.299Z,63818914-9c2b-4ff6-ac1c-35595835ab93
2.02608E+17,2.02608E+17,47,,tbl_PayerCltHistory,47063,0,0,SUCCESS,2026-08-14T15:12:50.431Z,1c123384-c339-4954-be1f-3a8d150ebb14
2.02608E+17,2.02608E+17,31,,br_tblFormAnswerSig,5126,0,0,SUCCESS,2026-08-11T00:47:45.201Z,03b87ee5-1e5e-4b32-ba16-03ddc89bc75a
2.02608E+17,2.02608E+17,89,,tbl_CustomQuestions,1958,0,0,SUCCESS,2026-08-21T21:06:56.389Z,8488c727-7e26-424c-b4ea-f3ce6564dbed
2.02608E+17,2.02608E+17,89,,tbl_CustomQuestions,1958,0,0,SUCCESS,2026-08-22T13:25:23.299Z,63818914-9c2b-4ff6-ac1c-35595835ab93
2.02608E+17,2.02608E+17,31,,br_tblFormAnswerSig,2127932,96,0,FAILED,2026-08-10T22:27:56.468Z,733bdb65-98e7-4d6d-af8f-93040e55bb44
2.02608E+17,2.02608E+17,31,,br_tblFormAnswerSig,2127922,96,0,FAILED,2026-08-10T21:41:42.334Z,0e7e4594-5e6f-405f-a303-69a6f189ed20
2.02608E+17,2.02608E+17,31,,br_tblFormAnswerSig,2127948,96,0,FAILED,2026-08-10T23:24:33.533Z,577185a2-f5a0-4625-b776-012683caf0bc
2.02608E+17,2.02608E+17,97,,br_samms_sms_text_consent_form,141,0,0,SUCCESS,2026-08-26T18:00:11.716Z,4b416fe5-6f5c-4fb7-baa8-f0b32475e9c6
2.02608E+17,2.02608E+17,89,,tbl_PreadmissionReferralSource,617,0,0,SUCCESS,2026-08-25T16:51:56.379Z,6d78ce37-8c21-4519-a454-1e5ee4a84a47
2.02608E+17,2.02608E+17,97,,br_samms_sms_text_consent_form,338,0,0,SUCCESS,2026-08-17T08:30:09.387Z,760fb7f7-522d-45ef-ae35-70bd18d17fef
2.02608E+17,2.02608E+17,89,,tbl_PreadmissionReferralSource,617,0,0,SUCCESS,2026-08-25T17:33:23.911Z,72553dbc-d702-4eda-a5d0-9ceb643e22ea
2.02608E+17,2.02608E+17,43,170,br_ClaimStatus,392,0,0,SUCCESS,2026-08-21T02:40:27.029Z,37d39418-848b-43a3-aff1-182cc8bb7455
2.02608E+17,2.02608E+13,132,13701,CensusFirstDose,4913,0,1,FAILED,2026-08-27T07:30:52.123Z,67cdece8-9745-4c87-ab73-e4e58104b61d
2.02608E+17,2.02608E+17,43,170,br_ClaimStatus,392,0,0,SUCCESS,2026-08-21T09:33:55.375Z,859bd6e7-8433-41b7-8f16-164cdd55063d
2.02608E+17,2.02608E+17,43,172,br_GlobalPayor,909,0,0,SUCCESS,2026-08-21T09:33:55.375Z,859bd6e7-8433-41b7-8f16-164cdd55063d
2.02608E+17,2.02608E+17,43,172,br_GlobalPayor,909,0,0,SUCCESS,2026-08-21T02:40:27.029Z,37d39418-848b-43a3-aff1-182cc8bb7455
2.02608E+17,2.02608E+17,97,,br_samms_take_home_agreement_diversion_control,304,0,0,SUCCESS,2026-08-17T08:30:09.387Z,760fb7f7-522d-45ef-ae35-70bd18d17fef
2.02608E+17,2.02608E+13,132,13701,CensusFirstDose,4913,0,1,FAILED,2026-08-27T06:47:21.865Z,475c3e58-0434-45d9-b3f8-9d768448de53
2.02608E+17,2.02608E+17,44,182,sl_GlobalPayor,909,0,0,SUCCESS,2026-08-21T09:34:25.751Z,859bd6e7-8433-41b7-8f16-164cdd55063d
2.02608E+17,2.02608E+17,44,180,sl_ClaimStatus,392,0,0,SUCCESS,2026-08-21T09:34:25.751Z,859bd6e7-8433-41b7-8f16-164cdd55063d
2.02608E+17,2.02608E+17,107,8568,sl_enrollment,14871,0,0,SUCCESS,2026-08-17T06:54:18.784Z,83c0f655-df7d-4ce0-a8e7-3e8120951bbc
2.02608E+17,2.02608E+17,107,8559,slv_uaresults,10205,0,0,SUCCESS,2026-08-13T04:14:04.310Z,11ed6329-841a-4e7a-bfb1-61191c79c28e
2.02608E+17,2.02608E+17,107,8559,slv_uaresults,10220,0,0,SUCCESS,2026-08-14T06:19:22.669Z,9a6b8567-8347-49cb-b213-618351c5e21c
2.02608E+17,2.02608E+17,107,8568,sl_enrollment,14891,0,0,SUCCESS,2026-08-19T11:38:32.061Z,8c2f72fa-f3d3-4c31-9e7b-e1d36d508d72
2.02608E+17,2.02608E+17,106,6931,brz_BAMForm,1137,0,0,SUCCESS,2026-08-12T10:47:40.695Z,1325a4eb-aa02-4bc9-9fae-d06e40a0cece
2.02608E+17,2.02608E+17,26,56,tbl_dartsrv,9080311,0,0,SUCCESS,2026-08-24T16:54:20.316Z,5cf5e7e6-6128-4873-becd-173291142e4e
2.02608E+17,2.02608E+17,106,6816,brz_CheckIn,2261,0,0,SUCCESS,2026-08-12T09:15:30.604Z,577435af-c452-4617-9a3c-7d2b03361707
2.02608E+17,2.02608E+17,106,6931,brz_BAMForm,1137,0,0,SUCCESS,2026-08-12T09:15:30.604Z,577435af-c452-4617-9a3c-7d2b03361707
2.02608E+17,2.02608E+17,106,6816,brz_CheckIn,2283,0,0,SUCCESS,2026-08-14T07:19:15.475Z,4f29b93d-8b22-445c-9466-6259e423edcc
2.02608E+17,2.02608E+17,106,6931,brz_BAMForm,1143,0,0,SUCCESS,2026-08-13T04:12:16.734Z,11ed6329-841a-4e7a-bfb1-61191c79c28e
2.02608E+17,2.02608E+17,107,8556,slv_bamform,1143,0,0,SUCCESS,2026-08-13T04:14:04.310Z,11ed6329-841a-4e7a-bfb1-61191c79c28e
2.02608E+17,2.02608E+17,107,8556,slv_bamform,1148,0,0,SUCCESS,2026-08-14T06:19:22.669Z,9a6b8567-8347-49cb-b213-618351c5e21c
2.02608E+17,2.02608E+17,106,6931,brz_BAMForm,1130,0,0,SUCCESS,2026-08-11T04:11:14.720Z,6e36e3b5-c33e-4cc8-b6e2-dc5c3524428c
2.02608E+17,2.02608E+17,107,8555,slv_checkin,2793,0,0,SUCCESS,2026-08-12T03:50:30.130Z,72952692-3a45-4fdd-be32-4592206c2867
2.02608E+17,2.02608E+17,106,6816,brz_CheckIn,2283,0,0,SUCCESS,2026-08-14T05:54:46.519Z,367e5368-81b8-4196-9731-5b3efc5e39d9
2.02608E+17,2.02608E+17,106,7391,brz_UASched,5126,0,0,SUCCESS,2026-08-14T06:18:16.108Z,9a6b8567-8347-49cb-b213-618351c5e21c
2.02608E+17,2.02608E+17,106,6816,brz_CheckIn,2358,0,0,SUCCESS,2026-08-11T04:11:14.720Z,6e36e3b5-c33e-4cc8-b6e2-dc5c3524428c
2.02608E+17,2.02608E+17,106,7391,brz_UASched,5218,0,0,SUCCESS,2026-08-12T09:15:30.604Z,577435af-c452-4617-9a3c-7d2b03361707
2.02608E+17,2.02608E+17,26,56,tbl_dartsrv,9070785,0,0,SUCCESS,2026-08-10T17:05:27.120Z,65578016-529d-4720-bf98-2c3312e01fed
2.02608E+17,2.02608E+17,107,8560,slv_uasched,5566,0,0,SUCCESS,2026-08-12T03:50:30.130Z,72952692-3a45-4fdd-be32-4592206c2867
2.02608E+17,2.02608E+13,91,5714,br_conferdeploy_cbinventory,4,0,0,SUCCESS,2026-08-19T15:55:55.696Z,70375d96-6ad0-4ecf-ab3c-8dd1fbb1f757
2.02608E+17,2.02608E+13,92,5715,sl_conferdeploy_cbinventory,4,0,0,SUCCESS,2026-08-19T15:58:06.847Z,70375d96-6ad0-4ecf-ab3c-8dd1fbb1f757
2.02608E+17,2.02608E+17,118,,br_NewAdmissionAssessmentASAMDimension2,844,0,0,SUCCESS,2026-08-15T05:55:17.589Z,92fdec37-a7f1-4589-8ea2-af8b074ddb31
2.02608E+17,2.02608E+17,118,,br_NewAdmissionAssessmentASAMDimension2,454,0,0,SUCCESS,2026-08-25T04:04:14.716Z,8c969a39-95ec-4087-9ad3-4a9580887e34
2.02608E+17,2.02608E+17,118,,br_NewAdmissionAssessmentASAMDimension2,844,0,0,SUCCESS,2026-08-17T11:47:31.137Z,50b193b8-c8c8-41b3-8f69-a5e058560d7e
2.02608E+17,2.02608E+17,46,,br_samms_financial_hardship_application,2266,0,0,SUCCESS,2026-08-20T03:04:41.109Z,05c5c70e-2926-4311-8f49-65b9279948a3
2.02608E+17,2.02608E+17,118,,br_NewAdmissionAssessmentASAMDimension2,844,0,0,SUCCESS,2026-08-17T07:50:19.981Z,422b71cc-fe6c-4f30-846d-92fb5587d0e9
2.02608E+17,2.02608E+17,118,,br_NewAdmissionAssessmentASAMDimension4,458,0,0,SUCCESS,2026-08-25T04:04:14.716Z,8c969a39-95ec-4087-9ad3-4a9580887e34
2.02608E+17,2.02608E+17,118,,br_NewAdmissionAssessmentASAMDimension6,859,0,0,SUCCESS,2026-08-17T11:47:31.137Z,50b193b8-c8c8-41b3-8f69-a5e058560d7e
2.02608E+17,2.02608E+17,118,,br_NewAdmissionAssessmentASAMDimension6,856,0,0,SUCCESS,2026-08-14T07:46:03.913Z,9e759780-91b7-4e4a-882b-cd4350ec70b7
2.02608E+17,2.02608E+17,46,,br_samms_financial_hardship_application,2266,0,0,SUCCESS,2026-08-20T10:41:00.075Z,069e8d01-766c-4679-b3df-c21f4d7bc3d1
2.02608E+17,2.02608E+17,46,,br_samms_financial_hardship_application,300,0,0,SUCCESS,2026-08-14T15:11:50.100Z,1c123384-c339-4954-be1f-3a8d150ebb14
2.02608E+17,2.02608E+17,84,223,stgEvents,0,0,0,SUCCESS,2026-08-21T02:21:25.260Z,6e633944-6270-4167-9c27-2b58aaa91b88
2.02608E+17,2.02608E+17,85,,br_Appointments,2441272,0,0,SUCCESS,2026-08-25T21:27:09.957Z,7eb7a049-5d17-4a23-bb2f-3b9c445afd32
2.02608E+17,2.02608E+17,85,,br_Appointments,2441598,0,0,SUCCESS,2026-08-26T09:00:37.286Z,912d32aa-0b7f-4999-bf60-6670fe5985ea
2.02608E+17,2.02608E+17,46,,br_samms_claims,9705082,0,0,SUCCESS,2026-08-20T14:30:17.703Z,5f0dd8ad-486e-4238-8933-2b89499a6e18
2.02608E+17,2.02608E+17,86,,sl_Appointments,2670682,0,0,SUCCESS,2026-08-25T21:28:22.248Z,7eb7a049-5d17-4a23-bb2f-3b9c445afd32
2.02608E+17,2.02608E+17,85,,br_Appointments,2433043,0,0,SUCCESS,2026-08-23T22:19:01.861Z,955211d4-28b8-44a0-8023-2bfaa48d6721
2.02608E+17,2.02608E+17,85,,br_Appointments,2445508,0,0,SUCCESS,2026-08-26T22:15:14.728Z,20846baf-2fe5-403c-85d4-31520e88a3ce
2.02608E+17,2.02608E+17,86,,sl_Appointments,2435216,0,0,SUCCESS,2026-08-23T22:20:02.709Z,955211d4-28b8-44a0-8023-2bfaa48d6721
2.02608E+17,2.02608E+17,86,,sl_Appointments,2671104,0,0,SUCCESS,2026-08-26T09:01:58.154Z,912d32aa-0b7f-4999-bf60-6670fe5985ea
2.02608E+17,2.02608E+17,46,,br_samms_3p_elig,89,0,0,SUCCESS,2026-08-26T17:26:29.472Z,7a1b4484-4dc4-4e48-b51b-e78359ce9673
2.02608E+17,2.02608E+17,46,,br_samms_3p_elig,89,0,0,SUCCESS,2026-08-25T15:40:31.780Z,04d587cb-fd28-4f28-a572-c158aa92fa98
2.02608E+17,2.02608E+17,47,,tbl_ClientDemo2,405923,0,0,SUCCESS,2026-08-14T15:12:50.431Z,1c123384-c339-4954-be1f-3a8d150ebb14
2.02608E+17,2.02608E+17,47,,tbl_ClientDemo1,405931,0,0,SUCCESS,2026-08-17T06:17:15.319Z,09d84bc7-e629-48a4-a32a-826b207e96d1
2.02608E+17,2.02608E+17,125,13650,PADimension5,1333,0,0,SUCCESS,2026-08-18T11:01:06.975Z,06767fa9-f980-4e92-a048-4dd43e2dbe98
2.02608E+17,2.02608E+17,125,13651,PADimension6,1332,0,0,SUCCESS,2026-08-18T12:43:56.071Z,6a9f8fe6-e2a7-49ab-8570-443c59873958
2.02608E+17,2.02608E+17,106,7046,brz_BAMScore,19950,0,0,SUCCESS,2026-08-12T09:15:30.604Z,577435af-c452-4617-9a3c-7d2b03361707
2.02608E+17,2.02608E+17,125,13647,PADimension2,1339,0,0,SUCCESS,2026-08-18T11:01:06.975Z,06767fa9-f980-4e92-a048-4dd43e2dbe98
2.02608E+17,2.02608E+17,107,8557,slv_bamscore,19950,0,0,SUCCESS,2026-08-12T09:17:49.923Z,577435af-c452-4617-9a3c-7d2b03361707
2.02608E+17,2.02608E+17,125,13646,PADimension1,1349,0,0,SUCCESS,2026-08-18T11:01:06.975Z,06767fa9-f980-4e92-a048-4dd43e2dbe98
2.02608E+17,2.02608E+17,107,8559,sl_uaresults,10220,0,0,SUCCESS,2026-08-17T06:54:18.784Z,83c0f655-df7d-4ce0-a8e7-3e8120951bbc
2.02608E+17,2.02608E+17,106,7046,brz_BAMScore,20007,0,0,SUCCESS,2026-08-14T07:19:15.475Z,4f29b93d-8b22-445c-9466-6259e423edcc
2.02608E+17,2.02608E+17,125,13648,PADimension3,1336,0,0,SUCCESS,2026-08-18T12:43:56.071Z,6a9f8fe6-e2a7-49ab-8570-443c59873958
2.02608E+17,2.02608E+17,107,8559,sl_uaresults,10315,0,0,SUCCESS,2026-08-17T12:44:21.971Z,71c4b27b-8df0-48dd-a1ee-a6ea3a63b852
2.02608E+17,2.02608E+17,107,8557,slv_bamscore,19950,0,0,SUCCESS,2026-08-12T03:50:30.130Z,72952692-3a45-4fdd-be32-4592206c2867
2.02608E+17,2.02608E+17,125,13649,PADimension4,1336,0,0,SUCCESS,2026-08-18T12:43:56.071Z,6a9f8fe6-e2a7-49ab-8570-443c59873958
2.02608E+17,2.02608E+17,106,7046,brz_BAMScore,19950,0,0,SUCCESS,2026-08-12T03:48:51.003Z,72952692-3a45-4fdd-be32-4592206c2867
2.02608E+17,2.02608E+17,107,8559,sl_uaresults,10315,0,0,SUCCESS,2026-08-17T11:07:18.741Z,16b28601-46b7-41d7-bb6b-81142615d65b
2.02608E+17,2.02608E+17,125,13651,PADimension6,1332,0,0,SUCCESS,2026-08-18T11:01:06.975Z,06767fa9-f980-4e92-a048-4dd43e2dbe98
2.02608E+17,2.02608E+17,86,,sl_AdmissionAssessmentDimensionTwo,51371,0,0,SUCCESS,2026-08-25T21:28:22.248Z,7eb7a049-5d17-4a23-bb2f-3b9c445afd32
2.02608E+17,2.02608E+17,86,,sl_AdmissionAssessmentDimensionSix,50574,0,0,SUCCESS,2026-08-23T22:20:02.709Z,955211d4-28b8-44a0-8023-2bfaa48d6721
2.02608E+17,2.02608E+17,85,,br_AdmissionAssessmentDimensionSix,50673,0,0,SUCCESS,2026-08-25T21:27:09.957Z,7eb7a049-5d17-4a23-bb2f-3b9c445afd32
2.02608E+17,2.02608E+17,85,,br_AdmissionAssessmentDimensionTwo,51373,0,0,SUCCESS,2026-08-26T09:00:37.286Z,912d32aa-0b7f-4999-bf60-6670fe5985ea
2.02608E+17,2.02608E+17,85,,br_AdmissionAssessmentDimensionTwo,51419,0,0,SUCCESS,2026-08-26T22:15:14.728Z,20846baf-2fe5-403c-85d4-31520e88a3ce
2.02608E+17,2.02608E+17,86,,sl_AdmissionAssessmentDimensionSix,50464,0,0,SUCCESS,2026-08-19T22:56:44.161Z,2caac1da-4db4-431b-998d-21dc6fd03dce
2.02608E+17,2.02608E+17,86,,sl_AdmissionAssessmentDimensionTwo,51267,0,0,SUCCESS,2026-08-23T22:20:02.709Z,955211d4-28b8-44a0-8023-2bfaa48d6721
2.02608E+17,2.02608E+17,86,,sl_AdmissionAssessmentDimensionSix,50477,0,0,SUCCESS,2026-08-22T11:20:00.031Z,28d7acf5-bc26-4be3-b390-775b9af3d980
2.02608E+17,2.02608E+17,84,218,Users,474,0,0,SUCCESS,2026-08-20T17:58:03.573Z,635224f3-f193-4ab0-a06c-8d0fbf5d6c6d
2.02608E+17,2.02608E+17,84,218,Users,474,0,0,SUCCESS,2026-08-21T10:50:21.473Z,45603680-296f-4487-82f1-f8045d5f38e1
2.02608E+17,2.02608E+17,84,13673,Cases,0,0,0,SUCCESS,2026-08-21T10:55:08.503Z,45603680-296f-4487-82f1-f8045d5f38e1
2.02608E+17,2.02608E+17,84,13673,Cases,0,0,0,SUCCESS,2026-08-20T16:05:53.336Z,95538f17-9d82-404e-9e3f-d1777714a921
2.02608E+17,2.02608E+17,84,13673,Cases,0,0,0,SUCCESS,2026-08-21T02:23:48.943Z,6e633944-6270-4167-9c27-2b58aaa91b88
2.02608E+17,2.02608E+17,84,218,Users,474,0,0,SUCCESS,2026-08-21T02:19:10.911Z,6e633944-6270-4167-9c27-2b58aaa91b88
2.02608E+17,2.02608E+17,84,218,Users,473,0,0,SUCCESS,2026-08-17T10:28:08.024Z,7037e752-f6e1-4d8a-bc47-4e70a4e83a16
2.02608E+17,2.02608E+17,84,13674,Leads,0,0,0,SUCCESS,2026-08-20T16:06:19.044Z,95538f17-9d82-404e-9e3f-d1777714a921
2.02608E+17,2.02608E+17,84,218,Users,473,0,0,SUCCESS,2026-08-14T11:23:16.194Z,65af9a38-d304-499c-abe3-51037aa67f0b
2.02608E+17,2.02608E+17,84,13673,Cases,0,0,0,SUCCESS,2026-08-20T18:02:40.723Z,635224f3-f193-4ab0-a06c-8d0fbf5d6c6d
2.02608E+17,2.02608E+17,89,,tbl_DroDownListItems,501788,0,0,SUCCESS,2026-08-22T13:25:23.299Z,63818914-9c2b-4ff6-ac1c-35595835ab93
2.02608E+17,2.02608E+17,89,,tbl_DroDownListItems,501788,0,0,SUCCESS,2026-08-21T21:06:56.389Z,8488c727-7e26-424c-b4ea-f3ce6564dbed
2.02608E+17,2.02608E+17,85,,br_ReAssessmentLegal,11528,0,0,SUCCESS,2026-08-22T11:18:45.494Z,28d7acf5-bc26-4be3-b390-775b9af3d980
2.02608E+17,2.02608E+17,86,,sl_ReAssessmentLegal,78449,0,0,SUCCESS,2026-08-26T09:01:58.154Z,912d32aa-0b7f-4999-bf60-6670fe5985ea
2.02608E+17,2.02608E+17,86,,sl_ReAssessmentLegal,77546,0,0,SUCCESS,2026-08-22T11:20:00.031Z,28d7acf5-bc26-4be3-b390-775b9af3d980
2.02608E+17,2.02608E+17,86,,sl_ReAssessmentLegal,78449,0,0,SUCCESS,2026-08-25T21:28:22.248Z,7eb7a049-5d17-4a23-bb2f-3b9c445afd32
2.02608E+17,2.02608E+17,31,,br_tblFormAnswerSig,8857668,96,0,FAILED,2026-08-14T19:36:39.668Z,015634ea-243f-49e1-a18e-0e1d033651d1
2.02608E+17,2.02608E+17,89,,tbl_PreAdmission_V6,184,0,0,SUCCESS,2026-08-25T17:33:23.911Z,72553dbc-d702-4eda-a5d0-9ceb643e22ea
2.02608E+17,2.02608E+17,47,,tbl_PayerCltHistory,558,0,0,SUCCESS,2026-08-26T17:27:26.991Z,7a1b4484-4dc4-4e48-b51b-e78359ce9673
2.02608E+17,2.02608E+17,47,,tbl_PayerCltHistory,558,0,0,SUCCESS,2026-08-25T14:53:28.816Z,5e789551-b18e-4745-8526-2b8db3ceeb01
2.02608E+17,2.02608E+17,47,,tbl_PayerCltHistory,558,0,0,SUCCESS,2026-08-25T15:41:15.440Z,04d587cb-fd28-4f28-a572-c158aa92fa98
2.02608E+17,2.02608E+17,89,,tbl_PreAdmission_V6,184,0,0,SUCCESS,2026-08-25T16:51:56.379Z,6d78ce37-8c21-4519-a454-1e5ee4a84a47
2.02608E+17,2.02608E+17,89,,tbl_CustomQuestions,49,0,0,SUCCESS,2026-08-25T16:51:56.379Z,6d78ce37-8c21-4519-a454-1e5ee4a84a47
2.02608E+17,2.02608E+17,89,,tbl_CustomQuestions,49,0,0,SUCCESS,2026-08-25T17:33:23.911Z,72553dbc-d702-4eda-a5d0-9ceb643e22ea
2.02608E+17,2.02608E+17,85,,br_LabResultDetail,565006,0,0,SUCCESS,2026-08-23T22:19:01.861Z,955211d4-28b8-44a0-8023-2bfaa48d6721
2.02608E+17,2.02608E+17,85,,br_LabResultDetail,123500,0,0,SUCCESS,2026-08-22T11:18:45.494Z,28d7acf5-bc26-4be3-b390-775b9af3d980
2.02608E+17,2.02608E+17,45,194,ClinicalOpiateWithdrawalScale,0,0,0,SUCCESS,2026-08-21T08:49:56.728Z,63de4b0b-e7e7-4150-93d6-8b706da9bfcd
2.02608E+17,2.02608E+17,47,,tbl_ClaimLineItem,248594,0,0,SUCCESS,2026-08-25T14:53:28.816Z,5e789551-b18e-4745-8526-2b8db3ceeb01
2.02608E+17,2.02608E+17,89,,tbl_CustomAnswers,192545,0,0,SUCCESS,2026-08-22T13:25:23.299Z,63818914-9c2b-4ff6-ac1c-35595835ab93
2.02608E+17,2.02608E+17,89,,tbl_CustomAnswers,192545,0,0,SUCCESS,2026-08-21T21:06:56.389Z,8488c727-7e26-424c-b4ea-f3ce6564dbed
2.02608E+17,2.02608E+17,47,,tbl_ClaimLineItem,248594,0,0,SUCCESS,2026-08-25T15:41:15.440Z,04d587cb-fd28-4f28-a572-c158aa92fa98
2.02608E+17,2.02608E+17,47,,tbl_ClaimLineItem,248594,0,0,SUCCESS,2026-08-26T17:27:26.991Z,7a1b4484-4dc4-4e48-b51b-e78359ce9673
2.02608E+17,2.02608E+17,88,,br_samms_services,27860,0,0,SUCCESS,2026-08-21T21:06:18.000Z,8488c727-7e26-424c-b4ea-f3ce6564dbed
2.02608E+17,2.02608E+17,88,,br_samms_services,27860,0,0,SUCCESS,2026-08-22T13:24:45.035Z,63818914-9c2b-4ff6-ac1c-35595835ab93
2.02608E+17,2.02608E+17,118,,br_newperiodicreassessmentd5,0,0,0,SUCCESS,2026-08-14T15:17:42.970Z,7969362d-463a-4985-92c3-d629dd6d5c4e
2.02608E+17,2.02608E+17,86,,sl_ReAssessmentOccupational,76766,0,0,SUCCESS,2026-08-22T11:20:00.031Z,28d7acf5-bc26-4be3-b390-775b9af3d980
2.02608E+17,2.02608E+17,86,,sl_ReAssessmentSubstanceUse,79713,0,0,SUCCESS,2026-08-23T22:20:02.709Z,955211d4-28b8-44a0-8023-2bfaa48d6721
2.02608E+17,2.02608E+17,86,,sl_ReAssessmentOccupational,78554,0,0,SUCCESS,2026-08-25T21:28:22.248Z,7eb7a049-5d17-4a23-bb2f-3b9c445afd32
2.02608E+17,2.02608E+17,86,,sl_ReAssessmentOccupational,74811,0,0,SUCCESS,2026-08-19T22:56:44.161Z,2caac1da-4db4-431b-998d-21dc6fd03dce
2.02608E+17,2.02608E+13,6,36,8x8_Users,5705,0,0,SUCCESS,2026-08-28T06:50:04.019Z,6f91deae-0832-4a56-ab71-80188798e1a1
2.02608E+17,2.02608E+13,6,36,8x8_Users,5652,0,0,SUCCESS,2026-08-14T09:00:04.344Z,36ebac0c-26de-4656-ae31-977cae255ad9
2.02608E+17,2.02608E+13,6,36,8x8_Users,5648,0,0,SUCCESS,2026-08-15T05:36:33.337Z,6517d2eb-46fa-4d72-8ea4-8ae23e1d30a8
2.02608E+17,2.02608E+13,6,36,8x8_Users,5652,0,0,SUCCESS,2026-08-14T02:33:41.894Z,7582fe2a-ab67-4726-aa6a-73a8a3ff4bdb
2.02608E+17,2.02608E+13,6,36,8x8_Users,5652,0,0,SUCCESS,2026-08-13T17:26:43.105Z,793a1d88-9a51-42e1-b67b-8a9da7bfcd79
2.02608E+17,2.02608E+13,6,36,8x8_Users,5627,0,0,SUCCESS,2026-08-10T04:11:31.374Z,0c0b5e48-d053-4755-97ee-27a6c27d227e
2.02608E+17,2.02608E+17,98,,tbl_EandMFormMDM,536450,0,0,SUCCESS,2026-08-26T18:00:46.514Z,4b416fe5-6f5c-4fb7-baa8-f0b32475e9c6
2.02608E+17,2.02608E+17,88,,br_samms_3p_setup,6,0,0,SUCCESS,2026-08-25T16:51:28.338Z,6d78ce37-8c21-4519-a454-1e5ee4a84a47
2.02608E+17,2.02608E+17,88,,br_samms_3p_setup,3,0,0,SUCCESS,2026-08-25T17:32:44.371Z,72553dbc-d702-4eda-a5d0-9ceb643e22ea
2.02608E+17,2.02608E+17,84,224,Tasks,0,0,0,SUCCESS,2026-08-20T16:04:01.819Z,95538f17-9d82-404e-9e3f-d1777714a921
2.02608E+17,2.02608E+13,132,13710,QiBAM,172870,0,1,FAILED,2026-08-27T06:53:55.759Z,475c3e58-0434-45d9-b3f8-9d768448de53
2.02608E+17,2.02608E+17,123,12830,br_PADimension1,1355,0,0,SUCCESS,2026-08-22T09:31:58.400Z,39d3782c-f729-4e52-b4aa-f257942a503a
2.02608E+17,2.02608E+17,124,13640,sl_PADimension4,1332,0,0,SUCCESS,2026-08-14T15:19:39.212Z,58f20748-15b7-4a11-966c-9510b56c5310
2.02608E+17,2.02608E+13,5,32,sl_8x8_CallVolume,5724,0,0,SUCCESS,2026-08-14T02:29:44.372Z,7582fe2a-ab67-4726-aa6a-73a8a3ff4bdb
2.02608E+17,2.02608E+17,123,13290,br_PADimension5,1330,0,0,SUCCESS,2026-08-14T15:18:21.922Z,58f20748-15b7-4a11-966c-9510b56c5310
2.02608E+17,2.02608E+17,124,13638,sl_PADimension2,1339,0,0,SUCCESS,2026-08-18T10:58:53.081Z,06767fa9-f980-4e92-a048-4dd43e2dbe98
2.02608E+17,2.02608E+17,124,13640,sl_PADimension4,1339,0,0,SUCCESS,2026-08-21T10:36:33.855Z,8c07e343-4781-4d6b-b62d-dcb12587d856
2.02608E+17,2.02608E+17,123,13290,br_PADimension5,1333,0,0,SUCCESS,2026-08-18T12:40:55.305Z,6a9f8fe6-e2a7-49ab-8570-443c59873958
2.02608E+17,2.02608E+17,124,13642,sl_PADimension6,1332,0,0,SUCCESS,2026-08-18T10:58:53.081Z,06767fa9-f980-4e92-a048-4dd43e2dbe98
2.02608E+17,2.02608E+17,123,12830,br_PADimension1,1352,0,0,SUCCESS,2026-08-21T10:35:51.884Z,8c07e343-4781-4d6b-b62d-dcb12587d856
2.02608E+17,2.02608E+17,124,13638,sl_PADimension2,1337,0,0,SUCCESS,2026-08-14T15:19:39.212Z,58f20748-15b7-4a11-966c-9510b56c5310
2.02608E+17,2.02608E+13,5,32,sl_8x8_CallVolume,2993,0,0,SUCCESS,2026-08-17T07:51:03.332Z,3ff82efb-5627-4b07-90b6-91557ea1f939
2.02608E+17,2.02608E+17,35,146,tbl_3pClaimNote,4542239,0,0,SUCCESS,2026-08-24T20:11:31.853Z,4d8b4395-4229-458f-ac6c-24f28fa466d2
2.02608E+17,2.02608E+13,101,13669,sl_QQgltran,0,0,0,FAILED,2026-08-12T10:11:38.314Z,073a6fce-c9bc-479b-9176-987e7c40f23f
2.02608E+17,2.02608E+17,119,,sl_NewAdmissionAssessmentASAMDimension2,1268,0,0,SUCCESS,2026-08-25T04:06:29.840Z,8c969a39-95ec-4087-9ad3-4a9580887e34
2.02608E+17,2.02608E+17,119,,sl_NewAdmissionAssessmentASAMDimension5,1254,0,0,SUCCESS,2026-08-14T05:53:26.971Z,49a6a879-8aad-45bb-887e-905eab5ea9bb
2.02608E+17,2.02608E+17,119,,sl_NewAdmissionAssessmentASAMDimension2,1256,0,0,SUCCESS,2026-08-15T14:39:25.281Z,556076c4-618a-4487-8b31-ba5017a3c197
2.02608E+17,2.02608E+17,119,,sl_NewAdmissionAssessmentASAMDimension4,1261,0,0,SUCCESS,2026-08-14T11:56:44.244Z,21f5cd31-796d-43ad-806e-67ead954f01a
2.02608E+17,2.02608E+17,119,,sl_NewAdmissionAssessmentASAMDimension6,1286,0,0,SUCCESS,2026-08-14T11:56:44.244Z,21f5cd31-796d-43ad-806e-67ead954f01a
2.02608E+17,2.02608E+17,119,,sl_NewAdmissionAssessmentASAMDimension6,1286,0,0,SUCCESS,2026-08-14T05:53:26.971Z,49a6a879-8aad-45bb-887e-905eab5ea9bb
2.02608E+17,2.02608E+17,119,,sl_NewAdmissionAssessmentASAMDimension4,1264,0,0,SUCCESS,2026-08-17T07:52:43.729Z,422b71cc-fe6c-4f30-846d-92fb5587d0e9
2.02608E+17,2.02608E+17,119,,sl_NewAdmissionAssessmentASAMDimension6,1289,0,0,SUCCESS,2026-08-15T05:55:49.193Z,92fdec37-a7f1-4589-8ea2-af8b074ddb31
2.02608E+17,2.02608E+17,119,,sl_NewAdmissionAssessmentASAMDimension2,1253,0,0,SUCCESS,2026-08-14T15:18:57.019Z,7969362d-463a-4985-92c3-d629dd6d5c4e
2.02608E+17,2.02608E+17,119,,sl_NewAdmissionAssessmentASAMDimension4,1261,0,0,SUCCESS,2026-08-14T15:18:57.019Z,7969362d-463a-4985-92c3-d629dd6d5c4e
2.02608E+17,2.02608E+13,100,13668,br_qq_gltran,5784,0,0,SUCCESS,2026-08-24T06:23:58.612Z,25d2eaee-dfad-422c-bf93-c7d0a4c88cf3
2.02608E+17,2.02608E+17,106,7276,br_UAResults,0,0,0,SUCCESS,2026-08-17T06:52:37.826Z,83c0f655-df7d-4ce0-a8e7-3e8120951bbc
2.02608E+17,2.02608E+17,106,7276,br_UAResults,0,0,0,SUCCESS,2026-08-17T05:09:01.689Z,0b53dc13-182d-4036-9b17-0891eca5f916
2.02608E+17,2.02608E+17,84,13675,PatientLeads,0,0,0,SUCCESS,2026-08-20T16:06:42.714Z,95538f17-9d82-404e-9e3f-d1777714a921
2.02608E+17,2.02608E+17,106,7391,br_UASched,5019,0,0,SUCCESS,2026-08-17T11:05:44.356Z,16b28601-46b7-41d7-bb6b-81142615d65b
2.02608E+17,2.02608E+17,107,8556,sl_bamform,1148,0,0,SUCCESS,2026-08-17T05:10:11.252Z,0b53dc13-182d-4036-9b17-0891eca5f916
2.02608E+17,2.02608E+17,107,8560,sl_uasched,5267,0,0,SUCCESS,2026-08-19T11:38:32.061Z,8c2f72fa-f3d3-4c31-9e7b-e1d36d508d72
2.02608E+17,2.02608E+17,106,6931,br_BAMForm,1159,0,0,SUCCESS,2026-08-18T09:05:19.149Z,08f45940-4fba-4d40-8013-5941939f8b2e
2.02608E+17,2.02608E+17,107,8556,sl_bamform,1167,0,0,SUCCESS,2026-08-19T05:36:21.947Z,05916e11-44cf-456b-ac26-991e7ff5d7aa
2.02608E+17,2.02608E+17,107,8556,sl_bamform,1156,0,0,SUCCESS,2026-08-17T11:07:18.741Z,16b28601-46b7-41d7-bb6b-81142615d65b
2.02608E+17,2.02608E+17,106,7391,br_UASched,5058,0,0,SUCCESS,2026-08-19T11:37:18.346Z,8c2f72fa-f3d3-4c31-9e7b-e1d36d508d72
2.02608E+17,2.02608E+13,1,14,br_Locations,182,0,0,SUCCESS,2026-08-11T08:48:51.562Z,0fc9623f-ac58-4aee-8aa3-3afbc5271078
2.02608E+17,2.02608E+17,106,6931,br_BAMForm,1168,0,0,SUCCESS,2026-08-19T11:37:18.346Z,8c2f72fa-f3d3-4c31-9e7b-e1d36d508d72
2.02608E+17,2.02608E+17,107,8556,sl_bamform,1156,0,0,SUCCESS,2026-08-17T12:44:21.971Z,71c4b27b-8df0-48dd-a1ee-a6ea3a63b852
2.02608E+17,2.02608E+17,106,7391,br_UASched,5050,0,0,SUCCESS,2026-08-19T05:35:06.090Z,05916e11-44cf-456b-ac26-991e7ff5d7aa
2.02608E+17,2.02608E+17,107,8556,sl_bamform,1159,0,0,SUCCESS,2026-08-18T09:07:45.961Z,08f45940-4fba-4d40-8013-5941939f8b2e
2.02608E+17,2.02608E+17,106,6816,br_CheckIn,2271,0,0,SUCCESS,2026-08-19T11:37:18.346Z,8c2f72fa-f3d3-4c31-9e7b-e1d36d508d72
2.02608E+17,2.02608E+13,1,14,br_Locations,182,0,0,SUCCESS,2026-08-10T05:32:26.282Z,3848d083-d62d-4230-a484-06d335ca9baa
2.02608E+17,2.02608E+17,84,230,Events,0,0,0,SUCCESS,2026-08-20T18:04:03.612Z,635224f3-f193-4ab0-a06c-8d0fbf5d6c6d
2.02608E+17,2.02608E+13,112,8629,sl_kytcm,0,0,0,SUCCESS,2026-08-24T12:52:25.718Z,09620987643sadgf_as255_d0988006789
2.02608E+17,2.02608E+17,84,230,Events,0,0,0,SUCCESS,2026-08-21T02:25:31.800Z,6e633944-6270-4167-9c27-2b58aaa91b88
2.02608E+17,2.02608E+17,84,230,Events,0,0,0,SUCCESS,2026-08-20T16:07:08.000Z,95538f17-9d82-404e-9e3f-d1777714a921
2.02608E+17,2.02608E+13,132,13710,QiBAM,172870,0,0,SUCCESS,2026-08-27T09:08:05.505Z,3fa64f84-15aa-45fb-9cca-2f2fe48cfae1
2.02608E+17,2.02608E+13,132,13710,QiBAM,172870,0,0,SUCCESS,2026-08-27T11:44:34.695Z,548cb8af-a2ae-442b-8193-6118f75471ea
2.02608E+17,2.02608E+17,86,,sl_AdmissionAssessmentDimensionFour,880,0,0,SUCCESS,2026-08-17T00:12:19.802Z,77f58b99-e250-4627-9f17-559331ecd0ef
2.02608E+17,2.02608E+17,86,,sl_AdmissionAssessmentDimensionFour,875,0,0,SUCCESS,2026-08-10T09:56:01.413Z,6ef3fd30-03b0-4dcd-9022-3df447f4d036
2.02608E+17,2.02608E+17,85,,br_AdmissionAssessmentDimensionFour,875,0,0,SUCCESS,2026-08-10T09:54:37.587Z,6ef3fd30-03b0-4dcd-9022-3df447f4d036
2.02608E+17,2.02608E+17,84,13674,Leads,101,0,0,SUCCESS,2026-08-21T02:24:25.377Z,6e633944-6270-4167-9c27-2b58aaa91b88
2.02608E+17,2.02608E+17,85,,br_AdmissionAssessmentDimensionFour,880,0,0,SUCCESS,2026-08-17T00:10:42.423Z,77f58b99-e250-4627-9f17-559331ecd0ef
2.02608E+17,2.02608E+17,89,,tbl_CustomAnswers,1844,0,0,SUCCESS,2026-08-25T17:33:23.911Z,72553dbc-d702-4eda-a5d0-9ceb643e22ea
2.02608E+17,2.02608E+17,89,,tbl_CustomAnswers,1844,0,0,SUCCESS,2026-08-25T16:51:56.379Z,6d78ce37-8c21-4519-a454-1e5ee4a84a47
2.02608E+17,2.02608E+17,88,,br_samms_3p_setup,345,0,0,SUCCESS,2026-08-21T21:06:18.000Z,8488c727-7e26-424c-b4ea-f3ce6564dbed
2.02608E+17,2.02608E+17,88,,br_samms_3p_setup,345,0,0,SUCCESS,2026-08-22T13:24:45.035Z,63818914-9c2b-4ff6-ac1c-35595835ab93
2.02608E+17,2.02608E+17,88,,br_samms_services,485,0,0,SUCCESS,2026-08-25T16:51:28.338Z,6d78ce37-8c21-4519-a454-1e5ee4a84a47
2.02608E+17,2.02608E+17,88,,br_samms_services,238,0,0,SUCCESS,2026-08-25T17:32:44.371Z,72553dbc-d702-4eda-a5d0-9ceb643e22ea
2.02608E+17,2.02608E+17,115,,sl_LiquidLog_CDC,470105,0,0,SUCCESS,2026-08-18T20:10:39.088Z,8dab4cff-7612-4075-a975-28ce5920b57c
2.02608E+17,2.02608E+17,115,,sl_LiquidLog_CDC,472195,0,0,SUCCESS,2026-08-28T04:49:57.862Z,60ff5281-bdb1-466d-9e29-0c58e613d194
2.02608E+17,2.02608E+17,84,221,stgCases,903,0,0,SUCCESS,2026-08-20T17:59:33.685Z,635224f3-f193-4ab0-a06c-8d0fbf5d6c6d
2.02608E+17,2.02608E+17,46,,br_samms_pbi3_pay_auth,122496,0,0,SUCCESS,2026-08-20T14:30:17.703Z,5f0dd8ad-486e-4238-8933-2b89499a6e18
2.02608E+17,2.02608E+17,97,,br_samms_sf_data_forms,11790,0,0,SUCCESS,2026-08-17T08:30:09.387Z,760fb7f7-522d-45ef-ae35-70bd18d17fef
2.02608E+17,2.02608E+17,86,,sl_AdmissionAssessment,12342,0,0,SUCCESS,2026-08-25T21:28:22.248Z,7eb7a049-5d17-4a23-bb2f-3b9c445afd32
2.02608E+17,2.02608E+17,98,,tbl_EandMFormPregnancy,62474,0,0,SUCCESS,2026-08-26T18:00:46.514Z,4b416fe5-6f5c-4fb7-baa8-f0b32475e9c6
2.02608E+17,2.02608E+17,120,,NewAdmissionAssessment,1313,0,0,SUCCESS,2026-08-18T12:36:25.606Z,201d97b6-7f87-43f7-a098-fb002daf1faf
2.02608E+17,2.02608E+17,85,,br_AdmissionAssessment,12338,0,0,SUCCESS,2026-08-26T22:15:14.728Z,20846baf-2fe5-403c-85d4-31520e88a3ce
2.02608E+17,2.02608E+13,112,8621,sl_ccp_mappinghistory,1513,0,0,SUCCESS,2026-08-24T10:57:31.587Z,0962alssadgf_as255_d0988006789
2.02608E+17,2.02608E+17,45,195,FormsSAMMSClient,2,0,0,SUCCESS,2026-08-21T09:34:53.640Z,859bd6e7-8433-41b7-8f16-164cdd55063d
2.02608E+17,2.02608E+13,112,8631,sl_employeeroster_latest,9804,0,1,FAILED,2026-08-24T10:37:37.180Z,0962alssadgf_as255_dc1h56789
2.02608E+17,2.02608E+13,112,8621,sl_ccp_mappinghistory,1513,0,0,SUCCESS,2026-08-24T11:29:05.614Z,0962alssadgf_as255_d0988006789
2.02608E+17,2.02608E+17,84,219,stgTask,1061,0,0,SUCCESS,2026-08-21T10:50:51.536Z,45603680-296f-4487-82f1-f8045d5f38e1
2.02608E+17,2.02608E+17,84,219,stgTask,1619,0,0,SUCCESS,2026-08-20T17:58:31.907Z,635224f3-f193-4ab0-a06c-8d0fbf5d6c6d
2.02608E+17,2.02608E+17,84,219,stgTask,1941,0,0,SUCCESS,2026-08-21T02:19:39.619Z,6e633944-6270-4167-9c27-2b58aaa91b88
2.02608E+17,2.02608E+13,2,6,TermCodes,4,0,0,SUCCESS,2026-08-25T03:00:30.999Z,6ee9c1fc-1bc7-4a37-a063-1dfebdad8409
2.02608E+17,2.02608E+17,119,,sl_NewPeriodicReassessmentD4,2845,0,0,SUCCESS,2026-08-25T04:06:29.840Z,8c969a39-95ec-4087-9ad3-4a9580887e34
2.02608E+17,2.02608E+17,119,,sl_NewPeriodicReassessmentD4,2845,0,0,SUCCESS,2026-08-17T11:49:45.238Z,50b193b8-c8c8-41b3-8f69-a5e058560d7e
2.02608E+17,2.02608E+17,119,,sl_newperiodicreassessmentd6,2847,0,0,SUCCESS,2026-08-14T11:56:44.244Z,21f5cd31-796d-43ad-806e-67ead954f01a
2.02608E+17,2.02608E+17,118,,br_newperiodicreassessmentd2,1749,0,0,SUCCESS,2026-08-15T05:55:17.589Z,92fdec37-a7f1-4589-8ea2-af8b074ddb31
2.02608E+17,2.02608E+17,119,,sl_NewPeriodicReassessmentD5,2844,0,0,SUCCESS,2026-08-25T04:06:29.840Z,8c969a39-95ec-4087-9ad3-4a9580887e34
2.02608E+17,2.02608E+17,88,,br_samms_dropdown_list_items,4383,0,0,SUCCESS,2026-08-25T17:32:44.371Z,72553dbc-d702-4eda-a5d0-9ceb643e22ea
2.02608E+17,2.02608E+17,88,,br_samms_dropdown_list_items,8770,0,0,SUCCESS,2026-08-25T16:51:28.338Z,6d78ce37-8c21-4519-a454-1e5ee4a84a47
2.02608E+17,2.02608E+17,29,,tbl_dbo_FormQuestionAnswers,22707407,0,0,SUCCESS,2026-08-24T15:26:02.102Z,13c13418-73a4-42bd-b6f1-04e34ee93bae
2.02608E+17,2.02608E+17,120,,NewPeriodicReassessmentCounselorReview,2850,0,0,SUCCESS,2026-08-17T07:56:14.288Z,422b71cc-fe6c-4f30-846d-92fb5587d0e9
2.02608E+17,2.02608E+17,120,,NewPeriodicReassessmentCounselorReview,2860,0,0,SUCCESS,2026-08-18T12:36:25.606Z,201d97b6-7f87-43f7-a098-fb002daf1faf
2.02608E+17,2.02608E+13,132,13710,QiBAM,172870,0,1,FAILED,2026-08-27T07:38:07.553Z,67cdece8-9745-4c87-ab73-e4e58104b61d
2.02608E+17,2.02608E+13,132,13711,QiUA,278831,0,0,SUCCESS,2026-08-27T11:48:31.623Z,548cb8af-a2ae-442b-8193-6118f75471ea
2.02608E+17,2.02608E+13,132,13711,QiUA,278831,0,0,SUCCESS,2026-08-27T09:11:33.761Z,3fa64f84-15aa-45fb-9cca-2f2fe48cfae1
2.02608E+17,2.02608E+17,46,,br_samms_claim_line_item_activity,22677,0,0,SUCCESS,2026-08-25T15:40:31.780Z,04d587cb-fd28-4f28-a572-c158aa92fa98
2.02608E+17,2.02608E+17,46,,br_samms_claim_line_item_activity,22841,0,0,SUCCESS,2026-08-26T17:26:29.472Z,7a1b4484-4dc4-4e48-b51b-e78359ce9673
2.02608E+17,2.02608E+13,112,8636,sl_rls_rollup,451,0,1,FAILED,2026-08-24T10:39:53.058Z,0962alssadgf_as255_dc1h56789
2.02608E+17,2.02608E+17,89,,tbl_3PSETUP,6,0,0,SUCCESS,2026-08-25T16:51:56.379Z,6d78ce37-8c21-4519-a454-1e5ee4a84a47
2.02608E+17,2.02608E+17,47,,tbl_3pElig,21456,0,0,SUCCESS,2026-08-17T06:17:15.319Z,09d84bc7-e629-48a4-a32a-826b207e96d1
2.02608E+17,2.02608E+17,47,,tbl_3pElig,21513,0,0,SUCCESS,2026-08-20T10:42:08.644Z,069e8d01-766c-4679-b3df-c21f4d7bc3d1
2.02608E+17,2.02608E+17,47,,tbl_Claims,69558,0,0,SUCCESS,2026-08-26T17:27:26.991Z,7a1b4484-4dc4-4e48-b51b-e78359ce9673
2.02608E+17,2.02608E+17,47,,tbl_3pElig,22813,0,0,SUCCESS,2026-08-20T14:31:13.395Z,5f0dd8ad-486e-4238-8933-2b89499a6e18
2.02608E+17,2.02608E+17,47,,tbl_3pElig,21500,0,0,SUCCESS,2026-08-18T14:11:08.071Z,2b16abcf-416f-4fd8-80a9-0aa52ca66e5c
2.02608E+17,2.02608E+17,47,,tbl_3pElig,21491,0,0,SUCCESS,2026-08-18T13:18:21.545Z,03823c35-021d-4cc9-8374-59681a542f1d
2.02608E+17,2.02608E+17,47,,tbl_3pElig,21263,0,0,SUCCESS,2026-08-14T15:12:50.431Z,1c123384-c339-4954-be1f-3a8d150ebb14
2.02608E+17,2.02608E+17,47,,tbl_Claims,69558,0,0,SUCCESS,2026-08-25T15:41:15.440Z,04d587cb-fd28-4f28-a572-c158aa92fa98
2.02608E+17,2.02608E+17,47,,tbl_3pElig,21513,0,0,SUCCESS,2026-08-20T03:05:45.530Z,05c5c70e-2926-4311-8f49-65b9279948a3
2.02608E+17,2.02608E+17,45,191,GlobalDevices,4035,0,0,SUCCESS,2026-08-21T09:34:53.640Z,859bd6e7-8433-41b7-8f16-164cdd55063d
2.02608E+17,2.02608E+13,122,12585,OffWeekCounselingEngagement,46986,0,0,SUCCESS,2026-08-18T06:04:08.711Z,0754271b-537b-4df2-8eea-828420187180
2.02608E+17,2.02608E+13,122,12585,OffWeekCounselingEngagement,46986,0,0,SUCCESS,2026-08-16T07:23:48.043Z,3db0df33-cd84-477a-b507-80edcb2c2641
2.02608E+17,2.02608E+13,40,155,br_zoom_all_users_raw,1659,0,0,SUCCESS,2026-08-20T05:45:09.844Z,4af62a8a-1c5f-4dad-c48-dc1asdgh56098767899
2.02608E+17,2.02608E+13,116,8626,sl_patientservicesnoshow,0,0,1,FAILED,2026-08-12T11:36:42.314Z,707a824e-33de-4319-b626-cf63a3508155
2.02608E+17,2.02608E+13,116,8626,sl_patientservicesnoshow,0,0,1,FAILED,2026-08-12T10:56:32.926Z,92859603-ed5a-4a4e-a6f3-c4cef250fd48
2.02608E+17,2.02608E+13,116,8626,sl_patientservicesnoshow,0,0,1,FAILED,2026-08-12T10:38:25.551Z,06da4077-0581-4ada-895f-f1648e88cc4b
2.02608E+17,2.02608E+13,5,31,sl_8x8_CallInteractions,41191,0,0,SUCCESS,2026-08-14T02:29:14.237Z,7582fe2a-ab67-4726-aa6a-73a8a3ff4bdb
2.02608E+17,2.02608E+13,116,8626,sl_patientservicesnoshow,0,0,1,FAILED,2026-08-12T12:18:38.618Z,83a13fa6-60ac-4b7a-8e42-3e96f2fa8836
2.02608E+17,2.02608E+13,116,8626,sl_patientservicesnoshow,0,0,1,FAILED,2026-08-12T10:20:11.032Z,70e97e1a-3a6b-47da-8e16-7a0b9c2ac95a
2.02608E+17,2.02608E+13,116,8626,sl_patientservicesnoshow,0,0,1,FAILED,2026-08-12T08:56:13.248Z,473be684-042c-471f-a263-402ba6fc6c7d
2.02608E+17,2.02608E+13,5,31,sl_8x8_CallInteractions,48135,0,0,SUCCESS,2026-08-17T04:26:57.544Z,05bfb3aa-4a65-44f5-8e9d-867f9caa849a
2.02608E+17,2.02608E+17,84,216,Accounts,13543,0,0,SUCCESS,2026-08-21T10:49:25.324Z,45603680-296f-4487-82f1-f8045d5f38e1
2.02608E+17,2.02608E+17,118,,br_NewAdmissionAssessmentASAMDimension6,0,0,0,SUCCESS,2026-08-14T11:56:01.490Z,21f5cd31-796d-43ad-806e-67ead954f01a
2.02608E+17,2.02608E+17,118,,br_NewAdmissionAssessmentASAMDimension5,0,0,0,SUCCESS,2026-08-14T11:56:01.490Z,21f5cd31-796d-43ad-806e-67ead954f01a
2.02608E+17,2.02608E+17,118,,br_NewAdmissionAssessmentASAMDimension6,0,0,0,SUCCESS,2026-08-14T15:17:42.970Z,7969362d-463a-4985-92c3-d629dd6d5c4e
2.02608E+17,2.02608E+17,118,,br_NewAdmissionAssessmentASAMDimension4,0,0,0,SUCCESS,2026-08-14T11:56:01.490Z,21f5cd31-796d-43ad-806e-67ead954f01a
2.02608E+17,2.02608E+17,118,,br_NewAdmissionAssessmentASAMDimension2,0,0,0,SUCCESS,2026-08-14T11:56:01.490Z,21f5cd31-796d-43ad-806e-67ead954f01a
2.02608E+17,2.02608E+17,118,,br_NewAdmissionAssessmentASAMDimension2,0,0,0,SUCCESS,2026-08-14T15:17:42.970Z,7969362d-463a-4985-92c3-d629dd6d5c4e
2.02608E+17,2.02608E+17,118,,br_NewAdmissionAssessmentASAMDimension4,0,0,0,SUCCESS,2026-08-14T15:17:42.970Z,7969362d-463a-4985-92c3-d629dd6d5c4e
2.02608E+17,2.02608E+17,106,8311,br_Enrollment,14889,0,0,SUCCESS,2026-08-19T05:35:06.090Z,05916e11-44cf-456b-ac26-991e7ff5d7aa
2.02608E+17,2.02608E+17,107,8568,sl_enrollment,14882,0,0,SUCCESS,2026-08-18T09:07:45.961Z,08f45940-4fba-4d40-8013-5941939f8b2e
2.02608E+17,2.02608E+17,107,8568,sl_enrollment,14879,0,0,SUCCESS,2026-08-17T12:44:21.971Z,71c4b27b-8df0-48dd-a1ee-a6ea3a63b852
2.02608E+17,2.02608E+17,107,8568,sl_enrollment,14876,0,0,SUCCESS,2026-08-17T11:07:18.741Z,16b28601-46b7-41d7-bb6b-81142615d65b
2.02608E+17,2.02608E+17,107,8568,sl_enrollment,14871,0,0,SUCCESS,2026-08-15T11:45:24.884Z,09bdfa13-0c4c-4ca3-9dd3-abd349cbbab4
2.02608E+17,2.02608E+17,106,8311,br_Enrollment,14891,0,0,SUCCESS,2026-08-19T11:37:18.346Z,8c2f72fa-f3d3-4c31-9e7b-e1d36d508d72
2.02608E+17,2.02608E+17,107,8559,slv_uaresults,10142,0,0,SUCCESS,2026-08-12T10:49:53.573Z,1325a4eb-aa02-4bc9-9fae-d06e40a0cece
2.02608E+17,2.02608E+17,25,55007,br_tblDartSrv,48289,0,0,SUCCESS,2026-08-10T17:00:05.656Z,65578016-529d-4720-bf98-2c3312e01fed
2.02608E+17,2.02608E+17,106,8311,br_Enrollment,14879,0,0,SUCCESS,2026-08-17T12:42:46.767Z,71c4b27b-8df0-48dd-a1ee-a6ea3a63b852
2.02608E+17,2.02608E+17,107,8568,sl_enrollment,14889,0,0,SUCCESS,2026-08-19T05:36:21.947Z,05916e11-44cf-456b-ac26-991e7ff5d7aa
2.02608E+17,2.02608E+17,106,7391,br_UASched,0,0,0,SUCCESS,2026-08-15T13:55:38.541Z,56214535-005b-4285-976b-e0172bc11b0b
2.02608E+17,2.02608E+17,106,7161,br_Cows_v6,0,0,0,SUCCESS,2026-08-15T13:55:38.541Z,56214535-005b-4285-976b-e0172bc11b0b
2.02608E+17,2.02608E+17,106,6931,br_BAMForm,0,0,0,SUCCESS,2026-08-15T13:55:38.541Z,56214535-005b-4285-976b-e0172bc11b0b
2.02608E+17,2.02608E+13,1,2,br_TermCodes,4,0,0,SUCCESS,2026-08-12T04:01:59.739Z,5887a7ec-8e8e-4ea8-ac1e-92a68946509a
2.02608E+17,2.02608E+17,106,7161,br_Cows_v6,0,0,0,SUCCESS,2026-08-17T05:09:01.689Z,0b53dc13-182d-4036-9b17-0891eca5f916
2.02608E+17,2.02608E+17,106,7161,br_Cows_v6,0,0,0,SUCCESS,2026-08-17T06:52:37.826Z,83c0f655-df7d-4ce0-a8e7-3e8120951bbc
2.02608E+17,2.02608E+17,106,6816,br_CheckIn,0,0,0,SUCCESS,2026-08-17T06:52:37.826Z,83c0f655-df7d-4ce0-a8e7-3e8120951bbc
2.02608E+17,2.02608E+17,106,7391,br_UASched,0,0,0,SUCCESS,2026-08-17T05:09:01.689Z,0b53dc13-182d-4036-9b17-0891eca5f916
2.02608E+17,2.02608E+13,1,2,br_TermCodes,4,0,0,SUCCESS,2026-08-25T02:54:21.820Z,6ee9c1fc-1bc7-4a37-a063-1dfebdad8409
2.02608E+17,2.02608E+17,106,6931,br_BAMForm,0,0,0,SUCCESS,2026-08-17T05:09:01.689Z,0b53dc13-182d-4036-9b17-0891eca5f916
2.02608E+17,2.02608E+13,1,2,br_TermCodes,4,0,0,SUCCESS,2026-08-11T08:43:47.563Z,0fc9623f-ac58-4aee-8aa3-3afbc5271078
2.02608E+17,2.02608E+17,106,7391,br_UASched,0,0,0,SUCCESS,2026-08-17T06:52:37.826Z,83c0f655-df7d-4ce0-a8e7-3e8120951bbc
2.02608E+17,2.02608E+17,106,7391,br_UASched,0,0,0,SUCCESS,2026-08-15T11:43:57.195Z,09bdfa13-0c4c-4ca3-9dd3-abd349cbbab4
2.02608E+17,2.02608E+17,106,6816,br_CheckIn,0,0,0,SUCCESS,2026-08-15T13:55:38.541Z,56214535-005b-4285-976b-e0172bc11b0b
2.02608E+17,2.02608E+17,106,6931,br_BAMForm,0,0,0,SUCCESS,2026-08-15T11:43:57.195Z,09bdfa13-0c4c-4ca3-9dd3-abd349cbbab4
2.02608E+17,2.02608E+13,1,2,br_TermCodes,4,0,0,SUCCESS,2026-08-10T05:29:32.055Z,3848d083-d62d-4230-a484-06d335ca9baa
2.02608E+17,2.02608E+17,85,,br_AdmissionAssessmentSummary,6971,0,0,SUCCESS,2026-08-22T11:18:45.494Z,28d7acf5-bc26-4be3-b390-775b9af3d980
2.02608E+17,2.02608E+17,85,,br_ReAssessmentPhysicalHealth,697,0,0,SUCCESS,2026-08-17T00:10:42.423Z,77f58b99-e250-4627-9f17-559331ecd0ef
2.02608E+17,2.02608E+17,86,,sl_ReAssessmentPhysicalHealth,697,0,0,SUCCESS,2026-08-17T00:12:19.802Z,77f58b99-e250-4627-9f17-559331ecd0ef
2.02608E+17,2.02608E+17,85,,br_AdmissionAssessmentSummary,909,0,0,SUCCESS,2026-08-10T09:54:37.587Z,6ef3fd30-03b0-4dcd-9022-3df447f4d036
2.02608E+17,2.02608E+17,97,,br_samms_consent_to_marketing,142,0,0,SUCCESS,2026-08-17T08:30:09.387Z,760fb7f7-522d-45ef-ae35-70bd18d17fef
2.02608E+17,2.02608E+17,86,,sl_ReAssessmentPhysicalHealth,697,0,0,SUCCESS,2026-08-10T09:56:01.413Z,6ef3fd30-03b0-4dcd-9022-3df447f4d036
2.02608E+17,2.02608E+17,85,,br_ReAssessmentLegal,696,0,0,SUCCESS,2026-08-10T09:54:37.587Z,6ef3fd30-03b0-4dcd-9022-3df447f4d036
2.02608E+17,2.02608E+17,47,,tbl_PayerCltHistory,47121,0,0,SUCCESS,2026-08-18T13:18:21.545Z,03823c35-021d-4cc9-8374-59681a542f1d
2.02608E+17,2.02608E+17,47,,tbl_PayerCltHistory,47148,0,0,SUCCESS,2026-08-20T03:05:45.530Z,05c5c70e-2926-4311-8f49-65b9279948a3
2.02608E+17,2.02608E+17,47,,tbl_PayerCltHistory,47148,0,0,SUCCESS,2026-08-20T10:42:08.644Z,069e8d01-766c-4679-b3df-c21f4d7bc3d1
2.02608E+17,2.02608E+17,47,,tbl_PayerCltHistory,47103,0,0,SUCCESS,2026-08-17T06:17:15.319Z,09d84bc7-e629-48a4-a32a-826b207e96d1
2.02608E+17,2.02608E+17,89,,tbl_PreAdmission_V6,23968,0,0,SUCCESS,2026-08-21T21:06:56.389Z,8488c727-7e26-424c-b4ea-f3ce6564dbed
2.02608E+17,2.02608E+17,47,,tbl_PayerCltHistory,51662,0,0,SUCCESS,2026-08-20T14:31:13.395Z,5f0dd8ad-486e-4238-8933-2b89499a6e18
2.02608E+17,2.02608E+17,47,,tbl_PayerCltHistory,47121,0,0,SUCCESS,2026-08-18T14:11:08.071Z,2b16abcf-416f-4fd8-80a9-0aa52ca66e5c
2.02608E+17,2.02608E+17,44,183,sl_FeeSched,0,0,0,SUCCESS,2026-08-21T02:40:52.414Z,37d39418-848b-43a3-aff1-182cc8bb7455
2.02608E+17,2.02608E+17,119,,sl_NewPeriodicReassessmentCounselorReview,2847,0,0,SUCCESS,2026-08-14T07:46:51.127Z,9e759780-91b7-4e4a-882b-cd4350ec70b7
2.02608E+17,2.02608E+17,119,,sl_NewPeriodicReassessmentCounselorReview,2850,0,0,SUCCESS,2026-08-15T14:39:25.281Z,556076c4-618a-4487-8b31-ba5017a3c197
2.02608E+17,2.02608E+17,118,,br_NewPeriodicReassessmentCounselorReview,1749,0,0,SUCCESS,2026-08-15T14:38:54.958Z,556076c4-618a-4487-8b31-ba5017a3c197
2.02608E+17,2.02608E+17,118,,br_NewPeriodicReassessmentCounselorReview,1746,0,0,SUCCESS,2026-08-14T07:46:03.913Z,9e759780-91b7-4e4a-882b-cd4350ec70b7
2.02608E+17,2.02608E+17,119,,sl_NewPeriodicReassessmentCounselorReview,2850,0,0,SUCCESS,2026-08-17T07:52:43.729Z,422b71cc-fe6c-4f30-846d-92fb5587d0e9
2.02608E+17,2.02608E+17,118,,br_NewPeriodicReassessmentCounselorReview,1749,0,0,SUCCESS,2026-08-15T05:55:17.589Z,92fdec37-a7f1-4589-8ea2-af8b074ddb31
2.02608E+17,2.02608E+17,86,,sl_ReAssessmentTreatment,78203,0,0,SUCCESS,2026-08-23T22:20:02.709Z,955211d4-28b8-44a0-8023-2bfaa48d6721
2.02608E+17,2.02608E+17,85,,br_ReAssessmentTreatment,11483,0,0,SUCCESS,2026-08-22T11:18:45.494Z,28d7acf5-bc26-4be3-b390-775b9af3d980
2.02608E+17,2.02608E+17,86,,sl_ReAssessmentTreatment,78203,0,0,SUCCESS,2026-08-19T22:56:44.161Z,2caac1da-4db4-431b-998d-21dc6fd03dce
2.02608E+17,2.02608E+17,85,,br_ReAssessmentTreatment,78203,0,0,SUCCESS,2026-08-26T22:15:14.728Z,20846baf-2fe5-403c-85d4-31520e88a3ce
2.02608E+17,2.02608E+17,85,,br_ReAssessmentTreatment,78203,0,0,SUCCESS,2026-08-23T22:19:01.861Z,955211d4-28b8-44a0-8023-2bfaa48d6721
2.02608E+17,2.02608E+17,86,,sl_ReAssessmentTreatment,78203,0,0,SUCCESS,2026-08-22T11:20:00.031Z,28d7acf5-bc26-4be3-b390-775b9af3d980
2.02608E+17,2.02608E+17,86,,sl_ReAssessmentTreatment,78203,0,0,SUCCESS,2026-08-25T21:28:22.248Z,7eb7a049-5d17-4a23-bb2f-3b9c445afd32
2.02608E+17,2.02608E+17,86,,sl_ReAssessmentTreatment,78203,0,0,SUCCESS,2026-08-26T09:01:58.154Z,912d32aa-0b7f-4999-bf60-6670fe5985ea
2.02608E+17,2.02608E+17,85,,br_ReAssessmentTreatment,78203,0,0,SUCCESS,2026-08-25T21:27:09.957Z,7eb7a049-5d17-4a23-bb2f-3b9c445afd32
2.02608E+17,2.02608E+17,85,,br_ReAssessmentTreatment,78203,0,0,SUCCESS,2026-08-26T09:00:37.286Z,912d32aa-0b7f-4999-bf60-6670fe5985ea
2.02608E+17,2.02608E+17,46,,br_samms_claim_line_item,13695,0,0,SUCCESS,2026-08-26T17:26:29.472Z,7a1b4484-4dc4-4e48-b51b-e78359ce9673
2.02608E+17,2.02608E+17,46,,br_samms_claim_line_item,13695,0,0,SUCCESS,2026-08-25T15:40:31.780Z,04d587cb-fd28-4f28-a572-c158aa92fa98
2.02608E+17,2.02608E+17,86,,sl_ReAssessmentTreatment,78203,0,0,SUCCESS,2026-08-26T22:16:17.170Z,20846baf-2fe5-403c-85d4-31520e88a3ce
2.02608E+17,2.02608E+17,86,,sl_ReAssessmentTreatment,697,0,0,SUCCESS,2026-08-17T00:12:19.802Z,77f58b99-e250-4627-9f17-559331ecd0ef
2.02608E+17,2.02608E+17,86,,sl_ReAssessmentTreatment,697,0,0,SUCCESS,2026-08-10T09:56:01.413Z,6ef3fd30-03b0-4dcd-9022-3df447f4d036
2.02608E+17,2.02608E+17,85,,br_ReAssessmentTreatment,697,0,0,SUCCESS,2026-08-10T09:54:37.587Z,6ef3fd30-03b0-4dcd-9022-3df447f4d036
2.02608E+17,2.02608E+17,84,13674,Leads,64,0,0,SUCCESS,2026-08-20T18:03:10.578Z,635224f3-f193-4ab0-a06c-8d0fbf5d6c6d
2.02608E+17,2.02608E+17,84,224,Tasks,1061,0,0,SUCCESS,2026-08-21T10:53:19.481Z,45603680-296f-4487-82f1-f8045d5f38e1
2.02608E+17,2.02608E+17,84,224,Tasks,1619,0,0,SUCCESS,2026-08-20T18:01:03.162Z,635224f3-f193-4ab0-a06c-8d0fbf5d6c6d
2.02608E+17,2.02608E+17,84,224,Tasks,1941,0,0,SUCCESS,2026-08-21T02:21:52.428Z,6e633944-6270-4167-9c27-2b58aaa91b88
2.02608E+17,2.02608E+17,86,,sl_AdmissionAssessmentDimensionSix,50721,0,0,SUCCESS,2026-08-26T22:16:17.170Z,20846baf-2fe5-403c-85d4-31520e88a3ce
2.02608E+17,2.02608E+17,85,,br_AdmissionAssessmentDimensionSix,50721,0,0,SUCCESS,2026-08-26T22:15:14.728Z,20846baf-2fe5-403c-85d4-31520e88a3ce
2.02608E+17,2.02608E+17,86,,sl_AdmissionAssessmentDimensionTwo,48733,0,0,SUCCESS,2026-08-19T22:56:44.161Z,2caac1da-4db4-431b-998d-21dc6fd03dce
2.02608E+17,2.02608E+17,85,,br_AdmissionAssessmentDimensionTwo,51267,0,0,SUCCESS,2026-08-23T22:19:01.861Z,955211d4-28b8-44a0-8023-2bfaa48d6721
2.02608E+17,2.02608E+13,112,8634,sl_rbdc_Latest,21,0,1,FAILED,2026-08-24T10:39:03.065Z,0962alssadgf_as255_dc1h56789
2.02608E+17,2.02608E+17,86,,sl_AdmissionAssessmentDimensionSix,50673,0,0,SUCCESS,2026-08-25T21:28:22.248Z,7eb7a049-5d17-4a23-bb2f-3b9c445afd32
2.02608E+17,2.02608E+17,97,,br_samms_take_home_risk_assessment,98851,0,0,SUCCESS,2026-08-19T16:04:01.037Z,0e774440-67e4-4817-8f97-24afdbb9d82f
2.02608E+17,2.02608E+17,86,,sl_AdmissionAssessmentDimensionSix,50675,0,0,SUCCESS,2026-08-26T09:01:58.154Z,912d32aa-0b7f-4999-bf60-6670fe5985ea
2.02608E+17,2.02608E+17,85,,br_AdmissionAssessmentDimensionTwo,51371,0,0,SUCCESS,2026-08-25T21:27:09.957Z,7eb7a049-5d17-4a23-bb2f-3b9c445afd32
2.02608E+17,2.02608E+17,86,,sl_AdmissionAssessmentDimensionTwo,51373,0,0,SUCCESS,2026-08-26T09:01:58.154Z,912d32aa-0b7f-4999-bf60-6670fe5985ea
2.02608E+17,2.02608E+17,86,,sl_AdmissionAssessmentDimensionTwo,51419,0,0,SUCCESS,2026-08-26T22:16:17.170Z,20846baf-2fe5-403c-85d4-31520e88a3ce
2.02608E+17,2.02608E+17,85,,br_AdmissionAssessmentDimensionSix,50675,0,0,SUCCESS,2026-08-26T09:00:37.286Z,912d32aa-0b7f-4999-bf60-6670fe5985ea
2.02608E+17,2.02608E+17,86,,sl_AdmissionAssessmentDimensionTwo,48745,0,0,SUCCESS,2026-08-22T11:20:00.031Z,28d7acf5-bc26-4be3-b390-775b9af3d980
2.02608E+17,2.02608E+17,85,,br_AdmissionAssessmentDimensionSix,50574,0,0,SUCCESS,2026-08-23T22:19:01.861Z,955211d4-28b8-44a0-8023-2bfaa48d6721
2.02608E+17,2.02608E+17,45,187,User,0,0,0,SUCCESS,2026-08-21T09:34:53.640Z,859bd6e7-8433-41b7-8f16-164cdd55063d
2.02608E+17,2.02608E+17,124,13637,sl_PADimension1,1349,0,0,SUCCESS,2026-08-18T10:58:53.081Z,06767fa9-f980-4e92-a048-4dd43e2dbe98
2.02608E+17,2.02608E+17,124,13639,sl_PADimension3,1125,0,0,SUCCESS,2026-08-22T09:33:10.568Z,39d3782c-f729-4e52-b4aa-f257942a503a
2.02608E+17,2.02608E+17,124,13641,sl_PADimension5,1336,0,0,SUCCESS,2026-08-21T10:36:33.855Z,8c07e343-4781-4d6b-b62d-dcb12587d856
2.02608E+17,2.02608E+17,123,13405,br_PADimension6,1332,0,0,SUCCESS,2026-08-18T10:56:59.745Z,06767fa9-f980-4e92-a048-4dd43e2dbe98
2.02608E+17,2.02608E+17,123,13060,br_PADimension3,1342,0,0,SUCCESS,2026-08-22T09:31:58.400Z,39d3782c-f729-4e52-b4aa-f257942a503a
2.02608E+17,2.02608E+17,124,13639,sl_PADimension3,1339,0,0,SUCCESS,2026-08-21T10:36:33.855Z,8c07e343-4781-4d6b-b62d-dcb12587d856
2.02608E+17,2.02608E+17,124,13639,sl_PADimension3,1336,0,0,SUCCESS,2026-08-18T10:58:53.081Z,06767fa9-f980-4e92-a048-4dd43e2dbe98
2.02608E+17,2.02608E+13,2,20,EmploymentDetails,4472,0,0,SUCCESS,2026-08-25T03:03:05.762Z,6ee9c1fc-1bc7-4a37-a063-1dfebdad8409
2.02608E+17,2.02608E+17,123,13290,br_PADimension5,1339,0,0,SUCCESS,2026-08-22T09:31:58.400Z,39d3782c-f729-4e52-b4aa-f257942a503a
2.02608E+17,2.02608E+17,124,13641,sl_PADimension5,1330,0,0,SUCCESS,2026-08-14T15:19:39.212Z,58f20748-15b7-4a11-966c-9510b56c5310
2.02608E+17,2.02608E+17,123,13060,br_PADimension3,1336,0,0,SUCCESS,2026-08-18T12:40:55.305Z,6a9f8fe6-e2a7-49ab-8570-443c59873958
2.02608E+17,2.02608E+17,124,13642,sl_PADimension6,1329,0,0,SUCCESS,2026-08-14T15:19:39.212Z,58f20748-15b7-4a11-966c-9510b56c5310
2.02608E+17,2.02608E+13,2,20,EmploymentDetails,4422,0,0,SUCCESS,2026-08-11T09:01:26.372Z,0fc9623f-ac58-4aee-8aa3-3afbc5271078
2.02608E+17,2.02608E+17,124,13640,sl_PADimension4,1336,0,0,SUCCESS,2026-08-18T12:41:50.437Z,6a9f8fe6-e2a7-49ab-8570-443c59873958
2.02608E+17,2.02608E+17,124,13642,sl_PADimension6,1332,0,0,SUCCESS,2026-08-18T12:41:50.437Z,6a9f8fe6-e2a7-49ab-8570-443c59873958
2.02608E+17,2.02608E+17,123,12830,br_PADimension1,1347,0,0,SUCCESS,2026-08-14T15:18:21.922Z,58f20748-15b7-4a11-966c-9510b56c5310
2.02608E+17,2.02608E+17,124,13637,sl_PADimension1,1347,0,0,SUCCESS,2026-08-14T15:19:39.212Z,58f20748-15b7-4a11-966c-9510b56c5310
2.02608E+17,2.02608E+17,123,13060,br_PADimension3,1336,0,0,SUCCESS,2026-08-18T10:56:59.745Z,06767fa9-f980-4e92-a048-4dd43e2dbe98
2.02608E+17,2.02608E+13,2,20,EmploymentDetails,4424,0,0,SUCCESS,2026-08-12T04:16:33.430Z,5887a7ec-8e8e-4ea8-ac1e-92a68946509a
2.02608E+17,2.02608E+17,124,13639,sl_PADimension3,1336,0,0,SUCCESS,2026-08-18T12:41:50.437Z,6a9f8fe6-e2a7-49ab-8570-443c59873958
2.02608E+17,2.02608E+17,123,12830,br_PADimension1,1349,0,0,SUCCESS,2026-08-18T12:40:55.305Z,6a9f8fe6-e2a7-49ab-8570-443c59873958
2.02608E+17,2.02608E+17,124,13638,sl_PADimension2,1342,0,0,SUCCESS,2026-08-21T10:36:33.855Z,8c07e343-4781-4d6b-b62d-dcb12587d856
2.02608E+17,2.02608E+17,123,12945,br_PADimension2,1337,0,0,SUCCESS,2026-08-14T15:18:21.922Z,58f20748-15b7-4a11-966c-9510b56c5310
2.02608E+17,2.02608E+17,124,13642,sl_PADimension6,1335,0,0,SUCCESS,2026-08-21T10:36:33.855Z,8c07e343-4781-4d6b-b62d-dcb12587d856
2.02608E+17,2.02608E+17,85,,br_OrientationChecklistNew,8,0,0,SUCCESS,2026-08-17T00:10:42.423Z,77f58b99-e250-4627-9f17-559331ecd0ef
2.02608E+17,2.02608E+17,119,,sl_NewAdmissionAssessment,1308,0,0,SUCCESS,2026-08-15T05:55:49.193Z,92fdec37-a7f1-4589-8ea2-af8b074ddb31
2.02608E+17,2.02608E+17,120,,NewPeriodicReassessmentD2,2847,0,0,SUCCESS,2026-08-17T07:56:14.288Z,422b71cc-fe6c-4f30-846d-92fb5587d0e9
2.02608E+17,2.02608E+17,119,,sl_NewAdmissionAssessment,1321,0,0,SUCCESS,2026-08-25T04:06:29.840Z,8c969a39-95ec-4087-9ad3-4a9580887e34
2.02608E+17,2.02608E+17,120,,NewPeriodicReassessmentD5,2844,0,0,SUCCESS,2026-08-18T12:36:25.606Z,201d97b6-7f87-43f7-a098-fb002daf1faf
2.02608E+17,2.02608E+17,120,,NewPeriodicReassessmentD5,2844,0,0,SUCCESS,2026-08-17T11:51:35.731Z,50b193b8-c8c8-41b3-8f69-a5e058560d7e
2.02608E+17,2.02608E+17,85,,br_ReAssessmentOccupational,698,0,0,SUCCESS,2026-08-17T00:10:42.423Z,77f58b99-e250-4627-9f17-559331ecd0ef
2.02608E+17,2.02608E+17,86,,sl_ReAssessmentMentalHealth,697,0,0,SUCCESS,2026-08-10T09:56:01.413Z,6ef3fd30-03b0-4dcd-9022-3df447f4d036
2.02608E+17,2.02608E+17,85,,br_ReAssessmentMentalHealth,697,0,0,SUCCESS,2026-08-10T09:54:37.587Z,6ef3fd30-03b0-4dcd-9022-3df447f4d036
2.02608E+17,2.02608E+17,106,7966,brz_VAComprehensiveAssessment,12,0,0,SUCCESS,2026-08-11T04:11:14.720Z,6e36e3b5-c33e-4cc8-b6e2-dc5c3524428c
2.02608E+17,2.02608E+17,89,,tbl_3PSETUP,345,0,0,SUCCESS,2026-08-22T13:25:23.299Z,63818914-9c2b-4ff6-ac1c-35595835ab93
2.02608E+17,2.02608E+17,89,,tbl_3PSETUP,345,0,0,SUCCESS,2026-08-21T21:06:56.389Z,8488c727-7e26-424c-b4ea-f3ce6564dbed
2.02608E+17,2.02608E+17,47,,tbl_Claims,9400497,0,0,SUCCESS,2026-08-17T06:17:15.319Z,09d84bc7-e629-48a4-a32a-826b207e96d1
2.02608E+17,2.02608E+17,47,,tbl_Claims,9401706,0,0,SUCCESS,2026-08-20T10:42:08.644Z,069e8d01-766c-4679-b3df-c21f4d7bc3d1
2.02608E+17,2.02608E+17,84,222,stgLeads,0,0,0,SUCCESS,2026-08-20T16:03:26.625Z,95538f17-9d82-404e-9e3f-d1777714a921
2.02608E+17,2.02608E+13,2,7,OrgLevels,202,0,0,SUCCESS,2026-08-10T05:36:59.187Z,3848d083-d62d-4230-a484-06d335ca9baa
2.02608E+17,2.02608E+13,2,21,Positions,10,0,0,SUCCESS,2026-08-10T05:40:18.227Z,3848d083-d62d-4230-a484-06d335ca9baa
2.02608E+17,2.02608E+17,88,,br_samms_preadmission_referral_source,42473,0,0,SUCCESS,2026-08-22T13:24:45.035Z,63818914-9c2b-4ff6-ac1c-35595835ab93
2.02608E+17,2.02608E+17,85,,br_ReAssessment,0,0,0,SUCCESS,2026-08-23T22:19:01.861Z,955211d4-28b8-44a0-8023-2bfaa48d6721
2.02608E+17,2.02608E+17,86,,sl_ReAssessment,0,0,0,SUCCESS,2026-08-23T22:20:02.709Z,955211d4-28b8-44a0-8023-2bfaa48d6721
2.02608E+17,2.02608E+17,85,,br_ReAssessment,0,0,0,SUCCESS,2026-08-10T09:54:37.587Z,6ef3fd30-03b0-4dcd-9022-3df447f4d036
2.02608E+17,2.02608E+17,85,,br_ReAssessment,0,0,0,SUCCESS,2026-08-22T11:18:45.494Z,28d7acf5-bc26-4be3-b390-775b9af3d980
2.02608E+17,2.02608E+17,86,,sl_ReAssessment,0,0,0,SUCCESS,2026-08-19T22:56:44.161Z,2caac1da-4db4-431b-998d-21dc6fd03dce
2.02608E+17,2.02608E+17,88,,br_samms_clinic,2,0,0,SUCCESS,2026-08-25T16:51:28.338Z,6d78ce37-8c21-4519-a454-1e5ee4a84a47
2.02608E+17,2.02608E+17,88,,br_samms_clinic,1,0,0,SUCCESS,2026-08-25T17:32:44.371Z,72553dbc-d702-4eda-a5d0-9ceb643e22ea
2.02608E+17,2.02608E+17,86,,sl_ReAssessment,0,0,0,SUCCESS,2026-08-22T11:20:00.031Z,28d7acf5-bc26-4be3-b390-775b9af3d980
2.02608E+17,2.02608E+17,46,,br_samms_payer_client,194,0,0,SUCCESS,2026-08-26T17:26:29.472Z,7a1b4484-4dc4-4e48-b51b-e78359ce9673
2.02608E+17,2.02608E+17,46,,br_samms_client_demo2,301,0,0,SUCCESS,2026-08-26T17:26:29.472Z,7a1b4484-4dc4-4e48-b51b-e78359ce9673
2.02608E+17,2.02608E+17,86,,sl_ReAssessmentFamily,697,0,0,SUCCESS,2026-08-17T00:12:19.802Z,77f58b99-e250-4627-9f17-559331ecd0ef
2.02608E+17,2.02608E+17,46,,br_samms_payer_client,194,0,0,SUCCESS,2026-08-25T15:40:31.780Z,04d587cb-fd28-4f28-a572-c158aa92fa98
2.02608E+17,2.02608E+17,47,,tbl_FinancialHardshipApplication,301,0,0,SUCCESS,2026-08-26T17:27:26.991Z,7a1b4484-4dc4-4e48-b51b-e78359ce9673
2.02608E+17,2.02608E+17,47,,tbl_FinancialHardshipApplication,301,0,0,SUCCESS,2026-08-25T14:53:28.816Z,5e789551-b18e-4745-8526-2b8db3ceeb01
2.02608E+17,2.02608E+17,47,,tbl_FinancialHardshipApplication,301,0,0,SUCCESS,2026-08-25T15:41:15.440Z,04d587cb-fd28-4f28-a572-c158aa92fa98
2.02608E+17,2.02608E+17,82,201,br_sf_recordtype,21,16,0,SUCCESS,2026-08-21T10:32:27.071Z,45603680-296f-4487-82f1-f8045d5f38e1
2.02608E+17,2.02608E+17,82,201,br_sf_recordtype,21,16,0,SUCCESS,2026-08-20T15:44:42.143Z,95538f17-9d82-404e-9e3f-d1777714a921
2.02608E+17,2.02608E+17,82,201,br_sf_recordtype,21,16,0,SUCCESS,2026-08-21T02:00:45.397Z,6e633944-6270-4167-9c27-2b58aaa91b88
2.02608E+17,2.02608E+17,124,13637,sl_PADimension1,1352,0,0,SUCCESS,2026-08-21T10:36:33.855Z,8c07e343-4781-4d6b-b62d-dcb12587d856
2.02608E+17,2.02608E+17,124,13637,sl_PADimension1,1131,0,0,SUCCESS,2026-08-22T09:33:10.568Z,39d3782c-f729-4e52-b4aa-f257942a503a
2.02608E+17,2.02608E+17,123,12945,br_PADimension2,1339,0,0,SUCCESS,2026-08-18T12:40:55.305Z,6a9f8fe6-e2a7-49ab-8570-443c59873958
2.02608E+17,2.02608E+17,123,13175,br_PADimension4,1342,0,0,SUCCESS,2026-08-22T09:31:58.400Z,39d3782c-f729-4e52-b4aa-f257942a503a
2.02608E+17,2.02608E+17,123,13290,br_PADimension5,1336,0,0,SUCCESS,2026-08-21T10:35:51.884Z,8c07e343-4781-4d6b-b62d-dcb12587d856
2.02608E+17,2.02608E+17,123,12830,br_PADimension1,1349,0,0,SUCCESS,2026-08-18T10:56:59.745Z,06767fa9-f980-4e92-a048-4dd43e2dbe98
2.02608E+17,2.02608E+17,124,13640,sl_PADimension4,1125,0,0,SUCCESS,2026-08-22T09:33:10.568Z,39d3782c-f729-4e52-b4aa-f257942a503a
2.02608E+17,2.02608E+17,123,13405,br_PADimension6,1332,0,0,SUCCESS,2026-08-18T12:40:55.305Z,6a9f8fe6-e2a7-49ab-8570-443c59873958
2.02608E+17,2.02608E+17,124,13641,sl_PADimension5,1123,0,0,SUCCESS,2026-08-22T09:33:10.568Z,39d3782c-f729-4e52-b4aa-f257942a503a
2.02608E+17,2.02608E+17,124,13640,sl_PADimension4,1336,0,0,SUCCESS,2026-08-18T10:58:53.081Z,06767fa9-f980-4e92-a048-4dd43e2dbe98
2.02608E+17,2.02608E+17,123,13405,br_PADimension6,1335,0,0,SUCCESS,2026-08-21T10:35:51.884Z,8c07e343-4781-4d6b-b62d-dcb12587d856
2.02608E+17,2.02608E+17,85,,br_ReAssessment,0,0,0,SUCCESS,2026-08-17T00:10:42.423Z,77f58b99-e250-4627-9f17-559331ecd0ef
2.02608E+17,2.02608E+17,86,,sl_ReAssessment,0,0,0,SUCCESS,2026-08-17T00:12:19.802Z,77f58b99-e250-4627-9f17-559331ecd0ef
2.02608E+17,2.02608E+17,86,,sl_ReAssessment,0,0,0,SUCCESS,2026-08-10T09:56:01.413Z,6ef3fd30-03b0-4dcd-9022-3df447f4d036
2.02608E+17,2.02608E+17,46,,br_samms_bills,22221,0,0,SUCCESS,2026-08-20T03:04:41.109Z,05c5c70e-2926-4311-8f49-65b9279948a3
2.02608E+17,2.02608E+17,46,,br_samms_bills,22186,0,0,SUCCESS,2026-08-18T14:09:41.185Z,2b16abcf-416f-4fd8-80a9-0aa52ca66e5c
2.02608E+17,2.02608E+17,46,,br_samms_bills,22180,0,0,SUCCESS,2026-08-18T13:17:14.054Z,03823c35-021d-4cc9-8374-59681a542f1d
2.02608E+17,2.02608E+17,46,,br_samms_bills,21951,0,0,SUCCESS,2026-08-17T06:16:01.149Z,09d84bc7-e629-48a4-a32a-826b207e96d1
2.02608E+17,2.02608E+17,46,,br_samms_bills,1537,0,0,SUCCESS,2026-08-25T15:40:31.780Z,04d587cb-fd28-4f28-a572-c158aa92fa98
2.02608E+17,2.02608E+17,88,,br_samms_codes,2193,0,0,SUCCESS,2026-08-25T16:51:28.338Z,6d78ce37-8c21-4519-a454-1e5ee4a84a47
2.02608E+17,2.02608E+17,46,,br_samms_bills,3662,0,0,SUCCESS,2026-08-14T15:11:50.100Z,1c123384-c339-4954-be1f-3a8d150ebb14
2.02608E+17,2.02608E+17,85,,br_InvType,755,0,0,SUCCESS,2026-08-26T09:00:37.286Z,912d32aa-0b7f-4999-bf60-6670fe5985ea
2.02608E+17,2.02608E+17,86,,sl_InvType,826,0,0,SUCCESS,2026-08-26T09:01:58.154Z,912d32aa-0b7f-4999-bf60-6670fe5985ea
2.02608E+17,2.02608E+17,85,,br_Bottle,1827557,0,0,SUCCESS,2026-08-23T22:19:01.861Z,955211d4-28b8-44a0-8023-2bfaa48d6721
2.02608E+17,2.02608E+17,86,,sl_Bottle,1830617,0,0,SUCCESS,2026-08-26T22:16:17.170Z,20846baf-2fe5-403c-85d4-31520e88a3ce
2.02608E+17,2.02608E+17,47,,tbl_Bills,1001658,0,0,SUCCESS,2026-08-20T14:31:13.395Z,5f0dd8ad-486e-4238-8933-2b89499a6e18
2.02608E+17,2.02608E+17,86,,sl_Bottle,1828802,0,0,SUCCESS,2026-08-26T09:01:58.154Z,912d32aa-0b7f-4999-bf60-6670fe5985ea
2.02608E+17,2.02608E+17,85,,br_Bottle,1828085,0,0,SUCCESS,2026-08-25T21:27:09.957Z,7eb7a049-5d17-4a23-bb2f-3b9c445afd32
2.02608E+17,2.02608E+17,85,,br_Bottle,1828165,0,0,SUCCESS,2026-08-26T09:00:37.286Z,912d32aa-0b7f-4999-bf60-6670fe5985ea
2.02608E+17,2.02608E+17,86,,sl_Bottle,1828722,0,0,SUCCESS,2026-08-25T21:28:22.248Z,7eb7a049-5d17-4a23-bb2f-3b9c445afd32
2.02608E+17,2.02608E+17,85,,br_Bottle,1829980,0,0,SUCCESS,2026-08-26T22:15:14.728Z,20846baf-2fe5-403c-85d4-31520e88a3ce
2.02608E+17,2.02608E+17,86,,sl_Bottle,1826403,0,0,SUCCESS,2026-08-22T11:20:00.031Z,28d7acf5-bc26-4be3-b390-775b9af3d980
2.02608E+17,2.02608E+17,86,,sl_Bottle,1826252,0,0,SUCCESS,2026-08-19T22:56:44.161Z,2caac1da-4db4-431b-998d-21dc6fd03dce
2.02608E+17,2.02608E+17,86,,sl_Bottle,1827558,0,0,SUCCESS,2026-08-23T22:20:02.709Z,955211d4-28b8-44a0-8023-2bfaa48d6721
2.02608E+17,2.02608E+17,85,,br_InvType,68,0,0,SUCCESS,2026-08-22T11:18:45.494Z,28d7acf5-bc26-4be3-b390-775b9af3d980
2.02608E+17,2.02608E+17,85,,br_InvType,14,0,0,SUCCESS,2026-08-10T09:54:37.587Z,6ef3fd30-03b0-4dcd-9022-3df447f4d036
2.02608E+17,2.02608E+17,86,,sl_InvType,16,0,0,SUCCESS,2026-08-17T00:12:19.802Z,77f58b99-e250-4627-9f17-559331ecd0ef
2.02608E+17,2.02608E+17,86,,sl_InvType,14,0,0,SUCCESS,2026-08-10T09:56:01.413Z,6ef3fd30-03b0-4dcd-9022-3df447f4d036
2.02608E+17,2.02608E+17,85,,br_InvType,14,0,0,SUCCESS,2026-08-17T00:10:42.423Z,77f58b99-e250-4627-9f17-559331ecd0ef
2.02608E+17,2.02608E+17,85,,br_AdmissionAssessmentDimensionThree,878,0,0,SUCCESS,2026-08-17T00:10:42.423Z,77f58b99-e250-4627-9f17-559331ecd0ef
2.02608E+17,2.02608E+17,86,,sl_AdmissionAssessmentDimensionThree,873,0,0,SUCCESS,2026-08-10T09:56:01.413Z,6ef3fd30-03b0-4dcd-9022-3df447f4d036
2.02608E+17,2.02608E+17,43,167,br_User,11983,0,0,SUCCESS,2026-08-21T02:40:27.029Z,37d39418-848b-43a3-aff1-182cc8bb7455
2.02608E+17,2.02608E+17,88,,br_samms_preadmission_referral_source,42499,0,0,SUCCESS,2026-08-21T21:06:18.000Z,8488c727-7e26-424c-b4ea-f3ce6564dbed
2.02608E+17,2.02608E+13,2,21,Positions,10,0,0,SUCCESS,2026-08-11T09:03:03.962Z,0fc9623f-ac58-4aee-8aa3-3afbc5271078
2.02608E+17,2.02608E+13,2,7,OrgLevels,202,0,0,SUCCESS,2026-08-11T08:57:10.929Z,0fc9623f-ac58-4aee-8aa3-3afbc5271078
2.02608E+17,2.02608E+13,2,7,OrgLevels,202,0,0,SUCCESS,2026-08-12T04:13:38.138Z,5887a7ec-8e8e-4ea8-ac1e-92a68946509a
2.02608E+17,2.02608E+13,2,21,Positions,10,0,0,SUCCESS,2026-08-25T03:03:36.318Z,6ee9c1fc-1bc7-4a37-a063-1dfebdad8409
2.02608E+17,2.02608E+13,2,7,OrgLevels,214,0,0,SUCCESS,2026-08-25T03:00:57.731Z,6ee9c1fc-1bc7-4a37-a063-1dfebdad8409
2.02608E+17,2.02608E+17,43,167,br_User,11983,0,0,SUCCESS,2026-08-21T09:33:55.375Z,859bd6e7-8433-41b7-8f16-164cdd55063d
2.02608E+17,2.02608E+13,2,21,Positions,10,0,0,SUCCESS,2026-08-12T04:17:21.209Z,5887a7ec-8e8e-4ea8-ac1e-92a68946509a
2.02608E+17,2.02608E+17,44,177,sl_User,11983,0,0,SUCCESS,2026-08-21T09:34:25.751Z,859bd6e7-8433-41b7-8f16-164cdd55063d
2.02608E+17,2.02608E+17,43,176,br_BriefAddictionMonitor,268559,0,0,SUCCESS,2026-08-21T09:33:55.375Z,859bd6e7-8433-41b7-8f16-164cdd55063d
2.02608E+17,2.02608E+17,7,,br_tblDose,13546,0,0,SUCCESS,2026-08-12T16:08:02.967Z,8f7980aa-1c89-4271-a743-cd3729c55733
2.02608E+17,2.02608E+17,7,,br_tblDose,50792,0,0,SUCCESS,2026-08-24T19:16:29.019Z,0346ab63-a7c9-42d8-8f80-92ecf515f1ad
2.02608E+17,2.02608E+17,86,,sl_InvType,826,0,0,SUCCESS,2026-08-26T22:16:17.170Z,20846baf-2fe5-403c-85d4-31520e88a3ce
2.02608E+17,2.02608E+17,86,,sl_InvType,757,0,0,SUCCESS,2026-08-22T11:20:00.031Z,28d7acf5-bc26-4be3-b390-775b9af3d980
2.02608E+17,2.02608E+17,89,,tbl_Clinic,115,0,0,SUCCESS,2026-08-24T15:04:39.668Z,6c7532c9-dcb1-40a3-beaa-690039713dec
2.02608E+17,2.02608E+17,47,,tbl_3pElig,318,0,0,SUCCESS,2026-08-26T17:27:26.991Z,7a1b4484-4dc4-4e48-b51b-e78359ce9673
2.02608E+17,2.02608E+17,47,,tbl_3pElig,318,0,0,SUCCESS,2026-08-25T15:41:15.440Z,04d587cb-fd28-4f28-a572-c158aa92fa98
2.02608E+17,2.02608E+17,85,,br_InvType,755,0,0,SUCCESS,2026-08-26T22:15:14.728Z,20846baf-2fe5-403c-85d4-31520e88a3ce
2.02608E+17,2.02608E+17,89,,tbl_Clinic,115,0,0,SUCCESS,2026-08-24T13:44:53.569Z,8f1806c1-b1f2-4ac5-b25b-086fec51b8fb
2.02608E+17,2.02608E+17,86,,sl_InvType,757,0,0,SUCCESS,2026-08-23T22:20:02.709Z,955211d4-28b8-44a0-8023-2bfaa48d6721
2.02608E+17,2.02608E+17,85,,br_InvType,755,0,0,SUCCESS,2026-08-25T21:27:09.957Z,7eb7a049-5d17-4a23-bb2f-3b9c445afd32
2.02608E+17,2.02608E+17,47,,tbl_3pElig,318,0,0,SUCCESS,2026-08-25T14:53:28.816Z,5e789551-b18e-4745-8526-2b8db3ceeb01
2.02608E+17,2.02608E+17,86,,sl_InvType,757,0,0,SUCCESS,2026-08-19T22:56:44.161Z,2caac1da-4db4-431b-998d-21dc6fd03dce
2.02608E+17,2.02608E+17,89,,tbl_Clinic,115,0,0,SUCCESS,2026-08-22T13:25:23.299Z,63818914-9c2b-4ff6-ac1c-35595835ab93
2.02608E+17,2.02608E+17,85,,br_InvType,755,0,0,SUCCESS,2026-08-23T22:19:01.861Z,955211d4-28b8-44a0-8023-2bfaa48d6721
2.02608E+17,2.02608E+17,86,,sl_InvType,826,0,0,SUCCESS,2026-08-25T21:28:22.248Z,7eb7a049-5d17-4a23-bb2f-3b9c445afd32
2.02608E+17,2.02608E+17,89,,tbl_Clinic,115,0,0,SUCCESS,2026-08-21T21:06:56.389Z,8488c727-7e26-424c-b4ea-f3ce6564dbed
2.02608E+17,2.02608E+17,86,,sl_LiquidLog,833501,0,0,SUCCESS,2026-08-19T22:56:44.161Z,2caac1da-4db4-431b-998d-21dc6fd03dce
2.02608E+17,2.02608E+17,46,,br_samms_fmp,180148,0,0,SUCCESS,2026-08-20T14:30:17.703Z,5f0dd8ad-486e-4238-8933-2b89499a6e18
2.02608E+17,2.02608E+17,28,,br_tblFormQA,174826,10428,0,FAILED,2026-08-24T15:25:45.028Z,13c13418-73a4-42bd-b6f1-04e34ee93bae
2.02608E+17,2.02608E+17,85,,br_LabResult,61070,0,0,SUCCESS,2026-08-22T11:18:45.494Z,28d7acf5-bc26-4be3-b390-775b9af3d980
2.02608E+17,2.02608E+17,46,,br_samms_fmp,10039,0,0,SUCCESS,2026-08-20T10:41:00.075Z,069e8d01-766c-4679-b3df-c21f4d7bc3d1
2.02608E+17,2.02608E+17,46,,br_samms_fmp,10037,0,0,SUCCESS,2026-08-18T13:17:14.054Z,03823c35-021d-4cc9-8374-59681a542f1d
2.02608E+17,2.02608E+17,89,,tbl_SERVICES,27858,0,0,SUCCESS,2026-08-22T13:25:23.299Z,63818914-9c2b-4ff6-ac1c-35595835ab93
2.02608E+17,2.02608E+17,46,,br_samms_fmp,10037,0,0,SUCCESS,2026-08-18T14:09:41.185Z,2b16abcf-416f-4fd8-80a9-0aa52ca66e5c
2.02608E+17,2.02608E+17,46,,br_samms_fmp,10029,0,0,SUCCESS,2026-08-17T06:16:01.149Z,09d84bc7-e629-48a4-a32a-826b207e96d1
2.02608E+17,2.02608E+17,86,,sl_LABResult,64020,0,0,SUCCESS,2026-08-22T11:20:00.031Z,28d7acf5-bc26-4be3-b390-775b9af3d980
2.02608E+17,2.02608E+17,46,,br_samms_fmp,10038,0,0,SUCCESS,2026-08-20T03:04:41.109Z,05c5c70e-2926-4311-8f49-65b9279948a3
2.02608E+17,2.02608E+17,89,,tbl_SERVICES,27858,0,0,SUCCESS,2026-08-21T21:06:56.389Z,8488c727-7e26-424c-b4ea-f3ce6564dbed
2.02608E+17,2.02608E+13,127,13681,sl_LearningReportsOverdue,2565,0,0,SUCCESS,2026-08-25T06:03:24.330Z,3129696d-6382-4e6f-9a07-281ff4c6c307
2.02608E+17,2.02608E+13,127,13681,sl_LearningReportsOverdue,2565,0,0,SUCCESS,2026-08-20T18:18:08.603Z,693cfd70-4f2a-4d22-9e5a-9889207939bc
2.02608E+17,2.02608E+13,127,13681,sl_LearningReportsOverdue,2565,0,0,SUCCESS,2026-08-25T07:01:40.966Z,97633bcb-2c8a-4162-acd4-71253157a7a4
2.02608E+17,2.02608E+13,127,13681,sl_LearningReportsOverdue,2565,0,0,SUCCESS,2026-08-20T18:40:20.730Z,35f7c089-8d9e-4c6e-98a4-d95a69912ca1
2.02608E+17,2.02608E+13,116,8626,sl_patientservicesnoshow,0,0,0,SUCCESS,2026-08-13T08:59:06.912Z,68515acd-d42e-4d53-98a3-ea8ddd26175f
2.02608E+17,2.02608E+13,116,8626,sl_patientservicesnoshow,0,0,0,SUCCESS,2026-08-12T18:24:03.167Z,834aed09-160f-4574-8301-b233c796f637
2.02608E+17,2.02608E+13,109,8608,br_cashflow_transactions,509839,0,0,SUCCESS,2026-08-19T16:41:26.326Z,971ee9a7-f79a-4b56-ae1e-aa39f692e592
2.02608E+17,2.02608E+13,116,8626,sl_patientservicesnoshow,0,0,0,SUCCESS,2026-08-17T21:18:06.042Z,2303497c-bbf1-4033-9ae6-940348f197bc
2.02608E+17,2.02608E+13,116,8626,sl_patientservicesnoshow,0,0,0,SUCCESS,2026-08-13T07:18:27.846Z,39b38d63-d5cb-4eb4-967b-00c56a65af6d
2.02608E+17,2.02608E+13,109,8608,br_cashflow_transactions,509839,0,0,SUCCESS,2026-08-19T12:01:46.749Z,490f9894-ca55-4752-92cd-6e0d41b12fb3
2.02608E+17,2.02608E+13,116,8626,sl_patientservicesnoshow,0,0,0,SUCCESS,2026-08-17T22:24:32.240Z,9f3d1d7e-d037-4f1e-8d8f-a6326a1b4b90
2.02608E+17,2.02608E+17,88,,br_samms_preadmission_referral_source,78,0,0,SUCCESS,2026-08-25T17:32:44.371Z,72553dbc-d702-4eda-a5d0-9ceb643e22ea
2.02608E+17,2.02608E+17,120,,NewAdmissionAssessmentASAMDimension6,1289,0,0,SUCCESS,2026-08-17T11:51:35.731Z,50b193b8-c8c8-41b3-8f69-a5e058560d7e
2.02608E+17,2.02608E+17,120,,NewAdmissionAssessmentASAMDimension2,1256,0,0,SUCCESS,2026-08-17T07:56:14.288Z,422b71cc-fe6c-4f30-846d-92fb5587d0e9
2.02608E+17,2.02608E+17,120,,NewAdmissionAssessmentASAMDimension2,1256,0,0,SUCCESS,2026-08-17T11:51:35.731Z,50b193b8-c8c8-41b3-8f69-a5e058560d7e
2.02608E+17,2.02608E+17,120,,NewAdmissionAssessmentASAMDimension5,1262,0,0,SUCCESS,2026-08-18T12:36:25.606Z,201d97b6-7f87-43f7-a098-fb002daf1faf
2.02608E+17,2.02608E+17,85,,br_AdmissionAssessmentDimensionThree,51147,0,0,SUCCESS,2026-08-26T09:00:37.286Z,912d32aa-0b7f-4999-bf60-6670fe5985ea
2.02608E+17,2.02608E+17,86,,sl_AdmissionAssessmentDimensionThree,51145,0,0,SUCCESS,2026-08-25T21:28:22.248Z,7eb7a049-5d17-4a23-bb2f-3b9c445afd32
2.02608E+17,2.02608E+17,86,,sl_AdmissionAssessmentDimensionThree,49271,0,0,SUCCESS,2026-08-22T11:20:00.031Z,28d7acf5-bc26-4be3-b390-775b9af3d980
2.02608E+17,2.02608E+17,120,,NewAdmissionAssessmentASAMDimension4,1264,0,0,SUCCESS,2026-08-17T07:56:14.288Z,422b71cc-fe6c-4f30-846d-92fb5587d0e9
2.02608E+17,2.02608E+17,86,,sl_AdmissionAssessmentDimensionThree,51042,0,0,SUCCESS,2026-08-23T22:20:02.709Z,955211d4-28b8-44a0-8023-2bfaa48d6721
2.02608E+17,2.02608E+17,120,,NewAdmissionAssessmentASAMDimension4,1264,0,0,SUCCESS,2026-08-17T11:51:35.731Z,50b193b8-c8c8-41b3-8f69-a5e058560d7e
2.02608E+17,2.02608E+17,86,,sl_AdmissionAssessmentDimensionThree,51147,0,0,SUCCESS,2026-08-26T09:01:58.154Z,912d32aa-0b7f-4999-bf60-6670fe5985ea
2.02608E+17,2.02608E+17,120,,NewAdmissionAssessmentASAMDimension5,1262,0,0,SUCCESS,2026-08-25T04:08:26.736Z,8c969a39-95ec-4087-9ad3-4a9580887e34
2.02608E+17,2.02608E+17,85,,br_AdmissionAssessmentDimensionThree,51145,0,0,SUCCESS,2026-08-25T21:27:09.957Z,7eb7a049-5d17-4a23-bb2f-3b9c445afd32
2.02608E+17,2.02608E+17,85,,br_AdmissionAssessmentDimensionThree,51191,0,0,SUCCESS,2026-08-26T22:15:14.728Z,20846baf-2fe5-403c-85d4-31520e88a3ce
2.02608E+17,2.02608E+17,120,,NewAdmissionAssessmentASAMDimension5,1257,0,0,SUCCESS,2026-08-17T11:51:35.731Z,50b193b8-c8c8-41b3-8f69-a5e058560d7e
2.02608E+17,2.02608E+17,120,,NewAdmissionAssessmentASAMDimension2,1261,0,0,SUCCESS,2026-08-25T04:08:26.736Z,8c969a39-95ec-4087-9ad3-4a9580887e34
2.02608E+17,2.02608E+17,120,,NewAdmissionAssessmentASAMDimension6,1293,0,0,SUCCESS,2026-08-18T12:36:25.606Z,201d97b6-7f87-43f7-a098-fb002daf1faf
2.02608E+17,2.02608E+17,120,,NewAdmissionAssessmentASAMDimension6,1293,0,0,SUCCESS,2026-08-25T04:08:26.736Z,8c969a39-95ec-4087-9ad3-4a9580887e34
2.02608E+17,2.02608E+17,85,,br_AdmissionAssessmentDimensionThree,51042,0,0,SUCCESS,2026-08-23T22:19:01.861Z,955211d4-28b8-44a0-8023-2bfaa48d6721
2.02608E+17,2.02608E+17,47,,tbl_pbi3PayAuth,122122,0,0,SUCCESS,2026-08-20T03:05:45.530Z,05c5c70e-2926-4311-8f49-65b9279948a3
2.02608E+17,2.02608E+17,47,,tbl_pbi3PayAuth,122115,0,0,SUCCESS,2026-08-14T15:12:50.431Z,1c123384-c339-4954-be1f-3a8d150ebb14
2.02608E+17,2.02608E+17,47,,tbl_vw3pBillSub,357359,0,0,SUCCESS,2026-08-18T14:11:08.071Z,2b16abcf-416f-4fd8-80a9-0aa52ca66e5c
2.02608E+17,2.02608E+17,85,,br_Appointments,412361,0,0,SUCCESS,2026-08-22T11:18:45.494Z,28d7acf5-bc26-4be3-b390-775b9af3d980
2.02608E+17,2.02608E+17,47,,tbl_ClientDemo1,405937,0,0,SUCCESS,2026-08-18T13:18:21.545Z,03823c35-021d-4cc9-8374-59681a542f1d
2.02608E+17,2.02608E+17,47,,tbl_ClientDemo2,405931,0,0,SUCCESS,2026-08-17T06:17:15.319Z,09d84bc7-e629-48a4-a32a-826b207e96d1
2.02608E+17,2.02608E+17,47,,tbl_PayerClient,117647,0,0,SUCCESS,2026-08-20T14:31:13.395Z,5f0dd8ad-486e-4238-8933-2b89499a6e18
2.02608E+17,2.02608E+17,47,,tbl_pbi3PayAuth,122511,0,0,SUCCESS,2026-08-20T14:31:13.395Z,5f0dd8ad-486e-4238-8933-2b89499a6e18
2.02608E+17,2.02608E+17,47,,tbl_ClientDemo2,405937,0,0,SUCCESS,2026-08-18T13:18:21.545Z,03823c35-021d-4cc9-8374-59681a542f1d
2.02608E+17,2.02608E+17,47,,tbl_ClientDemo1,405943,0,0,SUCCESS,2026-08-20T03:05:45.530Z,05c5c70e-2926-4311-8f49-65b9279948a3
2.02608E+17,2.02608E+17,47,,tbl_PayerClient,116356,0,0,SUCCESS,2026-08-18T14:11:08.071Z,2b16abcf-416f-4fd8-80a9-0aa52ca66e5c
2.02608E+17,2.02608E+17,119,,sl_NewPeriodicReassessment,2872,0,0,SUCCESS,2026-08-18T12:34:31.762Z,201d97b6-7f87-43f7-a098-fb002daf1faf
2.02608E+17,2.02608E+17,118,,br_NewPeriodicReassessment,1765,0,0,SUCCESS,2026-08-18T12:32:47.421Z,201d97b6-7f87-43f7-a098-fb002daf1faf
2.02608E+17,2.02608E+17,85,,br_OrientationChecklistNew,12151,0,0,SUCCESS,2026-08-26T22:15:14.728Z,20846baf-2fe5-403c-85d4-31520e88a3ce
2.02608E+17,2.02608E+17,98,,tbl_TakeHomeRiskAssessment,98859,0,0,SUCCESS,2026-08-26T18:00:46.514Z,4b416fe5-6f5c-4fb7-baa8-f0b32475e9c6
2.02608E+17,2.02608E+17,86,,sl_OrientationChecklistNew,12204,0,0,SUCCESS,2026-08-26T22:16:17.170Z,20846baf-2fe5-403c-85d4-31520e88a3ce
2.02608E+17,2.02608E+17,118,,br_NewPeriodicReassessment,1755,0,0,SUCCESS,2026-08-17T11:47:31.137Z,50b193b8-c8c8-41b3-8f69-a5e058560d7e
2.02608E+17,2.02608E+17,88,,br_samms_pre_admission_v6,23966,0,0,SUCCESS,2026-08-22T13:24:45.035Z,63818914-9c2b-4ff6-ac1c-35595835ab93
2.02608E+17,2.02608E+17,119,,sl_NewAdmissionAssessment,1305,0,0,SUCCESS,2026-08-14T15:18:57.019Z,7969362d-463a-4985-92c3-d629dd6d5c4e
2.02608E+17,2.02608E+17,120,,NewPeriodicReassessmentD6,2850,0,0,SUCCESS,2026-08-17T11:51:35.731Z,50b193b8-c8c8-41b3-8f69-a5e058560d7e
2.02608E+17,2.02608E+17,119,,sl_NewAdmissionAssessment,1305,0,0,SUCCESS,2026-08-14T11:56:44.244Z,21f5cd31-796d-43ad-806e-67ead954f01a
2.02608E+17,2.02608E+17,119,,sl_NewAdmissionAssessment,1313,0,0,SUCCESS,2026-08-18T12:34:31.762Z,201d97b6-7f87-43f7-a098-fb002daf1faf
2.02608E+17,2.02608E+17,120,,NewPeriodicReassessmentD4,2845,0,0,SUCCESS,2026-08-17T11:51:35.731Z,50b193b8-c8c8-41b3-8f69-a5e058560d7e
2.02608E+17,2.02608E+17,120,,NewPeriodicReassessmentD5,2844,0,0,SUCCESS,2026-08-17T07:56:14.288Z,422b71cc-fe6c-4f30-846d-92fb5587d0e9
2.02608E+17,2.02608E+17,88,,br_samms_pre_admission_v6,23966,0,0,SUCCESS,2026-08-21T21:06:18.000Z,8488c727-7e26-424c-b4ea-f3ce6564dbed
2.02608E+17,2.02608E+17,119,,sl_NewAdmissionAssessment,1308,0,0,SUCCESS,2026-08-17T07:52:43.729Z,422b71cc-fe6c-4f30-846d-92fb5587d0e9
2.02608E+17,2.02608E+17,120,,NewPeriodicReassessmentD4,2845,0,0,SUCCESS,2026-08-17T07:56:14.288Z,422b71cc-fe6c-4f30-846d-92fb5587d0e9
2.02608E+17,2.02608E+17,120,,NewPeriodicReassessmentD4,2845,0,0,SUCCESS,2026-08-25T04:08:26.736Z,8c969a39-95ec-4087-9ad3-4a9580887e34
2.02608E+17,2.02608E+17,120,,NewPeriodicReassessmentD3,2845,0,0,SUCCESS,2026-08-25T04:08:26.736Z,8c969a39-95ec-4087-9ad3-4a9580887e34
2.02608E+17,2.02608E+17,118,,br_NewAdmissionAssessment,872,0,0,SUCCESS,2026-08-17T11:47:31.137Z,50b193b8-c8c8-41b3-8f69-a5e058560d7e
2.02608E+17,2.02608E+17,118,,br_NewAdmissionAssessment,869,0,0,SUCCESS,2026-08-14T07:46:03.913Z,9e759780-91b7-4e4a-882b-cd4350ec70b7
2.02608E+17,2.02608E+17,118,,br_NewAdmissionAssessment,872,0,0,SUCCESS,2026-08-17T07:50:19.981Z,422b71cc-fe6c-4f30-846d-92fb5587d0e9
2.02608E+17,2.02608E+17,88,,br_samms_custom_questions,1958,0,0,SUCCESS,2026-08-22T13:24:45.035Z,63818914-9c2b-4ff6-ac1c-35595835ab93
2.02608E+17,2.02608E+17,88,,br_samms_clinic,115,0,0,SUCCESS,2026-08-24T15:04:31.865Z,6c7532c9-dcb1-40a3-beaa-690039713dec
2.02608E+17,2.02608E+17,88,,br_samms_clinic,115,0,0,SUCCESS,2026-08-21T21:06:18.000Z,8488c727-7e26-424c-b4ea-f3ce6564dbed
2.02608E+17,2.02608E+17,88,,br_samms_clinic,115,0,0,SUCCESS,2026-08-22T13:24:45.035Z,63818914-9c2b-4ff6-ac1c-35595835ab93
2.02608E+17,2.02608E+17,47,,tbl_pbi3PayAuth,194,0,0,SUCCESS,2026-08-25T14:53:28.816Z,5e789551-b18e-4745-8526-2b8db3ceeb01
2.02608E+17,2.02608E+17,85,,br_ReAssessment,239,0,0,SUCCESS,2026-08-25T21:27:09.957Z,7eb7a049-5d17-4a23-bb2f-3b9c445afd32
2.02608E+17,2.02608E+17,86,,sl_ReAssessment,239,0,0,SUCCESS,2026-08-25T21:28:22.248Z,7eb7a049-5d17-4a23-bb2f-3b9c445afd32
2.02608E+17,2.02608E+17,86,,sl_ReAssessment,239,0,0,SUCCESS,2026-08-26T09:01:58.154Z,912d32aa-0b7f-4999-bf60-6670fe5985ea
2.02608E+17,2.02608E+17,85,,br_ReAssessment,239,0,0,SUCCESS,2026-08-26T09:00:37.286Z,912d32aa-0b7f-4999-bf60-6670fe5985ea
2.02608E+17,2.02608E+17,86,,sl_ReAssessment,239,0,0,SUCCESS,2026-08-26T22:16:17.170Z,20846baf-2fe5-403c-85d4-31520e88a3ce
2.02608E+17,2.02608E+17,85,,br_ReAssessment,239,0,0,SUCCESS,2026-08-26T22:15:14.728Z,20846baf-2fe5-403c-85d4-31520e88a3ce
2.02608E+17,2.02608E+17,88,,br_samms_clinic,115,0,0,SUCCESS,2026-08-24T13:44:43.661Z,8f1806c1-b1f2-4ac5-b25b-086fec51b8fb
2.02608E+17,2.02608E+17,47,,tbl_pbi3PayAuth,194,0,0,SUCCESS,2026-08-26T17:27:26.991Z,7a1b4484-4dc4-4e48-b51b-e78359ce9673
2.02608E+17,2.02608E+17,47,,tbl_pbi3PayAuth,194,0,0,SUCCESS,2026-08-25T15:41:15.440Z,04d587cb-fd28-4f28-a572-c158aa92fa98
2.02608E+17,2.02608E+17,46,,br_samms_bills,1001658,0,0,SUCCESS,2026-08-20T14:30:17.703Z,5f0dd8ad-486e-4238-8933-2b89499a6e18
2.02608E+17,2.02608E+17,46,,br_samms_vw3p_bill_sub,356480,4,0,FAILED,2026-08-20T14:30:17.703Z,5f0dd8ad-486e-4238-8933-2b89499a6e18
2.02608E+17,2.02608E+17,46,,br_samms_client_demo2,406651,0,0,SUCCESS,2026-08-20T14:30:17.703Z,5f0dd8ad-486e-4238-8933-2b89499a6e18
2.02608E+17,2.02608E+17,46,,br_samms_client_demo1,406652,0,0,SUCCESS,2026-08-20T14:30:17.703Z,5f0dd8ad-486e-4238-8933-2b89499a6e18
2.02608E+17,2.02608E+17,85,,br_ReAssessmentFamily,78632,0,0,SUCCESS,2026-08-23T22:19:01.861Z,955211d4-28b8-44a0-8023-2bfaa48d6721
2.02608E+17,2.02608E+17,85,,br_ReAssessmentSocial,11525,0,0,SUCCESS,2026-08-22T11:18:45.494Z,28d7acf5-bc26-4be3-b390-775b9af3d980
2.02608E+17,2.02608E+17,86,,sl_ReAssessmentFamily,78632,0,0,SUCCESS,2026-08-25T21:28:22.248Z,7eb7a049-5d17-4a23-bb2f-3b9c445afd32
2.02608E+17,2.02608E+17,86,,sl_ReAssessmentFamily,78632,0,0,SUCCESS,2026-08-26T22:16:17.170Z,20846baf-2fe5-403c-85d4-31520e88a3ce
2.02608E+17,2.02608E+17,85,,br_ReAssessmentFamily,78632,0,0,SUCCESS,2026-08-26T09:00:37.286Z,912d32aa-0b7f-4999-bf60-6670fe5985ea
2.02608E+17,2.02608E+17,85,,br_ReAssessmentFamily,78632,0,0,SUCCESS,2026-08-25T21:27:09.957Z,7eb7a049-5d17-4a23-bb2f-3b9c445afd32
2.02608E+17,2.02608E+17,85,,br_ReAssessmentSocial,78434,0,0,SUCCESS,2026-08-25T21:27:09.957Z,7eb7a049-5d17-4a23-bb2f-3b9c445afd32
2.02608E+17,2.02608E+17,86,,sl_ReAssessmentFamily,78632,0,0,SUCCESS,2026-08-19T22:56:44.161Z,2caac1da-4db4-431b-998d-21dc6fd03dce
2.02608E+17,2.02608E+17,86,,sl_ReAssessmentSocial,78434,0,0,SUCCESS,2026-08-19T22:56:44.161Z,2caac1da-4db4-431b-998d-21dc6fd03dce
2.02608E+17,2.02608E+17,7,,br_tblDoseExcuse,38,0,0,SUCCESS,2026-08-24T19:16:29.019Z,0346ab63-a7c9-42d8-8f80-92ecf515f1ad
2.02608E+17,2.02608E+17,7,,br_tblDoseExcuse,38,0,0,SUCCESS,2026-08-12T16:08:02.967Z,8f7980aa-1c89-4271-a743-cd3729c55733
2.02608E+17,2.02608E+17,86,,sl_Appointments,24168,0,0,SUCCESS,2026-08-17T00:12:19.802Z,77f58b99-e250-4627-9f17-559331ecd0ef
2.02608E+17,2.02608E+17,114,,br_LiquidLog_CDC,161,0,13,FAILED,2026-08-28T04:47:17.298Z,60ff5281-bdb1-466d-9e29-0c58e613d194
2.02608E+17,2.02608E+17,46,,br_samms_claims,69558,0,0,SUCCESS,2026-08-25T14:52:45.394Z,5e789551-b18e-4745-8526-2b8db3ceeb01
2.02608E+17,2.02608E+17,85,,br_Appointments,22093,0,0,SUCCESS,2026-08-17T00:10:42.423Z,77f58b99-e250-4627-9f17-559331ecd0ef
2.02608E+17,2.02608E+17,8,,tbl_dose_excuse,467806,0,0,SUCCESS,2026-08-24T19:18:26.451Z,0346ab63-a7c9-42d8-8f80-92ecf515f1ad
2.02608E+17,2.02608E+17,86,,sl_Appointments,21889,0,0,SUCCESS,2026-08-10T09:56:01.413Z,6ef3fd30-03b0-4dcd-9022-3df447f4d036
2.02608E+17,2.02608E+17,46,,br_samms_claims,68767,0,0,SUCCESS,2026-08-14T15:11:50.100Z,1c123384-c339-4954-be1f-3a8d150ebb14
2.02608E+17,2.02608E+17,46,,br_samms_claims,11577,0,0,SUCCESS,2026-08-26T17:26:29.472Z,7a1b4484-4dc4-4e48-b51b-e78359ce9673
2.02608E+17,2.02608E+17,46,,br_samms_claims,11577,0,0,SUCCESS,2026-08-25T15:40:31.780Z,04d587cb-fd28-4f28-a572-c158aa92fa98
2.02608E+17,2.02608E+17,115,,sl_LiquidLog_CDC,470084,0,0,SUCCESS,2026-08-18T19:10:13.235Z,8b420868-3d73-418b-b30b-805fea2baba5
2.02608E+17,2.02608E+17,115,,sl_LiquidLog_CDC,470705,0,0,SUCCESS,2026-08-21T12:21:14.187Z,15c6503a-21fe-46db-b933-9c29c1ab1196
2.02608E+17,2.02608E+17,115,,sl_LiquidLog_CDC,472060,0,0,SUCCESS,2026-08-27T04:51:33.207Z,2e7c859c-0cb2-4a04-88a8-b5f0cad3f58f
2.02608E+17,2.02608E+17,115,,sl_LiquidLog_CDC,471660,0,0,SUCCESS,2026-08-26T04:45:06.848Z,5187609b-db66-42e3-9436-fcfeae3ae564
2.02608E+17,2.02608E+17,85,,br_ReAssessmentLegal,696,0,0,SUCCESS,2026-08-17T00:10:42.423Z,77f58b99-e250-4627-9f17-559331ecd0ef
2.02608E+17,2.02608E+17,86,,sl_ReAssessmentLegal,696,0,0,SUCCESS,2026-08-17T00:12:19.802Z,77f58b99-e250-4627-9f17-559331ecd0ef
2.02608E+17,2.02608E+17,86,,sl_ReAssessmentLegal,696,0,0,SUCCESS,2026-08-10T09:56:01.413Z,6ef3fd30-03b0-4dcd-9022-3df447f4d036
2.02608E+17,2.02608E+17,124,13641,sl_PADimension5,1333,0,0,SUCCESS,2026-08-18T12:41:50.437Z,6a9f8fe6-e2a7-49ab-8570-443c59873958
2.02608E+17,2.02608E+17,124,13642,sl_PADimension6,1123,0,0,SUCCESS,2026-08-22T09:33:10.568Z,39d3782c-f729-4e52-b4aa-f257942a503a
2.02608E+17,2.02608E+17,124,13637,sl_PADimension1,1349,0,0,SUCCESS,2026-08-18T12:41:50.437Z,6a9f8fe6-e2a7-49ab-8570-443c59873958
2.02608E+17,2.02608E+17,123,13175,br_PADimension4,1339,0,0,SUCCESS,2026-08-21T10:35:51.884Z,8c07e343-4781-4d6b-b62d-dcb12587d856
2.02608E+17,2.02608E+17,123,12945,br_PADimension2,1345,0,0,SUCCESS,2026-08-22T09:31:58.400Z,39d3782c-f729-4e52-b4aa-f257942a503a
2.02608E+17,2.02608E+17,123,13175,br_PADimension4,1336,0,0,SUCCESS,2026-08-18T10:56:59.745Z,06767fa9-f980-4e92-a048-4dd43e2dbe98
2.02608E+17,2.02608E+17,123,13405,br_PADimension6,1338,0,0,SUCCESS,2026-08-22T09:31:58.400Z,39d3782c-f729-4e52-b4aa-f257942a503a
2.02608E+17,2.02608E+17,123,13405,br_PADimension6,1329,0,0,SUCCESS,2026-08-14T15:18:21.922Z,58f20748-15b7-4a11-966c-9510b56c5310
2.02608E+17,2.02608E+17,123,13060,br_PADimension3,1333,0,0,SUCCESS,2026-08-14T15:18:21.922Z,58f20748-15b7-4a11-966c-9510b56c5310
2.02608E+17,2.02608E+17,124,13639,sl_PADimension3,1333,0,0,SUCCESS,2026-08-14T15:19:39.212Z,58f20748-15b7-4a11-966c-9510b56c5310
2.02608E+17,2.02608E+17,123,13290,br_PADimension5,1333,0,0,SUCCESS,2026-08-18T10:56:59.745Z,06767fa9-f980-4e92-a048-4dd43e2dbe98
2.02608E+17,2.02608E+17,85,,br_ReAssessmentTreatment,697,0,0,SUCCESS,2026-08-17T00:10:42.423Z,77f58b99-e250-4627-9f17-559331ecd0ef
2.02608E+17,2.02608E+17,97,,br_samms_eandm_form_mdm,536438,0,0,SUCCESS,2026-08-19T16:04:01.037Z,0e774440-67e4-4817-8f97-24afdbb9d82f
2.02608E+17,2.02608E+17,88,,br_samms_custom_answers,192545,0,0,SUCCESS,2026-08-22T13:24:45.035Z,63818914-9c2b-4ff6-ac1c-35595835ab93
2.02608E+17,2.02608E+13,131,13695,sl_vwTrendingTreatmentPlansStateReqs,2271989,0,0,SUCCESS,2026-08-27T03:54:38.784Z,6c0dfbf2-4982-428b-b962-2d1ca5cf9e53
2.02608E+17,2.02608E+13,131,13695,sl_vwTrendingTreatmentPlansStateReqs,2271989,0,0,SUCCESS,2026-08-27T08:54:58.323Z,3fa64f84-15aa-45fb-9cca-2f2fe48cfae1
2.02608E+17,2.02608E+13,131,13695,sl_vwTrendingTreatmentPlansStateReqs,2271989,0,0,SUCCESS,2026-08-27T07:24:46.866Z,67cdece8-9745-4c87-ab73-e4e58104b61d
2.02608E+17,2.02608E+13,131,13695,sl_vwTrendingTreatmentPlansStateReqs,2271989,0,0,SUCCESS,2026-08-27T06:41:21.755Z,475c3e58-0434-45d9-b3f8-9d768448de53
2.02608E+17,2.02608E+13,131,13695,sl_vwTrendingTreatmentPlansStateReqs,2271989,0,0,SUCCESS,2026-08-26T21:01:49.037Z,763548dd-f2e8-4b4a-babe-63409027873a
2.02608E+17,2.02608E+13,131,13695,sl_vwTrendingTreatmentPlansStateReqs,2271822,0,0,SUCCESS,2026-08-27T10:42:32.861Z,9c98095d-0f6c-4ddc-995a-49dd3d71b166
2.02608E+17,2.02608E+13,131,13695,sl_vwTrendingTreatmentPlansStateReqs,2271822,0,0,SUCCESS,2026-08-27T11:28:35.958Z,548cb8af-a2ae-442b-8193-6118f75471ea
2.02608E+17,2.02608E+13,129,13684,sl_tbl_Third_Party_AR_inDB_Balances,1200945,0,0,SUCCESS,2026-08-24T14:38:37.037Z,31f76fca-6e67-4da9-bdde-70234da73bc2
2.02608E+17,2.02608E+13,129,13684,sl_tbl_Third_Party_AR_inDB_Balances,1200945,0,0,SUCCESS,2026-08-25T06:55:48.811Z,2fa3e356-ae01-4dcd-b224-29975f3f4663
2.02608E+17,2.02608E+13,129,13684,sl_tbl_Third_Party_AR_inDB_Balances,1200945,0,0,SUCCESS,2026-08-25T06:30:41.775Z,10463748-23f8-4ae2-b9e2-be0a0e43e58c
2.02608E+17,2.02608E+13,129,13684,sl_tbl_Third_Party_AR_inDB_Balances,1200945,0,0,SUCCESS,2026-08-24T13:45:29.007Z,65ef2c78-6383-4fa0-b292-451fef5594ab
2.02608E+17,2.02608E+13,129,13684,sl_tbl_Third_Party_AR_inDB_Balances,1200945,0,0,SUCCESS,2026-08-24T11:32:28.649Z,1dc7e0e5-7b10-47dd-ac59-24ffb1fd9982
2.02608E+17,2.02608E+13,129,13684,sl_tbl_Third_Party_AR_inDB_Balances,1200945,0,0,SUCCESS,2026-08-25T10:49:54.755Z,14acef57-a6d0-4d2d-8699-deeb4ca96c3c
2.02608E+17,2.02608E+13,129,13684,sl_tbl_Third_Party_AR_inDB_Balances,1200945,0,0,SUCCESS,2026-08-25T11:10:08.963Z,7a1565c7-58f3-4a52-a993-98b6f3cc1967
2.02608E+17,2.02608E+17,85,,br_Appointments,21867,0,0,SUCCESS,2026-08-10T09:54:37.587Z,6ef3fd30-03b0-4dcd-9022-3df447f4d036
2.02608E+17,2.02608E+17,8,,tbl_dose_excuse,467806,0,0,SUCCESS,2026-08-12T16:08:36.544Z,8f7980aa-1c89-4271-a743-cd3729c55733
2.02608E+17,2.02608E+17,47,,tbl_PayerClient,1643,0,0,SUCCESS,2026-08-25T14:53:28.816Z,5e789551-b18e-4745-8526-2b8db3ceeb01
2.02608E+17,2.02608E+17,47,,tbl_vw3pBillSub,1251,0,0,SUCCESS,2026-08-26T17:27:26.991Z,7a1b4484-4dc4-4e48-b51b-e78359ce9673
2.02608E+17,2.02608E+17,47,,tbl_vw3pBillSub,1251,0,0,SUCCESS,2026-08-25T14:53:28.816Z,5e789551-b18e-4745-8526-2b8db3ceeb01
2.02608E+17,2.02608E+17,47,,tbl_ClientDemo1,1675,0,0,SUCCESS,2026-08-25T14:53:28.816Z,5e789551-b18e-4745-8526-2b8db3ceeb01
2.02608E+17,2.02608E+17,47,,tbl_PayerClient,1643,0,0,SUCCESS,2026-08-25T15:41:15.440Z,04d587cb-fd28-4f28-a572-c158aa92fa98
2.02608E+17,2.02608E+17,47,,tbl_ClientDemo1,1675,0,0,SUCCESS,2026-08-26T17:27:26.991Z,7a1b4484-4dc4-4e48-b51b-e78359ce9673
2.02608E+17,2.02608E+17,47,,tbl_ClientDemo2,1675,0,0,SUCCESS,2026-08-25T14:53:28.816Z,5e789551-b18e-4745-8526-2b8db3ceeb01
2.02608E+17,2.02608E+17,47,,tbl_ClientDemo2,1675,0,0,SUCCESS,2026-08-26T17:27:26.991Z,7a1b4484-4dc4-4e48-b51b-e78359ce9673
2.02608E+17,2.02608E+17,47,,tbl_ClientDemo1,1675,0,0,SUCCESS,2026-08-25T15:41:15.440Z,04d587cb-fd28-4f28-a572-c158aa92fa98
2.02608E+17,2.02608E+17,47,,tbl_vw3pBillSub,1251,0,0,SUCCESS,2026-08-25T15:41:15.440Z,04d587cb-fd28-4f28-a572-c158aa92fa98
2.02608E+17,2.02608E+17,114,,br_LiquidLog_CDC,191,0,6,FAILED,2026-08-26T04:43:26.187Z,5187609b-db66-42e3-9436-fcfeae3ae564
2.02608E+17,2.02608E+17,47,,tbl_ClientDemo2,1675,0,0,SUCCESS,2026-08-25T15:41:15.440Z,04d587cb-fd28-4f28-a572-c158aa92fa98
2.02608E+17,2.02608E+17,47,,tbl_PayerClient,1643,0,0,SUCCESS,2026-08-26T17:27:26.991Z,7a1b4484-4dc4-4e48-b51b-e78359ce9673
2.02608E+17,2.02608E+13,121,12584,sl_OffWeekCounselingEngagement,0,0,0,SUCCESS,2026-08-10T11:22:28.850Z,78bad054-c366-447f-a42f-4880b22834e3
2.02608E+17,2.02608E+13,121,12584,sl_OffWeekCounselingEngagement,0,0,0,SUCCESS,2026-08-10T09:38:00.362Z,1453389c-d490-4676-bef1-3fe43090239f
2.02608E+17,2.02608E+13,109,8609,br_cashflow_accountlocationref,273,0,0,SUCCESS,2026-08-19T12:02:17.274Z,490f9894-ca55-4752-92cd-6e0d41b12fb3
2.02608E+17,2.02608E+13,121,12584,sl_OffWeekCounselingEngagement,46986,0,0,SUCCESS,2026-08-18T06:01:00.068Z,0754271b-537b-4df2-8eea-828420187180
2.02608E+17,2.02608E+13,121,12584,sl_OffWeekCounselingEngagement,46986,0,0,SUCCESS,2026-08-18T06:56:36.540Z,401c9c1b-3971-44a9-a17e-46e79ae01eff
2.02608E+17,2.02608E+13,121,12584,sl_OffWeekCounselingEngagement,46967,0,0,SUCCESS,2026-08-10T15:15:24.000Z,67ac4554-40b9-4a4f-b42b-b07474e5e143
2.02608E+17,2.02608E+13,109,8609,br_cashflow_accountlocationref,273,0,0,SUCCESS,2026-08-19T16:41:50.490Z,971ee9a7-f79a-4b56-ae1e-aa39f692e592
2.02608E+17,2.02608E+13,121,12584,sl_OffWeekCounselingEngagement,0,0,0,SUCCESS,2026-08-10T06:59:24.524Z,307bc68c-7b9d-4658-a771-a1adcfd3b965
2.02608E+17,2.02608E+13,121,12584,sl_OffWeekCounselingEngagement,0,0,0,SUCCESS,2026-08-10T09:04:14.427Z,871fd4e7-f63f-43b0-a6b5-8655d4836508
2.02608E+17,2.02608E+13,121,12584,sl_OffWeekCounselingEngagement,46986,0,0,SUCCESS,2026-08-16T07:21:52.001Z,3db0df33-cd84-477a-b507-80edcb2c2641
2.02608E+17,2.02608E+17,47,,tbl_ClientDemo1,405944,0,0,SUCCESS,2026-08-20T10:42:08.644Z,069e8d01-766c-4679-b3df-c21f4d7bc3d1
2.02608E+17,2.02608E+17,86,,sl_Appointments,547345,0,0,SUCCESS,2026-08-22T11:20:00.031Z,28d7acf5-bc26-4be3-b390-775b9af3d980
2.02608E+17,2.02608E+17,46,,br_samms_claims,299947,0,0,SUCCESS,2026-08-18T14:09:41.185Z,2b16abcf-416f-4fd8-80a9-0aa52ca66e5c
2.02608E+17,2.02608E+17,46,,br_samms_claims,298738,0,0,SUCCESS,2026-08-17T06:16:01.149Z,09d84bc7-e629-48a4-a32a-826b207e96d1
2.02608E+17,2.02608E+17,47,,tbl_vw3pBillSub,409363,0,0,SUCCESS,2026-08-20T14:31:13.395Z,5f0dd8ad-486e-4238-8933-2b89499a6e18
2.02608E+17,2.02608E+17,47,,tbl_ClientDemo2,406659,0,0,SUCCESS,2026-08-20T14:31:13.395Z,5f0dd8ad-486e-4238-8933-2b89499a6e18
2.02608E+17,2.02608E+17,47,,tbl_vw3pBillSub,357520,0,0,SUCCESS,2026-08-20T10:42:08.644Z,069e8d01-766c-4679-b3df-c21f4d7bc3d1
2.02608E+17,2.02608E+17,47,,tbl_pbi3PayAuth,122120,0,0,SUCCESS,2026-08-17T06:17:15.319Z,09d84bc7-e629-48a4-a32a-826b207e96d1
2.02608E+17,2.02608E+17,47,,tbl_ClientDemo2,405937,0,0,SUCCESS,2026-08-18T14:11:08.071Z,2b16abcf-416f-4fd8-80a9-0aa52ca66e5c
2.02608E+17,2.02608E+17,47,,tbl_pbi3PayAuth,122120,0,0,SUCCESS,2026-08-18T14:11:08.071Z,2b16abcf-416f-4fd8-80a9-0aa52ca66e5c
2.02608E+17,2.02608E+17,47,,tbl_pbi3PayAuth,122122,0,0,SUCCESS,2026-08-20T10:42:08.644Z,069e8d01-766c-4679-b3df-c21f4d7bc3d1
2.02608E+17,2.02608E+17,47,,tbl_PayerClient,116360,0,0,SUCCESS,2026-08-20T03:05:45.530Z,05c5c70e-2926-4311-8f49-65b9279948a3
2.02608E+17,2.02608E+17,47,,tbl_PayerClient,116360,0,0,SUCCESS,2026-08-20T10:42:08.644Z,069e8d01-766c-4679-b3df-c21f4d7bc3d1
2.02608E+17,2.02608E+17,86,,sl_Appointments,183802,0,0,SUCCESS,2026-08-19T22:56:44.161Z,2caac1da-4db4-431b-998d-21dc6fd03dce
2.02608E+17,2.02608E+17,47,,tbl_vw3pBillSub,357474,0,0,SUCCESS,2026-08-20T03:05:45.530Z,05c5c70e-2926-4311-8f49-65b9279948a3
2.02608E+17,2.02608E+17,86,,sl_AdmissionAssessment,50,0,0,SUCCESS,2026-08-17T00:12:19.802Z,77f58b99-e250-4627-9f17-559331ecd0ef
2.02608E+17,2.02608E+17,85,,br_AdmissionAssessment,19,0,0,SUCCESS,2026-08-17T00:10:42.423Z,77f58b99-e250-4627-9f17-559331ecd0ef
2.02608E+17,2.02608E+17,85,,br_AdmissionAssessment,19,0,0,SUCCESS,2026-08-10T09:54:37.587Z,6ef3fd30-03b0-4dcd-9022-3df447f4d036
2.02608E+17,2.02608E+17,46,,br_samms_pbi3_pay_auth,62,0,0,SUCCESS,2026-08-25T15:40:31.780Z,04d587cb-fd28-4f28-a572-c158aa92fa98
2.02608E+17,2.02608E+17,46,,br_samms_vw3p_bill_sub,144,0,0,SUCCESS,2026-08-26T17:26:29.472Z,7a1b4484-4dc4-4e48-b51b-e78359ce9673
2.02608E+17,2.02608E+17,46,,br_samms_pbi3_pay_auth,192,0,0,SUCCESS,2026-08-14T15:11:50.100Z,1c123384-c339-4954-be1f-3a8d150ebb14
2.02608E+17,2.02608E+17,46,,br_samms_pbi3_pay_auth,194,0,0,SUCCESS,2026-08-25T14:52:45.394Z,5e789551-b18e-4745-8526-2b8db3ceeb01
2.02608E+17,2.02608E+17,86,,sl_AdmissionAssessment,945,0,0,SUCCESS,2026-08-19T22:56:44.161Z,2caac1da-4db4-431b-998d-21dc6fd03dce
2.02608E+17,2.02608E+17,46,,br_samms_vw3p_bill_sub,144,0,0,SUCCESS,2026-08-25T15:40:31.780Z,04d587cb-fd28-4f28-a572-c158aa92fa98
2.02608E+17,2.02608E+17,85,,br_AdmissionAssessment,641,0,0,SUCCESS,2026-08-22T11:18:45.494Z,28d7acf5-bc26-4be3-b390-775b9af3d980
2.02608E+17,2.02608E+17,86,,sl_AdmissionAssessment,45,0,0,SUCCESS,2026-08-10T09:56:01.413Z,6ef3fd30-03b0-4dcd-9022-3df447f4d036
2.02608E+17,2.02608E+17,46,,br_samms_pbi3_pay_auth,62,0,0,SUCCESS,2026-08-26T17:26:29.472Z,7a1b4484-4dc4-4e48-b51b-e78359ce9673
2.02608E+17,2.02608E+17,47,,tbl_ClientDemo1,405937,0,0,SUCCESS,2026-08-18T14:11:08.071Z,2b16abcf-416f-4fd8-80a9-0aa52ca66e5c
2.02608E+17,2.02608E+17,47,,tbl_ClientDemo2,405943,0,0,SUCCESS,2026-08-20T03:05:45.530Z,05c5c70e-2926-4311-8f49-65b9279948a3
2.02608E+17,2.02608E+17,47,,tbl_PayerClient,116334,0,0,SUCCESS,2026-08-14T15:12:50.431Z,1c123384-c339-4954-be1f-3a8d150ebb14
2.02608E+17,2.02608E+17,47,,tbl_vw3pBillSub,357357,0,0,SUCCESS,2026-08-18T13:18:21.545Z,03823c35-021d-4cc9-8374-59681a542f1d
2.02608E+17,2.02608E+17,47,,tbl_ClientDemo1,406660,0,0,SUCCESS,2026-08-20T14:31:13.395Z,5f0dd8ad-486e-4238-8933-2b89499a6e18
2.02608E+17,2.02608E+17,47,,tbl_ClientDemo1,405923,0,0,SUCCESS,2026-08-14T15:12:50.431Z,1c123384-c339-4954-be1f-3a8d150ebb14
2.02608E+17,2.02608E+17,46,,br_samms_claims,299947,0,0,SUCCESS,2026-08-20T03:04:41.109Z,05c5c70e-2926-4311-8f49-65b9279948a3
2.02608E+17,2.02608E+17,114,,br_LiquidLog_CDC,1531,0,10,FAILED,2026-08-18T19:09:57.295Z,8b420868-3d73-418b-b30b-805fea2baba5
2.02608E+17,2.02608E+17,47,,tbl_vw3pBillSub,355282,0,0,SUCCESS,2026-08-17T06:17:15.319Z,09d84bc7-e629-48a4-a32a-826b207e96d1
2.02608E+17,2.02608E+17,47,,tbl_pbi3PayAuth,122120,0,0,SUCCESS,2026-08-18T13:18:21.545Z,03823c35-021d-4cc9-8374-59681a542f1d
2.02608E+17,2.02608E+17,47,,tbl_vw3pBillSub,355010,0,0,SUCCESS,2026-08-14T15:12:50.431Z,1c123384-c339-4954-be1f-3a8d150ebb14
2.02608E+17,2.02608E+17,46,,br_samms_claims,299947,0,0,SUCCESS,2026-08-18T13:17:14.054Z,03823c35-021d-4cc9-8374-59681a542f1d
2.02608E+17,2.02608E+17,47,,tbl_ClientDemo2,405944,0,0,SUCCESS,2026-08-20T10:42:08.644Z,069e8d01-766c-4679-b3df-c21f4d7bc3d1
2.02608E+17,2.02608E+17,47,,tbl_PayerClient,116349,0,0,SUCCESS,2026-08-17T06:17:15.319Z,09d84bc7-e629-48a4-a32a-826b207e96d1
2.02608E+17,2.02608E+17,47,,tbl_PayerClient,116356,0,0,SUCCESS,2026-08-18T13:18:21.545Z,03823c35-021d-4cc9-8374-59681a542f1d
2.02608E+17,2.02608E+17,46,,br_samms_claims,299947,0,0,SUCCESS,2026-08-20T10:41:00.075Z,069e8d01-766c-4679-b3df-c21f4d7bc3d1
2.02608E+17,2.02608E+17,86,,sl_LABResultDetail,565329,0,0,SUCCESS,2026-08-19T22:56:44.161Z,2caac1da-4db4-431b-998d-21dc6fd03dce
2.02608E+17,2.02608E+17,46,,br_samms_tbldiag10,202841,0,0,SUCCESS,2026-08-20T14:30:17.703Z,5f0dd8ad-486e-4238-8933-2b89499a6e18
2.02608E+17,2.02608E+17,86,,sl_LABResultDetail,568040,0,0,SUCCESS,2026-08-25T21:28:22.248Z,7eb7a049-5d17-4a23-bb2f-3b9c445afd32
2.02608E+17,2.02608E+17,86,,sl_LABResultDetail,565345,0,0,SUCCESS,2026-08-22T11:20:00.031Z,28d7acf5-bc26-4be3-b390-775b9af3d980
2.02608E+17,2.02608E+17,85,,br_LabResultDetail,565339,0,0,SUCCESS,2026-08-26T22:15:14.728Z,20846baf-2fe5-403c-85d4-31520e88a3ce
2.02608E+17,2.02608E+17,86,,sl_LABResultDetail,568147,0,0,SUCCESS,2026-08-26T22:16:17.170Z,20846baf-2fe5-403c-85d4-31520e88a3ce
2.02608E+17,2.02608E+17,85,,br_LabResultDetail,565234,0,0,SUCCESS,2026-08-25T21:27:09.957Z,7eb7a049-5d17-4a23-bb2f-3b9c445afd32
2.02608E+17,2.02608E+17,86,,sl_LABResultDetail,565594,0,0,SUCCESS,2026-08-23T22:20:02.709Z,955211d4-28b8-44a0-8023-2bfaa48d6721
2.02608E+17,2.02608E+17,86,,sl_LABResultDetail,568040,0,0,SUCCESS,2026-08-26T09:01:58.154Z,912d32aa-0b7f-4999-bf60-6670fe5985ea
2.02608E+17,2.02608E+17,85,,br_LabResultDetail,565234,0,0,SUCCESS,2026-08-26T09:00:37.286Z,912d32aa-0b7f-4999-bf60-6670fe5985ea
2.02608E+17,2.02608E+17,29,,tbl_dbo_FormQuestionAnswers,22706741,0,0,SUCCESS,2026-08-14T20:20:44.593Z,06b9d75d-291b-4cd2-9a89-52908a52280f
2.02608E+17,2.02608E+17,29,,tbl_dbo_FormQuestionAnswers,1786436,0,0,SUCCESS,2026-08-10T21:47:13.590Z,919a3989-3039-4ed4-8e54-b0f9527e0235
2.02608E+17,2.02608E+17,85,,br_ReAssessmentLegal,78449,0,0,SUCCESS,2026-08-25T21:27:09.957Z,7eb7a049-5d17-4a23-bb2f-3b9c445afd32
2.02608E+17,2.02608E+17,85,,br_ReAssessmentLegal,78449,0,0,SUCCESS,2026-08-23T22:19:01.861Z,955211d4-28b8-44a0-8023-2bfaa48d6721
2.02608E+17,2.02608E+17,85,,br_ReAssessmentLegal,78449,0,0,SUCCESS,2026-08-26T22:15:14.728Z,20846baf-2fe5-403c-85d4-31520e88a3ce
2.02608E+17,2.02608E+17,86,,sl_ReAssessmentLegal,78449,0,0,SUCCESS,2026-08-23T22:20:02.709Z,955211d4-28b8-44a0-8023-2bfaa48d6721
2.02608E+17,2.02608E+17,86,,sl_ReAssessmentLegal,78449,0,0,SUCCESS,2026-08-26T22:16:17.170Z,20846baf-2fe5-403c-85d4-31520e88a3ce
2.02608E+17,2.02608E+17,86,,sl_ReAssessmentLegal,75593,0,0,SUCCESS,2026-08-19T22:56:44.161Z,2caac1da-4db4-431b-998d-21dc6fd03dce
2.02608E+17,2.02608E+17,85,,br_ReAssessmentLegal,78449,0,0,SUCCESS,2026-08-26T09:00:37.286Z,912d32aa-0b7f-4999-bf60-6670fe5985ea
2.02608E+17,2.02608E+17,89,,tbl_DroDownListItems,8770,0,0,SUCCESS,2026-08-25T17:33:23.911Z,72553dbc-d702-4eda-a5d0-9ceb643e22ea
2.02608E+17,2.02608E+17,89,,tbl_DroDownListItems,8770,0,0,SUCCESS,2026-08-25T16:51:56.379Z,6d78ce37-8c21-4519-a454-1e5ee4a84a47
2.02608E+17,2.02608E+13,131,13697,sl_CurrentDayPayElig,2,0,0,SUCCESS,2026-08-27T11:29:33.271Z,548cb8af-a2ae-442b-8193-6118f75471ea
2.02608E+17,2.02608E+13,131,13691,sl_LocationRetention,0,0,0,SUCCESS,2026-08-27T10:35:37.818Z,9c98095d-0f6c-4ddc-995a-49dd3d71b166
2.02608E+17,2.02608E+13,131,13691,sl_LocationRetention,0,0,0,SUCCESS,2026-08-27T03:47:21.998Z,6c0dfbf2-4982-428b-b962-2d1ca5cf9e53
2.02608E+17,2.02608E+13,131,13696,sl_CurrentDayPayAuth,2,0,0,SUCCESS,2026-08-27T03:55:09.364Z,6c0dfbf2-4982-428b-b962-2d1ca5cf9e53
2.02608E+17,2.02608E+13,131,13689,sl_vwCensusFirstDose,4913,0,0,SUCCESS,2026-08-27T08:46:37.350Z,3fa64f84-15aa-45fb-9cca-2f2fe48cfae1
2.02608E+17,2.02608E+13,131,13697,sl_CurrentDayPayElig,2,0,0,SUCCESS,2026-08-26T21:02:49.497Z,763548dd-f2e8-4b4a-babe-63409027873a
2.02608E+17,2.02608E+13,131,13697,sl_CurrentDayPayElig,2,0,0,SUCCESS,2026-08-27T03:55:46.169Z,6c0dfbf2-4982-428b-b962-2d1ca5cf9e53
2.02608E+17,2.02608E+13,131,13697,sl_CurrentDayPayElig,2,0,0,SUCCESS,2026-08-27T07:25:39.652Z,67cdece8-9745-4c87-ab73-e4e58104b61d
2.02608E+17,2.02608E+13,131,13691,sl_LocationRetention,0,0,0,SUCCESS,2026-08-26T21:19:21.971Z,4b200449-8053-4691-81f7-bd43960e8882
2.02608E+17,2.02608E+13,131,13696,sl_CurrentDayPayAuth,2,0,0,SUCCESS,2026-08-27T11:29:06.439Z,548cb8af-a2ae-442b-8193-6118f75471ea
2.02608E+17,2.02608E+13,131,13696,sl_CurrentDayPayAuth,2,0,0,SUCCESS,2026-08-26T21:02:20.495Z,763548dd-f2e8-4b4a-babe-63409027873a
2.02608E+17,2.02608E+13,131,13691,sl_LocationRetention,0,0,0,SUCCESS,2026-08-27T07:17:55.154Z,67cdece8-9745-4c87-ab73-e4e58104b61d
2.02608E+17,2.02608E+13,131,13689,sl_vwCensusFirstDose,4913,0,0,SUCCESS,2026-08-27T10:33:55.340Z,9c98095d-0f6c-4ddc-995a-49dd3d71b166
2.02608E+17,2.02608E+13,131,13691,sl_LocationRetention,0,0,0,SUCCESS,2026-08-27T06:33:39.165Z,475c3e58-0434-45d9-b3f8-9d768448de53
2.02608E+17,2.02608E+13,109,8610,br_cashflow_lockbox,13629,0,0,SUCCESS,2026-08-19T12:03:08.671Z,490f9894-ca55-4752-92cd-6e0d41b12fb3
2.02608E+17,2.02608E+13,109,8610,br_cashflow_lockbox,13629,0,0,SUCCESS,2026-08-19T16:42:36.813Z,971ee9a7-f79a-4b56-ae1e-aa39f692e592
2.02608E+17,2.02608E+13,131,13691,sl_LocationRetention,0,0,1,FAILED,2026-08-26T20:56:15.930Z,763548dd-f2e8-4b4a-babe-63409027873a
2.02608E+17,2.02608E+13,110,8612,sl_BankTransactions,431039,0,0,SUCCESS,2026-08-19T12:10:55.460Z,490f9894-ca55-4752-92cd-6e0d41b12fb3
2.02608E+17,2.02608E+17,46,,br_samms_client_demo1,301,0,0,SUCCESS,2026-08-25T15:40:31.780Z,04d587cb-fd28-4f28-a572-c158aa92fa98
2.02608E+17,2.02608E+17,85,,br_ReAssessmentFamily,697,0,0,SUCCESS,2026-08-10T09:54:37.587Z,6ef3fd30-03b0-4dcd-9022-3df447f4d036
2.02608E+17,2.02608E+17,85,,br_ReAssessmentSocial,697,0,0,SUCCESS,2026-08-10T09:54:37.587Z,6ef3fd30-03b0-4dcd-9022-3df447f4d036
2.02608E+17,2.02608E+17,46,,br_samms_client_demo1,301,0,0,SUCCESS,2026-08-26T17:26:29.472Z,7a1b4484-4dc4-4e48-b51b-e78359ce9673
2.02608E+17,2.02608E+17,46,,br_samms_client_demo2,301,0,0,SUCCESS,2026-08-25T15:40:31.780Z,04d587cb-fd28-4f28-a572-c158aa92fa98
2.02608E+17,2.02608E+17,86,,sl_ReAssessmentSocial,697,0,0,SUCCESS,2026-08-10T09:56:01.413Z,6ef3fd30-03b0-4dcd-9022-3df447f4d036
2.02608E+17,2.02608E+17,86,,sl_ReAssessmentSocial,697,0,0,SUCCESS,2026-08-17T00:12:19.802Z,77f58b99-e250-4627-9f17-559331ecd0ef
2.02608E+17,2.02608E+17,85,,br_ReAssessmentFamily,697,0,0,SUCCESS,2026-08-17T00:10:42.423Z,77f58b99-e250-4627-9f17-559331ecd0ef
2.02608E+17,2.02608E+17,86,,sl_ReAssessmentFamily,697,0,0,SUCCESS,2026-08-10T09:56:01.413Z,6ef3fd30-03b0-4dcd-9022-3df447f4d036
2.02608E+17,2.02608E+17,85,,br_ReAssessmentSocial,697,0,0,SUCCESS,2026-08-17T00:10:42.423Z,77f58b99-e250-4627-9f17-559331ecd0ef
2.02608E+17,2.02608E+17,98,,tbl_ComprehensiveAssessmentForm,777,0,0,SUCCESS,2026-08-26T18:00:46.514Z,4b416fe5-6f5c-4fb7-baa8-f0b32475e9c6
2.02608E+17,2.02608E+17,119,,sl_NewPeriodicReassessmentD6,2850,0,0,SUCCESS,2026-08-25T04:06:29.840Z,8c969a39-95ec-4087-9ad3-4a9580887e34
2.02608E+17,2.02608E+17,118,,br_newperiodicreassessmentd5,1748,0,0,SUCCESS,2026-08-15T05:55:17.589Z,92fdec37-a7f1-4589-8ea2-af8b074ddb31
2.02608E+17,2.02608E+17,118,,br_newperiodicreassessmentd6,1746,0,0,SUCCESS,2026-08-14T07:46:03.913Z,9e759780-91b7-4e4a-882b-cd4350ec70b7
2.02608E+17,2.02608E+17,119,,sl_newperiodicreassessmentd4,2842,0,0,SUCCESS,2026-08-14T15:18:57.019Z,7969362d-463a-4985-92c3-d629dd6d5c4e
2.02608E+17,2.02608E+17,119,,sl_newperiodicreassessmentd2,2844,0,0,SUCCESS,2026-08-14T11:56:44.244Z,21f5cd31-796d-43ad-806e-67ead954f01a
2.02608E+17,2.02608E+17,119,,sl_newperiodicreassessmentd2,2847,0,0,SUCCESS,2026-08-15T05:55:49.193Z,92fdec37-a7f1-4589-8ea2-af8b074ddb31
2.02608E+17,2.02608E+17,119,,sl_newperiodicreassessmentd3,2845,0,0,SUCCESS,2026-08-15T05:55:49.193Z,92fdec37-a7f1-4589-8ea2-af8b074ddb31
2.02608E+17,2.02608E+17,119,,sl_newperiodicreassessmentd6,2850,0,0,SUCCESS,2026-08-15T05:55:49.193Z,92fdec37-a7f1-4589-8ea2-af8b074ddb31
2.02608E+17,2.02608E+17,119,,sl_NewPeriodicReassessmentD2,2847,0,0,SUCCESS,2026-08-25T04:06:29.840Z,8c969a39-95ec-4087-9ad3-4a9580887e34
2.02608E+17,2.02608E+17,119,,sl_NewPeriodicReassessmentD2,2847,0,0,SUCCESS,2026-08-17T07:52:43.729Z,422b71cc-fe6c-4f30-846d-92fb5587d0e9
2.02608E+17,2.02608E+17,119,,sl_NewPeriodicReassessmentD4,2845,0,0,SUCCESS,2026-08-17T07:52:43.729Z,422b71cc-fe6c-4f30-846d-92fb5587d0e9
2.02608E+17,2.02608E+17,119,,sl_NewPeriodicReassessmentD3,2845,0,0,SUCCESS,2026-08-17T11:49:45.238Z,50b193b8-c8c8-41b3-8f69-a5e058560d7e
2.02608E+17,2.02608E+17,119,,sl_newperiodicreassessmentd5,2841,0,0,SUCCESS,2026-08-14T07:46:51.127Z,9e759780-91b7-4e4a-882b-cd4350ec70b7
2.02608E+17,2.02608E+17,119,,sl_NewPeriodicReassessmentD5,2844,0,0,SUCCESS,2026-08-18T12:34:31.762Z,201d97b6-7f87-43f7-a098-fb002daf1faf
2.02608E+17,2.02608E+17,119,,sl_newperiodicreassessmentd2,2844,0,0,SUCCESS,2026-08-14T15:18:57.019Z,7969362d-463a-4985-92c3-d629dd6d5c4e
2.02608E+17,2.02608E+17,119,,sl_NewPeriodicReassessmentD3,2845,0,0,SUCCESS,2026-08-18T12:34:31.762Z,201d97b6-7f87-43f7-a098-fb002daf1faf
2.02608E+17,2.02608E+17,119,,sl_NewPeriodicReassessmentD5,2844,0,0,SUCCESS,2026-08-17T11:49:45.238Z,50b193b8-c8c8-41b3-8f69-a5e058560d7e
2.02608E+17,2.02608E+17,119,,sl_NewPeriodicReassessmentD6,2850,0,0,SUCCESS,2026-08-15T14:39:25.281Z,556076c4-618a-4487-8b31-ba5017a3c197
2.02608E+17,2.02608E+17,84,221,stgCases,0,0,0,SUCCESS,2026-08-20T16:03:06.153Z,95538f17-9d82-404e-9e3f-d1777714a921
2.02608E+17,2.02608E+17,45,189,CONSENTS,0,0,0,SUCCESS,2026-08-21T08:56:31.462Z,63de4b0b-e7e7-4150-93d6-8b706da9bfcd
2.02608E+17,2.02608E+17,84,216,Accounts,0,0,0,SUCCESS,2026-08-20T16:01:41.119Z,95538f17-9d82-404e-9e3f-d1777714a921
2.02608E+17,2.02608E+13,112,8632,sl_termed_latest,7279,0,1,FAILED,2026-08-24T10:38:05.454Z,0962alssadgf_as255_dc1h56789
2.02608E+17,2.02608E+17,88,,br_samms_pre_admission_v6,43,0,0,SUCCESS,2026-08-25T17:32:44.371Z,72553dbc-d702-4eda-a5d0-9ceb643e22ea
2.02608E+17,2.02608E+17,88,,br_samms_custom_questions,49,0,0,SUCCESS,2026-08-25T16:51:28.338Z,6d78ce37-8c21-4519-a454-1e5ee4a84a47
2.02608E+17,2.02608E+17,46,,br_samms_claim_line_item,544366,0,0,SUCCESS,2026-08-17T06:16:01.149Z,09d84bc7-e629-48a4-a32a-826b207e96d1
2.02608E+17,2.02608E+17,86,,sl_ReAssessmentPhysicalHealth,78871,0,0,SUCCESS,2026-08-22T11:20:00.031Z,28d7acf5-bc26-4be3-b390-775b9af3d980
2.02608E+17,2.02608E+17,97,,br_samms_consent_to_marketing,6981,0,0,SUCCESS,2026-08-19T16:04:01.037Z,0e774440-67e4-4817-8f97-24afdbb9d82f
2.02608E+17,2.02608E+17,97,,br_samms_eandm_form_pregnancy,1175,0,0,SUCCESS,2026-08-17T08:30:09.387Z,760fb7f7-522d-45ef-ae35-70bd18d17fef
2.02608E+17,2.02608E+17,77,,tbl_SF_PatientPreAdmission,674816,0,0,SUCCESS,2026-08-24T20:50:17.809Z,3493ae40-96b6-4051-9666-1f519a793994
2.02608E+17,2.02608E+17,77,,tbl_SF_PatientPreAdmission,621943,0,0,SUCCESS,2026-08-21T15:09:27.788Z,0c589208-2221-4d68-8178-9fb813ab6d11
2.02608E+17,2.02608E+17,85,,br_ReAssessmentSubstanceUse,708,0,0,SUCCESS,2026-08-10T09:54:37.587Z,6ef3fd30-03b0-4dcd-9022-3df447f4d036
2.02608E+17,2.02608E+17,85,,br_ReAssessmentPhysicalHealth,78871,0,0,SUCCESS,2026-08-26T09:00:37.286Z,912d32aa-0b7f-4999-bf60-6670fe5985ea
2.02608E+17,2.02608E+17,86,,sl_ReAssessmentPhysicalHealth,78871,0,0,SUCCESS,2026-08-26T22:16:17.170Z,20846baf-2fe5-403c-85d4-31520e88a3ce
2.02608E+17,2.02608E+17,85,,br_AdmissionAssessmentSummary,53689,0,0,SUCCESS,2026-08-26T22:15:14.728Z,20846baf-2fe5-403c-85d4-31520e88a3ce
2.02608E+17,2.02608E+17,86,,sl_ReAssessmentPhysicalHealth,78871,0,0,SUCCESS,2026-08-19T22:56:44.161Z,2caac1da-4db4-431b-998d-21dc6fd03dce
2.02608E+17,2.02608E+17,97,,br_samms_eandm_form_pregnancy,62473,0,0,SUCCESS,2026-08-19T16:04:01.037Z,0e774440-67e4-4817-8f97-24afdbb9d82f
2.02608E+17,2.02608E+17,85,,br_AdmissionAssessmentSummary,53533,0,0,SUCCESS,2026-08-23T22:19:01.861Z,955211d4-28b8-44a0-8023-2bfaa48d6721
2.02608E+17,2.02608E+17,86,,sl_AdmissionAssessmentSummary,53641,0,0,SUCCESS,2026-08-25T21:28:22.248Z,7eb7a049-5d17-4a23-bb2f-3b9c445afd32
2.02608E+17,2.02608E+17,86,,sl_AdmissionAssessmentSummary,53643,0,0,SUCCESS,2026-08-26T09:01:58.154Z,912d32aa-0b7f-4999-bf60-6670fe5985ea
2.02608E+17,2.02608E+17,86,,sl_AdmissionAssessmentSummary,53421,0,0,SUCCESS,2026-08-19T22:56:44.161Z,2caac1da-4db4-431b-998d-21dc6fd03dce
2.02608E+17,2.02608E+17,85,,br_AdmissionAssessmentSummary,53641,0,0,SUCCESS,2026-08-25T21:27:09.957Z,7eb7a049-5d17-4a23-bb2f-3b9c445afd32
2.02608E+17,2.02608E+17,85,,br_AdmissionAssessmentSummary,53643,0,0,SUCCESS,2026-08-26T09:00:37.286Z,912d32aa-0b7f-4999-bf60-6670fe5985ea
2.02608E+17,2.02608E+17,86,,sl_ReAssessmentPhysicalHealth,78871,0,0,SUCCESS,2026-08-23T22:20:02.709Z,955211d4-28b8-44a0-8023-2bfaa48d6721
2.02608E+17,2.02608E+17,86,,sl_ReAssessmentPhysicalHealth,78871,0,0,SUCCESS,2026-08-25T21:28:22.248Z,7eb7a049-5d17-4a23-bb2f-3b9c445afd32
2.02608E+17,2.02608E+17,85,,br_ReAssessmentPhysicalHealth,78871,0,0,SUCCESS,2026-08-25T21:27:09.957Z,7eb7a049-5d17-4a23-bb2f-3b9c445afd32
2.02608E+17,2.02608E+17,86,,sl_AdmissionAssessmentSummary,53434,0,0,SUCCESS,2026-08-22T11:20:00.031Z,28d7acf5-bc26-4be3-b390-775b9af3d980
2.02608E+17,2.02608E+17,85,,br_ReAssessmentPhysicalHealth,78871,0,0,SUCCESS,2026-08-23T22:19:01.861Z,955211d4-28b8-44a0-8023-2bfaa48d6721
2.02608E+17,2.02608E+17,86,,sl_ReAssessmentPhysicalHealth,78871,0,0,SUCCESS,2026-08-26T09:01:58.154Z,912d32aa-0b7f-4999-bf60-6670fe5985ea
2.02608E+17,2.02608E+17,86,,sl_AdmissionAssessmentSummary,53533,0,0,SUCCESS,2026-08-23T22:20:02.709Z,955211d4-28b8-44a0-8023-2bfaa48d6721
2.02608E+17,2.02608E+17,85,,br_ReAssessmentPhysicalHealth,11585,0,0,SUCCESS,2026-08-22T11:18:45.494Z,28d7acf5-bc26-4be3-b390-775b9af3d980
2.02608E+17,2.02608E+17,86,,sl_AdmissionAssessmentSummary,53689,0,0,SUCCESS,2026-08-26T22:16:17.170Z,20846baf-2fe5-403c-85d4-31520e88a3ce
2.02608E+17,2.02608E+17,118,,br_newperiodicreassessmentd6,1746,0,0,SUCCESS,2026-08-14T05:52:58.693Z,49a6a879-8aad-45bb-887e-905eab5ea9bb
2.02608E+17,2.02608E+17,119,,sl_NewPeriodicReassessmentD3,2845,0,0,SUCCESS,2026-08-17T07:52:43.729Z,422b71cc-fe6c-4f30-846d-92fb5587d0e9
2.02608E+17,2.02608E+17,119,,sl_newperiodicreassessmentd4,2842,0,0,SUCCESS,2026-08-14T05:53:26.971Z,49a6a879-8aad-45bb-887e-905eab5ea9bb
2.02608E+17,2.02608E+17,119,,sl_newperiodicreassessmentd3,2842,0,0,SUCCESS,2026-08-14T15:18:57.019Z,7969362d-463a-4985-92c3-d629dd6d5c4e
2.02608E+17,2.02608E+17,119,,sl_NewPeriodicReassessmentD5,2844,0,0,SUCCESS,2026-08-15T14:39:25.281Z,556076c4-618a-4487-8b31-ba5017a3c197
2.02608E+17,2.02608E+17,118,,br_newperiodicreassessmentd2,1746,0,0,SUCCESS,2026-08-14T05:52:58.693Z,49a6a879-8aad-45bb-887e-905eab5ea9bb
2.02608E+17,2.02608E+17,118,,br_newperiodicreassessmentd5,1745,0,0,SUCCESS,2026-08-14T05:52:58.693Z,49a6a879-8aad-45bb-887e-905eab5ea9bb
2.02608E+17,2.02608E+17,119,,sl_NewPeriodicReassessmentD5,2844,0,0,SUCCESS,2026-08-17T07:52:43.729Z,422b71cc-fe6c-4f30-846d-92fb5587d0e9
2.02608E+17,2.02608E+17,118,,br_newperiodicreassessmentd3,1746,0,0,SUCCESS,2026-08-14T05:52:58.693Z,49a6a879-8aad-45bb-887e-905eab5ea9bb
2.02608E+17,2.02608E+17,119,,sl_newperiodicreassessmentd5,2841,0,0,SUCCESS,2026-08-14T15:18:57.019Z,7969362d-463a-4985-92c3-d629dd6d5c4e
2.02608E+17,2.02608E+17,118,,br_newperiodicreassessmentd4,1749,0,0,SUCCESS,2026-08-15T05:55:17.589Z,92fdec37-a7f1-4589-8ea2-af8b074ddb31
2.02608E+17,2.02608E+17,118,,br_newperiodicreassessmentd4,1746,0,0,SUCCESS,2026-08-14T07:46:03.913Z,9e759780-91b7-4e4a-882b-cd4350ec70b7
2.02608E+17,2.02608E+17,119,,sl_NewPeriodicReassessmentD4,2845,0,0,SUCCESS,2026-08-18T12:34:31.762Z,201d97b6-7f87-43f7-a098-fb002daf1faf
2.02608E+17,2.02608E+17,118,,br_newperiodicreassessmentd6,1749,0,0,SUCCESS,2026-08-15T05:55:17.589Z,92fdec37-a7f1-4589-8ea2-af8b074ddb31
2.02608E+17,2.02608E+17,119,,sl_newperiodicreassessmentd5,2841,0,0,SUCCESS,2026-08-14T11:56:44.244Z,21f5cd31-796d-43ad-806e-67ead954f01a
2.02608E+17,2.02608E+17,119,,sl_newperiodicreassessmentd5,2841,0,0,SUCCESS,2026-08-14T05:53:26.971Z,49a6a879-8aad-45bb-887e-905eab5ea9bb
2.02608E+17,2.02608E+17,119,,sl_newperiodicreassessmentd6,2847,0,0,SUCCESS,2026-08-14T05:53:26.971Z,49a6a879-8aad-45bb-887e-905eab5ea9bb
2.02608E+17,2.02608E+17,47,,tbl_ClaimLineItem,39903767,0,0,SUCCESS,2026-08-14T15:12:50.431Z,1c123384-c339-4954-be1f-3a8d150ebb14
2.02608E+17,2.02608E+17,47,,tbl_ClaimLineItem,39907108,0,0,SUCCESS,2026-08-20T10:42:08.644Z,069e8d01-766c-4679-b3df-c21f4d7bc3d1
2.02608E+17,2.02608E+17,47,,tbl_ClaimLineItem,39907108,0,0,SUCCESS,2026-08-18T13:18:21.545Z,03823c35-021d-4cc9-8374-59681a542f1d
2.02608E+17,2.02608E+17,46,,br_samms_tbldiag10,231,0,0,SUCCESS,2026-08-26T17:26:29.472Z,7a1b4484-4dc4-4e48-b51b-e78359ce9673
2.02608E+17,2.02608E+17,46,,br_samms_tbldiag10,231,0,0,SUCCESS,2026-08-25T15:40:31.780Z,04d587cb-fd28-4f28-a572-c158aa92fa98
2.02608E+17,2.02608E+17,85,,br_LabResultDetail,11015,0,0,SUCCESS,2026-08-17T00:10:42.423Z,77f58b99-e250-4627-9f17-559331ecd0ef
2.02608E+17,2.02608E+17,86,,sl_LABResultDetail,11601,0,0,SUCCESS,2026-08-17T00:12:19.802Z,77f58b99-e250-4627-9f17-559331ecd0ef
2.02608E+17,2.02608E+17,85,,br_LabResultDetail,11015,0,0,SUCCESS,2026-08-10T09:54:37.587Z,6ef3fd30-03b0-4dcd-9022-3df447f4d036
2.02608E+17,2.02608E+17,86,,sl_LABResultDetail,11015,0,0,SUCCESS,2026-08-10T09:56:01.413Z,6ef3fd30-03b0-4dcd-9022-3df447f4d036
2.02608E+17,2.02608E+17,46,,br_samms_tbldiag10,5559,0,0,SUCCESS,2026-08-17T06:16:01.149Z,09d84bc7-e629-48a4-a32a-826b207e96d1
2.02608E+17,2.02608E+17,46,,br_samms_tbldiag10,5584,0,0,SUCCESS,2026-08-20T03:04:41.109Z,05c5c70e-2926-4311-8f49-65b9279948a3
2.02608E+17,2.02608E+17,46,,br_samms_tbldiag10,5559,0,0,SUCCESS,2026-08-18T14:09:41.185Z,2b16abcf-416f-4fd8-80a9-0aa52ca66e5c
2.02608E+17,2.02608E+17,46,,br_samms_tbldiag10,5559,0,0,SUCCESS,2026-08-18T13:17:14.054Z,03823c35-021d-4cc9-8374-59681a542f1d
2.02608E+17,2.02608E+17,46,,br_samms_tbldiag10,1670,0,0,SUCCESS,2026-08-14T15:11:50.100Z,1c123384-c339-4954-be1f-3a8d150ebb14
2.02608E+17,2.02608E+17,46,,br_samms_tbldiag10,1680,0,0,SUCCESS,2026-08-25T14:52:45.394Z,5e789551-b18e-4745-8526-2b8db3ceeb01
2.02608E+17,2.02608E+17,46,,br_samms_tbldiag10,5584,0,0,SUCCESS,2026-08-20T10:41:00.075Z,069e8d01-766c-4679-b3df-c21f4d7bc3d1
2.02608E+17,2.02608E+17,47,,tbl_ClaimLineItem,40887945,0,0,SUCCESS,2026-08-20T14:31:13.395Z,5f0dd8ad-486e-4238-8933-2b89499a6e18
2.02608E+17,2.02608E+17,47,,tbl_ClaimLineItem,39907108,0,0,SUCCESS,2026-08-20T03:05:45.530Z,05c5c70e-2926-4311-8f49-65b9279948a3
2.02608E+17,2.02608E+17,47,,tbl_ClaimLineItem,39904830,0,0,SUCCESS,2026-08-17T06:17:15.319Z,09d84bc7-e629-48a4-a32a-826b207e96d1
2.02608E+17,2.02608E+17,47,,tbl_ClaimLineItem,39907108,0,0,SUCCESS,2026-08-18T14:11:08.071Z,2b16abcf-416f-4fd8-80a9-0aa52ca66e5c
2.02608E+17,2.02608E+17,85,,br_ReAssessmentPhysicalHealth,78871,0,0,SUCCESS,2026-08-26T22:15:14.728Z,20846baf-2fe5-403c-85d4-31520e88a3ce
2.02608E+17,2.02608E+17,119,,sl_NewAdmissionAssessmentASAMDimension6,1286,0,0,SUCCESS,2026-08-14T15:18:57.019Z,7969362d-463a-4985-92c3-d629dd6d5c4e
2.02608E+17,2.02608E+17,119,,sl_NewAdmissionAssessmentASAMDimension4,1269,0,0,SUCCESS,2026-08-18T12:34:31.762Z,201d97b6-7f87-43f7-a098-fb002daf1faf
2.02608E+17,2.02608E+17,119,,sl_NewAdmissionAssessmentASAMDimension5,1257,0,0,SUCCESS,2026-08-17T11:49:45.238Z,50b193b8-c8c8-41b3-8f69-a5e058560d7e
2.02608E+17,2.02608E+17,119,,sl_NewAdmissionAssessmentASAMDimension5,1257,0,0,SUCCESS,2026-08-15T14:39:25.281Z,556076c4-618a-4487-8b31-ba5017a3c197
2.02608E+17,2.02608E+17,119,,sl_NewAdmissionAssessmentASAMDimension5,1269,0,0,SUCCESS,2026-08-25T04:06:29.840Z,8c969a39-95ec-4087-9ad3-4a9580887e34
2.02608E+17,2.02608E+17,46,,br_samms_financial_hardship_application,71472,0,0,SUCCESS,2026-08-20T14:30:17.703Z,5f0dd8ad-486e-4238-8933-2b89499a6e18
2.02608E+17,2.02608E+17,119,,sl_NewAdmissionAssessmentASAMDimension6,1286,0,0,SUCCESS,2026-08-14T07:46:51.127Z,9e759780-91b7-4e4a-882b-cd4350ec70b7
2.02608E+17,2.02608E+17,119,,sl_NewAdmissionAssessmentASAMDimension5,1254,0,0,SUCCESS,2026-08-14T07:46:51.127Z,9e759780-91b7-4e4a-882b-cd4350ec70b7
2.02608E+17,2.02608E+17,119,,sl_NewAdmissionAssessmentASAMDimension2,1256,0,0,SUCCESS,2026-08-17T07:52:43.729Z,422b71cc-fe6c-4f30-846d-92fb5587d0e9
2.02608E+17,2.02608E+17,119,,sl_NewAdmissionAssessmentASAMDimension4,1264,0,0,SUCCESS,2026-08-17T11:49:45.238Z,50b193b8-c8c8-41b3-8f69-a5e058560d7e
2.02608E+17,2.02608E+17,119,,sl_NewAdmissionAssessmentASAMDimension6,1301,0,0,SUCCESS,2026-08-25T04:06:29.840Z,8c969a39-95ec-4087-9ad3-4a9580887e34
2.02608E+17,2.02608E+17,119,,sl_NewAdmissionAssessmentASAMDimension5,1257,0,0,SUCCESS,2026-08-15T05:55:49.193Z,92fdec37-a7f1-4589-8ea2-af8b074ddb31
2.02608E+17,2.02608E+17,119,,sl_NewAdmissionAssessmentASAMDimension4,1261,0,0,SUCCESS,2026-08-14T07:46:51.127Z,9e759780-91b7-4e4a-882b-cd4350ec70b7
2.02608E+17,2.02608E+17,119,,sl_NewAdmissionAssessmentASAMDimension5,1262,0,0,SUCCESS,2026-08-18T12:34:31.762Z,201d97b6-7f87-43f7-a098-fb002daf1faf
2.02608E+17,2.02608E+17,119,,sl_NewAdmissionAssessmentASAMDimension5,1254,0,0,SUCCESS,2026-08-14T15:18:57.019Z,7969362d-463a-4985-92c3-d629dd6d5c4e
2.02608E+17,2.02608E+17,119,,sl_NewAdmissionAssessmentASAMDimension4,1264,0,0,SUCCESS,2026-08-15T05:55:49.193Z,92fdec37-a7f1-4589-8ea2-af8b074ddb31
2.02608E+17,2.02608E+17,119,,sl_NewAdmissionAssessmentASAMDimension6,1289,0,0,SUCCESS,2026-08-15T14:39:25.281Z,556076c4-618a-4487-8b31-ba5017a3c197
2.02608E+17,2.02608E+17,119,,sl_NewAdmissionAssessmentASAMDimension6,1289,0,0,SUCCESS,2026-08-17T07:52:43.729Z,422b71cc-fe6c-4f30-846d-92fb5587d0e9
2.02608E+17,2.02608E+17,119,,sl_NewAdmissionAssessmentASAMDimension2,1253,0,0,SUCCESS,2026-08-14T07:46:51.127Z,9e759780-91b7-4e4a-882b-cd4350ec70b7
2.02608E+17,2.02608E+17,119,,sl_NewAdmissionAssessmentASAMDimension5,1254,0,0,SUCCESS,2026-08-14T11:56:44.244Z,21f5cd31-796d-43ad-806e-67ead954f01a
2.02608E+17,2.02608E+17,119,,sl_NewAdmissionAssessment,1308,0,0,SUCCESS,2026-08-17T11:49:45.238Z,50b193b8-c8c8-41b3-8f69-a5e058560d7e
2.02608E+17,2.02608E+17,120,,NewPeriodicReassessmentD4,2845,0,0,SUCCESS,2026-08-18T12:36:25.606Z,201d97b6-7f87-43f7-a098-fb002daf1faf
2.02608E+17,2.02608E+17,120,,NewPeriodicReassessmentD6,2850,0,0,SUCCESS,2026-08-17T07:56:14.288Z,422b71cc-fe6c-4f30-846d-92fb5587d0e9
2.02608E+17,2.02608E+17,119,,sl_NewAdmissionAssessment,1305,0,0,SUCCESS,2026-08-14T05:53:26.971Z,49a6a879-8aad-45bb-887e-905eab5ea9bb
2.02608E+17,2.02608E+17,120,,NewPeriodicReassessmentD2,2847,0,0,SUCCESS,2026-08-18T12:36:25.606Z,201d97b6-7f87-43f7-a098-fb002daf1faf
2.02608E+17,2.02608E+17,120,,NewPeriodicReassessmentD3,2845,0,0,SUCCESS,2026-08-17T11:51:35.731Z,50b193b8-c8c8-41b3-8f69-a5e058560d7e
2.02608E+17,2.02608E+17,120,,NewPeriodicReassessmentD2,2847,0,0,SUCCESS,2026-08-25T04:08:26.736Z,8c969a39-95ec-4087-9ad3-4a9580887e34
2.02608E+17,2.02608E+17,120,,NewPeriodicReassessmentD5,2844,0,0,SUCCESS,2026-08-25T04:08:26.736Z,8c969a39-95ec-4087-9ad3-4a9580887e34
2.02608E+17,2.02608E+17,120,,NewPeriodicReassessmentD6,2850,0,0,SUCCESS,2026-08-25T04:08:26.736Z,8c969a39-95ec-4087-9ad3-4a9580887e34
2.02608E+17,2.02608E+17,120,,NewPeriodicReassessmentD3,2845,0,0,SUCCESS,2026-08-17T07:56:14.288Z,422b71cc-fe6c-4f30-846d-92fb5587d0e9
2.02608E+17,2.02608E+17,120,,NewPeriodicReassessmentD6,2850,0,0,SUCCESS,2026-08-18T12:36:25.606Z,201d97b6-7f87-43f7-a098-fb002daf1faf
2.02608E+17,2.02608E+17,120,,NewPeriodicReassessmentD3,2845,0,0,SUCCESS,2026-08-18T12:36:25.606Z,201d97b6-7f87-43f7-a098-fb002daf1faf
2.02608E+17,2.02608E+17,120,,NewPeriodicReassessmentD2,2847,0,0,SUCCESS,2026-08-17T11:51:35.731Z,50b193b8-c8c8-41b3-8f69-a5e058560d7e
2.02608E+17,2.02608E+17,119,,sl_NewAdmissionAssessment,1305,0,0,SUCCESS,2026-08-14T07:46:51.127Z,9e759780-91b7-4e4a-882b-cd4350ec70b7
2.02608E+17,2.02608E+17,86,,sl_ReAssessmentMentalHealth,76668,0,0,SUCCESS,2026-08-22T11:20:00.031Z,28d7acf5-bc26-4be3-b390-775b9af3d980
2.02608E+17,2.02608E+17,86,,sl_ReAssessmentOccupational,78554,0,0,SUCCESS,2026-08-26T22:16:17.170Z,20846baf-2fe5-403c-85d4-31520e88a3ce
2.02608E+17,2.02608E+17,85,,br_ReAssessmentOccupational,78554,0,0,SUCCESS,2026-08-26T22:15:14.728Z,20846baf-2fe5-403c-85d4-31520e88a3ce
2.02608E+17,2.02608E+17,86,,sl_ReAssessmentMentalHealth,74707,0,0,SUCCESS,2026-08-19T22:56:44.161Z,2caac1da-4db4-431b-998d-21dc6fd03dce
2.02608E+17,2.02608E+17,85,,br_ReAssessmentSubstanceUse,79713,0,0,SUCCESS,2026-08-26T22:15:14.728Z,20846baf-2fe5-403c-85d4-31520e88a3ce
2.02608E+17,2.02608E+17,85,,br_ReAssessmentOccupational,78554,0,0,SUCCESS,2026-08-23T22:19:01.861Z,955211d4-28b8-44a0-8023-2bfaa48d6721
2.02608E+17,2.02608E+17,86,,sl_ReAssessmentSubstanceUse,79713,0,0,SUCCESS,2026-08-22T11:20:00.031Z,28d7acf5-bc26-4be3-b390-775b9af3d980
2.02608E+17,2.02608E+17,85,,br_ReAssessmentMentalHealth,78733,0,0,SUCCESS,2026-08-25T21:27:09.957Z,7eb7a049-5d17-4a23-bb2f-3b9c445afd32
2.02608E+17,2.02608E+17,86,,sl_ReAssessmentOccupational,78554,0,0,SUCCESS,2026-08-23T22:20:02.709Z,955211d4-28b8-44a0-8023-2bfaa48d6721
2.02608E+17,2.02608E+17,86,,sl_ReAssessmentSubstanceUse,79713,0,0,SUCCESS,2026-08-19T22:56:44.161Z,2caac1da-4db4-431b-998d-21dc6fd03dce
2.02608E+17,2.02608E+17,85,,br_ReAssessmentOccupational,11542,0,0,SUCCESS,2026-08-22T11:18:45.494Z,28d7acf5-bc26-4be3-b390-775b9af3d980
2.02608E+17,2.02608E+17,85,,br_ReAssessmentOccupational,78554,0,0,SUCCESS,2026-08-26T09:00:37.286Z,912d32aa-0b7f-4999-bf60-6670fe5985ea
2.02608E+17,2.02608E+17,85,,br_ReAssessmentSubstanceUse,79713,0,0,SUCCESS,2026-08-23T22:19:01.861Z,955211d4-28b8-44a0-8023-2bfaa48d6721
2.02608E+17,2.02608E+17,86,,sl_ReAssessmentSubstanceUse,79713,0,0,SUCCESS,2026-08-25T21:28:22.248Z,7eb7a049-5d17-4a23-bb2f-3b9c445afd32
2.02608E+17,2.02608E+17,86,,sl_ReAssessmentMentalHealth,78733,0,0,SUCCESS,2026-08-26T22:16:17.170Z,20846baf-2fe5-403c-85d4-31520e88a3ce
2.02608E+17,2.02608E+17,86,,sl_ReAssessmentMentalHealth,78733,0,0,SUCCESS,2026-08-25T21:28:22.248Z,7eb7a049-5d17-4a23-bb2f-3b9c445afd32
2.02608E+17,2.02608E+17,85,,br_ReAssessmentMentalHealth,78733,0,0,SUCCESS,2026-08-26T22:15:14.728Z,20846baf-2fe5-403c-85d4-31520e88a3ce
2.02608E+17,2.02608E+17,86,,sl_ReAssessmentOccupational,78554,0,0,SUCCESS,2026-08-26T09:01:58.154Z,912d32aa-0b7f-4999-bf60-6670fe5985ea
2.02608E+17,2.02608E+17,86,,sl_ReAssessmentSubstanceUse,79713,0,0,SUCCESS,2026-08-26T22:16:17.170Z,20846baf-2fe5-403c-85d4-31520e88a3ce
2.02608E+17,2.02608E+17,118,,br_NewPeriodicReassessmentD4,0,0,0,SUCCESS,2026-08-15T14:38:54.958Z,556076c4-618a-4487-8b31-ba5017a3c197
2.02608E+17,2.02608E+17,118,,br_NewPeriodicReassessmentD4,0,0,0,SUCCESS,2026-08-17T11:47:31.137Z,50b193b8-c8c8-41b3-8f69-a5e058560d7e
2.02608E+17,2.02608E+17,118,,br_NewPeriodicReassessmentD6,0,0,0,SUCCESS,2026-08-18T12:32:47.421Z,201d97b6-7f87-43f7-a098-fb002daf1faf
2.02608E+17,2.02608E+17,118,,br_NewPeriodicReassessmentD3,0,0,0,SUCCESS,2026-08-15T14:38:54.958Z,556076c4-618a-4487-8b31-ba5017a3c197
2.02608E+17,2.02608E+17,118,,br_NewPeriodicReassessmentD3,0,0,0,SUCCESS,2026-08-17T11:47:31.137Z,50b193b8-c8c8-41b3-8f69-a5e058560d7e
2.02608E+17,2.02608E+17,118,,br_NewPeriodicReassessmentD6,0,0,0,SUCCESS,2026-08-17T07:50:19.981Z,422b71cc-fe6c-4f30-846d-92fb5587d0e9
2.02608E+17,2.02608E+17,118,,br_NewPeriodicReassessmentD4,0,0,0,SUCCESS,2026-08-25T04:04:14.716Z,8c969a39-95ec-4087-9ad3-4a9580887e34
2.02608E+17,2.02608E+17,118,,br_NewPeriodicReassessmentD4,0,0,0,SUCCESS,2026-08-17T07:50:19.981Z,422b71cc-fe6c-4f30-846d-92fb5587d0e9
2.02608E+17,2.02608E+17,118,,br_NewPeriodicReassessmentD6,0,0,0,SUCCESS,2026-08-15T14:38:54.958Z,556076c4-618a-4487-8b31-ba5017a3c197
2.02608E+17,2.02608E+17,118,,br_NewPeriodicReassessmentD2,0,0,0,SUCCESS,2026-08-17T07:50:19.981Z,422b71cc-fe6c-4f30-846d-92fb5587d0e9
2.02608E+17,2.02608E+17,118,,br_NewPeriodicReassessmentD5,0,0,0,SUCCESS,2026-08-15T14:38:54.958Z,556076c4-618a-4487-8b31-ba5017a3c197
2.02608E+17,2.02608E+17,118,,br_NewPeriodicReassessmentD2,0,0,0,SUCCESS,2026-08-17T11:47:31.137Z,50b193b8-c8c8-41b3-8f69-a5e058560d7e
2.02608E+17,2.02608E+17,118,,br_NewPeriodicReassessmentD2,0,0,0,SUCCESS,2026-08-25T04:04:14.716Z,8c969a39-95ec-4087-9ad3-4a9580887e34
2.02608E+17,2.02608E+17,118,,br_NewPeriodicReassessmentD5,0,0,0,SUCCESS,2026-08-17T11:47:31.137Z,50b193b8-c8c8-41b3-8f69-a5e058560d7e
2.02608E+17,2.02608E+17,118,,br_NewPeriodicReassessmentD6,0,0,0,SUCCESS,2026-08-17T11:47:31.137Z,50b193b8-c8c8-41b3-8f69-a5e058560d7e
2.02608E+17,2.02608E+17,125,13644,PA,1349,0,0,SUCCESS,2026-08-18T12:43:56.071Z,6a9f8fe6-e2a7-49ab-8570-443c59873958
2.02608E+17,2.02608E+17,85,,br_ReAssessmentSubstanceUse,79713,0,0,SUCCESS,2026-08-25T21:27:09.957Z,7eb7a049-5d17-4a23-bb2f-3b9c445afd32
2.02608E+17,2.02608E+17,85,,br_ReAssessmentMentalHealth,11568,0,0,SUCCESS,2026-08-22T11:18:45.494Z,28d7acf5-bc26-4be3-b390-775b9af3d980
2.02608E+17,2.02608E+17,85,,br_ReAssessmentSubstanceUse,79713,0,0,SUCCESS,2026-08-26T09:00:37.286Z,912d32aa-0b7f-4999-bf60-6670fe5985ea
2.02608E+17,2.02608E+17,85,,br_ReAssessmentMentalHealth,78733,0,0,SUCCESS,2026-08-23T22:19:01.861Z,955211d4-28b8-44a0-8023-2bfaa48d6721
2.02608E+17,2.02608E+17,86,,sl_ReAssessmentMentalHealth,78733,0,0,SUCCESS,2026-08-23T22:20:02.709Z,955211d4-28b8-44a0-8023-2bfaa48d6721
2.02608E+17,2.02608E+17,85,,br_ReAssessmentOccupational,78554,0,0,SUCCESS,2026-08-25T21:27:09.957Z,7eb7a049-5d17-4a23-bb2f-3b9c445afd32
2.02608E+17,2.02608E+17,85,,br_ReAssessmentSubstanceUse,11697,0,0,SUCCESS,2026-08-22T11:18:45.494Z,28d7acf5-bc26-4be3-b390-775b9af3d980
2.02608E+17,2.02608E+17,85,,br_ReAssessmentMentalHealth,78733,0,0,SUCCESS,2026-08-26T09:00:37.286Z,912d32aa-0b7f-4999-bf60-6670fe5985ea
2.02608E+17,2.02608E+17,86,,sl_ReAssessmentSubstanceUse,79713,0,0,SUCCESS,2026-08-26T09:01:58.154Z,912d32aa-0b7f-4999-bf60-6670fe5985ea
2.02608E+17,2.02608E+17,86,,sl_ReAssessmentMentalHealth,78733,0,0,SUCCESS,2026-08-26T09:01:58.154Z,912d32aa-0b7f-4999-bf60-6670fe5985ea
2.02608E+17,2.02608E+17,46,,br_samms_client_demo2,7995,0,0,SUCCESS,2026-08-18T13:17:14.054Z,03823c35-021d-4cc9-8374-59681a542f1d
2.02608E+17,2.02608E+17,46,,br_samms_payer_client,4253,0,0,SUCCESS,2026-08-18T14:09:41.185Z,2b16abcf-416f-4fd8-80a9-0aa52ca66e5c
2.02608E+17,2.02608E+17,46,,br_samms_client_demo1,1675,0,0,SUCCESS,2026-08-25T14:52:45.394Z,5e789551-b18e-4745-8526-2b8db3ceeb01
2.02608E+17,2.02608E+17,46,,br_samms_client_demo2,8002,0,0,SUCCESS,2026-08-20T10:41:00.075Z,069e8d01-766c-4679-b3df-c21f4d7bc3d1
2.02608E+17,2.02608E+17,46,,br_samms_client_demo2,8001,0,0,SUCCESS,2026-08-20T03:04:41.109Z,05c5c70e-2926-4311-8f49-65b9279948a3
2.02608E+17,2.02608E+17,46,,br_samms_client_demo1,8001,0,0,SUCCESS,2026-08-20T03:04:41.109Z,05c5c70e-2926-4311-8f49-65b9279948a3
2.02608E+17,2.02608E+17,46,,br_samms_payer_client,1512,0,0,SUCCESS,2026-08-14T15:11:50.100Z,1c123384-c339-4954-be1f-3a8d150ebb14
2.02608E+17,2.02608E+17,46,,br_samms_client_demo2,1665,0,0,SUCCESS,2026-08-14T15:11:50.100Z,1c123384-c339-4954-be1f-3a8d150ebb14
2.02608E+17,2.02608E+17,46,,br_samms_payer_client,4253,0,0,SUCCESS,2026-08-18T13:17:14.054Z,03823c35-021d-4cc9-8374-59681a542f1d
2.02608E+17,2.02608E+17,46,,br_samms_client_demo2,7995,0,0,SUCCESS,2026-08-18T14:09:41.185Z,2b16abcf-416f-4fd8-80a9-0aa52ca66e5c
2.02608E+17,2.02608E+17,46,,br_samms_payer_client,117947,300,0,FAILED,2026-08-20T14:30:17.703Z,5f0dd8ad-486e-4238-8933-2b89499a6e18
2.02608E+17,2.02608E+17,118,,br_NewAdmissionAssessmentASAMDimension5,844,0,0,SUCCESS,2026-08-15T14:38:54.958Z,556076c4-618a-4487-8b31-ba5017a3c197
2.02608E+17,2.02608E+17,118,,br_NewAdmissionAssessmentASAMDimension6,863,0,0,SUCCESS,2026-08-18T12:32:47.421Z,201d97b6-7f87-43f7-a098-fb002daf1faf
2.02608E+17,2.02608E+17,118,,br_NewAdmissionAssessmentASAMDimension5,841,0,0,SUCCESS,2026-08-14T07:46:03.913Z,9e759780-91b7-4e4a-882b-cd4350ec70b7
2.02608E+17,2.02608E+17,118,,br_NewAdmissionAssessmentASAMDimension6,856,0,0,SUCCESS,2026-08-14T05:52:58.693Z,49a6a879-8aad-45bb-887e-905eab5ea9bb
2.02608E+17,2.02608E+17,118,,br_NewAdmissionAssessmentASAMDimension4,848,0,0,SUCCESS,2026-08-17T11:47:31.137Z,50b193b8-c8c8-41b3-8f69-a5e058560d7e
2.02608E+17,2.02608E+17,118,,br_NewAdmissionAssessmentASAMDimension2,841,0,0,SUCCESS,2026-08-14T05:52:58.693Z,49a6a879-8aad-45bb-887e-905eab5ea9bb
2.02608E+17,2.02608E+17,118,,br_NewAdmissionAssessmentASAMDimension4,848,0,0,SUCCESS,2026-08-15T14:38:54.958Z,556076c4-618a-4487-8b31-ba5017a3c197
2.02608E+17,2.02608E+17,118,,br_NewAdmissionAssessmentASAMDimension6,859,0,0,SUCCESS,2026-08-17T07:50:19.981Z,422b71cc-fe6c-4f30-846d-92fb5587d0e9
2.02608E+17,2.02608E+17,118,,br_NewAdmissionAssessmentASAMDimension5,844,0,0,SUCCESS,2026-08-15T05:55:17.589Z,92fdec37-a7f1-4589-8ea2-af8b074ddb31
2.02608E+17,2.02608E+17,118,,br_NewAdmissionAssessmentASAMDimension2,841,0,0,SUCCESS,2026-08-14T07:46:03.913Z,9e759780-91b7-4e4a-882b-cd4350ec70b7
2.02608E+17,2.02608E+17,118,,br_NewAdmissionAssessmentASAMDimension5,844,0,0,SUCCESS,2026-08-17T11:47:31.137Z,50b193b8-c8c8-41b3-8f69-a5e058560d7e
2.02608E+17,2.02608E+17,118,,br_NewAdmissionAssessmentASAMDimension2,844,0,0,SUCCESS,2026-08-15T14:38:54.958Z,556076c4-618a-4487-8b31-ba5017a3c197
2.02608E+17,2.02608E+17,46,,br_samms_financial_hardship_application,2261,0,0,SUCCESS,2026-08-17T06:16:01.149Z,09d84bc7-e629-48a4-a32a-826b207e96d1
2.02608E+17,2.02608E+17,118,,br_NewAdmissionAssessmentASAMDimension5,849,0,0,SUCCESS,2026-08-18T12:32:47.421Z,201d97b6-7f87-43f7-a098-fb002daf1faf
2.02608E+17,2.02608E+17,118,,br_NewAdmissionAssessmentASAMDimension4,845,0,0,SUCCESS,2026-08-14T07:46:03.913Z,9e759780-91b7-4e4a-882b-cd4350ec70b7
2.02608E+17,2.02608E+17,118,,br_NewAdmissionAssessmentASAMDimension5,844,0,0,SUCCESS,2026-08-17T07:50:19.981Z,422b71cc-fe6c-4f30-846d-92fb5587d0e9
2.02608E+17,2.02608E+17,118,,br_NewAdmissionAssessmentASAMDimension4,848,0,0,SUCCESS,2026-08-15T05:55:17.589Z,92fdec37-a7f1-4589-8ea2-af8b074ddb31
2.02608E+17,2.02608E+17,118,,br_NewAdmissionAssessmentASAMDimension6,859,0,0,SUCCESS,2026-08-15T05:55:17.589Z,92fdec37-a7f1-4589-8ea2-af8b074ddb31
2.02608E+17,2.02608E+17,118,,br_NewAdmissionAssessmentASAMDimension6,859,0,0,SUCCESS,2026-08-15T14:38:54.958Z,556076c4-618a-4487-8b31-ba5017a3c197
2.02608E+17,2.02608E+17,118,,br_NewAdmissionAssessmentASAMDimension4,845,0,0,SUCCESS,2026-08-14T05:52:58.693Z,49a6a879-8aad-45bb-887e-905eab5ea9bb
2.02608E+17,2.02608E+17,118,,br_NewAdmissionAssessmentASAMDimension2,849,0,0,SUCCESS,2026-08-18T12:32:47.421Z,201d97b6-7f87-43f7-a098-fb002daf1faf
2.02608E+17,2.02608E+17,118,,br_NewAdmissionAssessmentASAMDimension6,466,0,0,SUCCESS,2026-08-25T04:04:14.716Z,8c969a39-95ec-4087-9ad3-4a9580887e34
2.02608E+17,2.02608E+17,118,,br_NewAdmissionAssessmentASAMDimension4,853,0,0,SUCCESS,2026-08-18T12:32:47.421Z,201d97b6-7f87-43f7-a098-fb002daf1faf
2.02608E+17,2.02608E+17,118,,br_NewAdmissionAssessmentASAMDimension4,848,0,0,SUCCESS,2026-08-17T07:50:19.981Z,422b71cc-fe6c-4f30-846d-92fb5587d0e9
2.02608E+17,2.02608E+17,86,,sl_ReAssessmentSocial,78434,0,0,SUCCESS,2026-08-23T22:20:02.709Z,955211d4-28b8-44a0-8023-2bfaa48d6721
2.02608E+17,2.02608E+17,86,,sl_ReAssessmentSocial,78434,0,0,SUCCESS,2026-08-26T09:01:58.154Z,912d32aa-0b7f-4999-bf60-6670fe5985ea
2.02608E+17,2.02608E+17,86,,sl_ReAssessmentSocial,78434,0,0,SUCCESS,2026-08-26T22:16:17.170Z,20846baf-2fe5-403c-85d4-31520e88a3ce
2.02608E+17,2.02608E+17,86,,sl_ReAssessmentFamily,78632,0,0,SUCCESS,2026-08-23T22:20:02.709Z,955211d4-28b8-44a0-8023-2bfaa48d6721
2.02608E+17,2.02608E+17,86,,sl_ReAssessmentFamily,78632,0,0,SUCCESS,2026-08-22T11:20:00.031Z,28d7acf5-bc26-4be3-b390-775b9af3d980
2.02608E+17,2.02608E+17,86,,sl_ReAssessmentSocial,78434,0,0,SUCCESS,2026-08-25T21:28:22.248Z,7eb7a049-5d17-4a23-bb2f-3b9c445afd32
2.02608E+17,2.02608E+17,85,,br_ReAssessmentFamily,11552,0,0,SUCCESS,2026-08-22T11:18:45.494Z,28d7acf5-bc26-4be3-b390-775b9af3d980
2.02608E+17,2.02608E+17,85,,br_ReAssessmentSocial,78434,0,0,SUCCESS,2026-08-26T09:00:37.286Z,912d32aa-0b7f-4999-bf60-6670fe5985ea
2.02608E+17,2.02608E+17,86,,sl_ReAssessmentSocial,78434,0,0,SUCCESS,2026-08-22T11:20:00.031Z,28d7acf5-bc26-4be3-b390-775b9af3d980
2.02608E+17,2.02608E+17,85,,br_ReAssessmentFamily,78632,0,0,SUCCESS,2026-08-26T22:15:14.728Z,20846baf-2fe5-403c-85d4-31520e88a3ce
2.02608E+17,2.02608E+17,86,,sl_ReAssessmentFamily,78632,0,0,SUCCESS,2026-08-26T09:01:58.154Z,912d32aa-0b7f-4999-bf60-6670fe5985ea
2.02608E+17,2.02608E+17,85,,br_ReAssessmentSocial,78434,0,0,SUCCESS,2026-08-23T22:19:01.861Z,955211d4-28b8-44a0-8023-2bfaa48d6721
2.02608E+17,2.02608E+17,85,,br_ReAssessmentSocial,78434,0,0,SUCCESS,2026-08-26T22:15:14.728Z,20846baf-2fe5-403c-85d4-31520e88a3ce
2.02608E+17,2.02608E+17,46,,br_samms_client_demo1,7989,0,0,SUCCESS,2026-08-17T06:16:01.149Z,09d84bc7-e629-48a4-a32a-826b207e96d1
2.02608E+17,2.02608E+17,46,,br_samms_client_demo1,8002,0,0,SUCCESS,2026-08-20T10:41:00.075Z,069e8d01-766c-4679-b3df-c21f4d7bc3d1
2.02608E+17,2.02608E+17,46,,br_samms_payer_client,4516,0,0,SUCCESS,2026-08-20T10:41:00.075Z,069e8d01-766c-4679-b3df-c21f4d7bc3d1
2.02608E+17,2.02608E+17,46,,br_samms_payer_client,4265,0,0,SUCCESS,2026-08-17T06:16:01.149Z,09d84bc7-e629-48a4-a32a-826b207e96d1
2.02608E+17,2.02608E+17,46,,br_samms_client_demo1,7995,0,0,SUCCESS,2026-08-18T13:17:14.054Z,03823c35-021d-4cc9-8374-59681a542f1d
2.02608E+17,2.02608E+17,46,,br_samms_payer_client,4516,0,0,SUCCESS,2026-08-20T03:04:41.109Z,05c5c70e-2926-4311-8f49-65b9279948a3
2.02608E+17,2.02608E+17,46,,br_samms_payer_client,1643,0,0,SUCCESS,2026-08-25T14:52:45.394Z,5e789551-b18e-4745-8526-2b8db3ceeb01
2.02608E+17,2.02608E+17,46,,br_samms_client_demo2,1675,0,0,SUCCESS,2026-08-25T14:52:45.394Z,5e789551-b18e-4745-8526-2b8db3ceeb01
2.02608E+17,2.02608E+17,46,,br_samms_client_demo1,7995,0,0,SUCCESS,2026-08-18T14:09:41.185Z,2b16abcf-416f-4fd8-80a9-0aa52ca66e5c
2.02608E+17,2.02608E+17,46,,br_samms_client_demo2,7989,0,0,SUCCESS,2026-08-17T06:16:01.149Z,09d84bc7-e629-48a4-a32a-826b207e96d1
2.02608E+17,2.02608E+17,46,,br_samms_client_demo1,1665,0,0,SUCCESS,2026-08-14T15:11:50.100Z,1c123384-c339-4954-be1f-3a8d150ebb14
2.02608E+17,2.02608E+17,47,,tbl_Claims,9401706,0,0,SUCCESS,2026-08-20T03:05:45.530Z,05c5c70e-2926-4311-8f49-65b9279948a3
2.02608E+17,2.02608E+17,47,,tbl_Claims,9401706,0,0,SUCCESS,2026-08-18T14:11:08.071Z,2b16abcf-416f-4fd8-80a9-0aa52ca66e5c
2.02608E+17,2.02608E+17,47,,tbl_Claims,9399689,0,0,SUCCESS,2026-08-14T15:12:50.431Z,1c123384-c339-4954-be1f-3a8d150ebb14
2.02608E+17,2.02608E+17,47,,tbl_Claims,9401706,0,0,SUCCESS,2026-08-18T13:18:21.545Z,03823c35-021d-4cc9-8374-59681a542f1d
2.02608E+17,2.02608E+17,47,,tbl_Claims,9705082,0,0,SUCCESS,2026-08-20T14:31:13.395Z,5f0dd8ad-486e-4238-8933-2b89499a6e18
2.02608E+17,2.02608E+17,97,,br_samms_sms_text_consent_form,14480,0,0,SUCCESS,2026-08-19T16:04:01.037Z,0e774440-67e4-4817-8f97-24afdbb9d82f
2.02608E+17,2.02608E+17,89,,tbl_PreadmissionReferralSource,46603,0,0,SUCCESS,2026-08-22T13:25:23.299Z,63818914-9c2b-4ff6-ac1c-35595835ab93
2.02608E+17,2.02608E+17,89,,tbl_PreadmissionReferralSource,46594,0,0,SUCCESS,2026-08-21T21:06:56.389Z,8488c727-7e26-424c-b4ea-f3ce6564dbed
2.02608E+17,2.02608E+13,112,8629,sl_kytcm,0,0,0,SUCCESS,2026-08-24T11:37:24.625Z,0962alssadgf_as255_d0988006789
2.02608E+17,2.02608E+13,112,8629,sl_kytcm,0,0,0,SUCCESS,2026-08-24T10:59:35.308Z,0962alssadgf_as255_d0988006789
2.02608E+17,2.02608E+17,119,,sl_newperiodicreassessmentd4,2842,0,0,SUCCESS,2026-08-14T11:56:44.244Z,21f5cd31-796d-43ad-806e-67ead954f01a
2.02608E+17,2.02608E+17,119,,sl_NewPeriodicReassessmentD2,2847,0,0,SUCCESS,2026-08-17T11:49:45.238Z,50b193b8-c8c8-41b3-8f69-a5e058560d7e
2.02608E+17,2.02608E+17,119,,sl_newperiodicreassessmentd4,2845,0,0,SUCCESS,2026-08-15T05:55:49.193Z,92fdec37-a7f1-4589-8ea2-af8b074ddb31
2.02608E+17,2.02608E+17,118,,br_newperiodicreassessmentd3,1746,0,0,SUCCESS,2026-08-14T07:46:03.913Z,9e759780-91b7-4e4a-882b-cd4350ec70b7
2.02608E+17,2.02608E+17,119,,sl_newperiodicreassessmentd3,2842,0,0,SUCCESS,2026-08-14T07:46:51.127Z,9e759780-91b7-4e4a-882b-cd4350ec70b7
2.02608E+17,2.02608E+17,119,,sl_newperiodicreassessmentd5,2844,0,0,SUCCESS,2026-08-15T05:55:49.193Z,92fdec37-a7f1-4589-8ea2-af8b074ddb31
2.02608E+17,2.02608E+17,119,,sl_newperiodicreassessmentd4,2842,0,0,SUCCESS,2026-08-14T07:46:51.127Z,9e759780-91b7-4e4a-882b-cd4350ec70b7
2.02608E+17,2.02608E+17,119,,sl_newperiodicreassessmentd3,2842,0,0,SUCCESS,2026-08-14T05:53:26.971Z,49a6a879-8aad-45bb-887e-905eab5ea9bb
2.02608E+17,2.02608E+17,119,,sl_newperiodicreassessmentd6,2847,0,0,SUCCESS,2026-08-14T15:18:57.019Z,7969362d-463a-4985-92c3-d629dd6d5c4e
2.02608E+17,2.02608E+17,118,,br_newperiodicreassessmentd5,1745,0,0,SUCCESS,2026-08-14T07:46:03.913Z,9e759780-91b7-4e4a-882b-cd4350ec70b7
2.02608E+17,2.02608E+17,119,,sl_NewPeriodicReassessmentD6,2850,0,0,SUCCESS,2026-08-17T11:49:45.238Z,50b193b8-c8c8-41b3-8f69-a5e058560d7e
2.02608E+17,2.02608E+17,119,,sl_newperiodicreassessmentd3,2842,0,0,SUCCESS,2026-08-14T11:56:44.244Z,21f5cd31-796d-43ad-806e-67ead954f01a
2.02608E+17,2.02608E+17,119,,sl_newperiodicreassessmentd6,2847,0,0,SUCCESS,2026-08-14T07:46:51.127Z,9e759780-91b7-4e4a-882b-cd4350ec70b7
2.02608E+17,2.02608E+17,118,,br_newperiodicreassessmentd2,1746,0,0,SUCCESS,2026-08-14T07:46:03.913Z,9e759780-91b7-4e4a-882b-cd4350ec70b7
2.02608E+17,2.02608E+17,119,,sl_NewPeriodicReassessmentD4,2845,0,0,SUCCESS,2026-08-15T14:39:25.281Z,556076c4-618a-4487-8b31-ba5017a3c197
2.02608E+17,2.02608E+17,119,,sl_NewPeriodicReassessmentD2,2847,0,0,SUCCESS,2026-08-18T12:34:31.762Z,201d97b6-7f87-43f7-a098-fb002daf1faf
2.02608E+17,2.02608E+17,119,,sl_newperiodicreassessmentd2,2844,0,0,SUCCESS,2026-08-14T07:46:51.127Z,9e759780-91b7-4e4a-882b-cd4350ec70b7
2.02608E+17,2.02608E+17,119,,sl_NewPeriodicReassessmentD3,2845,0,0,SUCCESS,2026-08-15T14:39:25.281Z,556076c4-618a-4487-8b31-ba5017a3c197
2.02608E+17,2.02608E+17,119,,sl_NewPeriodicReassessmentD6,2850,0,0,SUCCESS,2026-08-17T07:52:43.729Z,422b71cc-fe6c-4f30-846d-92fb5587d0e9
2.02608E+17,2.02608E+17,118,,br_newperiodicreassessmentd3,1749,0,0,SUCCESS,2026-08-15T05:55:17.589Z,92fdec37-a7f1-4589-8ea2-af8b074ddb31
2.02608E+17,2.02608E+17,119,,sl_NewPeriodicReassessmentD3,2845,0,0,SUCCESS,2026-08-25T04:06:29.840Z,8c969a39-95ec-4087-9ad3-4a9580887e34
2.02608E+17,2.02608E+17,46,,br_samms_fmp,28,0,0,SUCCESS,2026-08-14T15:11:50.100Z,1c123384-c339-4954-be1f-3a8d150ebb14
2.02608E+17,2.02608E+17,46,,br_samms_fmp,32,0,0,SUCCESS,2026-08-25T14:52:45.394Z,5e789551-b18e-4745-8526-2b8db3ceeb01
2.02608E+17,2.02608E+17,85,,br_LabResult,393845,2,0,FAILED,2026-08-23T22:19:01.861Z,955211d4-28b8-44a0-8023-2bfaa48d6721
2.02608E+17,2.02608E+17,85,,br_LabResult,394165,2,0,FAILED,2026-08-26T22:15:14.728Z,20846baf-2fe5-403c-85d4-31520e88a3ce
2.02608E+17,2.02608E+17,85,,br_LabResult,394070,2,0,FAILED,2026-08-25T21:27:09.957Z,7eb7a049-5d17-4a23-bb2f-3b9c445afd32
2.02608E+17,2.02608E+17,85,,br_LabResult,394070,2,0,FAILED,2026-08-26T09:00:37.286Z,912d32aa-0b7f-4999-bf60-6670fe5985ea
2.02608E+17,2.02608E+17,46,,br_samms_fmp,3,0,0,SUCCESS,2026-08-26T17:26:29.472Z,7a1b4484-4dc4-4e48-b51b-e78359ce9673
2.02608E+17,2.02608E+17,46,,br_samms_fmp,3,0,0,SUCCESS,2026-08-25T15:40:31.780Z,04d587cb-fd28-4f28-a572-c158aa92fa98
2.02608E+17,2.02608E+17,46,,br_samms_bills,5408,0,0,SUCCESS,2026-08-25T14:52:45.394Z,5e789551-b18e-4745-8526-2b8db3ceeb01
2.02608E+17,2.02608E+17,46,,br_samms_bills,1540,0,0,SUCCESS,2026-08-26T17:26:29.472Z,7a1b4484-4dc4-4e48-b51b-e78359ce9673
2.02608E+17,2.02608E+17,88,,br_samms_codes,1087,0,0,SUCCESS,2026-08-25T17:32:44.371Z,72553dbc-d702-4eda-a5d0-9ceb643e22ea
2.02608E+17,2.02608E+17,118,,br_NewPeriodicReassessmentD2,0,0,0,SUCCESS,2026-08-18T12:32:47.421Z,201d97b6-7f87-43f7-a098-fb002daf1faf
2.02608E+17,2.02608E+17,118,,br_newperiodicreassessmentd3,0,0,0,SUCCESS,2026-08-14T15:17:42.970Z,7969362d-463a-4985-92c3-d629dd6d5c4e
2.02608E+17,2.02608E+17,118,,br_NewPeriodicReassessmentD2,0,0,0,SUCCESS,2026-08-15T14:38:54.958Z,556076c4-618a-4487-8b31-ba5017a3c197
2.02608E+17,2.02608E+17,118,,br_NewPeriodicReassessmentD6,0,0,0,SUCCESS,2026-08-25T04:04:14.716Z,8c969a39-95ec-4087-9ad3-4a9580887e34
2.02608E+17,2.02608E+17,118,,br_NewPeriodicReassessmentD5,0,0,0,SUCCESS,2026-08-25T04:04:14.716Z,8c969a39-95ec-4087-9ad3-4a9580887e34
2.02608E+17,2.02608E+17,118,,br_newperiodicreassessmentd6,0,0,0,SUCCESS,2026-08-14T15:17:42.970Z,7969362d-463a-4985-92c3-d629dd6d5c4e
2.02608E+17,2.02608E+17,118,,br_newperiodicreassessmentd6,0,0,0,SUCCESS,2026-08-14T11:56:01.490Z,21f5cd31-796d-43ad-806e-67ead954f01a
2.02608E+17,2.02608E+17,118,,br_NewPeriodicReassessmentD4,0,0,0,SUCCESS,2026-08-18T12:32:47.421Z,201d97b6-7f87-43f7-a098-fb002daf1faf
2.02608E+17,2.02608E+17,118,,br_NewPeriodicReassessmentD3,0,0,0,SUCCESS,2026-08-18T12:32:47.421Z,201d97b6-7f87-43f7-a098-fb002daf1faf
2.02608E+17,2.02608E+17,118,,br_newperiodicreassessmentd3,0,0,0,SUCCESS,2026-08-14T11:56:01.490Z,21f5cd31-796d-43ad-806e-67ead954f01a
2.02608E+17,2.02608E+17,118,,br_newperiodicreassessmentd5,0,0,0,SUCCESS,2026-08-14T11:56:01.490Z,21f5cd31-796d-43ad-806e-67ead954f01a
2.02608E+17,2.02608E+17,118,,br_newperiodicreassessmentd4,0,0,0,SUCCESS,2026-08-14T15:17:42.970Z,7969362d-463a-4985-92c3-d629dd6d5c4e
2.02608E+17,2.02608E+17,118,,br_NewPeriodicReassessmentD3,0,0,0,SUCCESS,2026-08-17T07:50:19.981Z,422b71cc-fe6c-4f30-846d-92fb5587d0e9
2.02608E+17,2.02608E+17,118,,br_NewPeriodicReassessmentD5,0,0,0,SUCCESS,2026-08-17T07:50:19.981Z,422b71cc-fe6c-4f30-846d-92fb5587d0e9
2.02608E+17,2.02608E+17,118,,br_NewPeriodicReassessmentD3,0,0,0,SUCCESS,2026-08-25T04:04:14.716Z,8c969a39-95ec-4087-9ad3-4a9580887e34
2.02608E+17,2.02608E+17,118,,br_newperiodicreassessmentd4,0,0,0,SUCCESS,2026-08-14T11:56:01.490Z,21f5cd31-796d-43ad-806e-67ead954f01a
2.02608E+17,2.02608E+17,118,,br_newperiodicreassessmentd2,0,0,0,SUCCESS,2026-08-14T11:56:01.490Z,21f5cd31-796d-43ad-806e-67ead954f01a
2.02608E+17,2.02608E+17,118,,br_NewPeriodicReassessmentD5,0,0,0,SUCCESS,2026-08-18T12:32:47.421Z,201d97b6-7f87-43f7-a098-fb002daf1faf
2.02608E+17,2.02608E+17,118,,br_newperiodicreassessmentd2,0,0,0,SUCCESS,2026-08-14T15:17:42.970Z,7969362d-463a-4985-92c3-d629dd6d5c4e
2.02608E+17,2.02608E+17,88,,br_samms_pre_admission_v6,184,0,0,SUCCESS,2026-08-25T16:51:28.338Z,6d78ce37-8c21-4519-a454-1e5ee4a84a47
2.02608E+17,2.02608E+17,118,,br_NewAdmissionAssessment,0,0,0,SUCCESS,2026-08-14T11:56:01.490Z,21f5cd31-796d-43ad-806e-67ead954f01a
2.02608E+17,2.02608E+17,118,,br_NewAdmissionAssessment,0,0,0,SUCCESS,2026-08-14T15:17:42.970Z,7969362d-463a-4985-92c3-d629dd6d5c4e
2.02608E+17,2.02608E+17,88,,br_samms_dropdown_list_items,501788,0,0,SUCCESS,2026-08-21T21:06:18.000Z,8488c727-7e26-424c-b4ea-f3ce6564dbed
2.02608E+17,2.02608E+17,119,,sl_NewPeriodicReassessmentD6,2850,0,0,SUCCESS,2026-08-18T12:34:31.762Z,201d97b6-7f87-43f7-a098-fb002daf1faf
2.02608E+17,2.02608E+17,119,,sl_newperiodicreassessmentd2,2844,0,0,SUCCESS,2026-08-14T05:53:26.971Z,49a6a879-8aad-45bb-887e-905eab5ea9bb
2.02608E+17,2.02608E+17,118,,br_newperiodicreassessmentd4,1746,0,0,SUCCESS,2026-08-14T05:52:58.693Z,49a6a879-8aad-45bb-887e-905eab5ea9bb
2.02608E+17,2.02608E+17,119,,sl_NewPeriodicReassessmentD2,2847,0,0,SUCCESS,2026-08-15T14:39:25.281Z,556076c4-618a-4487-8b31-ba5017a3c197
2.02608E+17,2.02608E+17,86,,sl_LiquidLog,9521,0,0,SUCCESS,2026-08-17T00:12:19.802Z,77f58b99-e250-4627-9f17-559331ecd0ef
2.02608E+17,2.02608E+17,86,,sl_LABResult,2950,0,0,SUCCESS,2026-08-10T09:56:01.413Z,6ef3fd30-03b0-4dcd-9022-3df447f4d036
2.02608E+17,2.02608E+17,85,,br_LiquidLog,4928,0,0,SUCCESS,2026-08-17T00:10:42.423Z,77f58b99-e250-4627-9f17-559331ecd0ef
2.02608E+17,2.02608E+17,85,,br_LabResult,2950,0,0,SUCCESS,2026-08-10T09:54:37.587Z,6ef3fd30-03b0-4dcd-9022-3df447f4d036
2.02608E+17,2.02608E+17,86,,sl_LABResult,2950,0,0,SUCCESS,2026-08-17T00:12:19.802Z,77f58b99-e250-4627-9f17-559331ecd0ef
2.02608E+17,2.02608E+17,86,,sl_LiquidLog,7285,0,0,SUCCESS,2026-08-10T09:56:01.413Z,6ef3fd30-03b0-4dcd-9022-3df447f4d036
2.02608E+17,2.02608E+17,85,,br_LiquidLog,15080206,0,0,SUCCESS,2026-08-25T21:27:09.957Z,7eb7a049-5d17-4a23-bb2f-3b9c445afd32
2.02608E+17,2.02608E+17,85,,br_LiquidLog,15017801,0,0,SUCCESS,2026-08-26T09:00:37.286Z,912d32aa-0b7f-4999-bf60-6670fe5985ea
2.02608E+17,2.02608E+17,86,,sl_LiquidLog,15081210,0,0,SUCCESS,2026-08-26T09:01:58.154Z,912d32aa-0b7f-4999-bf60-6670fe5985ea
2.02608E+17,2.02608E+17,86,,sl_LiquidLog,15080206,0,0,SUCCESS,2026-08-25T21:28:22.248Z,7eb7a049-5d17-4a23-bb2f-3b9c445afd32
2.02608E+17,2.02608E+17,28,,br_tblFormQA,1786297,469585,0,FAILED,2026-08-10T21:46:58.323Z,919a3989-3039-4ed4-8e54-b0f9527e0235
2.02608E+17,2.02608E+17,85,,br_LiquidLog,1740202,0,0,SUCCESS,2026-08-22T11:18:45.494Z,28d7acf5-bc26-4be3-b390-775b9af3d980
2.02608E+17,2.02608E+17,86,,sl_LiquidLog,2541001,0,0,SUCCESS,2026-08-23T22:20:02.709Z,955211d4-28b8-44a0-8023-2bfaa48d6721
2.02608E+17,2.02608E+17,86,,sl_LiquidLog,2406761,0,0,SUCCESS,2026-08-22T11:20:00.031Z,28d7acf5-bc26-4be3-b390-775b9af3d980
2.02608E+17,2.02608E+17,85,,br_LiquidLog,2327665,0,0,SUCCESS,2026-08-23T22:19:01.861Z,955211d4-28b8-44a0-8023-2bfaa48d6721
2.02608E+17,2.02608E+13,129,13685,sl_ClaimDenialPredictionV1,53117522,0,0,SUCCESS,2026-08-25T06:34:28.303Z,10463748-23f8-4ae2-b9e2-be0a0e43e58c
2.02608E+17,2.02608E+13,126,13680,br_learningreports_overdue,2565,0,0,SUCCESS,2026-08-25T06:59:25.092Z,97633bcb-2c8a-4162-acd4-71253157a7a4
2.02608E+17,2.02608E+13,129,13685,sl_ClaimDenialPredictionV1,53117522,0,0,SUCCESS,2026-08-24T10:14:42.812Z,6a735722-6e76-450c-a96d-4ce695201a90
2.02608E+17,2.02608E+13,129,13685,sl_ClaimDenialPredictionV1,53117522,0,0,SUCCESS,2026-08-25T11:13:52.532Z,7a1565c7-58f3-4a52-a993-98b6f3cc1967
2.02608E+17,2.02608E+13,129,13685,sl_ClaimDenialPredictionV1,53117522,0,0,SUCCESS,2026-08-24T14:42:01.089Z,31f76fca-6e67-4da9-bdde-70234da73bc2
2.02608E+17,2.02608E+13,126,13680,br_learningreports_overdue,2565,0,0,SUCCESS,2026-08-20T18:38:10.123Z,35f7c089-8d9e-4c6e-98a4-d95a69912ca1
2.02608E+17,2.02608E+13,129,13685,sl_ClaimDenialPredictionV1,53117522,0,0,SUCCESS,2026-08-24T11:35:33.642Z,1dc7e0e5-7b10-47dd-ac59-24ffb1fd9982
2.02608E+17,2.02608E+13,126,13680,br_learningreports_overdue,2565,0,0,SUCCESS,2026-08-20T18:15:57.886Z,693cfd70-4f2a-4d22-9e5a-9889207939bc
2.02608E+17,2.02608E+13,126,13680,br_learningreports_overdue,2565,0,0,SUCCESS,2026-08-25T06:00:50.449Z,3129696d-6382-4e6f-9a07-281ff4c6c307
2.02608E+17,2.02608E+13,129,13685,sl_ClaimDenialPredictionV1,53117522,0,0,SUCCESS,2026-08-24T13:49:50.039Z,65ef2c78-6383-4fa0-b292-451fef5594ab
2.02608E+17,2.02608E+13,129,13685,sl_ClaimDenialPredictionV1,53117522,0,0,SUCCESS,2026-08-25T07:00:29.655Z,2fa3e356-ae01-4dcd-b224-29975f3f4663
2.02608E+17,2.02608E+13,129,13685,sl_ClaimDenialPredictionV1,53117522,0,0,SUCCESS,2026-08-25T10:53:02.518Z,14acef57-a6d0-4d2d-8699-deeb4ca96c3c
2.02608E+17,2.02608E+17,85,,br_ReAssessmentOccupational,698,0,0,SUCCESS,2026-08-10T09:54:37.587Z,6ef3fd30-03b0-4dcd-9022-3df447f4d036
2.02608E+17,2.02608E+17,86,,sl_ReAssessmentMentalHealth,697,0,0,SUCCESS,2026-08-17T00:12:19.802Z,77f58b99-e250-4627-9f17-559331ecd0ef
2.02608E+17,2.02608E+17,86,,sl_ReAssessmentOccupational,698,0,0,SUCCESS,2026-08-17T00:12:19.802Z,77f58b99-e250-4627-9f17-559331ecd0ef
2.02608E+17,2.02608E+17,86,,sl_ReAssessmentSubstanceUse,708,0,0,SUCCESS,2026-08-17T00:12:19.802Z,77f58b99-e250-4627-9f17-559331ecd0ef
2.02608E+17,2.02608E+17,86,,sl_ReAssessmentSubstanceUse,708,0,0,SUCCESS,2026-08-10T09:56:01.413Z,6ef3fd30-03b0-4dcd-9022-3df447f4d036
2.02608E+17,2.02608E+17,85,,br_ReAssessmentSubstanceUse,708,0,0,SUCCESS,2026-08-17T00:10:42.423Z,77f58b99-e250-4627-9f17-559331ecd0ef
2.02608E+17,2.02608E+17,86,,sl_ReAssessmentOccupational,698,0,0,SUCCESS,2026-08-10T09:56:01.413Z,6ef3fd30-03b0-4dcd-9022-3df447f4d036
2.02608E+17,2.02608E+17,85,,br_ReAssessmentMentalHealth,697,0,0,SUCCESS,2026-08-17T00:10:42.423Z,77f58b99-e250-4627-9f17-559331ecd0ef
2.02608E+17,2.02608E+13,131,13692,sl_EnrollmentActivityWReadmission,325940,0,0,SUCCESS,2026-08-26T21:20:47.199Z,4b200449-8053-4691-81f7-bd43960e8882
2.02608E+17,2.02608E+13,131,13692,sl_EnrollmentActivityWReadmission,325940,0,0,SUCCESS,2026-08-27T10:36:14.234Z,9c98095d-0f6c-4ddc-995a-49dd3d71b166
2.02608E+17,2.02608E+13,131,13692,sl_EnrollmentActivityWReadmission,325940,0,0,SUCCESS,2026-08-27T08:49:02.266Z,3fa64f84-15aa-45fb-9cca-2f2fe48cfae1
2.02608E+17,2.02608E+13,131,13692,sl_EnrollmentActivityWReadmission,325940,0,0,SUCCESS,2026-08-27T03:47:56.886Z,6c0dfbf2-4982-428b-b962-2d1ca5cf9e53
2.02608E+17,2.02608E+13,131,13692,sl_EnrollmentActivityWReadmission,325940,0,0,SUCCESS,2026-08-27T06:34:21.805Z,475c3e58-0434-45d9-b3f8-9d768448de53
2.02608E+17,2.02608E+13,131,13692,sl_EnrollmentActivityWReadmission,325940,0,0,SUCCESS,2026-08-27T07:18:39.547Z,67cdece8-9745-4c87-ab73-e4e58104b61d
2.02608E+17,2.02608E+13,131,13692,sl_EnrollmentActivityWReadmission,325940,0,0,SUCCESS,2026-08-27T11:22:35.731Z,548cb8af-a2ae-442b-8193-6118f75471ea
2.02608E+17,2.02608E+13,131,13692,sl_EnrollmentActivityWReadmission,0,0,1,FAILED,2026-08-26T20:56:46.045Z,763548dd-f2e8-4b4a-babe-63409027873a
2.02608E+17,2.02608E+17,85,,br_Bottle,4649,0,0,SUCCESS,2026-08-17T00:10:42.423Z,77f58b99-e250-4627-9f17-559331ecd0ef
2.02608E+17,2.02608E+17,85,,br_Bottle,4609,0,0,SUCCESS,2026-08-10T09:54:37.587Z,6ef3fd30-03b0-4dcd-9022-3df447f4d036
2.02608E+17,2.02608E+17,86,,sl_Bottle,4609,0,0,SUCCESS,2026-08-10T09:56:01.413Z,6ef3fd30-03b0-4dcd-9022-3df447f4d036
2.02608E+17,2.02608E+17,86,,sl_Bottle,4650,0,0,SUCCESS,2026-08-17T00:12:19.802Z,77f58b99-e250-4627-9f17-559331ecd0ef
2.02608E+17,2.02608E+17,47,,tbl_Bills,5408,0,0,SUCCESS,2026-08-25T14:53:28.816Z,5e789551-b18e-4745-8526-2b8db3ceeb01
2.02608E+17,2.02608E+17,47,,tbl_Bills,5408,0,0,SUCCESS,2026-08-25T15:41:15.440Z,04d587cb-fd28-4f28-a572-c158aa92fa98
2.02608E+17,2.02608E+17,89,,tbl_Codes,2193,0,0,SUCCESS,2026-08-25T17:33:23.911Z,72553dbc-d702-4eda-a5d0-9ceb643e22ea
2.02608E+17,2.02608E+17,47,,tbl_Bills,5411,0,0,SUCCESS,2026-08-26T17:27:26.991Z,7a1b4484-4dc4-4e48-b51b-e78359ce9673
2.02608E+17,2.02608E+17,88,,br_samms_custom_answers,96,0,0,SUCCESS,2026-08-25T17:32:44.371Z,72553dbc-d702-4eda-a5d0-9ceb643e22ea
2.02608E+17,2.02608E+17,97,,br_samms_sf_data_forms,533485,0,0,SUCCESS,2026-08-19T16:04:01.037Z,0e774440-67e4-4817-8f97-24afdbb9d82f
2.02608E+17,2.02608E+17,47,,tbl_Bills,963746,0,0,SUCCESS,2026-08-20T03:05:45.530Z,05c5c70e-2926-4311-8f49-65b9279948a3
2.02608E+17,2.02608E+17,47,,tbl_Bills,963476,0,0,SUCCESS,2026-08-17T06:17:15.319Z,09d84bc7-e629-48a4-a32a-826b207e96d1
2.02608E+17,2.02608E+17,47,,tbl_Bills,962883,0,0,SUCCESS,2026-08-14T15:12:50.431Z,1c123384-c339-4954-be1f-3a8d150ebb14
2.02608E+17,2.02608E+17,89,,tbl_Clinic,2,0,0,SUCCESS,2026-08-25T16:51:56.379Z,6d78ce37-8c21-4519-a454-1e5ee4a84a47
2.02608E+17,2.02608E+17,89,,tbl_Clinic,2,0,0,SUCCESS,2026-08-25T17:33:23.911Z,72553dbc-d702-4eda-a5d0-9ceb643e22ea
2.02608E+17,2.02608E+17,89,,tbl_Codes,2193,0,0,SUCCESS,2026-08-25T16:51:56.379Z,6d78ce37-8c21-4519-a454-1e5ee4a84a47
2.02608E+17,2.02608E+13,131,13690,sl_Retention14Stat,325980,0,0,SUCCESS,2026-08-27T03:46:45.989Z,6c0dfbf2-4982-428b-b962-2d1ca5cf9e53
2.02608E+17,2.02608E+13,131,13690,sl_Retention14Stat,325940,0,0,SUCCESS,2026-08-27T11:21:05.080Z,548cb8af-a2ae-442b-8193-6118f75471ea
2.02608E+17,2.02608E+13,131,13690,sl_Retention14Stat,325940,0,0,SUCCESS,2026-08-27T10:34:58.065Z,9c98095d-0f6c-4ddc-995a-49dd3d71b166
2.02608E+17,2.02608E+13,131,13690,sl_Retention14Stat,325980,0,0,SUCCESS,2026-08-26T20:55:35.435Z,763548dd-f2e8-4b4a-babe-63409027873a
2.02608E+17,2.02608E+13,131,13690,sl_Retention14Stat,325980,0,0,SUCCESS,2026-08-27T08:47:39.908Z,3fa64f84-15aa-45fb-9cca-2f2fe48cfae1
2.02608E+17,2.02608E+13,131,13690,sl_Retention14Stat,325980,0,0,SUCCESS,2026-08-27T07:17:11.378Z,67cdece8-9745-4c87-ab73-e4e58104b61d
2.02608E+17,2.02608E+13,131,13690,sl_Retention14Stat,325980,0,0,SUCCESS,2026-08-27T06:32:56.827Z,475c3e58-0434-45d9-b3f8-9d768448de53
2.02608E+17,2.02608E+13,131,13688,sl_vwReadmissions,309274,0,0,SUCCESS,2026-08-27T03:44:20.533Z,6c0dfbf2-4982-428b-b962-2d1ca5cf9e53
2.02608E+17,2.02608E+13,131,13688,sl_vwReadmissions,309274,0,0,SUCCESS,2026-08-27T11:19:18.347Z,548cb8af-a2ae-442b-8193-6118f75471ea
2.02608E+17,2.02608E+13,131,13688,sl_vwReadmissions,309274,0,0,SUCCESS,2026-08-27T07:15:02.613Z,67cdece8-9745-4c87-ab73-e4e58104b61d
2.02608E+17,2.02608E+13,131,13688,sl_vwReadmissions,309274,0,0,SUCCESS,2026-08-27T08:45:19.868Z,3fa64f84-15aa-45fb-9cca-2f2fe48cfae1
2.02608E+17,2.02608E+13,131,13688,sl_vwReadmissions,309274,0,0,SUCCESS,2026-08-26T20:53:08.890Z,763548dd-f2e8-4b4a-babe-63409027873a
2.02608E+17,2.02608E+13,131,13688,sl_vwReadmissions,309274,0,0,SUCCESS,2026-08-27T06:30:27.387Z,475c3e58-0434-45d9-b3f8-9d768448de53
2.02608E+17,2.02608E+17,89,,tbl_Codes,174157,0,0,SUCCESS,2026-08-22T13:25:23.299Z,63818914-9c2b-4ff6-ac1c-35595835ab93
2.02608E+17,2.02608E+17,47,,tbl_Bills,963711,0,0,SUCCESS,2026-08-18T14:11:08.071Z,2b16abcf-416f-4fd8-80a9-0aa52ca66e5c
2.02608E+17,2.02608E+13,116,8626,sl_patientservicesnoshow,0,0,0,SUCCESS,2026-08-17T21:49:50.783Z,7160b631-f324-49a8-a346-021825c2e8d3
2.02608E+17,2.02608E+13,116,8626,sl_patientservicesnoshow,0,0,0,SUCCESS,2026-08-12T17:41:25.281Z,671a3bdd-f523-4ead-8f5c-38e46b083399
2.02608E+17,2.02608E+13,116,8626,sl_patientservicesnoshow,0,0,0,SUCCESS,2026-08-10T10:52:29.916Z,27259250-b7b5-4760-b5ee-1ed8503d4111
2.02608E+17,2.02608E+13,116,8626,sl_patientservicesnoshow,0,0,0,SUCCESS,2026-08-17T05:44:42.762Z,7d5ebbde-8708-475e-8b9b-47fa4c5e7a57
2.02608E+17,2.02608E+13,116,8626,sl_patientservicesnoshow,0,0,0,SUCCESS,2026-08-13T11:16:24.955Z,971f0b89-0a2f-41c6-b8a9-d60aa59ce7d5
2.02608E+17,2.02608E+13,116,8626,sl_patientservicesnoshow,0,0,0,SUCCESS,2026-08-13T11:58:30.221Z,6014d6de-3d2c-4cd5-a4f4-e68917ec3897
2.02608E+17,2.02608E+17,28,,br_tblFormQA,22706509,2226573,0,FAILED,2026-08-14T20:20:25.328Z,06b9d75d-291b-4cd2-9a89-52908a52280f
2.02608E+17,2.02608E+17,25,,br_tblDartSrv,63183,0,0,SUCCESS,2026-08-24T16:52:55.819Z,5cf5e7e6-6128-4873-becd-173291142e4e
2.02608E+17,2.02608E+17,47,,tbl_tbldiag10,1680,0,0,SUCCESS,2026-08-26T17:27:26.991Z,7a1b4484-4dc4-4e48-b51b-e78359ce9673
2.02608E+17,2.02608E+17,85,,br_LiquidLog,15252980,0,175051,FAILED,2026-08-26T22:15:14.728Z,20846baf-2fe5-403c-85d4-31520e88a3ce
2.02608E+17,2.02608E+17,47,,tbl_tbldiag10,1680,0,0,SUCCESS,2026-08-25T15:41:15.440Z,04d587cb-fd28-4f28-a572-c158aa92fa98
2.02608E+17,2.02608E+17,47,,tbl_tbldiag10,1680,0,0,SUCCESS,2026-08-25T14:53:28.816Z,5e789551-b18e-4745-8526-2b8db3ceeb01
2.02608E+17,2.02608E+17,86,,sl_LiquidLog,15141338,0,0,SUCCESS,2026-08-26T22:16:17.170Z,20846baf-2fe5-403c-85d4-31520e88a3ce
2.02608E+17,2.02608E+17,88,,br_samms_dropdown_list_items,501788,0,0,SUCCESS,2026-08-22T13:24:45.035Z,63818914-9c2b-4ff6-ac1c-35595835ab93
2.02608E+17,2.02608E+17,89,,tbl_3PSETUP,6,0,0,SUCCESS,2026-08-25T17:33:23.911Z,72553dbc-d702-4eda-a5d0-9ceb643e22ea
2.02608E+17,2.02608E+13,131,13696,sl_CurrentDayPayAuth,2,0,0,SUCCESS,2026-08-27T06:41:55.877Z,475c3e58-0434-45d9-b3f8-9d768448de53
2.02608E+17,2.02608E+13,131,13697,sl_CurrentDayPayElig,2,0,0,SUCCESS,2026-08-27T06:42:23.094Z,475c3e58-0434-45d9-b3f8-9d768448de53
2.02608E+17,2.02608E+13,131,13696,sl_CurrentDayPayAuth,2,0,0,SUCCESS,2026-08-27T08:55:39.470Z,3fa64f84-15aa-45fb-9cca-2f2fe48cfae1
2.02608E+17,2.02608E+13,131,13697,sl_CurrentDayPayElig,2,0,0,SUCCESS,2026-08-27T08:56:07.367Z,3fa64f84-15aa-45fb-9cca-2f2fe48cfae1
2.02608E+17,2.02608E+13,131,13691,sl_LocationRetention,0,0,0,SUCCESS,2026-08-27T11:21:53.627Z,548cb8af-a2ae-442b-8193-6118f75471ea
2.02608E+17,2.02608E+13,131,13696,sl_CurrentDayPayAuth,2,0,0,SUCCESS,2026-08-27T07:25:13.743Z,67cdece8-9745-4c87-ab73-e4e58104b61d
2.02608E+17,2.02608E+13,131,13689,sl_vwCensusFirstDose,4913,0,0,SUCCESS,2026-08-27T11:19:56.886Z,548cb8af-a2ae-442b-8193-6118f75471ea
2.02608E+17,2.02608E+13,131,13696,sl_CurrentDayPayAuth,2,0,0,SUCCESS,2026-08-27T10:42:58.103Z,9c98095d-0f6c-4ddc-995a-49dd3d71b166
2.02608E+17,2.02608E+13,131,13689,sl_vwCensusFirstDose,0,0,0,SUCCESS,2026-08-26T20:54:13.267Z,763548dd-f2e8-4b4a-babe-63409027873a
2.02608E+17,2.02608E+13,131,13689,sl_vwCensusFirstDose,4913,0,0,SUCCESS,2026-08-27T07:16:10.419Z,67cdece8-9745-4c87-ab73-e4e58104b61d
2.02608E+17,2.02608E+13,131,13691,sl_LocationRetention,0,0,0,SUCCESS,2026-08-27T08:48:21.682Z,3fa64f84-15aa-45fb-9cca-2f2fe48cfae1
2.02608E+17,2.02608E+13,131,13697,sl_CurrentDayPayElig,2,0,0,SUCCESS,2026-08-27T10:43:22.558Z,9c98095d-0f6c-4ddc-995a-49dd3d71b166
2.02608E+17,2.02608E+13,131,13689,sl_vwCensusFirstDose,4913,0,0,SUCCESS,2026-08-27T06:31:55.866Z,475c3e58-0434-45d9-b3f8-9d768448de53
2.02608E+17,2.02608E+13,131,13689,sl_vwCensusFirstDose,4913,0,0,SUCCESS,2026-08-27T03:45:43.177Z,6c0dfbf2-4982-428b-b962-2d1ca5cf9e53
2.02608E+17,2.02608E+17,47,,tbl_tbldiag10,201457,0,0,SUCCESS,2026-08-17T06:17:15.319Z,09d84bc7-e629-48a4-a32a-826b207e96d1
2.02608E+17,2.02608E+17,47,,tbl_tbldiag10,201484,0,0,SUCCESS,2026-08-20T10:42:08.644Z,069e8d01-766c-4679-b3df-c21f4d7bc3d1
2.02608E+17,2.02608E+17,47,,tbl_tbldiag10,201459,0,0,SUCCESS,2026-08-18T14:11:08.071Z,2b16abcf-416f-4fd8-80a9-0aa52ca66e5c
2.02608E+17,2.02608E+17,47,,tbl_tbldiag10,202867,0,0,SUCCESS,2026-08-20T14:31:13.395Z,5f0dd8ad-486e-4238-8933-2b89499a6e18
2.02608E+17,2.02608E+17,47,,tbl_tbldiag10,201459,0,0,SUCCESS,2026-08-18T13:18:21.545Z,03823c35-021d-4cc9-8374-59681a542f1d
2.02608E+17,2.02608E+17,47,,tbl_tbldiag10,201484,0,0,SUCCESS,2026-08-20T03:05:45.530Z,05c5c70e-2926-4311-8f49-65b9279948a3
2.02608E+17,2.02608E+17,47,,tbl_tbldiag10,201426,0,0,SUCCESS,2026-08-14T15:12:50.431Z,1c123384-c339-4954-be1f-3a8d150ebb14
2.02608E+17,2.02608E+13,131,13688,sl_vwReadmissions,309274,0,0,SUCCESS,2026-08-27T10:32:42.847Z,9c98095d-0f6c-4ddc-995a-49dd3d71b166
2.02608E+17,2.02608E+13,131,13694,sl_vwMissedDoses,0,0,0,SUCCESS,2026-08-27T07:20:42.753Z,67cdece8-9745-4c87-ab73-e4e58104b61d
2.02608E+17,2.02608E+13,131,13694,sl_vwMissedDoses,0,0,0,SUCCESS,2026-08-26T20:58:50.794Z,763548dd-f2e8-4b4a-babe-63409027873a
2.02608E+17,2.02608E+13,131,13694,sl_vwMissedDoses,0,0,0,SUCCESS,2026-08-27T10:38:18.633Z,9c98095d-0f6c-4ddc-995a-49dd3d71b166
2.02608E+17,2.02608E+13,131,13694,sl_vwMissedDoses,0,0,0,SUCCESS,2026-08-27T03:50:04.724Z,6c0dfbf2-4982-428b-b962-2d1ca5cf9e53
2.02608E+17,2.02608E+13,131,13694,sl_vwMissedDoses,0,0,0,SUCCESS,2026-08-27T08:50:58.514Z,3fa64f84-15aa-45fb-9cca-2f2fe48cfae1
2.02608E+17,2.02608E+13,131,13694,sl_vwMissedDoses,0,0,0,SUCCESS,2026-08-27T11:24:37.359Z,548cb8af-a2ae-442b-8193-6118f75471ea
2.02608E+17,2.02608E+13,131,13694,sl_vwMissedDoses,0,0,0,SUCCESS,2026-08-27T06:36:34.542Z,475c3e58-0434-45d9-b3f8-9d768448de53
2.02608E+17,2.02608E+17,47,,tbl_Fmp,178512,0,0,SUCCESS,2026-08-18T14:11:08.071Z,2b16abcf-416f-4fd8-80a9-0aa52ca66e5c
2.02608E+17,2.02608E+17,47,,tbl_Fmp,180148,0,0,SUCCESS,2026-08-20T14:31:13.395Z,5f0dd8ad-486e-4238-8933-2b89499a6e18
2.02608E+17,2.02608E+17,47,,tbl_Fmp,178513,0,0,SUCCESS,2026-08-20T03:05:45.530Z,05c5c70e-2926-4311-8f49-65b9279948a3
2.02608E+17,2.02608E+17,47,,tbl_Fmp,178514,0,0,SUCCESS,2026-08-20T10:42:08.644Z,069e8d01-766c-4679-b3df-c21f4d7bc3d1
2.02608E+17,2.02608E+17,47,,tbl_Fmp,178492,0,0,SUCCESS,2026-08-14T15:12:50.431Z,1c123384-c339-4954-be1f-3a8d150ebb14
2.02608E+17,2.02608E+17,47,,tbl_Fmp,178512,0,0,SUCCESS,2026-08-18T13:18:21.545Z,03823c35-021d-4cc9-8374-59681a542f1d
2.02608E+17,2.02608E+13,131,13693,sl_AdmitsPReadmissions,325842,0,0,SUCCESS,2026-08-27T11:24:03.894Z,548cb8af-a2ae-442b-8193-6118f75471ea
2.02608E+17,2.02608E+13,131,13693,sl_AdmitsPReadmissions,325861,0,0,SUCCESS,2026-08-27T08:50:24.600Z,3fa64f84-15aa-45fb-9cca-2f2fe48cfae1
2.02608E+17,2.02608E+13,131,13693,sl_AdmitsPReadmissions,325861,0,0,SUCCESS,2026-08-27T06:35:58.460Z,475c3e58-0434-45d9-b3f8-9d768448de53
2.02608E+17,2.02608E+13,131,13693,sl_AdmitsPReadmissions,325861,0,0,SUCCESS,2026-08-26T20:58:12.304Z,763548dd-f2e8-4b4a-babe-63409027873a
2.02608E+17,2.02608E+13,131,13693,sl_AdmitsPReadmissions,325842,0,0,SUCCESS,2026-08-27T10:37:44.869Z,9c98095d-0f6c-4ddc-995a-49dd3d71b166
2.02608E+17,2.02608E+13,131,13693,sl_AdmitsPReadmissions,325861,0,0,SUCCESS,2026-08-27T07:20:07.394Z,67cdece8-9745-4c87-ab73-e4e58104b61d
2.02608E+17,2.02608E+13,131,13693,sl_AdmitsPReadmissions,325861,0,0,SUCCESS,2026-08-27T03:49:25.586Z,6c0dfbf2-4982-428b-b962-2d1ca5cf9e53
2.02608E+17,2.02608E+17,85,,br_LabResult,2950,0,0,SUCCESS,2026-08-17T00:10:42.423Z,77f58b99-e250-4627-9f17-559331ecd0ef
2.02608E+17,2.02608E+17,85,,br_LiquidLog,4874,0,0,SUCCESS,2026-08-10T09:54:37.587Z,6ef3fd30-03b0-4dcd-9022-3df447f4d036
2.02608E+17,2.02608E+17,89,,tbl_SERVICES,485,0,0,SUCCESS,2026-08-25T16:51:56.379Z,6d78ce37-8c21-4519-a454-1e5ee4a84a47
2.02608E+17,2.02608E+17,89,,tbl_SERVICES,485,0,0,SUCCESS,2026-08-25T17:33:23.911Z,72553dbc-d702-4eda-a5d0-9ceb643e22ea
2.02608E+17,2.02608E+17,85,,br_OrientationChecklistNew,1383,0,0,SUCCESS,2026-08-22T11:18:45.494Z,28d7acf5-bc26-4be3-b390-775b9af3d980
2.02608E+17,2.02608E+17,46,,br_samms_payer_clt_history,1494,0,0,SUCCESS,2026-08-20T03:04:41.109Z,05c5c70e-2926-4311-8f49-65b9279948a3
2.02608E+17,2.02608E+17,86,,sl_OrientationChecklistNew,2124,0,0,SUCCESS,2026-08-23T22:20:02.709Z,955211d4-28b8-44a0-8023-2bfaa48d6721
2.02608E+17,2.02608E+17,98,,tbl_ConsenttoMarketing,7226,0,0,SUCCESS,2026-08-26T18:00:46.514Z,4b416fe5-6f5c-4fb7-baa8-f0b32475e9c6
2.02608E+17,2.02608E+17,97,,br_samms_sf_data_forms,3788,0,0,SUCCESS,2026-08-26T18:00:11.716Z,4b416fe5-6f5c-4fb7-baa8-f0b32475e9c6
2.02608E+17,2.02608E+13,131,13698,sl_QiBAM,453721,0,0,SUCCESS,2026-08-27T06:42:52.706Z,475c3e58-0434-45d9-b3f8-9d768448de53
2.02608E+17,2.02608E+13,131,13698,sl_QiBAM,453721,0,0,SUCCESS,2026-08-27T07:26:11.943Z,67cdece8-9745-4c87-ab73-e4e58104b61d
2.02608E+17,2.02608E+13,131,13698,sl_QiBAM,453721,0,0,SUCCESS,2026-08-27T08:56:39.503Z,3fa64f84-15aa-45fb-9cca-2f2fe48cfae1
2.02608E+17,2.02608E+13,131,13698,sl_QiBAM,453721,0,0,SUCCESS,2026-08-27T03:56:32.528Z,6c0dfbf2-4982-428b-b962-2d1ca5cf9e53
2.02608E+17,2.02608E+13,131,13698,sl_QiBAM,453721,0,0,SUCCESS,2026-08-27T10:43:49.521Z,9c98095d-0f6c-4ddc-995a-49dd3d71b166
2.02608E+17,2.02608E+13,131,13698,sl_QiBAM,453721,0,0,SUCCESS,2026-08-26T21:03:20.225Z,763548dd-f2e8-4b4a-babe-63409027873a
2.02608E+17,2.02608E+13,131,13698,sl_QiBAM,453721,0,0,SUCCESS,2026-08-27T11:30:03.037Z,548cb8af-a2ae-442b-8193-6118f75471ea
2.02608E+17,2.02608E+13,131,13699,sl_QiUA,278831,0,0,SUCCESS,2026-08-27T10:45:50.451Z,9c98095d-0f6c-4ddc-995a-49dd3d71b166
2.02608E+17,2.02608E+13,131,13699,sl_QiUA,278831,0,0,SUCCESS,2026-08-27T03:58:44.235Z,6c0dfbf2-4982-428b-b962-2d1ca5cf9e53
2.02608E+17,2.02608E+13,131,13699,sl_QiUA,278831,0,0,SUCCESS,2026-08-27T11:32:51.546Z,548cb8af-a2ae-442b-8193-6118f75471ea
2.02608E+17,2.02608E+13,131,13699,sl_QiUA,278831,0,0,SUCCESS,2026-08-27T08:58:51.279Z,3fa64f84-15aa-45fb-9cca-2f2fe48cfae1
2.02608E+17,2.02608E+13,131,13699,sl_QiUA,278831,0,0,SUCCESS,2026-08-26T21:05:08.462Z,763548dd-f2e8-4b4a-babe-63409027873a
2.02608E+17,2.02608E+17,8,,tbl_dose,5932916,0,0,SUCCESS,2026-08-12T16:08:36.544Z,8f7980aa-1c89-4271-a743-cd3729c55733
2.02608E+17,2.02608E+17,8,,tbl_dose,5938260,0,0,SUCCESS,2026-08-24T19:18:26.451Z,0346ab63-a7c9-42d8-8f80-92ecf515f1ad
2.02608E+17,2.02608E+17,98,,tbl_EandMFormMDM,534198,0,0,SUCCESS,2026-08-17T08:30:59.212Z,760fb7f7-522d-45ef-ae35-70bd18d17fef
2.02608E+17,2.02608E+17,98,,tbl_SF_DataForms,551661,0,0,SUCCESS,2026-08-26T18:00:46.514Z,4b416fe5-6f5c-4fb7-baa8-f0b32475e9c6
2.02608E+17,2.02608E+17,98,,tbl_SF_DataForms,532596,0,0,SUCCESS,2026-08-17T08:30:59.212Z,760fb7f7-522d-45ef-ae35-70bd18d17fef
2.02608E+17,2.02608E+17,98,,tbl_EandMFormMDM,536438,0,0,SUCCESS,2026-08-19T16:04:41.346Z,0e774440-67e4-4817-8f97-24afdbb9d82f
2.02608E+17,2.02608E+17,98,,tbl_SF_DataForms,551293,0,0,SUCCESS,2026-08-19T16:04:41.346Z,0e774440-67e4-4817-8f97-24afdbb9d82f
2.02608E+17,2.02608E+17,47,,tbl_Fmp,178504,0,0,SUCCESS,2026-08-17T06:17:15.319Z,09d84bc7-e629-48a4-a32a-826b207e96d1
2.02608E+17,2.02608E+13,109,8611,br_cashflow_textinput,17,0,0,SUCCESS,2026-08-19T16:43:01.589Z,971ee9a7-f79a-4b56-ae1e-aa39f692e592
2.02608E+17,2.02608E+17,85,,br_Bottle,284239,0,0,SUCCESS,2026-08-22T11:18:45.494Z,28d7acf5-bc26-4be3-b390-775b9af3d980
2.02608E+17,2.02608E+17,89,,tbl_Codes,174156,0,0,SUCCESS,2026-08-21T21:06:56.389Z,8488c727-7e26-424c-b4ea-f3ce6564dbed
2.02608E+17,2.02608E+17,47,,tbl_Bills,963705,0,0,SUCCESS,2026-08-18T13:18:21.545Z,03823c35-021d-4cc9-8374-59681a542f1d
2.02608E+17,2.02608E+17,47,,tbl_Fmp,32,0,0,SUCCESS,2026-08-25T14:53:28.816Z,5e789551-b18e-4745-8526-2b8db3ceeb01
2.02608E+17,2.02608E+17,47,,tbl_Fmp,32,0,0,SUCCESS,2026-08-25T15:41:15.440Z,04d587cb-fd28-4f28-a572-c158aa92fa98
2.02608E+17,2.02608E+17,47,,tbl_Fmp,32,0,0,SUCCESS,2026-08-26T17:27:26.991Z,7a1b4484-4dc4-4e48-b51b-e78359ce9673
2.02608E+17,2.02608E+17,82,6805,br_sf_patient_survey_responses,242,60,0,SUCCESS,2026-08-28T09:08:47.508Z,7c51a91c-e88d-46eb-a3be-ecfc42fdd41e
2.02608E+17,2.02608E+13,131,13699,sl_QiUA,278831,0,0,SUCCESS,2026-08-27T07:28:18.861Z,67cdece8-9745-4c87-ab73-e4e58104b61d
2.02608E+17,2.02608E+13,131,13699,sl_QiUA,278831,0,0,SUCCESS,2026-08-27T06:45:04.584Z,475c3e58-0434-45d9-b3f8-9d768448de53
2.02608E+17,2.02608E+17,88,,br_samms_codes,174147,0,0,SUCCESS,2026-08-22T13:24:45.035Z,63818914-9c2b-4ff6-ac1c-35595835ab93
2.02608E+17,2.02608E+17,88,,br_samms_codes,174146,0,0,SUCCESS,2026-08-21T21:06:18.000Z,8488c727-7e26-424c-b4ea-f3ce6564dbed
2.02608E+17,2.02608E+13,109,8611,br_cashflow_textinput,17,0,0,SUCCESS,2026-08-19T12:03:32.201Z,490f9894-ca55-4752-92cd-6e0d41b12fb3
2.02608E+17,2.02608E+13,101,13669,sl_QQgltran,194,,0,,2026-08-12T08:53:37.935Z,1777159c-1729-4d77-aa0c-d0d3b59ccb19
2.02608E+17,2.02608E+13,100,13668,br_qq_gltran,194,,0,,2026-08-12T08:47:56.711Z,1777159c-1729-4d77-aa0c-d0d3b59ccb19
2.02608E+17,2.02608E+17,83,6807,sl_sf_patientsurveys,242,0,0,SUCCESS,2026-08-28T09:22:07.416Z,7c51a91c-e88d-46eb-a3be-ecfc42fdd41e
2.02608E+17,2.02608E+17,82,6806,br_sf_outboundtexts,242,0,0,SUCCESS,2026-08-28T09:09:17.544Z,7c51a91c-e88d-46eb-a3be-ecfc42fdd41e
2.02608E+17,2.02608E+17,83,6808,sl_sf_outboundsms,242,0,0,SUCCESS,2026-08-28T09:22:38.302Z,7c51a91c-e88d-46eb-a3be-ecfc42fdd41e
2.02608E+17,2.02608E+13,102,13670,QQgltran,194,,0,,2026-08-12T08:55:47.018Z,1777159c-1729-4d77-aa0c-d0d3b59ccb19
2.02608E+17,2.02608E+17,82,201,br_sf_recordtype,21,16,0,SUCCESS,2026-08-28T09:05:22.803Z,7c51a91c-e88d-46eb-a3be-ecfc42fdd41e
2.02608E+17,2.02608E+17,83,209,sl_sf_recordtype,21,0,0,SUCCESS,2026-08-28T09:16:55.662Z,7c51a91c-e88d-46eb-a3be-ecfc42fdd41e
2.02608E+17,2.02608E+17,82,200,br_sf_accounts,13548,13548,0,SUCCESS,2026-08-28T09:04:23.760Z,7c51a91c-e88d-46eb-a3be-ecfc42fdd41e
2.02608E+17,2.02608E+17,84,13676,PatientContacts,0,0,0,SUCCESS,2026-08-28T09:27:30.601Z,7c51a91c-e88d-46eb-a3be-ecfc42fdd41e
2.02608E+17,2.02608E+17,83,213,sl_sf_contacts,1475,111,0,SUCCESS,2026-08-28T09:20:07.036Z,7c51a91c-e88d-46eb-a3be-ecfc42fdd41e
2.02608E+17,2.02608E+17,83,208,sl_sf_accounts,13548,0,0,SUCCESS,2026-08-28T09:16:16.465Z,7c51a91c-e88d-46eb-a3be-ecfc42fdd41e
2.02608E+17,2.02608E+17,82,205,br_sf_contacts,1475,0,0,SUCCESS,2026-08-28T09:07:21.349Z,7c51a91c-e88d-46eb-a3be-ecfc42fdd41e
2.02608E+17,2.02608E+17,84,6810,stgOutboundSMS,0,0,0,SUCCESS,2026-08-28T09:29:58.477Z,7c51a91c-e88d-46eb-a3be-ecfc42fdd41e
2.02608E+17,2.02608E+17,84,6809,PatientSurveys,0,0,0,SUCCESS,2026-08-28T09:29:41.274Z,7c51a91c-e88d-46eb-a3be-ecfc42fdd41e
2.02608E+17,2.02608E+17,84,13675,PatientLeads,0,0,0,SUCCESS,2026-08-28T09:29:03.337Z,7c51a91c-e88d-46eb-a3be-ecfc42fdd41e
2.02608E+17,2.02608E+17,82,207,br_sf_events,1,0,0,SUCCESS,2026-08-28T09:08:21.379Z,7c51a91c-e88d-46eb-a3be-ecfc42fdd41e
2.02608E+17,2.02608E+17,83,215,sl_sf_events,1,0,0,SUCCESS,2026-08-28T09:21:14.911Z,7c51a91c-e88d-46eb-a3be-ecfc42fdd41e
2.02608E+17,2.02608E+17,82,203,br_sf_users,474,473,0,SUCCESS,2026-08-28T09:06:21.546Z,7c51a91c-e88d-46eb-a3be-ecfc42fdd41e
2.02608E+17,2.02608E+17,82,202,br_sf_tasks,893,430,0,SUCCESS,2026-08-28T09:05:52.638Z,7c51a91c-e88d-46eb-a3be-ecfc42fdd41e
2.02608E+17,2.02608E+13,101,13669,sl_QQgltran,61022,0,0,SUCCESS,2026-08-28T07:57:43.276Z,1f91b828-dff5-419f-8b17-af90444b8bf6
2.02608E+17,2.02608E+17,82,206,br_sf_cases,588,0,0,SUCCESS,2026-08-28T09:07:53.912Z,7c51a91c-e88d-46eb-a3be-ecfc42fdd41e
2.02608E+17,2.02608E+17,83,214,sl_sf_cases,588,0,0,SUCCESS,2026-08-28T09:20:43.887Z,7c51a91c-e88d-46eb-a3be-ecfc42fdd41e
2.02608E+17,2.02608E+17,83,210,sl_sf_tasks,893,0,0,SUCCESS,2026-08-28T09:17:43.366Z,7c51a91c-e88d-46eb-a3be-ecfc42fdd41e
2.02608E+17,2.02608E+17,83,212,sl_sf_leads,45,0,0,SUCCESS,2026-08-28T09:19:22.866Z,7c51a91c-e88d-46eb-a3be-ecfc42fdd41e
2.02608E+17,2.02608E+17,84,6811,OutboundSMS,0,0,0,SUCCESS,2026-08-28T09:30:14.460Z,7c51a91c-e88d-46eb-a3be-ecfc42fdd41e
2.02608E+17,2.02608E+17,82,204,br_sf_leads,45,0,0,SUCCESS,2026-08-28T09:06:46.893Z,7c51a91c-e88d-46eb-a3be-ecfc42fdd41e
2.02608E+17,2.02608E+17,83,211,sl_sf_users,0,0,0,SUCCESS,2026-08-28T09:18:25.434Z,7c51a91c-e88d-46eb-a3be-ecfc42fdd41e
2.02608E+17,2.02608E+17,84,220,stgContacts,0,0,0,SUCCESS,2026-08-28T09:25:29.554Z,7c51a91c-e88d-46eb-a3be-ecfc42fdd41e
2.02608E+17,2.02608E+17,84,217,RecordType,0,0,0,SUCCESS,2026-08-28T09:24:36.957Z,7c51a91c-e88d-46eb-a3be-ecfc42fdd41e
2.02608E+17,2.02608E+13,102,13670,QQgltran,14430305,0,0,SUCCESS,2026-08-28T09:44:18.425Z,35dadf52-8c37-4567-b9c2-2c0abc515c06
2.02608E+17,2.02608E+13,102,13670,QQgltran,14430305,0,0,SUCCESS,2026-08-28T08:01:53.441Z,1f91b828-dff5-419f-8b17-af90444b8bf6
2.02608E+17,2.02608E+17,84,223,stgEvents,0,0,0,SUCCESS,2026-08-28T09:26:17.668Z,7c51a91c-e88d-46eb-a3be-ecfc42fdd41e
2.02608E+17,2.02608E+17,84,225,Contacts,0,0,0,SUCCESS,2026-08-28T09:27:06.315Z,7c51a91c-e88d-46eb-a3be-ecfc42fdd41e
2.02608E+17,2.02608E+17,84,221,stgCases,0,0,0,SUCCESS,2026-08-28T09:25:44.327Z,7c51a91c-e88d-46eb-a3be-ecfc42fdd41e
2.02608E+17,2.02608E+17,84,216,Accounts,0,0,0,SUCCESS,2026-08-28T09:24:21.715Z,7c51a91c-e88d-46eb-a3be-ecfc42fdd41e
2.02608E+17,2.02608E+17,84,222,stgLeads,0,0,0,SUCCESS,2026-08-28T09:26:02.741Z,7c51a91c-e88d-46eb-a3be-ecfc42fdd41e
2.02608E+17,2.02608E+17,84,219,stgTask,0,0,0,SUCCESS,2026-08-28T09:25:13.921Z,7c51a91c-e88d-46eb-a3be-ecfc42fdd41e
2.02608E+17,2.02608E+17,84,230,Events,0,0,0,SUCCESS,2026-08-28T09:29:23.369Z,7c51a91c-e88d-46eb-a3be-ecfc42fdd41e
2.02608E+17,2.02608E+17,84,13674,Leads,49,0,0,SUCCESS,2026-08-28T09:28:38.074Z,7c51a91c-e88d-46eb-a3be-ecfc42fdd41e
2.02608E+17,2.02608E+17,84,13673,Cases,0,0,0,SUCCESS,2026-08-28T09:27:58.697Z,7c51a91c-e88d-46eb-a3be-ecfc42fdd41e
2.02608E+17,2.02608E+17,84,224,Tasks,0,0,0,SUCCESS,2026-08-28T09:26:32.604Z,7c51a91c-e88d-46eb-a3be-ecfc42fdd41e
2.02608E+17,2.02608E+17,84,218,Users,0,0,0,SUCCESS,2026-08-28T09:24:57.435Z,7c51a91c-e88d-46eb-a3be-ecfc42fdd41e
2.02609E+17,2.02609E+13,4,28,br_8x8_HistoricalCCDetailedInteractions,439553,0,0,SUCCESS,2026-09-08T04:49:07.994Z,CALL_INTERACTIONS_LOAD_20260908035533
2.02609E+17,2.02609E+13,4,28,br_8x8_HistoricalCCDetailedInteractions,970,0,0,SUCCESS,2026-09-03T10:28:42.393Z,96a98cf2-5c7e-485f-a552-00977e127934
2.02609E+17,2.02609E+13,4,28,br_8x8_HistoricalCCDetailedInteractions,970,0,0,SUCCESS,2026-09-03T10:53:42.811Z,b1e5c4ea-7b6d-4d5e-afa2-eb79e1fc8e31
2.02609E+17,2.02609E+13,4,28,br_8x8_HistoricalCCDetailedInteractions,970,0,0,SUCCESS,2026-09-03T09:49:06.150Z,ca12e9c4-4a93-49c2-9c07-d2cc84daa28e
2.02609E+17,2.02609E+13,4,28,br_8x8_HistoricalCCDetailedInteractions,970,0,0,SUCCESS,2026-09-03T09:21:08.296Z,cf1e9d57-f844-4f2d-9009-5cc5d296754c
2.02609E+17,2.02609E+13,4,28,br_8x8_HistoricalCCDetailedInteractions,334,0,0,SUCCESS,2026-09-07T05:46:50.416Z,3f0f0a05-879c-4e22-8cc2-b9ae0748727e
2.02609E+17,2.02609E+13,4,28,br_8x8_HistoricalCCDetailedInteractions,858,0,0,SUCCESS,2026-09-04T06:11:19.715Z,963356ac-0db4-498c-8882-cac150b60200
2.02609E+17,2.02609E+13,4,28,br_8x8_HistoricalCCDetailedInteractions,970,0,0,SUCCESS,2026-09-03T11:17:58.432Z,c4ca1c69-cc05-4d3c-afe4-e43ce3ff741a
2.02609E+17,2.02609E+13,4,28,br_8x8_HistoricalCCDetailedInteractions,858,0,0,SUCCESS,2026-09-04T06:28:59.750Z,5c90ec33-5130-4875-a415-66abc3f2b4d7
2.02609E+17,2.02609E+13,4,28,br_8x8_HistoricalCCDetailedInteractions,334,0,0,SUCCESS,2026-09-07T05:15:23.932Z,8e269908-5aef-4620-9afd-bccaaad05ee8
2.02609E+17,2.02609E+13,129,13684,sl_tbl_Third_Party_AR_inDB_Balances,296584,0,0,SUCCESS,2026-09-02T11:16:22.829Z,ac5fafbf-2002-499b-9ca0-d3ba19fc74c2
2.02609E+17,2.02609E+13,4,28,br_8x8_HistoricalCCDetailedInteractions,970,0,0,SUCCESS,2026-09-03T07:51:45.654Z,1066d6e5-305c-4662-a3fb-18d67007
2.02609E+17,2.02609E+13,4,28,br_8x8_HistoricalCCDetailedInteractions,970,0,0,SUCCESS,2026-09-03T07:31:09.795Z,1066d6e5-305c-4662-a3fb-18d67007
2.02609E+17,2.02609E+13,4,28,br_8x8_HistoricalCCDetailedInteractions,970,0,0,SUCCESS,2026-09-03T07:44:17.406Z,1066d6e5-305c-4662-a3fb-18d67007
2.02609E+17,2.02609E+13,4,28,br_8x8_HistoricalCCDetailedInteractions,970,0,0,SUCCESS,2026-09-03T05:46:42.620Z,1066d6e5-305c-4662-a3fb-18d67007
2.02609E+17,2.02609E+13,129,13684,sl_tbl_Third_Party_AR_inDB_Balances,0,0,1,FAILED,2026-09-02T10:57:37.512Z,3506b852-499a-468c-8078-080e698457ef
2.02609E+17,2.02609E+13,129,13684,sl_tbl_Third_Party_AR_inDB_Balances,0,0,1,FAILED,2026-09-02T06:45:32.287Z,432e1fd9-5757-4fbd-b5fe-306e7dd0feb7
2.02609E+17,2.02609E+13,129,13684,sl_tbl_Third_Party_AR_inDB_Balances,0,0,1,FAILED,2026-09-08T05:55:39.096Z,2bc2c23e-4fff-4fcf-8329-7318fd2d456d
2.02609E+17,2.02609E+13,129,13684,sl_tbl_Third_Party_AR_inDB_Balances,0,0,1,FAILED,2026-09-02T08:41:01.477Z,f3f50506-ab42-4017-a5e3-5d4c793aa0e6
2.02609E+17,2.02609E+13,129,13684,sl_tbl_Third_Party_AR_inDB_Balances,0,0,1,FAILED,2026-09-02T07:43:20.168Z,391059bc-57e5-49c5-af48-252a2b55168c
2.02609E+17,2.02609E+13,129,13684,sl_tbl_Third_Party_AR_inDB_Balances,0,0,1,FAILED,2026-09-03T12:14:58.697Z,35e97021-f510-4e41-9049-1e9fd07241be
2.02609E+17,2.02609E+13,129,13684,sl_tbl_Third_Party_AR_inDB_Balances,0,0,1,FAILED,2026-09-03T12:32:16.078Z,e70805c1-331e-4300-8cc0-5c68ea96b08e
2.02609E+17,2.02609E+13,129,13684,sl_tbl_Third_Party_AR_inDB_Balances,0,0,1,FAILED,2026-09-02T09:30:47.847Z,e382a313-3d19-4b82-9b57-fd2a0e196c56
2.02609E+17,2.02609E+13,129,13684,sl_tbl_Third_Party_AR_inDB_Balances,0,0,1,FAILED,2026-09-03T13:15:07.339Z,349e7694-2105-4645-b2e6-35027dff3a22
2.02609E+17,2.02609E+13,129,13684,sl_tbl_Third_Party_AR_inDB_Balances,0,0,1,FAILED,2026-09-02T08:58:08.146Z,1a271d40-e925-4513-b84c-2f60ddb77cc5
2.02609E+17,2.02609E+13,129,13684,sl_tbl_Third_Party_AR_inDB_Balances,0,0,1,FAILED,2026-09-02T10:41:48.473Z,78a4ffb1-a727-4484-9bb3-a619e88004d4
2.02609E+17,2.02609E+13,129,13684,sl_tbl_Third_Party_AR_inDB_Balances,0,0,1,FAILED,2026-09-02T10:19:20.340Z,24cb0943-51a7-4a50-ab37-5fffed8584c8
2.02609E+17,2.02609E+17,43,174,br_ClinicalOpiateWithdrawalScale,425776,0,0,SUCCESS,2026-09-03T15:34:11.709Z,80483189-97f8-4d1d-8157-697e9a146982
2.02609E+17,2.02609E+17,44,184,sl_ClinicalOpiateWithdrawalScale,425776,0,0,SUCCESS,2026-09-03T17:11:11.770Z,19ce24cf-1d06-4393-80c8-2aba56f3390a
2.02609E+17,2.02609E+13,130,13686,tbl_Third_Party_AR_inDB_Balances,1200945,0,0,SUCCESS,2026-09-08T05:42:08.750Z,5f4fa39c-2bfa-4433-b23d-f7983e8c1a2e
2.02609E+17,2.02609E+17,44,184,sl_ClinicalOpiateWithdrawalScale,425776,0,0,SUCCESS,2026-09-03T15:34:56.582Z,80483189-97f8-4d1d-8157-697e9a146982
2.02609E+17,2.02609E+13,130,13686,tbl_Third_Party_AR_inDB_Balances,1200945,0,0,SUCCESS,2026-09-02T12:10:17.448Z,325dbe90-d834-46da-addb-cfdd40b210fa
2.02609E+17,2.02609E+13,129,13684,sl_tbl_Third_Party_AR_inDB_Balances,0,0,1,FAILED,2026-09-02T07:27:14.969Z,cfc73f64-c97a-42ba-92ba-46c5d817d8b9
2.02609E+17,2.02609E+17,43,174,br_ClinicalOpiateWithdrawalScale,425776,0,0,SUCCESS,2026-09-03T17:10:28.812Z,19ce24cf-1d06-4393-80c8-2aba56f3390a
2.02609E+17,2.02609E+13,130,13686,tbl_Third_Party_AR_inDB_Balances,1200945,0,0,SUCCESS,2026-09-03T05:27:06.616Z,dfcc7090-6aed-405f-b6cd-6bb0271aee4d
2.02609E+17,2.02609E+13,130,13686,tbl_Third_Party_AR_inDB_Balances,1200945,0,0,SUCCESS,2026-09-08T11:15:07.166Z,fe654495-a612-4a17-9fd5-04bdafeff38b
2.02609E+17,2.02609E+13,130,13686,tbl_Third_Party_AR_inDB_Balances,1200945,0,0,SUCCESS,2026-09-08T11:32:29.750Z,3f9de54d-9a8f-4df0-8670-5ed7c25ab4cf
2.02609E+17,2.02609E+13,130,13686,tbl_Third_Party_AR_inDB_Balances,1200945,0,0,SUCCESS,2026-09-04T12:15:55.599Z,a3df7d89-3924-493c-b358-bb016a1b1833
2.02609E+17,2.02609E+13,130,13686,tbl_Third_Party_AR_inDB_Balances,1200945,0,0,SUCCESS,2026-09-03T07:16:02.057Z,5d717f31-08a0-46d8-9f4f-a1e32d7e0c04
2.02609E+17,2.02609E+17,44,184,sl_ClinicalOpiateWithdrawalScale,425776,0,0,SUCCESS,2026-09-03T13:48:57.404Z,dc09db6e-8a85-40c4-9b7f-e305f6845bee
2.02609E+17,2.02609E+13,130,13686,tbl_Third_Party_AR_inDB_Balances,1200945,0,0,SUCCESS,2026-09-07T10:40:22.892Z,99033397-8470-4a39-91b2-99c27aed5089
2.02609E+17,2.02609E+13,130,13686,tbl_Third_Party_AR_inDB_Balances,1200945,0,0,SUCCESS,2026-09-02T14:00:27.855Z,45419c76-388a-4885-8a6e-e1a255f50e99
2.02609E+17,2.02609E+13,130,13686,tbl_Third_Party_AR_inDB_Balances,1200945,0,0,SUCCESS,2026-09-02T14:19:32.678Z,79833df3-66ae-4444-9ab7-5c0304d71f41
2.02609E+17,2.02609E+17,43,174,br_ClinicalOpiateWithdrawalScale,425776,0,0,SUCCESS,2026-09-03T13:47:37.418Z,dc09db6e-8a85-40c4-9b7f-e305f6845bee
2.02609E+17,2.02609E+13,130,13686,tbl_Third_Party_AR_inDB_Balances,1200945,0,0,SUCCESS,2026-09-08T05:16:57.951Z,a468a7ef-f4f0-4f75-9a4b-9f10041efb90
2.02609E+17,2.02609E+13,130,13686,tbl_Third_Party_AR_inDB_Balances,1200945,0,0,SUCCESS,2026-09-04T09:05:23.679Z,a7509d48-2072-4539-bbb5-3825d8741944
2.02608E+17,2.02608E+13,132,13707,TrendingTreatmentPlansStateReqs,4659252,0,0,SUCCESS,2026-08-30T09:32:01.699Z,d0826a4c-ff98-435d-adfd-e339a02d1b06
2.02608E+17,2.02608E+13,132,13707,TrendingTreatmentPlansStateReqs,4659252,0,0,SUCCESS,2026-08-30T08:21:07.780Z,8cf8f378-16db-4eda-8552-9c6ae683939d
2.02609E+17,2.02609E+13,132,13707,TrendingTreatmentPlansStateReqs,5824065,0,0,SUCCESS,2026-09-01T06:55:42.979Z,f386ddbf-c5af-4242-bf29-5f60b1e71ecf
2.02608E+17,2.02608E+13,132,13707,TrendingTreatmentPlansStateReqs,3494439,0,0,SUCCESS,2026-08-28T12:11:58.858Z,e752845a-2a63-48ca-b4ef-ba7a68ece0b6
2.02609E+17,2.02609E+13,142,13761,sl_TrendingTableSAMMSFormsCnts,300,0,0,SUCCESS,2026-09-08T04:43:09.560Z,f61fb4c5-0d31-4954-8aac-d0c2d48f9dc90
2.02609E+17,2.02609E+13,142,13761,sl_TrendingTableSAMMSFormsCnts,300,0,0,SUCCESS,2026-09-08T05:31:39.296Z,f61fb4c5-0d31-4954-8aac-d0c2d48f9dc90
2.02609E+17,2.02609E+17,82,6805,br_sf_patient_survey_responses,310,60,0,SUCCESS,2026-09-04T12:02:23.658Z,6ab129c1-fb62-4518-bfad-8f6d8d29c3ca
2.02608E+17,2.02608E+13,132,13704,EnrollmentActivityWReadmission,325813,0,0,SUCCESS,2026-08-28T12:07:32.770Z,e752845a-2a63-48ca-b4ef-ba7a68ece0b6
2.02608E+17,2.02608E+13,132,13704,EnrollmentActivityWReadmission,325813,0,0,SUCCESS,2026-08-30T09:27:36.800Z,d0826a4c-ff98-435d-adfd-e339a02d1b06
2.02609E+17,2.02609E+13,132,13704,EnrollmentActivityWReadmission,325813,0,0,SUCCESS,2026-09-01T06:49:57.667Z,f386ddbf-c5af-4242-bf29-5f60b1e71ecf
2.02609E+17,2.02609E+17,82,6805,br_sf_patient_survey_responses,310,60,0,SUCCESS,2026-09-04T13:25:47.087Z,bd9b2318-654e-4f3d-b09e-bcdf6b219232
2.02608E+17,2.02608E+13,132,13704,EnrollmentActivityWReadmission,325813,0,0,SUCCESS,2026-08-30T08:16:40.288Z,8cf8f378-16db-4eda-8552-9c6ae683939d
2.02609E+17,2.02609E+17,82,6805,br_sf_patient_survey_responses,310,60,0,SUCCESS,2026-09-02T11:37:14.603Z,0b5a27da-5d48-4ed3-a9f4-1a7052a3fcea
2.02609E+17,2.02609E+17,82,6805,br_sf_patient_survey_responses,310,60,0,SUCCESS,2026-09-03T11:34:11.058Z,b5204bb1-5640-4c52-9143-fe923aba5573
2.02609E+17,2.02609E+17,82,6805,br_sf_patient_survey_responses,310,60,0,SUCCESS,2026-09-04T14:18:58.671Z,9d7b1c7e-8065-427d-99c7-89e3c8306b1f
2.02609E+17,2.02609E+13,142,13761,sl_TrendingTableSAMMSFormsCnts,0,0,0,SUCCESS,2026-09-08T05:29:47.131Z,f61fb4c5-0d31-4954-8aac-d0c2d48f9dc90
2.02609E+17,2.02609E+13,142,13761,sl_TrendingTableSAMMSFormsCnts,0,0,0,SUCCESS,2026-09-08T05:26:09.672Z,f61fb4c5-0d31-4954-8aac-d0c2d48f9dc90
2.02609E+17,2.02608E+13,136,13742,sl_tbl_callcenter_callbacklist,102,0,0,SUCCESS,2026-09-02T05:16:06.019Z,26b335d6-f11c-41b2-ae31-e73c17de8489
2.02609E+17,2.02609E+17,82,6805,br_sf_patient_survey_responses,0,0,0,SUCCESS,2026-09-02T17:29:20.445Z,0d5be434-3f1a-4f4b-ae90-f0c48a55ec54
2.02609E+17,2.02609E+13,4,29,br_8x8_HistoricalCCQueueSummary,112,0,0,SUCCESS,2026-09-03T09:21:47.061Z,cf1e9d57-f844-4f2d-9009-5cc5d296754c
2.02609E+17,2.02609E+13,4,29,br_8x8_HistoricalCCQueueSummary,112,0,0,SUCCESS,2026-09-03T11:18:37.292Z,c4ca1c69-cc05-4d3c-afe4-e43ce3ff741a
2.02609E+17,2.02609E+13,4,29,br_8x8_HistoricalCCQueueSummary,106,0,0,SUCCESS,2026-09-04T06:12:11.771Z,963356ac-0db4-498c-8882-cac150b60200
2.02609E+17,2.02609E+13,4,29,br_8x8_HistoricalCCQueueSummary,106,0,0,SUCCESS,2026-09-04T03:54:51.251Z,31e1b716-f62d-4ff3-bba9-694a795445be
2.02609E+17,2.02609E+13,4,29,br_8x8_HistoricalCCQueueSummary,112,0,0,SUCCESS,2026-09-03T09:50:30.856Z,ca12e9c4-4a93-49c2-9c07-d2cc84daa28e
2.02609E+17,2.02609E+13,4,29,br_8x8_HistoricalCCQueueSummary,106,0,0,SUCCESS,2026-09-04T06:30:27.265Z,5c90ec33-5130-4875-a415-66abc3f2b4d7
2.02609E+17,2.02609E+13,4,29,br_8x8_HistoricalCCQueueSummary,112,0,0,SUCCESS,2026-09-03T10:54:24.297Z,b1e5c4ea-7b6d-4d5e-afa2-eb79e1fc8e31
2.02609E+17,2.02609E+13,4,29,br_8x8_HistoricalCCQueueSummary,112,0,0,SUCCESS,2026-09-03T10:29:42.082Z,96a98cf2-5c7e-485f-a552-00977e127934
2.02609E+17,2.02609E+13,4,29,br_8x8_HistoricalCCQueueSummary,106,0,0,SUCCESS,2026-09-04T03:22:08.524Z,12b3c6ab-e5be-412c-b011-b57e8d0c6fc9
2.02609E+17,2.02609E+13,136,13742,sl_tbl_callcenter_callbacklist,81,0,0,SUCCESS,2026-09-04T05:01:22.605Z,adf2b18f-e17c-4bcf-8911-7ab755997527
2.02609E+17,2.02609E+13,136,13742,sl_tbl_callcenter_callbacklist,80,0,0,SUCCESS,2026-09-04T07:27:09.907Z,722942c7-46ba-4f9d-905b-23ebf29af444
2.02609E+17,2.02609E+13,82,6805,br_sf_patient_survey_responses,310,60,0,SUCCESS,2026-09-04T16:11:50.673Z,7a604b07-1e27-4ff8-bd86-1860fd5608a2
2.02609E+17,2.02609E+13,4,29,br_8x8_HistoricalCCQueueSummary,83,0,0,SUCCESS,2026-09-07T05:48:07.675Z,3f0f0a05-879c-4e22-8cc2-b9ae0748727e
2.02609E+17,2.02609E+13,4,29,br_8x8_HistoricalCCQueueSummary,83,0,0,SUCCESS,2026-09-07T05:16:12.503Z,8e269908-5aef-4620-9afd-bccaaad05ee8
2.02609E+17,2.02609E+13,136,13742,sl_tbl_callcenter_callbacklist,0,0,0,SUCCESS,2026-09-04T10:23:21.721Z,ed8b9765-c547-4373-9ec0-3b2a53aee49e
2.02609E+17,2.02609E+13,136,13742,sl_tbl_callcenter_callbacklist,0,0,0,SUCCESS,2026-09-04T08:08:35.389Z,0149d2e2-407e-43d2-9524-079a665d6c9a
2.02608E+17,2.02608E+13,121,12584,sl_OffWeekCounselingEngagement,0,0,1,FAILED,2026-08-31T03:12:48.272Z,5f9aa4d3-2b3e-45be-9758-c21d6e7598ee
2.02609E+17,2.02609E+13,142,16281,sl_TransactionPostingReport,552287,0,0,SUCCESS,2026-09-08T08:47:50.437Z,f61fb4c5-0d31-4954-8aac-d0c2d48f9dc90
2.02609E+17,2.02609E+13,142,16281,sl_TransactionPostingReport,552287,0,0,SUCCESS,2026-09-08T09:13:44.623Z,f61fb4c5-0d31-4954-8aac-d0c2d48f9dc90
2.02609E+17,2.02609E+17,44,5740,sl_DiversionNotificationLog,18843,0,0,SUCCESS,2026-09-03T13:48:57.404Z,dc09db6e-8a85-40c4-9b7f-e305f6845bee
2.02609E+17,2.02609E+17,44,5740,sl_DiversionNotificationLog,18843,0,0,SUCCESS,2026-09-03T15:34:56.582Z,80483189-97f8-4d1d-8157-697e9a146982
2.02609E+17,2.02609E+17,43,5738,br_DiversionNotificationLog,18843,0,0,SUCCESS,2026-09-03T15:34:11.709Z,80483189-97f8-4d1d-8157-697e9a146982
2.02609E+17,2.02609E+17,43,5738,br_DiversionNotificationLog,18843,0,0,SUCCESS,2026-09-03T17:10:28.812Z,19ce24cf-1d06-4393-80c8-2aba56f3390a
2.02609E+17,2.02609E+17,44,5740,sl_DiversionNotificationLog,18843,0,0,SUCCESS,2026-09-03T17:11:11.770Z,19ce24cf-1d06-4393-80c8-2aba56f3390a
2.02609E+17,2.02609E+17,43,5738,br_DiversionNotificationLog,18843,0,0,SUCCESS,2026-09-03T13:47:37.418Z,dc09db6e-8a85-40c4-9b7f-e305f6845bee
2.02609E+17,2.02609E+13,103,6812,br_activedirectory_aadusers,2102,0,0,SUCCESS,2026-09-03T04:57:27.239Z,9e67ec21-258b-468c-adea-f34fc1dc4e110
2.02609E+17,2.02609E+13,143,13762,TrendingTableSAMMSFormsCnts,300,0,0,SUCCESS,2026-09-08T05:34:05.603Z,f61fb4c5-0d31-4954-8aac-d0c2d48f9dc90
2.02609E+17,2.02609E+13,142,13770,sl_CounselorNotesOver24Hours,0,0,1,FAILED,2026-09-03T18:31:27.618Z,f61fb4c5-0d31-4954-8aac-d0c2d48f9dc90
2.02609E+17,2.02609E+13,142,13770,sl_CounselorNotesOver24Hours,0,0,1,FAILED,2026-09-03T18:39:21.016Z,f61fb4c5-0d31-4954-8aac-d0c2d48f9dc90
2.02609E+17,2.02609E+13,142,13770,sl_CounselorNotesOver24Hours,0,0,1,FAILED,2026-09-04T10:09:13.571Z,f61fb4c5-0d31-4954-8aac-d0c2d48f9dc90
2.02609E+17,2.02609E+13,142,13770,sl_CounselorNotesOver24Hours,0,0,1,FAILED,2026-09-04T09:04:24.111Z,f61fb4c5-0d31-4954-8aac-d0c2d48f9dc90
2.02609E+17,2.02609E+13,142,13770,sl_CounselorNotesOver24Hours,0,0,1,FAILED,2026-09-04T09:53:34.584Z,f61fb4c5-0d31-4954-8aac-d0c2d48f9dc90
2.02609E+17,2.02609E+13,142,13770,sl_CounselorNotesOver24Hours,0,0,1,FAILED,2026-09-04T03:30:29.738Z,f61fb4c5-0d31-4954-8aac-d0c2d48f9dc90
2.02609E+17,2.02609E+13,142,13770,sl_CounselorNotesOver24Hours,0,0,1,FAILED,2026-09-04T08:55:21.896Z,f61fb4c5-0d31-4954-8aac-d0c2d48f9dc90
2.02609E+17,2.02609E+13,142,13770,sl_CounselorNotesOver24Hours,0,0,1,FAILED,2026-09-04T09:40:27.305Z,f61fb4c5-0d31-4954-8aac-d0c2d48f9dc90
2.02609E+17,2.02609E+13,142,13770,sl_CounselorNotesOver24Hours,0,0,1,FAILED,2026-09-03T18:25:29.410Z,f61fb4c5-0d31-4954-8aac-d0c2d48f9dc90
2.02609E+17,2.02609E+13,142,13770,sl_CounselorNotesOver24Hours,0,0,1,FAILED,2026-09-04T03:33:57.004Z,f61fb4c5-0d31-4954-8aac-d0c2d48f9dc90
2.02609E+17,2.02609E+13,142,13770,sl_CounselorNotesOver24Hours,0,0,1,FAILED,2026-09-04T10:11:38.914Z,f61fb4c5-0d31-4954-8aac-d0c2d48f9dc90
2.02609E+17,2.02609E+13,137,13743,tbl_callcenter_callbacklist,263,0,0,SUCCESS,2026-09-04T10:26:08.474Z,ed8b9765-c547-4373-9ec0-3b2a53aee49e
2.02608E+17,2.02608E+13,104,6813,sl_activedirectory_aadusers,2087,0,0,SUCCESS,2026-08-31T16:59:26.489Z,2fa2e214-5583-4fca-8b7c-32713bbeec6c
2.02609E+17,2.02609E+13,137,13743,tbl_callcenter_callbacklist,102,0,0,SUCCESS,2026-09-02T05:18:15.480Z,26b335d6-f11c-41b2-ae31-e73c17de8489
2.02609E+17,2.02609E+13,137,13743,tbl_callcenter_callbacklist,263,0,0,SUCCESS,2026-09-04T08:11:00.667Z,0149d2e2-407e-43d2-9524-079a665d6c9a
2.02608E+17,2.02608E+13,103,6812,br_activedirectory_aadusers,2087,0,0,SUCCESS,2026-08-31T16:51:13.452Z,2fa2e214-5583-4fca-8b7c-32713bbeec6c
2.02609E+17,2.02609E+13,137,13743,tbl_callcenter_callbacklist,183,0,0,SUCCESS,2026-09-04T05:03:07.515Z,adf2b18f-e17c-4bcf-8911-7ab755997527
2.02609E+17,2.02609E+13,103,6812,br_activedirectory_aadusers,2102,0,0,SUCCESS,2026-09-03T05:16:32.563Z,f61fb4c5-0d31-4954-8aac-d0c2d48f9dc3
2.02609E+17,2.02609E+13,137,13743,tbl_callcenter_callbacklist,263,0,0,SUCCESS,2026-09-04T07:29:10.821Z,722942c7-46ba-4f9d-905b-23ebf29af444
2.02609E+17,2.02609E+13,4,29,br_8x8_HistoricalCCQueueSummary,112,0,0,SUCCESS,2026-09-03T07:44:50.776Z,1066d6e5-305c-4662-a3fb-18d67007
2.02609E+17,2.02609E+13,4,29,br_8x8_HistoricalCCQueueSummary,112,0,0,SUCCESS,2026-09-03T07:52:18.142Z,1066d6e5-305c-4662-a3fb-18d67007
2.02609E+17,2.02609E+13,129,13685,sl_ClaimDenialPredictionV1,296584,0,0,SUCCESS,2026-09-02T11:17:20.721Z,ac5fafbf-2002-499b-9ca0-d3ba19fc74c2
2.02609E+17,2.02609E+13,4,29,br_8x8_HistoricalCCQueueSummary,112,0,0,SUCCESS,2026-09-03T05:47:18.904Z,1066d6e5-305c-4662-a3fb-18d67007
2.02609E+17,2.02609E+13,4,29,br_8x8_HistoricalCCQueueSummary,112,0,0,SUCCESS,2026-09-03T07:31:48.668Z,1066d6e5-305c-4662-a3fb-18d67007
2.02609E+17,2.02609E+13,122,12585,OffWeekCounselingEngagement,0,0,0,SUCCESS,2026-09-07T03:47:40.341Z,5d2076cb-9eed-4560-8c54-92c47621dd72
2.02609E+17,2.02609E+13,122,12585,OffWeekCounselingEngagement,0,0,0,SUCCESS,2026-09-07T03:36:37.467Z,081a3b58-0ae5-4e8b-91b1-828f1c3ba344
2.02609E+17,2.02609E+13,122,12585,OffWeekCounselingEngagement,0,0,0,SUCCESS,2026-09-03T16:52:30.775Z,924c339f-a40c-4fa0-9746-4d59d8146524
2.02609E+17,2.02609E+13,122,12585,OffWeekCounselingEngagement,0,0,0,SUCCESS,2026-09-03T06:58:19.596Z,99698447-e02c-478c-bc1e-40fdc49c170e
2.02609E+17,2.02609E+13,122,12585,OffWeekCounselingEngagement,0,0,0,SUCCESS,2026-09-03T10:02:39.467Z,c635a2b4-fd80-403f-957d-852c27b3649e
2.02609E+17,2.02609E+13,122,12585,OffWeekCounselingEngagement,0,0,0,SUCCESS,2026-09-03T06:34:31.554Z,f96f5b99-9d68-4178-8a83-78819af29a92
2.02609E+17,2.02609E+13,122,12585,OffWeekCounselingEngagement,0,0,0,SUCCESS,2026-09-03T13:26:13.965Z,8354fe9a-a940-4119-ab8e-6c094f3224d7
2.02609E+17,2.02609E+13,122,12585,OffWeekCounselingEngagement,0,0,0,SUCCESS,2026-09-03T17:26:34.541Z,5a9c4813-8a98-491b-8ba0-773490315d42
2.02609E+17,2.02609E+13,122,12585,OffWeekCounselingEngagement,0,0,0,SUCCESS,2026-09-03T17:15:30.118Z,4d4a03e4-da5a-401c-8fce-6475310fb5c0
2.02609E+17,2.02609E+13,122,12585,OffWeekCounselingEngagement,0,0,0,SUCCESS,2026-09-03T14:07:39.747Z,93171e05-6d5e-4b1a-8640-e486f2cee83d
2.02609E+17,2.02609E+13,122,12585,OffWeekCounselingEngagement,0,0,0,SUCCESS,2026-09-03T16:05:03.981Z,51d644ea-ed4f-4996-a685-f88279c7f2f7
2.02609E+17,2.02609E+13,142,16281,sl_TransactionPostingReport,0,0,1,FAILED,2026-09-08T08:12:26.322Z,f61fb4c5-0d31-4954-8aac-d0c2d48f9dc90
2.02609E+17,2.02609E+13,142,16281,sl_TransactionPostingReport,0,0,1,FAILED,2026-09-08T07:55:31.815Z,f61fb4c5-0d31-4954-8aac-d0c2d48f9dc90
2.02609E+17,2.02609E+13,142,16281,sl_TransactionPostingReport,0,0,1,FAILED,2026-09-08T07:49:03.408Z,f61fb4c5-0d31-4954-8aac-d0c2d48f9dc90
2.02609E+17,2.02609E+13,142,16281,sl_TransactionPostingReport,0,0,1,FAILED,2026-09-08T08:08:05.780Z,f61fb4c5-0d31-4954-8aac-d0c2d48f9dc90
2.02609E+17,2.02609E+13,142,16281,sl_TransactionPostingReport,0,0,1,FAILED,2026-09-08T08:20:49.860Z,f61fb4c5-0d31-4954-8aac-d0c2d48f9dc90
2.02609E+17,2.02609E+13,142,16281,sl_TransactionPostingReport,0,0,1,FAILED,2026-09-08T08:00:24.025Z,f61fb4c5-0d31-4954-8aac-d0c2d48f9dc90
2.02609E+17,2.02609E+13,142,16281,sl_TransactionPostingReport,0,0,1,FAILED,2026-09-08T07:52:05.552Z,f61fb4c5-0d31-4954-8aac-d0c2d48f9dc90
2.02609E+17,2.02609E+13,142,16281,sl_TransactionPostingReport,0,0,1,FAILED,2026-09-08T08:10:05.119Z,f61fb4c5-0d31-4954-8aac-d0c2d48f9dc90
2.02609E+17,2.02609E+13,142,16281,sl_TransactionPostingReport,0,0,1,FAILED,2026-09-08T08:40:02.530Z,f61fb4c5-0d31-4954-8aac-d0c2d48f9dc90
2.02609E+17,2.02609E+13,142,16281,sl_TransactionPostingReport,0,0,1,FAILED,2026-09-08T07:18:34.122Z,f61fb4c5-0d31-4954-8aac-d0c2d48f9dc90
2.02609E+17,2.02609E+13,143,13762,TrendingTableSAMMSFormsCnts,0,0,1,FAILED,2026-09-08T05:22:13.464Z,f61fb4c5-0d31-4954-8aac-d0c2d48f9dc90
2.02608E+17,2.02608E+13,91,5714,br_conferdeploy_cbinventory,0,0,0,SUCCESS,2026-08-31T07:59:14.747Z,22061772-8118-40ff-82ce-daec1d26d93e
2.02608E+17,2.02608E+13,92,5715,sl_conferdeploy_cbinventory,4,0,0,SUCCESS,2026-08-31T08:01:51.596Z,22061772-8118-40ff-82ce-daec1d26d93e
2.02608E+17,2.02608E+13,91,5714,br_conferdeploy_cbinventory,0,0,0,SUCCESS,2026-08-31T08:35:38.208Z,2eddf0ce-6b97-4c82-8bf9-ccbf21e2998e
2.02608E+17,2.02608E+13,92,5715,sl_conferdeploy_cbinventory,4,0,0,SUCCESS,2026-08-31T08:38:08.961Z,2eddf0ce-6b97-4c82-8bf9-ccbf21e2998e
2.02608E+17,2.02608E+17,47,,tbl_Claims,69558,0,0,SUCCESS,2026-08-25T14:53:28.816Z,5e789551-b18e-4745-8526-2b8db3ceeb01
2.02609E+17,2.02609E+13,103,6812,br_activedirectory_aadusers,2087,0,1,FAILED,2026-09-03T03:28:30.767Z,a681e930-baf4-41ef-8b08-f9cc56c68d4a
2.02609E+17,2.02609E+13,103,6812,br_activedirectory_aadusers,2087,0,1,FAILED,2026-09-03T04:00:18.812Z,9e67ec21-258b-468c-adea-f34fc1dc4e19
2.02609E+17,2.02609E+13,103,6812,br_activedirectory_aadusers,2087,0,1,FAILED,2026-09-03T03:56:25.567Z,9e67ec21-258b-468c-adea-f34fc1dc4e1f
2.02609E+17,2.02609E+13,103,6812,br_activedirectory_aadusers,2087,0,1,FAILED,2026-09-03T03:35:33.889Z,1f58675b-47d4-4d7c-aa48-733567df8724
2.02609E+17,2.02609E+13,122,12585,OffWeekCounselingEngagement,0,0,1,FAILED,2026-09-03T06:10:10.060Z,11b0f007-ed6d-4ee6-9a5c-040380b29931
2.02609E+17,2.02609E+13,143,16282,TransactionPostingReport,552287,0,0,SUCCESS,2026-09-08T09:43:05.789Z,f61fb4c5-0d31-4954-8aac-d0c2d48f9dc90
2.02609E+17,2.02609E+17,43,176,br_BriefAddictionMonitor,268559,0,0,SUCCESS,2026-09-03T15:34:11.709Z,80483189-97f8-4d1d-8157-697e9a146982
2.02609E+17,2.02609E+17,43,176,br_BriefAddictionMonitor,268559,0,0,SUCCESS,2026-09-03T17:10:28.812Z,19ce24cf-1d06-4393-80c8-2aba56f3390a
2.02609E+17,2.02609E+17,44,186,sl_BriefAddictionMonitor,268559,0,0,SUCCESS,2026-09-03T13:48:57.404Z,dc09db6e-8a85-40c4-9b7f-e305f6845bee
2.02609E+17,2.02609E+17,44,186,sl_BriefAddictionMonitor,268559,0,0,SUCCESS,2026-09-03T17:11:11.770Z,19ce24cf-1d06-4393-80c8-2aba56f3390a
2.02609E+17,2.02609E+17,44,186,sl_BriefAddictionMonitor,268559,0,0,SUCCESS,2026-09-03T15:34:56.582Z,80483189-97f8-4d1d-8157-697e9a146982
2.02609E+17,2.02609E+17,43,176,br_BriefAddictionMonitor,268559,0,0,SUCCESS,2026-09-03T13:47:37.418Z,dc09db6e-8a85-40c4-9b7f-e305f6845bee
2.02608E+17,2.02608E+13,126,13680,br_learningreports_overdue,0,0,1,FAILED,2026-08-31T10:20:39.481Z,958b6125-92d9-466f-b62e-adccd0a45f2f
2.02609E+17,2.02609E+13,129,13685,sl_ClaimDenialPredictionV1,0,0,1,FAILED,2026-09-02T10:58:35.627Z,3506b852-499a-468c-8078-080e698457ef
2.02609E+17,2.02609E+13,129,13685,sl_ClaimDenialPredictionV1,0,0,1,FAILED,2026-09-02T10:42:27.751Z,78a4ffb1-a727-4484-9bb3-a619e88004d4
2.02609E+17,2.02608E+13,126,13680,br_learningreports_overdue,0,0,1,FAILED,2026-09-01T08:23:45.640Z,c46c9804-c079-4a92-bf2d-233a26f7d129
2.02608E+17,2.02608E+13,126,13680,br_learningreports_overdue,0,0,1,FAILED,2026-08-31T12:09:32.134Z,9e88df03-cf6e-4bca-99ec-d1d14ce06882
2.02608E+17,2.02608E+13,126,13680,br_learningreports_overdue,0,0,1,FAILED,2026-08-31T10:34:34.200Z,2477d503-ddda-4111-86e7-53d30d1b8245
2.02609E+17,2.02609E+13,129,13685,sl_ClaimDenialPredictionV1,0,0,1,FAILED,2026-09-02T06:46:10.550Z,432e1fd9-5757-4fbd-b5fe-306e7dd0feb7
2.02609E+17,2.02609E+13,129,13685,sl_ClaimDenialPredictionV1,0,0,1,FAILED,2026-09-02T08:58:47.350Z,1a271d40-e925-4513-b84c-2f60ddb77cc5
2.02609E+17,2.02609E+13,129,13685,sl_ClaimDenialPredictionV1,0,0,1,FAILED,2026-09-02T07:43:58.241Z,391059bc-57e5-49c5-af48-252a2b55168c
2.02608E+17,2.02608E+13,126,13680,br_learningreports_overdue,0,0,1,FAILED,2026-08-31T11:03:41.503Z,da1109ab-23fa-4fb3-ba31-a35e7ed47d48
2.02609E+17,2.02609E+13,129,13685,sl_ClaimDenialPredictionV1,0,0,1,FAILED,2026-09-02T09:31:24.633Z,e382a313-3d19-4b82-9b57-fd2a0e196c56
2.02608E+17,2.02608E+13,126,13680,br_learningreports_overdue,0,0,1,FAILED,2026-08-28T10:38:45.051Z,54aa582f-2f43-4019-9729-3a01b4577fa8
2.02609E+17,2.02608E+13,126,13680,br_learningreports_overdue,0,0,1,FAILED,2026-09-02T09:19:07.984Z,cbe17ebc-0399-4c51-9c1c-1142c87cb2d5
2.02609E+17,2.02609E+13,129,13685,sl_ClaimDenialPredictionV1,0,0,1,FAILED,2026-09-03T12:33:51.576Z,e70805c1-331e-4300-8cc0-5c68ea96b08e
2.02609E+17,2.02609E+13,129,13685,sl_ClaimDenialPredictionV1,0,0,1,FAILED,2026-09-02T10:19:58.822Z,24cb0943-51a7-4a50-ab37-5fffed8584c8
2.02609E+17,2.02609E+13,129,13685,sl_ClaimDenialPredictionV1,0,0,1,FAILED,2026-09-03T12:15:52.862Z,35e97021-f510-4e41-9049-1e9fd07241be
2.02609E+17,2.02609E+13,129,13685,sl_ClaimDenialPredictionV1,0,0,1,FAILED,2026-09-03T13:15:54.403Z,349e7694-2105-4645-b2e6-35027dff3a22
2.02609E+17,2.02609E+13,129,13685,sl_ClaimDenialPredictionV1,0,0,1,FAILED,2026-09-02T08:41:39.873Z,f3f50506-ab42-4017-a5e3-5d4c793aa0e6
2.02609E+17,2.02609E+13,129,13685,sl_ClaimDenialPredictionV1,0,0,1,FAILED,2026-09-02T07:27:55.936Z,cfc73f64-c97a-42ba-92ba-46c5d817d8b9
2.02609E+17,2.02609E+13,142,13765,sl_ConversionRatesTrend,114,0,0,SUCCESS,2026-09-03T17:07:03.997Z,f61fb4c5-0d31-4954-8aac-d0c2d48f9dc90
2.02609E+17,2.02609E+13,142,13765,sl_ConversionRatesTrend,228,0,0,SUCCESS,2026-09-07T10:14:11.278Z,f61fb4c5-0d31-4954-8aac-d0c2d48f9dc90
2.02609E+17,2.02609E+13,142,13765,sl_ConversionRatesTrend,114,0,0,SUCCESS,2026-09-07T10:22:22.872Z,f61fb4c5-0d31-4954-8aac-d0c2d48f9dc90
2.02609E+17,2.02609E+13,130,13687,ClaimDenialPredictionV1,296584,0,0,SUCCESS,2026-09-08T05:42:51.517Z,5f4fa39c-2bfa-4433-b23d-f7983e8c1a2e
2.02609E+17,2.02609E+13,130,13687,ClaimDenialPredictionV1,296584,0,0,SUCCESS,2026-09-02T14:20:14.574Z,79833df3-66ae-4444-9ab7-5c0304d71f41
2.02609E+17,2.02609E+13,130,13687,ClaimDenialPredictionV1,296584,0,0,SUCCESS,2026-09-04T12:16:45.019Z,a3df7d89-3924-493c-b358-bb016a1b1833
2.02609E+17,2.02609E+13,130,13687,ClaimDenialPredictionV1,296584,0,0,SUCCESS,2026-09-02T12:11:03.312Z,325dbe90-d834-46da-addb-cfdd40b210fa
2.02609E+17,2.02609E+13,130,13687,ClaimDenialPredictionV1,296584,0,0,SUCCESS,2026-09-02T14:01:10.066Z,45419c76-388a-4885-8a6e-e1a255f50e99
2.02609E+17,2.02609E+13,130,13687,ClaimDenialPredictionV1,296584,0,0,SUCCESS,2026-09-08T11:33:27.079Z,3f9de54d-9a8f-4df0-8670-5ed7c25ab4cf
2.02609E+17,2.02609E+13,130,13687,ClaimDenialPredictionV1,296584,0,0,SUCCESS,2026-09-08T05:17:55.128Z,a468a7ef-f4f0-4f75-9a4b-9f10041efb90
2.02609E+17,2.02609E+13,130,13687,ClaimDenialPredictionV1,296584,0,0,SUCCESS,2026-09-07T10:41:06.241Z,99033397-8470-4a39-91b2-99c27aed5089
2.02609E+17,2.02609E+13,130,13687,ClaimDenialPredictionV1,296584,0,0,SUCCESS,2026-09-03T07:16:44.768Z,5d717f31-08a0-46d8-9f4f-a1e32d7e0c04
2.02609E+17,2.02609E+13,130,13687,ClaimDenialPredictionV1,296584,0,0,SUCCESS,2026-09-03T05:27:43.945Z,dfcc7090-6aed-405f-b6cd-6bb0271aee4d
2.02609E+17,2.02609E+13,130,13687,ClaimDenialPredictionV1,296584,0,0,SUCCESS,2026-09-08T11:15:57.365Z,fe654495-a612-4a17-9fd5-04bdafeff38b
2.02609E+17,2.02609E+13,130,13687,ClaimDenialPredictionV1,296584,0,0,SUCCESS,2026-09-04T09:06:01.122Z,a7509d48-2072-4539-bbb5-3825d8741944
2.02609E+17,2.02609E+13,142,13769,sl_CounselorProductivity,0,0,1,FAILED,2026-09-04T09:03:43.709Z,f61fb4c5-0d31-4954-8aac-d0c2d48f9dc90
2.02609E+17,2.02609E+13,143,16282,TransactionPostingReport,0,0,1,FAILED,2026-09-08T09:18:37.157Z,f61fb4c5-0d31-4954-8aac-d0c2d48f9dc90
2.02609E+17,2.02609E+13,143,16282,TransactionPostingReport,0,0,1,FAILED,2026-09-08T09:32:50.880Z,f61fb4c5-0d31-4954-8aac-d0c2d48f9dc90
2.02609E+17,2.02609E+13,142,13769,sl_CounselorProductivity,0,0,1,FAILED,2026-09-03T18:38:50.147Z,f61fb4c5-0d31-4954-8aac-d0c2d48f9dc90
2.02609E+17,2.02609E+13,142,13769,sl_CounselorProductivity,0,0,1,FAILED,2026-09-03T18:24:54.814Z,f61fb4c5-0d31-4954-8aac-d0c2d48f9dc90
2.02609E+17,2.02609E+13,142,13769,sl_CounselorProductivity,0,0,1,FAILED,2026-09-04T03:29:58.330Z,f61fb4c5-0d31-4954-8aac-d0c2d48f9dc90
2.02609E+17,2.02609E+13,142,13769,sl_CounselorProductivity,0,0,1,FAILED,2026-09-04T09:39:20.511Z,f61fb4c5-0d31-4954-8aac-d0c2d48f9dc90
2.02609E+17,2.02609E+13,143,16282,TransactionPostingReport,0,0,1,FAILED,2026-09-08T09:35:16.674Z,f61fb4c5-0d31-4954-8aac-d0c2d48f9dc90
2.02609E+17,2.02609E+13,142,13769,sl_CounselorProductivity,0,0,1,FAILED,2026-09-04T08:54:43.888Z,f61fb4c5-0d31-4954-8aac-d0c2d48f9dc90
2.02609E+17,2.02609E+13,142,13769,sl_CounselorProductivity,0,0,1,FAILED,2026-09-04T10:08:38.801Z,f61fb4c5-0d31-4954-8aac-d0c2d48f9dc90
2.02609E+17,2.02609E+13,142,13769,sl_CounselorProductivity,0,0,1,FAILED,2026-09-04T10:11:06.561Z,f61fb4c5-0d31-4954-8aac-d0c2d48f9dc90
2.02609E+17,2.02609E+13,142,13769,sl_CounselorProductivity,0,0,1,FAILED,2026-09-03T18:30:55.886Z,f61fb4c5-0d31-4954-8aac-d0c2d48f9dc90
2.02609E+17,2.02609E+13,143,16282,TransactionPostingReport,0,0,1,FAILED,2026-09-08T09:36:57.331Z,f61fb4c5-0d31-4954-8aac-d0c2d48f9dc90
2.02609E+17,2.02609E+13,142,13769,sl_CounselorProductivity,0,0,1,FAILED,2026-09-04T03:33:16.424Z,f61fb4c5-0d31-4954-8aac-d0c2d48f9dc90
2.02609E+17,2.02609E+13,142,13769,sl_CounselorProductivity,0,0,1,FAILED,2026-09-04T09:53:00.679Z,f61fb4c5-0d31-4954-8aac-d0c2d48f9dc90
2.02609E+17,2.02609E+13,142,13767,sl_AlloyTicketTurnover,56404,0,0,SUCCESS,2026-09-07T11:34:35.649Z,f61fb4c5-0d31-4954-8aac-d0c2d48f9dc90
2.02609E+17,2.02609E+17,44,8643,sl_SAMMSGlobal_Devices,4032,0,0,SUCCESS,2026-09-03T15:34:56.582Z,80483189-97f8-4d1d-8157-697e9a146982
2.02609E+17,2.02609E+13,133,13712,sl_third_party_ar_indb,248584,0,0,SUCCESS,2026-09-03T11:42:48.767Z,1426a45f-7ba5-45f5-b808-280584111092
2.02609E+17,2.02609E+17,44,8643,sl_SAMMSGlobal_Devices,4032,0,0,SUCCESS,2026-09-03T13:48:57.404Z,dc09db6e-8a85-40c4-9b7f-e305f6845bee
2.02608E+17,2.02608E+13,133,13712,sl_third_party_ar_indb,248584,0,0,SUCCESS,2026-08-31T03:44:12.602Z,c3e41f3e-c233-4445-a786-d0d98a8613bd
2.02609E+17,2.02609E+17,44,8643,sl_SAMMSGlobal_Devices,4032,0,0,SUCCESS,2026-09-03T17:11:11.770Z,19ce24cf-1d06-4393-80c8-2aba56f3390a
2.02608E+17,2.02608E+13,133,13712,sl_third_party_ar_indb,248584,0,0,SUCCESS,2026-08-31T12:13:57.340Z,73ab084e-6be8-4233-a81c-8f049414a380
2.02608E+17,2.02608E+13,133,13712,sl_third_party_ar_indb,248584,0,0,SUCCESS,2026-08-31T06:04:49.201Z,1de5cf99-6b82-4338-b3fe-396114f7957f
2.02609E+17,2.02609E+13,142,13765,sl_ConversionRatesTrend,0,0,1,FAILED,2026-09-03T16:35:05.484Z,f61fb4c5-0d31-4954-8aac-d0c2d48f9dc90
2.02609E+17,2.02609E+13,142,13765,sl_ConversionRatesTrend,0,0,1,FAILED,2026-09-03T10:29:34.926Z,f61fb4c5-0d31-4954-8aac-d0c2d48f9dc90
2.02609E+17,2.02609E+13,142,13765,sl_ConversionRatesTrend,0,0,1,FAILED,2026-09-03T16:05:27.858Z,f61fb4c5-0d31-4954-8aac-d0c2d48f9dc90
2.02609E+17,2.02609E+13,128,13682,LearningReportsOverdue,2565,0,0,SUCCESS,2026-09-03T19:34:09.871Z,a5570b6d-ab4f-492f-a0f3-019ba8a0989c
2.02609E+17,2.02609E+13,128,13682,LearningReportsOverdue,2565,0,0,SUCCESS,2026-09-02T10:34:36.783Z,fae6f27e-61f7-4550-97cb-ae854acd3594
2.02609E+17,2.02609E+13,128,13682,LearningReportsOverdue,2565,0,0,SUCCESS,2026-09-03T18:25:04.902Z,5360e0f0-1b6e-453c-963d-303c626d47b0
2.02609E+17,2.02609E+13,128,13682,LearningReportsOverdue,2565,0,0,SUCCESS,2026-09-03T19:19:48.604Z,e43a8f33-1096-489d-9499-bf0c83753e23
2.02609E+17,2.02609E+13,128,13682,LearningReportsOverdue,2565,0,0,SUCCESS,2026-09-02T11:40:58.734Z,3950b43b-427e-45ed-bc2d-f59ee8f737dd
2.02609E+17,2.02609E+13,5,31,sl_8x8_CallInteractions,334,0,0,SUCCESS,2026-09-07T05:53:09.658Z,3f0f0a05-879c-4e22-8cc2-b9ae0748727e
2.02609E+17,2.02609E+13,5,31,sl_8x8_CallInteractions,334,0,0,SUCCESS,2026-09-07T08:27:22.631Z,9f92c221-d408-4dd5-be42-4448e89cdc8e
2.02609E+17,2.02609E+13,5,31,sl_8x8_CallInteractions,970,0,0,SUCCESS,2026-09-03T10:59:36.628Z,b1e5c4ea-7b6d-4d5e-afa2-eb79e1fc8e31
2.02609E+17,2.02609E+13,5,31,sl_8x8_CallInteractions,334,0,0,SUCCESS,2026-09-07T11:43:48.604Z,fad71b32-32ff-4d58-a1b8-e4782a9be879
2.02609E+17,2.02609E+13,5,31,sl_8x8_CallInteractions,970,0,0,SUCCESS,2026-09-03T10:34:26.440Z,96a98cf2-5c7e-485f-a552-00977e127934
2.02609E+17,2.02609E+13,117,8627,PatientServicesNoShow,56561145,0,0,SUCCESS,2026-09-08T11:25:15.294Z,c851451b-db0c-409e-be91-8291abef3872
2.02609E+17,2.02609E+13,5,31,sl_8x8_CallInteractions,970,0,0,SUCCESS,2026-09-03T09:55:41.130Z,ca12e9c4-4a93-49c2-9c07-d2cc84daa28e
2.02609E+17,2.02609E+13,5,31,sl_8x8_CallInteractions,334,0,0,SUCCESS,2026-09-07T11:13:37.862Z,027bd594-9340-457f-99dc-6a9fea5cf33a
2.02609E+17,2.02609E+13,5,31,sl_8x8_CallInteractions,970,0,0,SUCCESS,2026-09-03T09:27:15.130Z,cf1e9d57-f844-4f2d-9009-5cc5d296754c
2.02609E+17,2.02609E+13,5,31,sl_8x8_CallInteractions,334,0,0,SUCCESS,2026-09-07T10:37:12.597Z,c4acfd08-71e9-4988-a88c-bd601c12a9c9
2.02609E+17,2.02609E+13,5,31,sl_8x8_CallInteractions,970,0,0,SUCCESS,2026-09-03T11:24:08.808Z,c4ca1c69-cc05-4d3c-afe4-e43ce3ff741a
2.02609E+17,2.02609E+13,37,152,br_knowbe4_enrollments,94686,0,0,SUCCESS,2026-09-03T15:02:05.902Z,922c1f84-e757-442e-9e5b-cf435170529f
2.02609E+17,2.02609E+13,37,152,br_knowbe4_enrollments,94658,0,0,SUCCESS,2026-09-02T09:11:53.838Z,2e7158b0-60a2-4762-badb-302e487561ad
2.02609E+17,2.02609E+13,37,152,br_knowbe4_enrollments,94686,0,0,SUCCESS,2026-09-03T02:51:18.314Z,6825445c-6c39-46db-a137-17ccd177bc49
2.02609E+17,2.02609E+13,37,152,br_knowbe4_enrollments,94654,0,0,SUCCESS,2026-09-01T09:14:51.545Z,4cf40547-e391-4e76-bd7b-3e8f91b7eb2b
2.02609E+17,2.02609E+13,37,152,br_knowbe4_enrollments,94686,0,0,SUCCESS,2026-09-03T14:39:01.077Z,11655967-1f0a-4878-9f07-67e216147efe
2.02609E+17,2.02609E+13,37,152,br_knowbe4_enrollments,94658,0,0,SUCCESS,2026-09-02T11:40:48.927Z,4c4c075e-4dad-4233-8052-32fba0caf996
2.02609E+17,2.02609E+13,37,152,br_knowbe4_enrollments,94654,0,0,SUCCESS,2026-09-01T10:27:59.765Z,479c0ba1-76d2-4143-8421-ae6bfe16725f
2.02609E+17,2.02609E+13,37,152,br_knowbe4_enrollments,94658,0,0,SUCCESS,2026-09-02T10:30:57.497Z,b0a68294-8f39-48cc-9f9e-4292e7c94d8f
2.02609E+17,2.02609E+13,37,152,br_knowbe4_enrollments,94658,0,0,SUCCESS,2026-09-02T07:47:28.836Z,7a443b4c-9824-4256-ab04-6ecd70b3ff28
2.02609E+17,2.02609E+13,37,152,br_knowbe4_enrollments,94658,0,0,SUCCESS,2026-09-02T08:50:16.168Z,9a3a99b3-6117-43fd-86ce-609490905879
2.02609E+17,2.02609E+13,37,152,br_knowbe4_enrollments,94654,0,0,SUCCESS,2026-09-01T08:25:14.038Z,c7e29124-1e94-4997-8246-3c48b4268ad3
2.02609E+17,2.02609E+13,37,152,br_knowbe4_enrollments,94698,0,0,SUCCESS,2026-09-07T09:40:36.235Z,4a819cd8-c6c0-4519-9ae0-3043187c2ed9
2.02609E+17,2.02609E+13,37,152,br_knowbe4_enrollments,94686,0,0,SUCCESS,2026-09-03T12:22:09.576Z,6d2678a2-5070-462a-ab5b-fbefac17def7
2.02609E+17,2.02609E+13,37,152,br_knowbe4_enrollments,94658,0,0,SUCCESS,2026-09-02T05:25:13.225Z,d6c6cd2b-6c74-455f-a6f3-8f7f7ff987e7
2.02609E+17,2.02609E+13,37,152,br_knowbe4_enrollments,94694,0,0,SUCCESS,2026-09-04T09:23:10.702Z,f4aea0dd-d01c-4467-a718-f830a8d74578
2.02609E+17,2.02609E+13,37,152,br_knowbe4_enrollments,94658,0,0,SUCCESS,2026-09-02T05:09:31.295Z,af8eefa9-d142-4c7b-ad49-4c7bfef9728e
2.02609E+17,2.02609E+13,37,152,br_knowbe4_enrollments,94658,0,0,SUCCESS,2026-09-02T06:37:33.317Z,b715ef4e-dd40-4df9-a611-2d678bb3bff2
2.02609E+17,2.02609E+13,37,152,br_knowbe4_enrollments,94658,0,0,SUCCESS,2026-09-02T07:01:41.703Z,78552c73-e57b-4b92-b870-865f2a03b8f6
2.02609E+17,2.02609E+13,37,152,br_knowbe4_enrollments,94658,0,0,SUCCESS,2026-09-02T10:09:40.997Z,25a65c37-7f60-4ef6-9c4e-327da0d8a267
2.02609E+17,2.02609E+13,37,152,br_knowbe4_enrollments,94694,0,0,SUCCESS,2026-09-04T06:30:18.636Z,c3c33961-48a7-4ac5-b3da-1075a50af5fa
2.02609E+17,2.02609E+13,37,152,br_knowbe4_enrollments,94654,0,0,SUCCESS,2026-09-01T14:10:09.987Z,b174e830-d541-4258-b1ec-a36dec9e0454
2.02609E+17,2.02609E+13,37,152,br_knowbe4_enrollments,94658,0,0,SUCCESS,2026-09-02T06:21:35.950Z,25cd1480-3015-4326-bd43-9a0ff88dfb50
2.02609E+17,2.02609E+13,37,152,br_knowbe4_enrollments,94658,0,0,SUCCESS,2026-09-02T12:08:17.659Z,8389f9b8-5200-4049-978d-372d2b2d6538
2.02608E+17,2.02608E+13,37,152,br_knowbe4_enrollments,94614,0,0,SUCCESS,2026-08-31T16:38:00.001Z,a58a3cc2-27a0-44ee-8cb6-4c66a0119242
2.02609E+17,2.02609E+13,37,152,br_knowbe4_enrollments,94658,0,0,SUCCESS,2026-09-02T06:04:49.456Z,6e6ca944-176e-4e9f-9036-4e787264d96b
2.02609E+17,2.02609E+13,37,152,br_knowbe4_enrollments,94658,0,0,SUCCESS,2026-09-02T09:46:21.283Z,04a67665-cdad-484f-8c71-77ce27972b16
2.02609E+17,2.02609E+13,142,13759,sl_MonthEndThirdParty,450,0,0,SUCCESS,2026-09-07T08:40:45.369Z,f61fb4c5-0d31-4954-8aac-d0c2d48f9dc90
2.02609E+17,2.02609E+13,37,152,br_knowbe4_enrollments,94686,0,0,SUCCESS,2026-09-03T13:18:04.036Z,d3464a5f-8db2-4298-9db0-b7422c4dab20
2.02609E+17,2.02609E+13,37,152,br_knowbe4_enrollments,94658,0,0,SUCCESS,2026-09-02T11:12:32.334Z,6ac3fc2a-1443-47d0-911d-2a0a74587d29
2.02609E+17,2.02609E+13,37,152,br_knowbe4_enrollments,94658,0,0,SUCCESS,2026-09-02T08:32:08.426Z,dc2c3c34-bb60-4561-8b5b-1e0701d8a546
2.02609E+17,2.02609E+13,37,152,br_knowbe4_enrollments,94686,0,0,SUCCESS,2026-09-03T15:28:27.849Z,8ba6a4b7-c54f-4c4b-aa8f-710a0f7da5c7
2.02609E+17,2.02609E+13,37,152,br_knowbe4_enrollments,94654,0,0,SUCCESS,2026-09-01T10:51:31.742Z,325d4691-3681-440b-925e-1a15934da332
2.02609E+17,2.02609E+13,142,13759,sl_MonthEndThirdParty,450,0,0,SUCCESS,2026-09-03T09:23:13.323Z,f61fb4c5-0d31-4954-8aac-d0c2d48f9dc90
2.02609E+17,2.02609E+13,37,152,br_knowbe4_enrollments,94686,0,0,SUCCESS,2026-09-03T03:16:13.989Z,1066d6e5-305c-4662-a3fb-18d670070de9
2.02608E+17,2.02608E+13,133,13712,sl_third_party_ar_indb,0,0,0,SUCCESS,2026-08-31T05:23:19.000Z,648551aa-4be1-43d5-9996-5e68064cace6
2.02609E+17,2.02608E+13,133,13712,sl_third_party_ar_indb,0,0,0,SUCCESS,2026-09-02T08:39:35.403Z,a248cb53-4f30-44b6-ac15-5cdc6c387758
2.02609E+17,2.02609E+13,142,13767,sl_AlloyTicketTurnover,0,0,1,FAILED,2026-09-07T11:30:57.454Z,f61fb4c5-0d31-4954-8aac-d0c2d48f9dc90
2.02609E+17,2.02609E+13,142,13767,sl_AlloyTicketTurnover,0,0,1,FAILED,2026-09-03T16:06:02.057Z,f61fb4c5-0d31-4954-8aac-d0c2d48f9dc90
2.02609E+17,2.02609E+13,142,13767,sl_AlloyTicketTurnover,0,0,1,FAILED,2026-09-03T17:31:23.339Z,f61fb4c5-0d31-4954-8aac-d0c2d48f9dc90
2.02609E+17,2.02609E+13,142,13767,sl_AlloyTicketTurnover,0,0,1,FAILED,2026-09-03T17:07:39.360Z,f61fb4c5-0d31-4954-8aac-d0c2d48f9dc90
2.02609E+17,2.02609E+13,142,13767,sl_AlloyTicketTurnover,0,0,1,FAILED,2026-09-07T11:28:09.983Z,f61fb4c5-0d31-4954-8aac-d0c2d48f9dc90
2.02609E+17,2.02609E+13,142,13767,sl_AlloyTicketTurnover,0,0,1,FAILED,2026-09-07T11:24:39.448Z,f61fb4c5-0d31-4954-8aac-d0c2d48f9dc90
2.02609E+17,2.02609E+13,142,13767,sl_AlloyTicketTurnover,0,0,1,FAILED,2026-09-03T10:53:06.752Z,f61fb4c5-0d31-4954-8aac-d0c2d48f9dc90
2.02609E+17,2.02609E+13,142,13767,sl_AlloyTicketTurnover,0,0,1,FAILED,2026-09-03T16:35:36.850Z,f61fb4c5-0d31-4954-8aac-d0c2d48f9dc90
2.02609E+17,2.02609E+13,142,13767,sl_AlloyTicketTurnover,0,0,1,FAILED,2026-09-07T11:15:21.614Z,f61fb4c5-0d31-4954-8aac-d0c2d48f9dc90
2.02609E+17,2.02609E+13,4,13677,br_8x8_CallDetailLegs,27802,0,0,SUCCESS,2026-09-03T11:22:01.309Z,c4ca1c69-cc05-4d3c-afe4-e43ce3ff741a
2.02609E+17,2.02609E+13,5,13678,sl_8x8_CallDetailLegs,27045,0,0,SUCCESS,2026-09-04T03:28:57.744Z,12b3c6ab-e5be-412c-b011-b57e8d0c6fc9
2.02609E+17,2.02609E+13,5,13678,sl_8x8_CallDetailLegs,27045,0,0,SUCCESS,2026-09-04T03:33:20.127Z,b24cabb8-10e7-4f71-8dfa-a5afc839e4b1
2.02609E+17,2.02609E+13,5,13678,sl_8x8_calldetaillegs,27802,0,0,SUCCESS,2026-09-03T09:28:57.922Z,cf1e9d57-f844-4f2d-9009-5cc5d296754c
2.02609E+17,2.02609E+13,4,13677,br_8x8_CallDetailLegs,27045,0,0,SUCCESS,2026-09-04T03:25:11.560Z,12b3c6ab-e5be-412c-b011-b57e8d0c6fc9
2.02609E+17,2.02609E+13,4,13677,br_8x8_CallDetailLegs,27802,0,0,SUCCESS,2026-09-03T09:53:47.433Z,ca12e9c4-4a93-49c2-9c07-d2cc84daa28e
2.02609E+17,2.02609E+13,5,13678,sl_8x8_CallDetailLegs,27047,0,0,SUCCESS,2026-09-04T04:01:18.312Z,31e1b716-f62d-4ff3-bba9-694a795445be
2.02609E+17,2.02609E+13,4,13677,br_8x8_CallDetailLegs,27060,0,0,SUCCESS,2026-09-04T06:15:12.971Z,963356ac-0db4-498c-8882-cac150b60200
2.02609E+17,2.02609E+13,5,13678,sl_8x8_CallDetailLegs,27047,0,0,SUCCESS,2026-09-04T05:09:33.548Z,e11ef06b-c1de-441e-a960-c4d69538ddc8
2.02609E+17,2.02609E+13,5,13678,sl_8x8_calldetaillegs,27802,0,0,SUCCESS,2026-09-03T11:01:15.005Z,b1e5c4ea-7b6d-4d5e-afa2-eb79e1fc8e31
2.02609E+17,2.02609E+13,5,13678,sl_8x8_calldetaillegs,27802,0,0,SUCCESS,2026-09-03T10:36:15.042Z,96a98cf2-5c7e-485f-a552-00977e127934
2.02609E+17,2.02609E+13,5,13678,sl_8x8_CallDetailLegs,27047,0,0,SUCCESS,2026-09-04T04:48:57.310Z,3c46989a-54ba-4803-b6fb-36a771acc2ba
2.02609E+17,2.02609E+13,4,13677,br_8x8_CallDetailLegs,27802,0,0,SUCCESS,2026-09-03T10:57:26.075Z,b1e5c4ea-7b6d-4d5e-afa2-eb79e1fc8e31
2.02609E+17,2.02609E+13,5,13678,sl_8x8_calldetaillegs,27802,0,0,SUCCESS,2026-09-03T11:25:51.340Z,c4ca1c69-cc05-4d3c-afe4-e43ce3ff741a
2.02609E+17,2.02609E+13,4,13677,br_8x8_CallDetailLegs,27802,0,0,SUCCESS,2026-09-03T10:32:42.130Z,96a98cf2-5c7e-485f-a552-00977e127934
2.02609E+17,2.02609E+13,4,13677,br_8x8_CallDetailLegs,27802,0,0,SUCCESS,2026-09-03T09:25:15.799Z,cf1e9d57-f844-4f2d-9009-5cc5d296754c
2.02609E+17,2.02609E+13,5,13678,sl_8x8_calldetaillegs,27802,0,0,SUCCESS,2026-09-03T09:57:36.208Z,ca12e9c4-4a93-49c2-9c07-d2cc84daa28e
2.02609E+17,2.02609E+13,4,13677,br_8x8_CallDetailLegs,27047,0,0,SUCCESS,2026-09-04T03:57:57.797Z,31e1b716-f62d-4ff3-bba9-694a795445be
2.02609E+17,2.02609E+13,5,13678,sl_8x8_CallDetailLegs,27047,0,0,SUCCESS,2026-09-04T05:32:41.745Z,3f57caf8-008d-4dfc-9f5c-86252efb5d87
2.02609E+17,2.02609E+13,4,13677,br_8x8_CallDetailLegs,27060,0,0,SUCCESS,2026-09-04T06:33:25.940Z,5c90ec33-5130-4875-a415-66abc3f2b4d7
2.02609E+17,2.02609E+13,117,8627,PatientServicesNoShow,56561145,0,1,FAILED,2026-09-08T09:50:19.863Z,45a7abd3-c10a-46e8-880e-96cd312a7d08
2.02609E+17,2.02609E+13,5,13678,sl_8x8_CallDetailLegs,1839,0,0,SUCCESS,2026-09-07T11:45:35.819Z,fad71b32-32ff-4d58-a1b8-e4782a9be879
2.02609E+17,2.02609E+13,5,13678,sl_8x8_CallDetailLegs,1839,0,0,SUCCESS,2026-09-07T11:16:08.023Z,027bd594-9340-457f-99dc-6a9fea5cf33a
2.02608E+17,2.02608E+13,38,153,sl_knowbe4enrollments,94614,0,0,SUCCESS,2026-08-31T16:44:20.284Z,a58a3cc2-27a0-44ee-8cb6-4c66a0119242
2.02609E+17,2.02609E+13,142,13759,sl_MonthEndThirdParty,450,0,1,FAILED,2026-09-07T08:37:49.182Z,f61fb4c5-0d31-4954-8aac-d0c2d48f9dc90
2.02608E+17,2.02608E+13,38,153,sl_knowbe4enrollments,94614,0,0,SUCCESS,2026-08-31T16:24:19.765Z,88dc83e4-58c5-4cf9-9871-598faa41293b
2.02609E+17,2.02609E+13,5,13678,sl_8x8_CallDetailLegs,1839,0,0,SUCCESS,2026-09-07T10:39:03.467Z,c4acfd08-71e9-4988-a88c-bd601c12a9c9
2.02609E+17,2.02609E+13,38,153,sl_KnowBe4Enrollments,94686,0,0,SUCCESS,2026-09-03T13:23:26.610Z,d3464a5f-8db2-4298-9db0-b7422c4dab20
2.02609E+17,2.02609E+13,5,13678,sl_8x8_CallDetailLegs,1839,0,0,SUCCESS,2026-09-07T05:55:14.512Z,3f0f0a05-879c-4e22-8cc2-b9ae0748727e
2.02609E+17,2.02609E+13,5,13678,sl_8x8_CallDetailLegs,1839,0,0,SUCCESS,2026-09-07T08:29:14.929Z,9f92c221-d408-4dd5-be42-4448e89cdc8e
2.02609E+17,2.02609E+13,38,153,sl_KnowBe4Enrollments,94694,0,0,SUCCESS,2026-09-04T09:30:00.577Z,f4aea0dd-d01c-4467-a718-f830a8d74578
2.02609E+17,2.02609E+13,4,13677,br_8x8_CallDetailLegs,1839,0,0,SUCCESS,2026-09-07T05:51:11.036Z,3f0f0a05-879c-4e22-8cc2-b9ae0748727e
2.02609E+17,2.02609E+13,38,153,sl_KnowBe4Enrollments,94686,0,0,SUCCESS,2026-09-03T15:34:20.224Z,8ba6a4b7-c54f-4c4b-aa8f-710a0f7da5c7
2.02609E+17,2.02609E+13,143,13766,ConversionRatesTrend,114,0,0,SUCCESS,2026-09-07T10:31:27.541Z,f61fb4c5-0d31-4954-8aac-d0c2d48f9dc90
2.02608E+17,2.02608E+13,38,153,sl_knowbe4enrollments,94614,0,0,SUCCESS,2026-08-31T15:41:55.993Z,a710157a-9874-439e-a5c5-b1f8550e13aa
2.02609E+17,2.02609E+13,38,153,sl_KnowBe4Enrollments,94686,0,0,SUCCESS,2026-09-03T15:09:06.860Z,922c1f84-e757-442e-9e5b-cf435170529f
2.02609E+17,2.02609E+13,38,153,sl_KnowBe4Enrollments,94654,0,0,SUCCESS,2026-09-01T10:56:26.218Z,325d4691-3681-440b-925e-1a15934da332
2.02609E+17,2.02609E+13,38,153,sl_KnowBe4Enrollments,94654,0,0,SUCCESS,2026-09-01T09:20:08.299Z,4cf40547-e391-4e76-bd7b-3e8f91b7eb2b
2.02609E+17,2.02609E+13,38,153,sl_KnowBe4Enrollments,94686,0,0,SUCCESS,2026-09-03T14:45:42.910Z,11655967-1f0a-4878-9f07-67e216147efe
2.02609E+17,2.02609E+13,38,153,sl_knowbe4enrollments,94654,0,0,SUCCESS,2026-09-01T08:31:10.047Z,c7e29124-1e94-4997-8246-3c48b4268ad3
2.02609E+17,2.02609E+13,143,13766,ConversionRatesTrend,114,0,0,SUCCESS,2026-09-07T10:25:30.698Z,f61fb4c5-0d31-4954-8aac-d0c2d48f9dc90
2.02609E+17,2.02609E+13,38,153,sl_KnowBe4Enrollments,94654,0,0,SUCCESS,2026-09-01T14:15:19.015Z,b174e830-d541-4258-b1ec-a36dec9e0454
2.02609E+17,2.02609E+13,38,153,sl_KnowBe4Enrollments,94698,0,0,SUCCESS,2026-09-07T09:46:21.966Z,4a819cd8-c6c0-4519-9ae0-3043187c2ed9
2.02609E+17,2.02609E+13,80,227,sl_absolute_inventory,1866,0,0,SUCCESS,2026-09-01T15:43:03.191Z,250e2d2e-9477-49d4-a4fd-4463274c368a
2.02609E+17,2.02609E+13,80,227,sl_absolute_inventory,1866,0,0,SUCCESS,2026-09-01T15:56:49.709Z,b44694a1-5977-4c4f-ba31-2eb4c7cf57f2
2.02609E+17,2.02609E+13,80,227,sl_absolute_inventory,1866,0,0,SUCCESS,2026-09-01T11:59:27.429Z,0034eda5-0d9e-4094-9a3a-54d6e7d0dc65
2.02609E+17,2.02609E+13,79,226,br_absolute_inventory,1868,0,0,SUCCESS,2026-09-02T06:28:21.102Z,626b70ca-41f2-40a1-87f3-bef3aa422ad8
2.02609E+17,2.02609E+13,79,226,br_absolute_inventory,1866,0,0,SUCCESS,2026-09-01T15:40:54.217Z,250e2d2e-9477-49d4-a4fd-4463274c368a
2.02609E+17,2.02609E+13,79,226,br_absolute_inventory,1868,0,0,SUCCESS,2026-09-02T05:50:28.500Z,3315cd44-194b-4fe5-bd88-0bb25e9cfcfe
2.02609E+17,2.02609E+13,79,226,br_absolute_inventory,1866,0,0,SUCCESS,2026-09-01T11:56:48.243Z,0034eda5-0d9e-4094-9a3a-54d6e7d0dc65
2.02609E+17,2.02609E+13,80,227,sl_absolute_inventory,1868,0,0,SUCCESS,2026-09-02T06:30:10.020Z,626b70ca-41f2-40a1-87f3-bef3aa422ad8
2.02609E+17,2.02609E+13,80,227,sl_absolute_inventory,1868,0,0,SUCCESS,2026-09-02T09:00:22.975Z,a41487d3-825d-466d-8054-29503c4fdfc8
2.02609E+17,2.02609E+13,79,226,br_absolute_inventory,1868,0,0,SUCCESS,2026-09-02T07:38:32.742Z,0c5d2630-65d9-4bd0-b930-19adbfb12b07
2.02609E+17,2.02607E+13,79,226,br_absolute_inventory,1866,0,0,SUCCESS,2026-09-01T07:37:46.509Z,029655eb-31ca-4ea0-a1fe-c5fb4d7f3669
2.02609E+17,2.02609E+13,79,226,br_absolute_inventory,1868,0,0,SUCCESS,2026-09-02T08:57:52.305Z,a41487d3-825d-466d-8054-29503c4fdfc8
2.02609E+17,2.02608E+13,80,227,sl_absolute_inventory,1866,0,0,SUCCESS,2026-09-01T07:39:58.084Z,029655eb-31ca-4ea0-a1fe-c5fb4d7f3669
2.02609E+17,2.02609E+13,79,226,br_absolute_inventory,1866,0,0,SUCCESS,2026-09-01T15:54:47.060Z,b44694a1-5977-4c4f-ba31-2eb4c7cf57f2
2.02609E+17,2.02607E+17,83,6807,sl_sf_patientsurveys,310,0,0,SUCCESS,2026-09-04T13:38:16.144Z,bd9b2318-654e-4f3d-b09e-bcdf6b219232
2.02609E+17,2.02609E+17,83,6807,sl_sf_patientsurveys,310,0,0,SUCCESS,2026-09-04T14:32:28.764Z,9d7b1c7e-8065-427d-99c7-89e3c8306b1f
2.02609E+17,2.02608E+17,83,6807,sl_sf_patientsurveys,310,0,0,SUCCESS,2026-09-02T11:47:30.272Z,0b5a27da-5d48-4ed3-a9f4-1a7052a3fcea
2.02609E+17,2.02609E+13,142,13759,sl_MonthEndThirdParty,0,0,1,FAILED,2026-09-03T09:18:24.696Z,f61fb4c5-0d31-4954-8aac-d0c2d48f9dc90
2.02609E+17,2.02609E+13,142,13761,sl_PreAdmissionScreen,0,0,1,FAILED,2026-09-03T09:54:26.366Z,f61fb4c5-0d31-4954-8aac-d0c2d48f9dc90
2.02609E+17,2.02609E+13,142,13759,sl_MonthEndThirdParty,0,0,1,FAILED,2026-09-03T09:02:01.045Z,f61fb4c5-0d31-4954-8aac-d0c2d48f9dc90
2.02609E+17,2.02609E+13,142,13759,sl_MonthEndThirdParty,0,0,1,FAILED,2026-09-03T09:03:58.931Z,f61fb4c5-0d31-4954-8aac-d0c2d48f9dc90
2.02609E+17,2.02609E+13,142,13759,sl_MonthEndThirdParty,0,0,1,FAILED,2026-09-03T08:34:36.815Z,f61fb4c5-0d31-4954-8aac-d0c2d48f9dc90
2.02609E+17,2.02609E+13,142,13761,sl_PreAdmissionScreen,0,0,1,FAILED,2026-09-03T09:44:21.334Z,f61fb4c5-0d31-4954-8aac-d0c2d48f9dc90
2.02609E+17,2.02609E+13,142,13759,sl_MonthEndThirdParty,0,0,1,FAILED,2026-09-03T08:37:36.838Z,f61fb4c5-0d31-4954-8aac-d0c2d48f9dc90
2.02609E+17,2.02609E+13,142,13759,sl_MonthEndThirdParty,0,0,1,FAILED,2026-09-03T09:16:04.203Z,f61fb4c5-0d31-4954-8aac-d0c2d48f9dc90
2.02609E+17,2.02609E+13,143,13768,AlloyTicketTurnover,56404,0,0,SUCCESS,2026-09-07T11:35:54.876Z,f61fb4c5-0d31-4954-8aac-d0c2d48f9dc90
2.02609E+17,2.02608E+17,83,6807,sl_sf_patientsurveys,0,0,0,SUCCESS,2026-09-04T12:14:49.376Z,6ab129c1-fb62-4518-bfad-8f6d8d29c3ca
2.02609E+17,2.02608E+17,83,6807,sl_sf_patientsurveys,0,0,0,SUCCESS,2026-09-03T11:43:26.867Z,b5204bb1-5640-4c52-9143-fe923aba5573
2.02609E+17,2.02608E+17,83,6807,sl_sf_patientsurveys,0,0,0,SUCCESS,2026-09-02T17:38:56.444Z,0d5be434-3f1a-4f4b-ae90-f0c48a55ec54
2.02608E+17,2.02608E+13,134,13713,Third_Party_AR_inDB,248584,0,0,SUCCESS,2026-08-31T03:58:20.222Z,c3e41f3e-c233-4445-a786-d0d98a8613bd
2.02608E+17,2.02608E+13,132,13705,AdmitsPReadmissions,325842,0,0,SUCCESS,2026-08-28T12:09:01.866Z,e752845a-2a63-48ca-b4ef-ba7a68ece0b6
2.02608E+17,2.02608E+13,132,13705,AdmitsPReadmissions,325842,0,0,SUCCESS,2026-08-30T09:28:55.292Z,d0826a4c-ff98-435d-adfd-e339a02d1b06
2.02609E+17,2.02609E+13,132,13705,AdmitsPReadmissions,325842,0,0,SUCCESS,2026-09-01T06:51:25.683Z,f386ddbf-c5af-4242-bf29-5f60b1e71ecf
2.02608E+17,2.02608E+13,132,13705,AdmitsPReadmissions,325842,0,0,SUCCESS,2026-08-30T08:18:00.007Z,8cf8f378-16db-4eda-8552-9c6ae683939d
2.02608E+17,2.02608E+13,134,13713,Third_Party_AR_inDB,248584,0,0,SUCCESS,2026-08-31T12:26:53.508Z,73ab084e-6be8-4233-a81c-8f049414a380
2.02608E+17,2.02608E+13,134,13713,Third_Party_AR_inDB,248584,0,0,SUCCESS,2026-08-31T06:17:15.299Z,1de5cf99-6b82-4338-b3fe-396114f7957f
2.02609E+17,2.02608E+13,133,13728,sl_bundled_logic_utl,0,0,0,SUCCESS,2026-09-02T08:47:42.000Z,a248cb53-4f30-44b6-ac15-5cdc6c387758
2.02609E+17,2.02609E+13,83,6807,sl_sf_patientsurveys,310,0,0,SUCCESS,2026-09-04T16:24:09.981Z,7a604b07-1e27-4ff8-bd86-1860fd5608a2
2.02609E+17,2.02609E+13,143,13760,MonthEndThirdParty,225675,0,0,SUCCESS,2026-09-03T09:25:55.053Z,f61fb4c5-0d31-4954-8aac-d0c2d48f9dc90
2.02609E+17,2.02609E+17,82,6806,br_sf_outboundtexts,208,0,0,SUCCESS,2026-09-04T14:19:34.685Z,9d7b1c7e-8065-427d-99c7-89e3c8306b1f
2.02609E+17,2.02609E+17,82,6806,br_sf_outboundtexts,163,0,0,SUCCESS,2026-09-03T11:34:40.264Z,b5204bb1-5640-4c52-9143-fe923aba5573
2.02609E+17,2.02609E+13,143,13760,MonthEndThirdParty,226125,0,0,SUCCESS,2026-09-07T08:42:09.060Z,f61fb4c5-0d31-4954-8aac-d0c2d48f9dc90
2.02609E+17,2.02609E+17,82,6806,br_sf_outboundtexts,202,0,0,SUCCESS,2026-09-04T13:26:22.133Z,bd9b2318-654e-4f3d-b09e-bcdf6b219232
2.02609E+17,2.02609E+17,82,6806,br_sf_outboundtexts,198,0,0,SUCCESS,2026-09-04T12:03:19.382Z,6ab129c1-fb62-4518-bfad-8f6d8d29c3ca
2.02609E+17,2.02609E+17,82,6806,br_sf_outboundtexts,232,0,0,SUCCESS,2026-09-02T11:37:43.620Z,0b5a27da-5d48-4ed3-a9f4-1a7052a3fcea
2.02609E+17,2.02609E+13,117,8627,PatientServicesNoShow,0,0,1,FAILED,2026-09-08T09:04:35.121Z,131a5d97-d8c6-4025-b83a-b72dccab3d72
2.02609E+17,2.02609E+13,1,15,br_EmploymentDetails,4504,0,0,SUCCESS,2026-09-04T06:08:01.812Z,d460889e-8832-4fc7-827e-e27003a5b114
2.02609E+17,2.02609E+13,1,15,br_EmploymentDetails,4489,0,0,SUCCESS,2026-09-01T09:25:21.659Z,c46e47f1-7e0c-46c6-93e3-7d17cbc17d55
2.02609E+17,2.02609E+13,1,15,br_EmploymentDetails,4500,0,0,SUCCESS,2026-09-03T09:25:36.788Z,26f8b062-6777-48e7-8814-d84ed71c9ad6
2.02609E+17,2.02609E+17,82,6806,br_sf_outboundtexts,0,0,0,SUCCESS,2026-09-02T17:29:50.104Z,0d5be434-3f1a-4f4b-ae90-f0c48a55ec54
2.02609E+17,2.02609E+17,43,175,br_FormsSAMMSClient,0,0,0,SUCCESS,2026-09-03T15:34:11.709Z,80483189-97f8-4d1d-8157-697e9a146982
2.02609E+17,2.02609E+17,44,185,sl_FormsSAMMSClient,0,0,0,SUCCESS,2026-09-03T17:11:11.770Z,19ce24cf-1d06-4393-80c8-2aba56f3390a
2.02609E+17,2.02609E+17,44,185,sl_FormsSAMMSClient,0,0,0,SUCCESS,2026-09-03T13:48:57.404Z,dc09db6e-8a85-40c4-9b7f-e305f6845bee
2.02609E+17,2.02609E+17,44,185,sl_FormsSAMMSClient,0,0,0,SUCCESS,2026-09-03T15:34:56.582Z,80483189-97f8-4d1d-8157-697e9a146982
2.02609E+17,2.02609E+17,43,175,br_FormsSAMMSClient,0,0,0,SUCCESS,2026-09-03T13:47:37.418Z,dc09db6e-8a85-40c4-9b7f-e305f6845bee
2.02609E+17,2.02609E+17,43,175,br_FormsSAMMSClient,0,0,0,SUCCESS,2026-09-03T17:10:28.812Z,19ce24cf-1d06-4393-80c8-2aba56f3390a
2.02609E+17,2.02609E+13,5,31,sl_8x8_CallInteractions,970,0,0,SUCCESS,2026-09-03T08:02:59.527Z,1066d6e5-305c-4662-a3fb-18d67007
2.02609E+17,2.02609E+13,134,13713,Third_Party_AR_inDB,248584,0,1,FAILED,2026-09-03T11:57:09.735Z,1426a45f-7ba5-45f5-b808-280584111092
2.02609E+17,2.02609E+13,5,31,sl_8x8_CallInteractions,970,0,0,SUCCESS,2026-09-03T06:25:36.748Z,1066d6e5-305c-4662-a3fb-18d67007
2.02609E+17,2.02609E+13,5,31,sl_8x8_CallInteractions,970,0,0,SUCCESS,2026-09-03T06:36:36.538Z,1066d6e5-305c-4662-a3fb-18d67007
2.02609E+17,2.02608E+13,134,13713,Third_Party_AR_inDB,0,0,0,SUCCESS,2026-09-02T08:49:35.199Z,a248cb53-4f30-44b6-ac15-5cdc6c387758
2.02608E+17,2.02608E+13,133,13728,sl_bundled_logic_utl,0,0,1,FAILED,2026-08-31T03:55:29.489Z,c3e41f3e-c233-4445-a786-d0d98a8613bd
2.02609E+17,2.02609E+13,82,6806,br_sf_outboundtexts,222,0,0,SUCCESS,2026-09-04T16:12:26.618Z,7a604b07-1e27-4ff8-bd86-1860fd5608a2
2.02608E+17,2.02608E+13,134,13713,Third_Party_AR_inDB,0,0,0,SUCCESS,2026-08-31T05:30:23.961Z,648551aa-4be1-43d5-9996-5e68064cace6
2.02609E+17,2.02609E+17,44,5739,sl_UserCredentials,981,0,0,SUCCESS,2026-09-03T15:34:56.582Z,80483189-97f8-4d1d-8157-697e9a146982
2.02609E+17,2.02609E+17,44,5739,sl_UserCredentials,981,0,0,SUCCESS,2026-09-03T13:48:57.404Z,dc09db6e-8a85-40c4-9b7f-e305f6845bee
2.02609E+17,2.02609E+17,44,5739,sl_UserCredentials,981,0,0,SUCCESS,2026-09-03T17:11:11.770Z,19ce24cf-1d06-4393-80c8-2aba56f3390a
2.02609E+17,2.02609E+17,43,5737,br_UserCredentials,981,0,0,SUCCESS,2026-09-03T17:10:28.812Z,19ce24cf-1d06-4393-80c8-2aba56f3390a
2.02609E+17,2.02609E+17,43,5737,br_UserCredentials,981,0,0,SUCCESS,2026-09-03T15:34:11.709Z,80483189-97f8-4d1d-8157-697e9a146982
2.02609E+17,2.02609E+17,43,5737,br_UserCredentials,981,0,0,SUCCESS,2026-09-03T13:47:37.418Z,dc09db6e-8a85-40c4-9b7f-e305f6845bee
2.02609E+17,2.02609E+13,133,13730,sl_billinganalysis,10224,0,0,SUCCESS,2026-09-03T11:53:15.866Z,1426a45f-7ba5-45f5-b808-280584111092
2.02608E+17,2.02608E+17,34,144002,br_tbl3pClaimNote,32811,0,0,SUCCESS,2026-08-31T13:40:06.095Z,ff1f6c6f-cfd8-4eb9-9a6c-c39c12bfa894
2.02608E+17,2.02608E+17,34,144002,br_tbl3pClaimNote,33120,0,0,SUCCESS,2026-08-28T20:07:44.709Z,4656989f-76f4-4530-9c0f-37d9fd4d8113
2.02608E+17,2.02608E+17,34,144001,br_tbl3pClaimNote,19939,0,0,SUCCESS,2026-08-28T19:26:34.779Z,d66e4bd3-e6d0-4238-8a1c-0b9f6b234cef
2.02608E+17,2.02608E+13,133,13730,sl_billinganalysis,5112,0,0,SUCCESS,2026-08-31T06:12:22.499Z,1de5cf99-6b82-4338-b3fe-396114f7957f
2.02608E+17,2.02608E+13,133,13730,sl_billinganalysis,5112,0,0,SUCCESS,2026-08-31T03:53:06.549Z,c3e41f3e-c233-4445-a786-d0d98a8613bd
2.02608E+17,2.02608E+13,133,13730,sl_billinganalysis,5112,0,0,SUCCESS,2026-08-31T12:22:56.569Z,73ab084e-6be8-4233-a81c-8f049414a380
2.02609E+17,2.02609E+13,133,13716,sl_collectionrates,1327,0,0,SUCCESS,2026-09-03T11:44:49.618Z,1426a45f-7ba5-45f5-b808-280584111092
2.02608E+17,2.02608E+13,133,13716,sl_collectionrates,1330,0,0,SUCCESS,2026-08-31T12:15:51.783Z,73ab084e-6be8-4233-a81c-8f049414a380
2.02609E+17,2.02609E+13,142,16156,sl_SelfPayTrendV2,6659,0,0,SUCCESS,2026-09-07T15:49:48.374Z,f61fb4c5-0d31-4954-8aac-d0c2d48f9dc90
2.02609E+17,2.02609E+13,142,16156,sl_SelfPayTrendV2,6656,0,0,SUCCESS,2026-09-07T04:35:22.446Z,f61fb4c5-0d31-4954-8aac-d0c2d48f9dc90
2.02609E+17,2.02609E+13,4,13677,br_8x8_CallDetailLegs,27802,0,0,SUCCESS,2026-09-03T07:55:16.267Z,1066d6e5-305c-4662-a3fb-18d67007
2.02608E+17,2.02608E+13,39,154,KnowBe4Enrollments,94614,0,0,SUCCESS,2026-08-31T15:48:01.374Z,a710157a-9874-439e-a5c5-b1f8550e13aa
2.02609E+17,2.02609E+13,4,13677,br_8x8_CallDetailLegs,27802,0,0,SUCCESS,2026-09-03T07:47:52.952Z,1066d6e5-305c-4662-a3fb-18d67007
2.02609E+17,2.02609E+13,4,13677,br_8x8_CallDetailLegs,27802,0,0,SUCCESS,2026-09-03T07:34:48.264Z,1066d6e5-305c-4662-a3fb-18d67007
2.02609E+17,2.02609E+13,5,13678,sl_8x8_calldetaillegs,27802,0,0,SUCCESS,2026-09-03T08:05:04.401Z,1066d6e5-305c-4662-a3fb-18d67007
2.02608E+17,2.02608E+17,34,144002,br_tbl3pClaimNote,60,0,0,SUCCESS,2026-08-28T19:53:27.676Z,efbc12e1-b596-4992-bb1e-5de64340fc31
2.02609E+17,2.02608E+13,133,13730,sl_billinganalysis,0,0,0,SUCCESS,2026-09-02T08:47:24.437Z,a248cb53-4f30-44b6-ac15-5cdc6c387758
2.02609E+17,2.02609E+13,81,228,Absolute_Inventory,1866,0,0,SUCCESS,2026-09-01T15:44:46.736Z,250e2d2e-9477-49d4-a4fd-4463274c368a
2.02609E+17,2.02609E+13,81,228,Absolute_Inventory,1866,0,0,SUCCESS,2026-09-01T12:00:59.381Z,0034eda5-0d9e-4094-9a3a-54d6e7d0dc65
2.02609E+17,2.02609E+13,81,228,Absolute_Inventory,1866,0,0,SUCCESS,2026-09-01T07:41:43.988Z,029655eb-31ca-4ea0-a1fe-c5fb4d7f3669
2.02609E+17,2.02608E+13,133,13716,sl_collectionrates,0,0,0,SUCCESS,2026-09-02T08:40:48.373Z,a248cb53-4f30-44b6-ac15-5cdc6c387758
2.02609E+17,2.02609E+13,81,228,Absolute_Inventory,1868,0,0,SUCCESS,2026-09-02T06:31:52.441Z,626b70ca-41f2-40a1-87f3-bef3aa422ad8
2.02609E+17,2.02609E+13,141,13752,termedemployees90d,0,0,0,SUCCESS,2026-09-03T06:56:19.332Z,e509dc85-8900-4f7a-939b-cd9669a98c45
2.02609E+17,2.02609E+13,81,228,Absolute_Inventory,1866,0,0,SUCCESS,2026-09-01T15:58:29.737Z,b44694a1-5977-4c4f-ba31-2eb4c7cf57f2
2.02609E+17,2.02609E+13,142,16156,sl_SelfPayTrendV2,42,0,0,SUCCESS,2026-09-07T03:43:43.694Z,f61fb4c5-0d31-4954-8aac-d0c2d48f9dc90
2.02608E+17,2.02608E+13,133,13730,sl_billinganalysis,0,0,0,SUCCESS,2026-08-31T05:26:20.684Z,648551aa-4be1-43d5-9996-5e68064cace6
2.02609E+17,2.02609E+13,81,228,Absolute_Inventory,1868,0,0,SUCCESS,2026-09-02T09:02:03.890Z,a41487d3-825d-466d-8054-29503c4fdfc8
2.02609E+17,2.02609E+17,83,6808,sl_sf_outboundsms,208,0,0,SUCCESS,2026-09-04T14:33:07.800Z,9d7b1c7e-8065-427d-99c7-89e3c8306b1f
2.02609E+17,2.02608E+17,83,6808,sl_sf_outboundsms,232,0,0,SUCCESS,2026-09-02T11:48:07.815Z,0b5a27da-5d48-4ed3-a9f4-1a7052a3fcea
2.02608E+17,2.02608E+17,34,144002,br_tbl3pClaimNote,0,0,0,SUCCESS,2026-08-28T18:17:17.681Z,458bbcf5-cb92-4c77-b377-3297f084a916
2.02608E+17,2.02608E+17,34,144002,br_tbl3pClaimNote,0,0,0,SUCCESS,2026-08-28T18:39:39.320Z,8e23258c-98e6-4e5b-b927-9ac8867dc9e7
2.02609E+17,2.02607E+17,83,6808,sl_sf_outboundsms,202,0,0,SUCCESS,2026-09-04T13:39:07.838Z,bd9b2318-654e-4f3d-b09e-bcdf6b219232
2.02608E+17,2.02608E+13,133,13722,sl_multiplepayors,1934,0,0,SUCCESS,2026-08-31T06:09:14.518Z,1de5cf99-6b82-4338-b3fe-396114f7957f
2.02608E+17,2.02608E+13,133,13722,sl_multiplepayors,3212,0,0,SUCCESS,2026-08-31T10:29:02.787Z,c53fd170-5a06-4556-ac6d-ed783acaee0b
2.02608E+17,2.02608E+13,133,13722,sl_multiplepayors,3212,0,0,SUCCESS,2026-08-31T10:16:48.629Z,570ed360-6755-403a-934d-8def39d2304e
2.02609E+17,2.02609E+13,133,13722,sl_multiplepayors,3852,0,0,SUCCESS,2026-09-03T11:50:50.454Z,1426a45f-7ba5-45f5-b808-280584111092
2.02608E+17,2.02608E+13,133,13722,sl_multiplepayors,3212,0,0,SUCCESS,2026-08-31T10:00:01.647Z,015058a2-4b17-4d2e-897e-f307d8a475b8
2.02608E+17,2.02608E+13,133,13722,sl_multiplepayors,3212,0,0,SUCCESS,2026-08-31T12:20:46.000Z,73ab084e-6be8-4233-a81c-8f049414a380
2.02608E+17,2.02608E+13,133,13722,sl_multiplepayors,3212,0,0,SUCCESS,2026-08-31T08:40:53.489Z,37c02356-54c6-4ef5-9431-a8a2d170b0b0
2.02608E+17,2.02608E+13,133,13722,sl_multiplepayors,3212,0,0,SUCCESS,2026-08-31T07:52:25.920Z,0b4961d6-2cb3-40f0-b779-fb7af0beef8c
2.02608E+17,2.02608E+13,133,13722,sl_multiplepayors,1927,0,0,SUCCESS,2026-08-31T03:49:36.455Z,c3e41f3e-c233-4445-a786-d0d98a8613bd
2.02609E+17,2.02608E+17,83,6808,sl_sf_outboundsms,0,0,0,SUCCESS,2026-09-04T12:15:51.284Z,6ab129c1-fb62-4518-bfad-8f6d8d29c3ca
2.02609E+17,2.02608E+17,83,6808,sl_sf_outboundsms,0,0,0,SUCCESS,2026-09-02T17:39:25.086Z,0d5be434-3f1a-4f4b-ae90-f0c48a55ec54
2.02609E+17,2.02608E+17,83,6808,sl_sf_outboundsms,0,0,0,SUCCESS,2026-09-03T11:43:44.006Z,b5204bb1-5640-4c52-9143-fe923aba5573
2.02609E+17,2.02609E+13,132,13709,CurrentDayPayElig,10,0,0,SUCCESS,2026-09-01T06:56:40.291Z,f386ddbf-c5af-4242-bf29-5f60b1e71ecf
2.02609E+17,2.02609E+13,132,13708,CurrentDayPayAuth,10,0,0,SUCCESS,2026-09-01T06:56:13.327Z,f386ddbf-c5af-4242-bf29-5f60b1e71ecf
2.02609E+17,2.02609E+13,135,13738,br_sf_contact_cl,610336,0,0,SUCCESS,2026-09-01T20:24:03.531Z,ab5acaf7-1ed7-4eac-85dd-5de9db0e1a11
2.02608E+17,2.02608E+13,135,13738,br_sf_contact_cl,609993,0,0,SUCCESS,2026-08-31T01:34:41.336Z,61276f30-3167-4997-b3de-acb280a085cf
2.02609E+17,2.02609E+13,135,13738,br_sf_contact_cl,610364,0,0,SUCCESS,2026-09-02T05:11:06.839Z,26b335d6-f11c-41b2-ae31-e73c17de8489
2.02608E+17,2.02608E+13,135,13738,br_sf_contact_cl,609999,0,0,SUCCESS,2026-08-31T06:53:01.335Z,4729d4a5-d6b5-4b39-bbc8-d700a19c5eac
2.02609E+17,2.02609E+13,135,13738,br_sf_contact_cl,610677,0,0,SUCCESS,2026-09-04T04:57:28.471Z,adf2b18f-e17c-4bcf-8911-7ab755997527
2.02609E+17,2.02609E+17,43,8642,br_GlobalDevices,4032,0,0,SUCCESS,2026-09-03T15:34:11.709Z,80483189-97f8-4d1d-8157-697e9a146982
2.02609E+17,2.02609E+13,135,13738,br_sf_contact_cl,610679,0,0,SUCCESS,2026-09-04T10:18:59.897Z,ed8b9765-c547-4373-9ec0-3b2a53aee49e
2.02608E+17,2.02608E+13,135,13738,br_sf_contact_cl,609997,0,0,SUCCESS,2026-08-31T05:21:30.150Z,6bc047e9-8b5b-4d85-a364-b2d6e542e315
2.02609E+17,2.02609E+13,135,13738,br_sf_contact_cl,610677,0,0,SUCCESS,2026-09-04T07:22:42.019Z,722942c7-46ba-4f9d-905b-23ebf29af444
2.02609E+17,2.02609E+17,43,8642,br_GlobalDevices,4032,0,0,SUCCESS,2026-09-03T17:10:28.812Z,19ce24cf-1d06-4393-80c8-2aba56f3390a
2.02608E+17,2.02608E+13,135,13738,br_sf_contact_cl,609998,0,0,SUCCESS,2026-08-31T06:02:50.095Z,6bc047e9-8b5b-4d85-a364-b2d6e542e315
2.02609E+17,2.02609E+17,43,8642,br_GlobalDevices,4032,0,0,SUCCESS,2026-09-03T13:47:37.418Z,dc09db6e-8a85-40c4-9b7f-e305f6845bee
2.02608E+17,2.02608E+13,135,13738,br_sf_contact_cl,609997,0,0,SUCCESS,2026-08-31T05:46:39.349Z,6bc047e9-8b5b-4d85-a364-b2d6e542e315
2.02608E+17,2.02608E+13,135,13738,br_sf_contact_cl,609984,0,0,SUCCESS,2026-08-30T19:32:44.690Z,e80a0bdf-4652-4e92-9468-284478a96962
2.02608E+17,2.02608E+13,135,13738,br_sf_contact_cl,609999,0,0,SUCCESS,2026-08-31T08:29:35.176Z,65e89789-39d8-4e46-be47-bcdfcc997be4
2.02609E+17,2.02609E+13,135,13738,br_sf_contact_cl,610677,0,0,SUCCESS,2026-09-04T08:02:11.015Z,0149d2e2-407e-43d2-9524-079a665d6c9a
2.02608E+17,2.02608E+13,135,13738,br_sf_contact_cl,609995,0,0,SUCCESS,2026-08-31T03:59:18.431Z,6bc047e9-8b5b-4d85-a364-b2d6e542e315
2.02608E+17,2.02608E+13,135,13738,br_sf_contact_cl,609993,0,0,SUCCESS,2026-08-31T01:54:01.772Z,1114170a-bcf7-4d18-af4f-d9742f2fa1ce
2.02608E+17,2.02608E+13,133,13722,sl_multiplepayors,0,0,0,SUCCESS,2026-08-31T07:13:32.979Z,686b20a1-fc55-41ce-bf56-edc22eac8a37
2.02608E+17,2.02608E+13,132,13709,CurrentDayPayElig,8,0,0,SUCCESS,2026-08-30T08:21:58.167Z,8cf8f378-16db-4eda-8552-9c6ae683939d
2.02608E+17,2.02608E+13,133,13722,sl_multiplepayors,0,0,0,SUCCESS,2026-08-31T05:25:22.438Z,648551aa-4be1-43d5-9996-5e68064cace6
2.02608E+17,2.02608E+13,133,13718,sl_reflab_analysis,0,0,1,FAILED,2026-08-31T12:19:10.782Z,73ab084e-6be8-4233-a81c-8f049414a380
2.02608E+17,2.02608E+13,132,13703,LocationRetention,0,0,0,SUCCESS,2026-08-30T09:26:56.402Z,d0826a4c-ff98-435d-adfd-e339a02d1b06
2.02608E+17,2.02608E+13,133,13722,sl_multiplepayors,0,0,0,SUCCESS,2026-08-31T09:19:59.264Z,7cf15fc7-3164-41db-9237-c95ff39a8c98
2.02609E+17,2.02609E+13,141,13751,paycoremailissues,0,0,0,SUCCESS,2026-09-03T06:55:08.869Z,e509dc85-8900-4f7a-939b-cd9669a98c45
2.02608E+17,2.02608E+13,132,13708,CurrentDayPayAuth,8,0,0,SUCCESS,2026-08-30T08:21:34.964Z,8cf8f378-16db-4eda-8552-9c6ae683939d
2.02608E+17,2.02608E+13,132,13709,CurrentDayPayElig,8,0,0,SUCCESS,2026-08-30T09:32:57.177Z,d0826a4c-ff98-435d-adfd-e339a02d1b06
2.02609E+17,2.02609E+13,132,13703,LocationRetention,0,0,0,SUCCESS,2026-09-01T06:49:17.177Z,f386ddbf-c5af-4242-bf29-5f60b1e71ecf
2.02608E+17,2.02608E+13,132,13709,CurrentDayPayElig,6,0,0,SUCCESS,2026-08-28T12:12:59.358Z,e752845a-2a63-48ca-b4ef-ba7a68ece0b6
2.02608E+17,2.02608E+13,132,13708,CurrentDayPayAuth,8,0,0,SUCCESS,2026-08-30T09:32:32.535Z,d0826a4c-ff98-435d-adfd-e339a02d1b06
2.02608E+17,2.02608E+13,132,13703,LocationRetention,0,0,0,SUCCESS,2026-08-30T08:15:58.982Z,8cf8f378-16db-4eda-8552-9c6ae683939d
2.02608E+17,2.02608E+13,132,13708,CurrentDayPayAuth,6,0,0,SUCCESS,2026-08-28T12:12:28.102Z,e752845a-2a63-48ca-b4ef-ba7a68ece0b6
2.02609E+17,2.02608E+13,133,13722,sl_multiplepayors,0,0,0,SUCCESS,2026-09-02T08:46:38.378Z,a248cb53-4f30-44b6-ac15-5cdc6c387758
2.02609E+17,2.02609E+13,83,6808,sl_sf_outboundsms,222,0,0,SUCCESS,2026-09-04T16:24:45.266Z,7a604b07-1e27-4ff8-bd86-1860fd5608a2
2.02609E+17,2.02609E+13,133,13718,sl_reflab_analysis,0,0,1,FAILED,2026-09-03T11:48:29.235Z,1426a45f-7ba5-45f5-b808-280584111092
2.02608E+17,2.02608E+13,132,13703,LocationRetention,0,0,0,SUCCESS,2026-08-28T12:06:34.266Z,e752845a-2a63-48ca-b4ef-ba7a68ece0b6
2.02609E+17,2.02608E+13,134,13729,Bundled_Logic_Utl,0,0,0,SUCCESS,2026-09-02T08:52:28.364Z,a248cb53-4f30-44b6-ac15-5cdc6c387758
2.02609E+17,2.02609E+13,135,13741,br_sf_account_cl,13557,0,0,SUCCESS,2026-09-04T04:58:59.426Z,adf2b18f-e17c-4bcf-8911-7ab755997527
2.02608E+17,2.02608E+13,135,13741,br_sf_account_cl,13551,0,0,SUCCESS,2026-08-31T01:55:28.692Z,1114170a-bcf7-4d18-af4f-d9742f2fa1ce
2.02609E+17,2.02609E+13,135,13741,br_sf_account_cl,13552,0,0,SUCCESS,2026-09-01T20:25:38.379Z,ab5acaf7-1ed7-4eac-85dd-5de9db0e1a11
2.02608E+17,2.02608E+13,135,13741,br_sf_account_cl,13551,0,0,SUCCESS,2026-08-31T06:06:05.843Z,6bc047e9-8b5b-4d85-a364-b2d6e542e315
2.02608E+17,2.02608E+13,135,13741,br_sf_account_cl,13551,0,0,SUCCESS,2026-08-31T01:36:37.115Z,61276f30-3167-4997-b3de-acb280a085cf
2.02609E+17,2.02609E+17,44,181,sl_GlobalDevices,4032,0,0,SUCCESS,2026-09-03T13:48:57.404Z,dc09db6e-8a85-40c4-9b7f-e305f6845bee
2.02609E+17,2.02609E+17,44,181,sl_GlobalDevices,4032,0,0,SUCCESS,2026-09-03T17:11:11.770Z,19ce24cf-1d06-4393-80c8-2aba56f3390a
2.02609E+17,2.02609E+13,135,13741,br_sf_account_cl,13552,0,0,SUCCESS,2026-09-02T05:13:19.985Z,26b335d6-f11c-41b2-ae31-e73c17de8489
2.02609E+17,2.02609E+17,44,181,sl_GlobalDevices,4032,0,0,SUCCESS,2026-09-03T15:34:56.582Z,80483189-97f8-4d1d-8157-697e9a146982
2.02609E+17,2.02609E+13,135,13741,br_sf_account_cl,13557,0,0,SUCCESS,2026-09-04T08:56:19.118Z,7501b0da-7d11-4d30-821d-f187e882cb70
2.02608E+17,2.02608E+13,135,13741,br_sf_account_cl,13551,0,0,SUCCESS,2026-08-30T19:34:04.736Z,e80a0bdf-4652-4e92-9468-284478a96962
2.02608E+17,2.02608E+13,135,13741,br_sf_account_cl,13551,0,0,SUCCESS,2026-08-31T06:54:29.038Z,4729d4a5-d6b5-4b39-bbc8-d700a19c5eac
2.02608E+17,2.02608E+13,135,13741,br_sf_account_cl,13551,0,0,SUCCESS,2026-08-31T05:48:30.762Z,6bc047e9-8b5b-4d85-a364-b2d6e542e315
2.02608E+17,2.02608E+13,135,13741,br_sf_account_cl,13551,0,0,SUCCESS,2026-08-31T04:01:56.411Z,6bc047e9-8b5b-4d85-a364-b2d6e542e315
2.02609E+17,2.02609E+13,135,13741,br_sf_account_cl,13557,0,0,SUCCESS,2026-09-04T07:24:21.123Z,722942c7-46ba-4f9d-905b-23ebf29af444
2.02608E+17,2.02608E+13,135,13741,br_sf_account_cl,13551,0,0,SUCCESS,2026-08-31T08:31:03.050Z,65e89789-39d8-4e46-be47-bcdfcc997be4
2.02609E+17,2.02609E+13,135,13741,br_sf_account_cl,13557,0,0,SUCCESS,2026-09-04T08:04:54.588Z,0149d2e2-407e-43d2-9524-079a665d6c9a
2.02608E+17,2.02608E+13,135,13741,br_sf_account_cl,13551,0,0,SUCCESS,2026-08-31T05:22:59.846Z,6bc047e9-8b5b-4d85-a364-b2d6e542e315
2.02609E+17,2.02609E+13,142,16156,sl_SelfPayTrendV2,0,0,1,FAILED,2026-09-07T03:00:17.812Z,f61fb4c5-0d31-4954-8aac-d0c2d48f9dc90
2.02609E+17,2.02609E+13,142,16156,sl_SelfPayTrendV2,0,0,1,FAILED,2026-09-07T03:03:58.228Z,f61fb4c5-0d31-4954-8aac-d0c2d48f9dc90
2.02609E+17,2.02609E+13,142,16156,sl_SelfPayTrendV2,0,0,1,FAILED,2026-09-07T03:46:37.588Z,f61fb4c5-0d31-4954-8aac-d0c2d48f9dc90
2.02609E+17,2.02609E+13,142,16156,sl_SelfPayTrendV2,0,0,1,FAILED,2026-09-07T03:08:08.689Z,f61fb4c5-0d31-4954-8aac-d0c2d48f9dc90
2.02609E+17,2.02609E+13,142,16156,sl_SelfPayTrendV2,0,0,1,FAILED,2026-09-07T03:52:30.746Z,f61fb4c5-0d31-4954-8aac-d0c2d48f9dc90
2.02609E+17,2.02609E+17,82,201,br_sf_recordtype,21,16,0,SUCCESS,2026-09-04T14:13:37.629Z,9d7b1c7e-8065-427d-99c7-89e3c8306b1f
2.02609E+17,2.02609E+17,82,201,br_sf_recordtype,21,16,0,SUCCESS,2026-09-02T11:34:13.203Z,0b5a27da-5d48-4ed3-a9f4-1a7052a3fcea
2.02609E+17,2.02609E+17,82,201,br_sf_recordtype,21,16,0,SUCCESS,2026-09-04T13:19:49.728Z,bd9b2318-654e-4f3d-b09e-bcdf6b219232
2.02608E+17,2.02607E+17,82,201,br_sf_recordtype,21,16,0,SUCCESS,2026-08-28T10:49:16.977Z,2b16353c-bcd4-48d1-8db2-5f7768416428
2.02609E+17,2.02609E+17,82,201,br_sf_recordtype,21,16,0,SUCCESS,2026-09-03T11:29:30.685Z,b5204bb1-5640-4c52-9143-fe923aba5573
2.02609E+17,2.02609E+17,82,201,br_sf_recordtype,21,16,0,SUCCESS,2026-09-04T11:54:02.820Z,6ab129c1-fb62-4518-bfad-8f6d8d29c3ca
2.02609E+17,2.02609E+13,2,20,EmploymentDetails,4489,0,0,SUCCESS,2026-09-01T09:30:05.706Z,c46e47f1-7e0c-46c6-93e3-7d17cbc17d55
2.02609E+17,2.02609E+13,2,20,EmploymentDetails,4500,0,0,SUCCESS,2026-09-03T09:56:07.513Z,530f48fa-89c6-4a87-9867-195a73ec044d
2.02609E+17,2.02609E+13,2,20,EmploymentDetails,4489,0,0,SUCCESS,2026-09-01T09:54:37.100Z,29dcaaf1-2b1e-4c19-b23c-1ba74b3b8d3d
2.02609E+17,2.02609E+17,83,209,sl_sf_recordtype,21,0,0,SUCCESS,2026-09-04T14:26:42.792Z,9d7b1c7e-8065-427d-99c7-89e3c8306b1f
2.02609E+17,2.02608E+17,83,209,sl_sf_recordtype,21,0,0,SUCCESS,2026-09-02T11:43:32.374Z,0b5a27da-5d48-4ed3-a9f4-1a7052a3fcea
2.02609E+17,2.02607E+17,83,209,sl_sf_recordtype,21,0,0,SUCCESS,2026-09-04T13:33:35.047Z,bd9b2318-654e-4f3d-b09e-bcdf6b219232
2.02609E+17,2.02609E+13,5,32,sl_8x8_CallVolume,112,0,0,SUCCESS,2026-09-03T11:24:44.024Z,c4ca1c69-cc05-4d3c-afe4-e43ce3ff741a
2.02609E+17,2.02609E+13,5,32,sl_8x8_CallVolume,112,0,0,SUCCESS,2026-09-03T10:35:05.759Z,96a98cf2-5c7e-485f-a552-00977e127934
2.02609E+17,2.02609E+13,5,32,sl_8x8_CallVolume,106,0,0,SUCCESS,2026-09-04T05:29:59.354Z,3f57caf8-008d-4dfc-9f5c-86252efb5d87
2.02609E+17,2.02609E+13,5,32,sl_8x8_CallVolume,112,0,0,SUCCESS,2026-09-03T09:27:47.494Z,cf1e9d57-f844-4f2d-9009-5cc5d296754c
2.02609E+17,2.02609E+13,5,32,sl_8x8_CallVolume,106,0,0,SUCCESS,2026-09-04T03:27:47.692Z,12b3c6ab-e5be-412c-b011-b57e8d0c6fc9
2.02609E+17,2.02609E+13,5,32,sl_8x8_CallVolume,112,0,0,SUCCESS,2026-09-03T09:56:18.942Z,ca12e9c4-4a93-49c2-9c07-d2cc84daa28e
2.02609E+17,2.02609E+13,5,32,sl_8x8_CallVolume,106,0,0,SUCCESS,2026-09-04T03:32:00.412Z,b24cabb8-10e7-4f71-8dfa-a5afc839e4b1
2.02609E+17,2.02609E+13,5,32,sl_8x8_CallVolume,106,0,0,SUCCESS,2026-09-04T04:00:07.564Z,31e1b716-f62d-4ff3-bba9-694a795445be
2.02609E+17,2.02609E+13,5,32,sl_8x8_CallVolume,112,0,0,SUCCESS,2026-09-03T11:00:10.666Z,b1e5c4ea-7b6d-4d5e-afa2-eb79e1fc8e31
2.02609E+17,2.02609E+13,5,32,sl_8x8_CallVolume,106,0,0,SUCCESS,2026-09-04T05:08:17.109Z,e11ef06b-c1de-441e-a960-c4d69538ddc8
2.02608E+17,2.02608E+17,84,13676,PatientContacts,2443,0,0,SUCCESS,2026-08-28T10:30:08.492Z,3d84b3b4-01e9-4004-b383-1c54ba72a558
2.02609E+17,2.02609E+13,5,32,sl_8x8_CallVolume,106,0,0,SUCCESS,2026-09-04T04:47:42.453Z,3c46989a-54ba-4803-b6fb-36a771acc2ba
2.02609E+17,2.02608E+17,83,209,sl_sf_recordtype,0,0,0,SUCCESS,2026-09-04T12:10:21.025Z,6ab129c1-fb62-4518-bfad-8f6d8d29c3ca
2.02609E+17,2.02609E+17,82,201,br_sf_recordtype,0,0,0,SUCCESS,2026-09-02T17:25:49.557Z,0d5be434-3f1a-4f4b-ae90-f0c48a55ec54
2.02608E+17,2.02608E+13,133,13726,sl_self_pay_bulk,43,0,0,SUCCESS,2026-08-31T06:11:29.856Z,1de5cf99-6b82-4338-b3fe-396114f7957f
2.02608E+17,2.02608E+17,35,146,tbl_3pClaimNote,102675,0,19999,FAILED,2026-08-28T19:53:44.994Z,efbc12e1-b596-4992-bb1e-5de64340fc31
2.02609E+17,2.02608E+17,83,209,sl_sf_recordtype,0,0,0,SUCCESS,2026-09-02T17:35:30.427Z,0d5be434-3f1a-4f4b-ae90-f0c48a55ec54
2.02608E+17,2.02608E+13,133,13726,sl_self_pay_bulk,43,0,0,SUCCESS,2026-08-31T12:22:13.280Z,73ab084e-6be8-4233-a81c-8f049414a380
2.02609E+17,2.02608E+17,83,209,sl_sf_recordtype,0,0,0,SUCCESS,2026-09-03T11:41:13.274Z,b5204bb1-5640-4c52-9143-fe923aba5573
2.02609E+17,2.02609E+13,133,13726,sl_self_pay_bulk,63,0,0,SUCCESS,2026-09-03T11:52:32.903Z,1426a45f-7ba5-45f5-b808-280584111092
2.02608E+17,2.02608E+13,133,13726,sl_self_pay_bulk,43,0,0,SUCCESS,2026-08-31T03:51:59.794Z,c3e41f3e-c233-4445-a786-d0d98a8613bd
2.02608E+17,2.02608E+17,35,146,tbl_3pClaimNote,102695,0,19999,FAILED,2026-08-28T20:07:56.349Z,4656989f-76f4-4530-9c0f-37d9fd4d8113
2.02608E+17,2.02608E+17,35,146,tbl_3pClaimNote,102615,0,19939,FAILED,2026-08-28T19:26:50.541Z,d66e4bd3-e6d0-4238-8a1c-0b9f6b234cef
2.02608E+17,2.02608E+17,35,146,tbl_3pClaimNote,102709,0,19999,FAILED,2026-08-31T13:40:17.921Z,ff1f6c6f-cfd8-4eb9-9a6c-c39c12bfa894
2.02608E+17,2.02608E+17,35,146,tbl_3pClaimNote,42798,0,0,SUCCESS,2026-08-28T18:17:59.180Z,458bbcf5-cb92-4c77-b377-3297f084a916
2.02609E+17,2.02609E+13,5,32,sl_8x8_CallVolume,83,0,0,SUCCESS,2026-09-07T11:14:22.366Z,027bd594-9340-457f-99dc-6a9fea5cf33a
2.02609E+17,2.02609E+13,5,32,sl_8x8_CallVolume,83,0,0,SUCCESS,2026-09-07T05:53:48.417Z,3f0f0a05-879c-4e22-8cc2-b9ae0748727e
2.02609E+17,2.02609E+13,5,32,sl_8x8_CallVolume,83,0,0,SUCCESS,2026-09-07T10:37:51.431Z,c4acfd08-71e9-4988-a88c-bd601c12a9c9
2.02608E+17,2.02608E+13,132,13702,Retention14Stat,325842,0,0,SUCCESS,2026-08-28T12:06:05.771Z,e752845a-2a63-48ca-b4ef-ba7a68ece0b6
2.02608E+17,2.02608E+13,132,13702,Retention14Stat,325842,0,0,SUCCESS,2026-08-30T08:15:29.086Z,8cf8f378-16db-4eda-8552-9c6ae683939d
2.02609E+17,2.02609E+13,5,32,sl_8x8_CallVolume,83,0,0,SUCCESS,2026-09-07T08:27:58.816Z,9f92c221-d408-4dd5-be42-4448e89cdc8e
2.02608E+17,2.02608E+13,132,13702,Retention14Stat,325842,0,0,SUCCESS,2026-08-30T09:26:26.066Z,d0826a4c-ff98-435d-adfd-e339a02d1b06
2.02608E+17,2.02608E+17,35,146,tbl_3pClaimNote,42798,0,0,SUCCESS,2026-08-28T18:39:52.085Z,8e23258c-98e6-4e5b-b927-9ac8867dc9e7
2.02609E+17,2.02609E+13,5,32,sl_8x8_CallVolume,83,0,0,SUCCESS,2026-09-07T11:44:26.699Z,fad71b32-32ff-4d58-a1b8-e4782a9be879
2.02609E+17,2.02609E+13,132,13702,Retention14Stat,325842,0,0,SUCCESS,2026-09-01T06:48:49.394Z,f386ddbf-c5af-4242-bf29-5f60b1e71ecf
2.02609E+17,2.02608E+13,133,13726,sl_self_pay_bulk,0,0,0,SUCCESS,2026-09-02T08:47:03.559Z,a248cb53-4f30-44b6-ac15-5cdc6c387758
2.02608E+17,2.02608E+17,34,143002,br_tbl3pArnote,115987,0,0,SUCCESS,2026-08-28T20:07:44.709Z,4656989f-76f4-4530-9c0f-37d9fd4d8113
2.02609E+17,2.02609E+17,82,200,br_sf_accounts,13557,13557,0,SUCCESS,2026-09-04T11:53:22.341Z,6ab129c1-fb62-4518-bfad-8f6d8d29c3ca
2.02608E+17,2.02608E+13,133,13724,sl_commercialded,0,0,0,SUCCESS,2026-08-31T05:25:41.909Z,648551aa-4be1-43d5-9996-5e68064cace6
2.02609E+17,2.02609E+17,82,200,br_sf_accounts,13557,13557,0,SUCCESS,2026-09-04T14:13:03.128Z,9d7b1c7e-8065-427d-99c7-89e3c8306b1f
2.02609E+17,2.02609E+17,82,200,br_sf_accounts,13552,13552,0,SUCCESS,2026-09-02T11:33:43.232Z,0b5a27da-5d48-4ed3-a9f4-1a7052a3fcea
2.02609E+17,2.02608E+13,133,13724,sl_commercialded,0,0,0,SUCCESS,2026-09-02T08:46:51.098Z,a248cb53-4f30-44b6-ac15-5cdc6c387758
2.02609E+17,2.02609E+17,82,200,br_sf_accounts,13553,13553,0,SUCCESS,2026-09-03T11:28:53.809Z,b5204bb1-5640-4c52-9143-fe923aba5573
2.02609E+17,2.02609E+17,82,200,br_sf_accounts,13557,13557,0,SUCCESS,2026-09-04T13:18:39.675Z,bd9b2318-654e-4f3d-b09e-bcdf6b219232
2.02608E+17,2.02608E+17,34,143002,br_tbl3pArnote,115980,0,0,SUCCESS,2026-08-31T13:40:06.095Z,ff1f6c6f-cfd8-4eb9-9a6c-c39c12bfa894
2.02608E+17,2.02608E+13,133,13726,sl_self_pay_bulk,0,0,0,SUCCESS,2026-08-31T05:25:54.673Z,648551aa-4be1-43d5-9996-5e68064cace6
2.02609E+17,2.02609E+13,82,201,br_sf_recordtype,21,16,0,SUCCESS,2026-09-04T16:06:56.209Z,7a604b07-1e27-4ff8-bd86-1860fd5608a2
2.02609E+17,2.02609E+13,142,13763,sl_SelfPayTrend,3,0,0,SUCCESS,2026-09-07T09:12:24.037Z,f61fb4c5-0d31-4954-8aac-d0c2d48f9dc90
2.02609E+17,2.02609E+17,86,,sl_AdmissionAssessmentDimensionFiveSubstanceUse,51047,0,0,SUCCESS,2026-09-07T19:33:40.857Z,fc48ec9c-d1b8-4775-bd67-583e82846e52
2.02609E+17,2.02609E+17,86,,sl_AdmissionAssessmentDimensionFiveSubstanceUse,51047,0,0,SUCCESS,2026-09-04T16:16:27.579Z,66e9e433-72b0-4c30-b0ea-7611d9608923
2.02608E+17,2.02608E+17,86,,sl_AdmissionAssessmentDimensionFiveSubstanceUse,50859,0,0,SUCCESS,2026-08-30T21:11:33.849Z,ba679216-ee2b-4344-afb9-134290faf502
2.02608E+17,2.02608E+17,85,,br_AdmissionAssessmentDimensionFiveSubstanceUse,50859,0,0,SUCCESS,2026-08-30T21:09:52.434Z,ba679216-ee2b-4344-afb9-134290faf502
2.02609E+17,2.02609E+17,85,,br_AdmissionAssessmentDimensionFiveSubstanceUse,51047,0,0,SUCCESS,2026-09-03T20:59:11.343Z,48b34b87-69c2-467d-a88c-67aac910c539
2.02609E+17,2.02609E+17,86,,sl_AdmissionAssessmentDimensionFiveSubstanceUse,51047,0,0,SUCCESS,2026-09-05T19:33:19.126Z,a7cfa2a8-4e03-4cce-a64e-9a92e6e67f12
2.02609E+17,2.02609E+17,85,,br_AdmissionAssessmentDimensionFiveSubstanceUse,50961,0,0,SUCCESS,2026-09-01T21:20:10.445Z,0e5f68b5-5669-4bb1-91ce-4b967b620e7d
2.02608E+17,2.02608E+17,85,,br_AdmissionAssessmentDimensionFiveSubstanceUse,50911,0,0,SUCCESS,2026-08-31T21:21:59.554Z,79f5b39e-d314-4ad3-8050-3ace553d67de
2.02609E+17,2.02609E+17,86,,sl_AdmissionAssessmentDimensionFiveSubstanceUse,51012,0,0,SUCCESS,2026-09-03T12:16:14.213Z,8e54a6a2-7031-4831-b2c0-8c5ea7811246
2.02609E+17,2.02609E+17,85,,br_AdmissionAssessmentDimensionFiveSubstanceUse,51012,0,0,SUCCESS,2026-09-02T21:29:28.630Z,c49685cc-3281-44bc-a1c2-3be5b1110999
2.02609E+17,2.02609E+17,86,,sl_AdmissionAssessmentDimensionFiveSubstanceUse,50961,0,0,SUCCESS,2026-09-01T21:22:07.209Z,0e5f68b5-5669-4bb1-91ce-4b967b620e7d
2.02608E+17,2.02608E+17,86,,sl_AdmissionAssessmentDimensionFiveSubstanceUse,50911,0,0,SUCCESS,2026-08-31T21:23:57.708Z,79f5b39e-d314-4ad3-8050-3ace553d67de
2.02609E+17,2.02609E+17,86,,sl_AdmissionAssessmentDimensionFiveSubstanceUse,51047,0,0,SUCCESS,2026-09-03T21:02:17.250Z,48b34b87-69c2-467d-a88c-67aac910c539
2.02609E+17,2.02609E+17,86,,sl_AdmissionAssessmentDimensionFiveSubstanceUse,51012,0,0,SUCCESS,2026-09-02T21:31:30.291Z,c49685cc-3281-44bc-a1c2-3be5b1110999
2.02609E+17,2.02609E+13,142,13763,sl_SelfPayTrend,3,0,0,SUCCESS,2026-09-07T06:24:37.605Z,f61fb4c5-0d31-4954-8aac-d0c2d48f9dc90
2.02608E+17,2.02608E+17,85,,br_AdmissionAssessmentDimensionFiveSubstanceUse,50859,0,0,SUCCESS,2026-08-29T20:58:53.536Z,dd7385f2-fbd4-41a4-afcd-7296aca5e198
2.02609E+17,2.02609E+17,86,,sl_AdmissionAssessmentDimensionFiveSubstanceUse,50961,0,0,SUCCESS,2026-09-02T20:33:49.607Z,aa9f49a8-9ff8-4a6e-a263-7617045dadde
2.02609E+17,2.02609E+17,86,,sl_AdmissionAssessmentDimensionFiveSubstanceUse,51047,0,0,SUCCESS,2026-09-04T17:36:58.219Z,5652dc3b-8824-4606-a16d-f373dc1d2ada
2.02608E+17,2.02608E+17,86,,sl_AdmissionAssessmentDimensionFiveSubstanceUse,50859,0,0,SUCCESS,2026-08-29T21:00:40.374Z,dd7385f2-fbd4-41a4-afcd-7296aca5e198
2.02609E+17,2.02609E+17,86,,sl_AdmissionAssessmentDimensionFiveSubstanceUse,51047,0,0,SUCCESS,2026-09-06T19:32:29.363Z,5cce37fd-5f38-41c5-90e1-d9efeb3bd245
2.02609E+17,2.02608E+17,84,13676,PatientContacts,0,0,0,SUCCESS,2026-09-03T11:48:19.705Z,b5204bb1-5640-4c52-9143-fe923aba5573
2.02609E+17,2.02608E+17,84,13676,PatientContacts,0,0,0,SUCCESS,2026-09-04T16:29:29.831Z,7a604b07-1e27-4ff8-bd86-1860fd5608a2
2.02608E+17,2.02608E+13,132,13701,CensusFirstDose,4913,0,0,SUCCESS,2026-08-30T09:25:50.065Z,d0826a4c-ff98-435d-adfd-e339a02d1b06
2.02608E+17,2.02608E+13,132,13701,CensusFirstDose,4913,0,0,SUCCESS,2026-08-30T08:14:51.169Z,8cf8f378-16db-4eda-8552-9c6ae683939d
2.02609E+17,2.02609E+13,132,13701,CensusFirstDose,4913,0,0,SUCCESS,2026-09-01T06:48:12.426Z,f386ddbf-c5af-4242-bf29-5f60b1e71ecf
2.02609E+17,2.02608E+17,84,13676,PatientContacts,0,0,0,SUCCESS,2026-09-02T17:51:14.557Z,0d5be434-3f1a-4f4b-ae90-f0c48a55ec54
2.02609E+17,2.02609E+13,143,16157,SelfPayTrendV2,13315,0,0,SUCCESS,2026-09-07T15:51:20.279Z,f61fb4c5-0d31-4954-8aac-d0c2d48f9dc90
2.02609E+17,2.02608E+17,84,13676,PatientContacts,0,0,0,SUCCESS,2026-09-04T12:24:26.129Z,6ab129c1-fb62-4518-bfad-8f6d8d29c3ca
2.02609E+17,2.02608E+17,84,13676,PatientContacts,0,0,0,SUCCESS,2026-09-04T13:43:51.171Z,bd9b2318-654e-4f3d-b09e-bcdf6b219232
2.02608E+17,2.02608E+13,132,13701,CensusFirstDose,4913,0,0,SUCCESS,2026-08-28T12:05:26.510Z,e752845a-2a63-48ca-b4ef-ba7a68ece0b6
2.02609E+17,2.02609E+13,134,13717,CollectionRates,1327,0,0,SUCCESS,2026-09-03T11:59:15.284Z,1426a45f-7ba5-45f5-b808-280584111092
2.02609E+17,2.02609E+13,134,13731,BillingAnalysis,1278,0,0,SUCCESS,2026-09-03T12:02:31.816Z,1426a45f-7ba5-45f5-b808-280584111092
2.02608E+17,2.02608E+13,134,13717,CollectionRates,1330,0,0,SUCCESS,2026-08-31T12:28:54.184Z,73ab084e-6be8-4233-a81c-8f049414a380
2.02609E+17,2.02608E+17,84,13676,PatientContacts,0,0,0,SUCCESS,2026-09-04T14:38:34.811Z,9d7b1c7e-8065-427d-99c7-89e3c8306b1f
2.02609E+17,2.02609E+13,1,13,br_PersonDetails,4489,0,0,SUCCESS,2026-09-01T09:47:59.897Z,29dcaaf1-2b1e-4c19-b23c-1ba74b3b8d3d
2.02609E+17,2.02609E+13,83,209,sl_sf_recordtype,21,0,0,SUCCESS,2026-09-04T16:19:44.822Z,7a604b07-1e27-4ff8-bd86-1860fd5608a2
2.02609E+17,2.02609E+17,83,213,sl_sf_contacts,43411,145,0,SUCCESS,2026-09-04T14:29:39.219Z,9d7b1c7e-8065-427d-99c7-89e3c8306b1f
2.02609E+17,2.02609E+13,1,13,br_PersonDetails,4500,0,0,SUCCESS,2026-09-03T09:50:11.514Z,530f48fa-89c6-4a87-9867-195a73ec044d
2.02609E+17,2.02607E+17,83,213,sl_sf_contacts,43395,143,0,SUCCESS,2026-09-04T13:36:21.163Z,bd9b2318-654e-4f3d-b09e-bcdf6b219232
2.02609E+17,2.02609E+13,1,13,br_PersonDetails,4504,0,0,SUCCESS,2026-09-04T06:07:01.414Z,d460889e-8832-4fc7-827e-e27003a5b114
2.02608E+17,2.02608E+13,134,13731,BillingAnalysis,639,0,0,SUCCESS,2026-08-31T04:06:45.974Z,c3e41f3e-c233-4445-a786-d0d98a8613bd
2.02609E+17,2.02609E+13,143,16157,SelfPayTrendV2,6656,0,0,SUCCESS,2026-09-07T04:39:51.039Z,f61fb4c5-0d31-4954-8aac-d0c2d48f9dc90
2.02609E+17,2.02609E+13,143,16157,SelfPayTrendV2,6659,0,0,SUCCESS,2026-09-07T16:05:33.787Z,f61fb4c5-0d31-4954-8aac-d0c2d48f9dc90
2.02608E+17,2.02608E+13,134,13731,BillingAnalysis,639,0,0,SUCCESS,2026-08-31T12:32:52.089Z,73ab084e-6be8-4233-a81c-8f049414a380
2.02608E+17,2.02608E+13,134,13731,BillingAnalysis,639,0,0,SUCCESS,2026-08-31T06:22:32.274Z,1de5cf99-6b82-4338-b3fe-396114f7957f
2.02609E+17,2.02609E+13,143,16157,SelfPayTrendV2,6659,0,0,SUCCESS,2026-09-07T16:00:22.828Z,f61fb4c5-0d31-4954-8aac-d0c2d48f9dc90
2.02608E+17,2.02608E+17,34,143002,br_tbl3pArnote,133,0,0,SUCCESS,2026-08-28T18:17:17.681Z,458bbcf5-cb92-4c77-b377-3297f084a916
2.02608E+17,2.02608E+17,34,143002,br_tbl3pArnote,133,0,0,SUCCESS,2026-08-28T19:53:27.676Z,efbc12e1-b596-4992-bb1e-5de64340fc31
2.02609E+17,2.02608E+17,83,213,sl_sf_contacts,1495,117,0,SUCCESS,2026-09-02T17:38:07.854Z,0d5be434-3f1a-4f4b-ae90-f0c48a55ec54
2.02608E+17,2.02608E+13,105,13683,AADUsersDisable,71,0,0,SUCCESS,2026-08-31T17:07:32.152Z,2fa2e214-5583-4fca-8b7c-32713bbeec6c
2.02608E+17,2.02608E+17,34,143001,br_tbl3pArnote,53070,0,171,FAILED,2026-08-28T19:26:34.779Z,d66e4bd3-e6d0-4238-8a1c-0b9f6b234cef
2.02609E+17,2.02609E+17,82,205,br_sf_contacts,43411,1,0,SUCCESS,2026-09-04T14:17:06.100Z,9d7b1c7e-8065-427d-99c7-89e3c8306b1f
2.02608E+17,2.02608E+13,132,13700,vwReadmissions,309274,0,0,SUCCESS,2026-08-28T12:04:57.198Z,e752845a-2a63-48ca-b4ef-ba7a68ece0b6
2.02608E+17,2.02608E+13,132,13700,vwReadmissions,309274,0,0,SUCCESS,2026-08-30T08:14:22.674Z,8cf8f378-16db-4eda-8552-9c6ae683939d
2.02609E+17,2.02609E+17,82,205,br_sf_contacts,16874,1,0,SUCCESS,2026-09-03T11:32:39.358Z,b5204bb1-5640-4c52-9143-fe923aba5573
2.02609E+17,2.02608E+17,83,208,sl_sf_accounts,13552,0,0,SUCCESS,2026-09-02T11:42:18.029Z,0b5a27da-5d48-4ed3-a9f4-1a7052a3fcea
2.02609E+17,2.02609E+13,82,200,br_sf_accounts,13562,13562,0,SUCCESS,2026-09-04T16:06:24.746Z,7a604b07-1e27-4ff8-bd86-1860fd5608a2
2.02609E+17,2.02608E+17,83,208,sl_sf_accounts,13553,0,0,SUCCESS,2026-09-03T11:40:50.757Z,b5204bb1-5640-4c52-9143-fe923aba5573
2.02609E+17,2.02609E+17,83,208,sl_sf_accounts,13557,0,0,SUCCESS,2026-09-04T14:26:08.009Z,9d7b1c7e-8065-427d-99c7-89e3c8306b1f
2.02609E+17,2.02607E+17,83,208,sl_sf_accounts,13557,0,0,SUCCESS,2026-09-04T13:32:55.603Z,bd9b2318-654e-4f3d-b09e-bcdf6b219232
2.02609E+17,2.02609E+17,82,205,br_sf_contacts,43395,1,0,SUCCESS,2026-09-04T13:24:04.782Z,bd9b2318-654e-4f3d-b09e-bcdf6b219232
2.02609E+17,2.02609E+13,132,13700,vwReadmissions,309274,0,0,SUCCESS,2026-09-01T06:47:44.115Z,f386ddbf-c5af-4242-bf29-5f60b1e71ecf
2.02608E+17,2.02608E+13,132,13700,vwReadmissions,309274,0,0,SUCCESS,2026-08-30T09:25:18.888Z,d0826a4c-ff98-435d-adfd-e339a02d1b06
2.02609E+17,2.02609E+13,100,13668,br_qq_gltran,19053,0,0,PASSED,2026-09-08T11:13:54.813Z,d878edd4-f775-440e-b7a6-032bab37ea96
2.02609E+17,2.02609E+17,82,205,br_sf_contacts,43373,1,0,SUCCESS,2026-09-04T11:59:19.398Z,6ab129c1-fb62-4518-bfad-8f6d8d29c3ca
2.02609E+17,2.02609E+17,97,,br_samms_take_home_agreement_diversion_control,15584,0,0,SUCCESS,2026-09-03T18:15:19.819Z,94249231-24a1-492e-97bf-dcd504ea599a
2.02609E+17,2.02609E+13,141,13754,lateentrytermed,0,0,0,SUCCESS,2026-09-03T06:57:13.564Z,e509dc85-8900-4f7a-939b-cd9669a98c45
2.02609E+17,2.02609E+13,141,13750,aadduplicateids,0,0,0,SUCCESS,2026-09-03T06:54:35.086Z,e509dc85-8900-4f7a-939b-cd9669a98c45
2.02609E+17,2.02608E+13,134,13717,CollectionRates,0,0,0,SUCCESS,2026-09-02T08:50:11.240Z,a248cb53-4f30-44b6-ac15-5cdc6c387758
2.02608E+17,2.02608E+13,134,13731,BillingAnalysis,0,0,0,SUCCESS,2026-08-31T05:34:04.812Z,648551aa-4be1-43d5-9996-5e68064cace6
2.02609E+17,2.02608E+13,134,13731,BillingAnalysis,0,0,0,SUCCESS,2026-09-02T08:52:12.033Z,a248cb53-4f30-44b6-ac15-5cdc6c387758
2.02609E+17,2.02609E+17,82,205,br_sf_contacts,1495,0,0,SUCCESS,2026-09-02T11:35:58.062Z,0b5a27da-5d48-4ed3-a9f4-1a7052a3fcea
2.02608E+17,2.02608E+17,34,143002,br_tbl3pArnote,0,0,0,SUCCESS,2026-08-28T18:39:39.320Z,8e23258c-98e6-4e5b-b927-9ac8867dc9e7
2.02609E+17,2.02609E+13,1,4,br_HourRegister,110273,0,0,SUCCESS,2026-09-04T06:06:23.766Z,d460889e-8832-4fc7-827e-e27003a5b114
2.02609E+17,2.02609E+13,1,4,br_HourRegister,110273,0,0,SUCCESS,2026-09-03T09:23:57.931Z,26f8b062-6777-48e7-8814-d84ed71c9ad6
2.02609E+17,2.02609E+13,142,13763,sl_SelfPayTrend,0,0,1,FAILED,2026-09-07T05:16:00.551Z,f61fb4c5-0d31-4954-8aac-d0c2d48f9dc90
2.02609E+17,2.02609E+13,1,4,br_HourRegister,110272,0,0,SUCCESS,2026-09-01T09:47:26.939Z,29dcaaf1-2b1e-4c19-b23c-1ba74b3b8d3d
2.02608E+17,2.02608E+13,133,13720,sl_dailycensus,9813,0,0,SUCCESS,2026-08-31T10:15:36.591Z,570ed360-6755-403a-934d-8def39d2304e
2.02608E+17,2.02608E+13,133,13720,sl_dailycensus,9813,0,0,SUCCESS,2026-08-31T12:20:04.452Z,73ab084e-6be8-4233-a81c-8f049414a380
2.02608E+17,2.02608E+13,133,13720,sl_dailycensus,9813,0,0,SUCCESS,2026-08-31T06:08:20.343Z,1de5cf99-6b82-4338-b3fe-396114f7957f
2.02609E+17,2.02609E+13,134,13723,MultiplePayors,4498,0,0,SUCCESS,2026-09-03T12:00:30.013Z,1426a45f-7ba5-45f5-b808-280584111092
2.02608E+17,2.02608E+13,133,13720,sl_dailycensus,9813,0,0,SUCCESS,2026-08-31T09:59:08.846Z,015058a2-4b17-4d2e-897e-f307d8a475b8
2.02609E+17,2.02609E+17,43,172,br_GlobalPayor,909,0,0,SUCCESS,2026-09-03T13:47:37.418Z,dc09db6e-8a85-40c4-9b7f-e305f6845bee
2.02609E+17,2.02609E+17,44,180,sl_ClaimStatus,392,0,0,SUCCESS,2026-09-03T15:34:56.582Z,80483189-97f8-4d1d-8157-697e9a146982
2.02609E+17,2.02609E+17,43,170,br_ClaimStatus,392,0,0,SUCCESS,2026-09-03T13:47:37.418Z,dc09db6e-8a85-40c4-9b7f-e305f6845bee
2.02608E+17,2.02608E+13,134,13723,MultiplePayors,3858,0,0,SUCCESS,2026-08-31T09:22:50.014Z,7cf15fc7-3164-41db-9237-c95ff39a8c98
2.02609E+17,2.02609E+17,43,170,br_ClaimStatus,392,0,0,SUCCESS,2026-09-03T15:34:11.709Z,80483189-97f8-4d1d-8157-697e9a146982
2.02608E+17,2.02608E+13,133,13720,sl_dailycensus,9813,0,0,SUCCESS,2026-08-31T03:48:05.901Z,c3e41f3e-c233-4445-a786-d0d98a8613bd
2.02609E+17,2.02609E+17,44,182,sl_GlobalPayor,909,0,0,SUCCESS,2026-09-03T15:34:56.582Z,80483189-97f8-4d1d-8157-697e9a146982
2.02608E+17,2.02608E+13,133,13720,sl_dailycensus,9813,0,0,SUCCESS,2026-08-31T07:51:30.190Z,0b4961d6-2cb3-40f0-b779-fb7af0beef8c
2.02608E+17,2.02608E+13,134,13723,MultiplePayors,3858,0,0,SUCCESS,2026-08-31T07:54:37.474Z,0b4961d6-2cb3-40f0-b779-fb7af0beef8c
2.02609E+17,2.02609E+17,44,180,sl_ClaimStatus,392,0,0,SUCCESS,2026-09-03T13:48:57.404Z,dc09db6e-8a85-40c4-9b7f-e305f6845bee
2.02609E+17,2.02609E+17,43,172,br_GlobalPayor,909,0,0,SUCCESS,2026-09-03T15:34:11.709Z,80483189-97f8-4d1d-8157-697e9a146982
2.02608E+17,2.02608E+13,133,13720,sl_dailycensus,9813,0,0,SUCCESS,2026-08-31T10:28:18.671Z,c53fd170-5a06-4556-ac6d-ed783acaee0b
2.02609E+17,2.02609E+17,44,182,sl_GlobalPayor,909,0,0,SUCCESS,2026-09-03T13:48:57.404Z,dc09db6e-8a85-40c4-9b7f-e305f6845bee
2.02609E+17,2.02609E+17,44,182,sl_GlobalPayor,909,0,0,SUCCESS,2026-09-03T17:11:11.770Z,19ce24cf-1d06-4393-80c8-2aba56f3390a
2.02609E+17,2.02609E+17,43,172,br_GlobalPayor,909,0,0,SUCCESS,2026-09-03T17:10:28.812Z,19ce24cf-1d06-4393-80c8-2aba56f3390a
2.02609E+17,2.02609E+17,44,180,sl_ClaimStatus,392,0,0,SUCCESS,2026-09-03T17:11:11.770Z,19ce24cf-1d06-4393-80c8-2aba56f3390a
2.02608E+17,2.02608E+13,133,13720,sl_dailycensus,9813,0,0,SUCCESS,2026-08-31T09:19:44.424Z,7cf15fc7-3164-41db-9237-c95ff39a8c98
2.02609E+17,2.02609E+17,43,170,br_ClaimStatus,392,0,0,SUCCESS,2026-09-03T17:10:28.812Z,19ce24cf-1d06-4393-80c8-2aba56f3390a
2.02609E+17,2.02609E+13,83,213,sl_sf_contacts,43472,160,0,SUCCESS,2026-09-04T16:22:23.560Z,7a604b07-1e27-4ff8-bd86-1860fd5608a2
2.02608E+17,2.02608E+13,134,13723,MultiplePayors,1927,0,0,SUCCESS,2026-08-31T04:04:02.893Z,c3e41f3e-c233-4445-a786-d0d98a8613bd
2.02609E+17,2.02609E+17,86,,sl_AdmissionAssessmentDimensionFour,51111,0,0,SUCCESS,2026-09-03T14:05:58.180Z,ef652adf-cab1-42cd-a0bf-1cd03c8c16e7
2.02609E+17,2.02609E+17,86,,sl_AdmissionAssessmentDimensionFiveSubstanceUse,51012,0,0,SUCCESS,2026-09-03T14:05:58.180Z,ef652adf-cab1-42cd-a0bf-1cd03c8c16e7
2.02609E+17,2.02609E+17,86,,sl_AdmissionAssessmentDimensionFour,51146,0,0,SUCCESS,2026-09-04T19:35:33.878Z,b1302ebd-57a3-42bd-9029-9a66dda6727d
2.02609E+17,2.02609E+17,86,,sl_AdmissionAssessmentDimensionFiveSubstanceUse,51047,0,0,SUCCESS,2026-09-04T19:35:33.878Z,b1302ebd-57a3-42bd-9029-9a66dda6727d
2.02609E+17,2.02608E+17,84,6809,PatientSurveys,0,0,0,SUCCESS,2026-09-04T12:27:19.556Z,6ab129c1-fb62-4518-bfad-8f6d8d29c3ca
2.02609E+17,2.02608E+17,84,6810,stgOutboundSMS,0,0,0,SUCCESS,2026-09-04T13:46:23.384Z,bd9b2318-654e-4f3d-b09e-bcdf6b219232
2.02609E+17,2.02608E+17,84,6810,stgOutboundSMS,0,0,0,SUCCESS,2026-09-04T14:43:43.908Z,9d7b1c7e-8065-427d-99c7-89e3c8306b1f
2.02609E+17,2.02608E+17,84,6809,PatientSurveys,0,0,0,SUCCESS,2026-09-02T17:53:30.536Z,0d5be434-3f1a-4f4b-ae90-f0c48a55ec54
2.02609E+17,2.02608E+17,84,6809,PatientSurveys,0,0,0,SUCCESS,2026-09-03T11:50:22.411Z,b5204bb1-5640-4c52-9143-fe923aba5573
2.02609E+17,2.02608E+17,84,6809,PatientSurveys,0,0,0,SUCCESS,2026-09-04T14:43:12.257Z,9d7b1c7e-8065-427d-99c7-89e3c8306b1f
2.02609E+17,2.02608E+17,84,6809,PatientSurveys,0,0,0,SUCCESS,2026-09-04T13:46:02.008Z,bd9b2318-654e-4f3d-b09e-bcdf6b219232
2.02608E+17,2.02608E+17,84,6809,PatientSurveys,0,0,0,SUCCESS,2026-08-28T10:31:50.041Z,3d84b3b4-01e9-4004-b383-1c54ba72a558
2.02609E+17,2.02608E+17,84,6810,stgOutboundSMS,0,0,0,SUCCESS,2026-09-04T12:27:41.099Z,6ab129c1-fb62-4518-bfad-8f6d8d29c3ca
2.02609E+17,2.02608E+17,84,6810,stgOutboundSMS,0,0,0,SUCCESS,2026-09-02T17:53:49.248Z,0d5be434-3f1a-4f4b-ae90-f0c48a55ec54
2.02609E+17,2.02608E+17,84,6810,stgOutboundSMS,0,0,0,SUCCESS,2026-09-03T11:50:37.828Z,b5204bb1-5640-4c52-9143-fe923aba5573
2.02609E+17,2.02608E+17,84,6809,PatientSurveys,0,0,0,SUCCESS,2026-09-04T16:31:48.383Z,7a604b07-1e27-4ff8-bd86-1860fd5608a2
2.02609E+17,2.02608E+17,84,6810,stgOutboundSMS,0,0,0,SUCCESS,2026-09-04T16:32:07.548Z,7a604b07-1e27-4ff8-bd86-1860fd5608a2
2.02608E+17,2.02608E+17,84,6810,stgOutboundSMS,0,0,0,SUCCESS,2026-08-28T10:32:04.406Z,3d84b3b4-01e9-4004-b383-1c54ba72a558
2.02609E+17,2.02608E+17,84,6810,stgOutboundSMS,0,0,0,SUCCESS,2026-09-02T11:53:12.889Z,0b5a27da-5d48-4ed3-a9f4-1a7052a3fcea
2.02609E+17,2.02608E+17,84,6809,PatientSurveys,0,0,0,SUCCESS,2026-09-02T11:52:57.057Z,0b5a27da-5d48-4ed3-a9f4-1a7052a3fcea
2.02609E+17,2.02608E+17,83,208,sl_sf_accounts,0,0,0,SUCCESS,2026-09-02T17:35:12.511Z,0d5be434-3f1a-4f4b-ae90-f0c48a55ec54
2.02609E+17,2.02608E+17,83,213,sl_sf_contacts,0,0,0,SUCCESS,2026-09-03T11:42:32.954Z,b5204bb1-5640-4c52-9143-fe923aba5573
2.02609E+17,2.02609E+17,82,205,br_sf_contacts,0,0,0,SUCCESS,2026-09-02T17:28:29.214Z,0d5be434-3f1a-4f4b-ae90-f0c48a55ec54
2.02609E+17,2.02609E+13,82,205,br_sf_contacts,43472,1,0,SUCCESS,2026-09-04T16:10:16.792Z,7a604b07-1e27-4ff8-bd86-1860fd5608a2
2.02609E+17,2.02609E+13,83,208,sl_sf_accounts,13562,0,0,SUCCESS,2026-09-04T16:19:08.893Z,7a604b07-1e27-4ff8-bd86-1860fd5608a2
2.02609E+17,2.02608E+17,83,213,sl_sf_contacts,0,0,0,SUCCESS,2026-09-04T12:12:34.573Z,6ab129c1-fb62-4518-bfad-8f6d8d29c3ca
2.02609E+17,2.02608E+17,83,208,sl_sf_accounts,0,0,0,SUCCESS,2026-09-04T12:09:02.684Z,6ab129c1-fb62-4518-bfad-8f6d8d29c3ca
2.02609E+17,2.02609E+17,82,200,br_sf_accounts,0,0,0,SUCCESS,2026-09-02T17:25:34.636Z,0d5be434-3f1a-4f4b-ae90-f0c48a55ec54
2.02609E+17,2.02609E+13,101,13669,sl_QQgltran,19053,0,0,PASSED,2026-09-08T11:21:04.449Z,d878edd4-f775-440e-b7a6-032bab37ea96
2.02608E+17,2.02608E+13,134,13723,MultiplePayors,0,0,0,SUCCESS,2026-08-31T10:31:43.247Z,c53fd170-5a06-4556-ac6d-ed783acaee0b
2.02608E+17,2.02608E+13,134,13723,MultiplePayors,0,0,0,SUCCESS,2026-08-31T10:18:54.383Z,570ed360-6755-403a-934d-8def39d2304e
2.02609E+17,2.02608E+13,133,13720,sl_dailycensus,0,0,0,SUCCESS,2026-09-02T08:46:22.739Z,a248cb53-4f30-44b6-ac15-5cdc6c387758
2.02608E+17,2.02608E+13,134,13723,MultiplePayors,0,0,0,SUCCESS,2026-08-31T10:02:41.428Z,015058a2-4b17-4d2e-897e-f307d8a475b8
2.02609E+17,2.02608E+13,134,13723,MultiplePayors,0,0,0,SUCCESS,2026-09-02T08:51:14.206Z,a248cb53-4f30-44b6-ac15-5cdc6c387758
2.02608E+17,2.02608E+13,134,13723,MultiplePayors,0,0,0,SUCCESS,2026-08-31T05:32:37.360Z,648551aa-4be1-43d5-9996-5e68064cace6
2.02608E+17,2.02608E+13,133,13720,sl_dailycensus,0,0,0,SUCCESS,2026-08-31T05:25:10.137Z,648551aa-4be1-43d5-9996-5e68064cace6
2.02608E+17,2.02608E+13,133,13720,sl_dailycensus,0,0,0,SUCCESS,2026-08-31T07:13:19.411Z,686b20a1-fc55-41ce-bf56-edc22eac8a37
2.02608E+17,2.02608E+13,134,13723,MultiplePayors,0,0,0,SUCCESS,2026-08-31T08:43:03.510Z,37c02356-54c6-4ef5-9431-a8a2d170b0b0
2.02609E+17,2.02609E+17,145,16130,sl_UAResults,278907,0,0,SUCCESS,2026-09-08T12:53:33.640Z,c3383bb1-b723-4b3e-bec7-f60bc8b15ae7
2.02608E+17,2.02608E+13,134,13723,MultiplePayors,0,0,0,SUCCESS,2026-08-31T12:30:12.306Z,73ab084e-6be8-4233-a81c-8f049414a380
2.02609E+17,2.02609E+13,133,13720,sl_dailycensus,13084,0,1,FAILED,2026-09-03T11:50:00.996Z,1426a45f-7ba5-45f5-b808-280584111092
2.02608E+17,2.02608E+13,133,13714,sl_duplicates,3015,0,0,SUCCESS,2026-08-31T03:45:07.655Z,c3e41f3e-c233-4445-a786-d0d98a8613bd
2.02608E+17,2.02608E+13,133,13714,sl_duplicates,3015,0,0,SUCCESS,2026-08-31T12:14:41.685Z,73ab084e-6be8-4233-a81c-8f049414a380
2.02609E+17,2.02609E+13,133,13714,sl_duplicates,3015,0,0,SUCCESS,2026-09-03T11:43:36.557Z,1426a45f-7ba5-45f5-b808-280584111092
2.02608E+17,2.02608E+13,134,13723,MultiplePayors,1927,0,1,FAILED,2026-08-31T06:19:48.396Z,1de5cf99-6b82-4338-b3fe-396114f7957f
2.02608E+17,2.02608E+13,133,13720,sl_dailycensus,9813,0,1,FAILED,2026-08-31T08:39:56.720Z,37c02356-54c6-4ef5-9431-a8a2d170b0b0
2.02609E+17,2.02609E+13,100,13668,br_qq_gltran,15037302,0,0,SUCCESS,2026-09-04T11:07:26.009Z,4a18e739-62cb-4756-aa6f-1d8b3a292113
2.02609E+17,2.02609E+13,100,13668,br_qq_gltran,15037302,0,0,SUCCESS,2026-09-04T11:53:04.386Z,a32139d4-7f73-4d6a-9430-a52d8d74e9b7
2.02609E+17,2.02609E+13,100,13668,br_qq_gltran,15037302,0,0,SUCCESS,2026-09-04T10:15:41.626Z,a2b79122-a062-4ea8-a301-db2a1318199f
2.02608E+17,2.02608E+13,135,13740,br_sf_user_cl,474,0,0,SUCCESS,2026-08-31T06:31:01.341Z,a7cd751e-6e5d-4276-9b13-7268f73d8177
2.02609E+17,2.02609E+13,135,13740,br_sf_user_cl,476,0,0,SUCCESS,2026-09-04T10:19:42.511Z,ed8b9765-c547-4373-9ec0-3b2a53aee49e
2.02609E+17,2.02609E+13,135,13740,br_sf_user_cl,474,0,0,SUCCESS,2026-09-01T20:25:05.730Z,ab5acaf7-1ed7-4eac-85dd-5de9db0e1a11
2.02609E+17,2.02609E+13,135,13739,br_sf_case_cl,110,0,0,SUCCESS,2026-09-02T05:11:56.149Z,26b335d6-f11c-41b2-ae31-e73c17de8489
2.02609E+17,2.02609E+13,135,13739,br_sf_case_cl,116,0,0,SUCCESS,2026-09-01T20:24:33.856Z,ab5acaf7-1ed7-4eac-85dd-5de9db0e1a11
2.02609E+17,2.02609E+13,135,13740,br_sf_user_cl,476,0,0,SUCCESS,2026-09-04T08:04:06.455Z,0149d2e2-407e-43d2-9524-079a665d6c9a
2.02608E+17,2.02608E+13,135,13740,br_sf_user_cl,474,0,0,SUCCESS,2026-08-31T01:54:58.777Z,1114170a-bcf7-4d18-af4f-d9742f2fa1ce
2.02608E+17,2.02608E+13,135,13740,br_sf_user_cl,474,0,0,SUCCESS,2026-08-31T04:01:19.075Z,6bc047e9-8b5b-4d85-a364-b2d6e542e315
2.02608E+17,2.02608E+13,135,13740,br_sf_user_cl,474,0,0,SUCCESS,2026-08-31T01:36:04.495Z,61276f30-3167-4997-b3de-acb280a085cf
2.02608E+17,2.02608E+13,135,13740,br_sf_user_cl,474,0,0,SUCCESS,2026-08-31T08:30:35.834Z,65e89789-39d8-4e46-be47-bcdfcc997be4
2.02609E+17,2.02609E+13,135,13740,br_sf_user_cl,476,0,0,SUCCESS,2026-09-04T04:58:28.642Z,adf2b18f-e17c-4bcf-8911-7ab755997527
2.02608E+17,2.02608E+13,135,13740,br_sf_user_cl,474,0,0,SUCCESS,2026-08-31T05:47:39.119Z,6bc047e9-8b5b-4d85-a364-b2d6e542e315
2.02609E+17,2.02609E+13,135,13740,br_sf_user_cl,474,0,0,SUCCESS,2026-09-02T05:12:41.400Z,26b335d6-f11c-41b2-ae31-e73c17de8489
2.02608E+17,2.02608E+13,135,13740,br_sf_user_cl,474,0,0,SUCCESS,2026-08-31T06:53:54.943Z,4729d4a5-d6b5-4b39-bbc8-d700a19c5eac
2.02609E+17,2.02609E+13,135,13740,br_sf_user_cl,476,0,0,SUCCESS,2026-09-04T07:23:45.387Z,722942c7-46ba-4f9d-905b-23ebf29af444
2.02608E+17,2.02608E+13,135,13740,br_sf_user_cl,474,0,0,SUCCESS,2026-08-31T05:22:27.973Z,6bc047e9-8b5b-4d85-a364-b2d6e542e315
2.02608E+17,2.02608E+13,135,13740,br_sf_user_cl,474,0,0,SUCCESS,2026-08-30T19:33:35.632Z,e80a0bdf-4652-4e92-9468-284478a96962
2.02608E+17,2.02608E+17,35,145,tbl_3pARNOTE,180237,0,0,SUCCESS,2026-08-28T20:07:56.349Z,4656989f-76f4-4530-9c0f-37d9fd4d8113
2.02608E+17,2.02608E+17,35,145,tbl_3pARNOTE,180173,0,0,SUCCESS,2026-08-28T19:53:44.994Z,efbc12e1-b596-4992-bb1e-5de64340fc31
2.02608E+17,2.02608E+17,35,145,tbl_3pARNOTE,180290,0,0,SUCCESS,2026-08-31T13:40:17.921Z,ff1f6c6f-cfd8-4eb9-9a6c-c39c12bfa894
2.02608E+17,2.02608E+17,35,145,tbl_3pARNOTE,127616,0,0,SUCCESS,2026-08-28T18:39:52.085Z,8e23258c-98e6-4e5b-b927-9ac8867dc9e7
2.02608E+17,2.02608E+17,35,145,tbl_3pARNOTE,127616,0,0,SUCCESS,2026-08-28T18:17:59.180Z,458bbcf5-cb92-4c77-b377-3297f084a916
2.02608E+17,2.02608E+17,35,145,tbl_3pARNOTE,180173,0,0,SUCCESS,2026-08-28T19:26:50.541Z,d66e4bd3-e6d0-4238-8a1c-0b9f6b234cef
2.02608E+17,2.02608E+13,134,13727,self_pay_bulk,43,0,0,SUCCESS,2026-08-31T06:21:34.970Z,1de5cf99-6b82-4338-b3fe-396114f7957f
2.02608E+17,2.02608E+13,134,13727,self_pay_bulk,43,0,0,SUCCESS,2026-08-31T04:05:49.107Z,c3e41f3e-c233-4445-a786-d0d98a8613bd
2.02608E+17,2.02608E+13,134,13727,self_pay_bulk,43,0,0,SUCCESS,2026-08-31T12:32:01.002Z,73ab084e-6be8-4233-a81c-8f049414a380
2.02609E+17,2.02609E+13,135,13739,br_sf_case_cl,90,0,0,SUCCESS,2026-09-04T07:23:14.682Z,722942c7-46ba-4f9d-905b-23ebf29af444
2.02609E+17,2.02609E+13,135,13739,br_sf_case_cl,90,0,0,SUCCESS,2026-09-04T08:03:13.544Z,0149d2e2-407e-43d2-9524-079a665d6c9a
2.02609E+17,2.02609E+13,134,13727,self_pay_bulk,63,0,0,SUCCESS,2026-09-03T12:01:48.809Z,1426a45f-7ba5-45f5-b808-280584111092
2.02609E+17,2.02609E+13,135,13739,br_sf_case_cl,90,0,0,SUCCESS,2026-09-04T08:55:28.830Z,7501b0da-7d11-4d30-821d-f187e882cb70
2.02609E+17,2.02609E+13,135,13739,br_sf_case_cl,92,0,0,SUCCESS,2026-09-04T04:57:58.075Z,adf2b18f-e17c-4bcf-8911-7ab755997527
2.02609E+17,2.02609E+17,43,168,br_UserSites,71001,0,0,SUCCESS,2026-09-03T17:10:28.812Z,19ce24cf-1d06-4393-80c8-2aba56f3390a
2.02609E+17,2.02609E+17,44,178,sl_UserSites,71001,0,0,SUCCESS,2026-09-03T15:34:56.582Z,80483189-97f8-4d1d-8157-697e9a146982
2.02609E+17,2.02609E+17,43,168,br_UserSites,71001,0,0,SUCCESS,2026-09-03T13:47:37.418Z,dc09db6e-8a85-40c4-9b7f-e305f6845bee
2.02609E+17,2.02609E+13,5,32,sl_8x8_CallVolume,112,0,0,SUCCESS,2026-09-03T08:03:40.786Z,1066d6e5-305c-4662-a3fb-18d67007
2.02609E+17,2.02609E+13,5,32,sl_8x8_CallVolume,112,0,0,SUCCESS,2026-09-03T06:37:05.691Z,1066d6e5-305c-4662-a3fb-18d67007
2.02609E+17,2.02609E+17,43,168,br_UserSites,71001,0,0,SUCCESS,2026-09-03T15:34:11.709Z,80483189-97f8-4d1d-8157-697e9a146982
2.02609E+17,2.02609E+17,44,178,sl_UserSites,71001,0,0,SUCCESS,2026-09-03T17:11:11.770Z,19ce24cf-1d06-4393-80c8-2aba56f3390a
2.02609E+17,2.02609E+17,44,178,sl_UserSites,71001,0,0,SUCCESS,2026-09-03T13:48:57.404Z,dc09db6e-8a85-40c4-9b7f-e305f6845bee
2.02609E+17,2.02609E+13,5,32,sl_8x8_CallVolume,112,0,0,SUCCESS,2026-09-03T06:26:17.022Z,1066d6e5-305c-4662-a3fb-18d67007
2.02609E+17,2.02608E+13,133,13714,sl_duplicates,0,0,0,SUCCESS,2026-09-02T08:40:00.037Z,a248cb53-4f30-44b6-ac15-5cdc6c387758
2.02608E+17,2.02608E+13,135,13739,br_sf_case_cl,0,0,0,SUCCESS,2026-08-31T06:53:26.223Z,4729d4a5-d6b5-4b39-bbc8-d700a19c5eac
2.02608E+17,2.02608E+13,135,13739,br_sf_case_cl,0,0,0,SUCCESS,2026-08-31T05:47:09.111Z,6bc047e9-8b5b-4d85-a364-b2d6e542e315
2.02608E+17,2.02608E+13,134,13725,CommercialDed,0,0,0,SUCCESS,2026-08-31T05:32:56.487Z,648551aa-4be1-43d5-9996-5e68064cace6
2.02608E+17,2.02608E+13,134,13727,self_pay_bulk,0,0,0,SUCCESS,2026-08-31T05:33:16.222Z,648551aa-4be1-43d5-9996-5e68064cace6
2.02609E+17,2.02608E+13,134,13727,self_pay_bulk,0,0,0,SUCCESS,2026-09-02T08:51:54.034Z,a248cb53-4f30-44b6-ac15-5cdc6c387758
2.02608E+17,2.02608E+13,135,13739,br_sf_case_cl,0,0,0,SUCCESS,2026-08-31T08:30:04.040Z,65e89789-39d8-4e46-be47-bcdfcc997be4
2.02609E+17,2.02609E+13,141,13756,tngrantclaims,0,0,0,SUCCESS,2026-09-03T06:58:10.781Z,e509dc85-8900-4f7a-939b-cd9669a98c45
2.02608E+17,2.02608E+13,135,13739,br_sf_case_cl,0,0,0,SUCCESS,2026-08-31T05:21:54.142Z,6bc047e9-8b5b-4d85-a364-b2d6e542e315
2.02608E+17,2.02608E+13,133,13714,sl_duplicates,0,0,0,SUCCESS,2026-08-31T05:23:40.580Z,648551aa-4be1-43d5-9996-5e68064cace6
2.02609E+17,2.02608E+13,134,13725,CommercialDed,0,0,0,SUCCESS,2026-09-02T08:51:35.076Z,a248cb53-4f30-44b6-ac15-5cdc6c387758
2.02608E+17,2.02608E+13,135,13739,br_sf_case_cl,2,0,0,SUCCESS,2026-08-31T04:00:00.239Z,6bc047e9-8b5b-4d85-a364-b2d6e542e315
2.02608E+17,2.02608E+13,135,13739,br_sf_case_cl,2,0,0,SUCCESS,2026-08-30T19:33:11.135Z,e80a0bdf-4652-4e92-9468-284478a96962
2.02608E+17,2.02608E+13,135,13739,br_sf_case_cl,2,0,0,SUCCESS,2026-08-31T01:35:28.721Z,61276f30-3167-4997-b3de-acb280a085cf
2.02608E+17,2.02608E+13,135,13739,br_sf_case_cl,2,0,0,SUCCESS,2026-08-31T01:54:30.994Z,1114170a-bcf7-4d18-af4f-d9742f2fa1ce
2.02608E+17,2.02608E+13,135,13739,br_sf_case_cl,0,0,0,SUCCESS,2026-08-31T06:03:47.500Z,6bc047e9-8b5b-4d85-a364-b2d6e542e315
2.02609E+17,2.02609E+13,100,13668,br_qq_gltran,19053,0,0,SUCCESS,2026-09-08T05:29:58.667Z,1af6f9c0-de07-46ce-9d94-4a023d844ee9
2.02609E+17,2.02609E+13,100,13668,br_qq_gltran,51750,0,0,SUCCESS,2026-09-02T10:24:17.217Z,0bac3e96-9d2f-4fc3-a6af-cb22f235b46a
2.02609E+17,2.02609E+13,100,13668,br_qq_gltran,16789,0,0,SUCCESS,2026-09-08T03:49:05.823Z,46a9a56e-0600-4598-9fca-db37b4a86652
2.02609E+17,2.02609E+13,100,13668,br_qq_gltran,17743,0,0,SUCCESS,2026-09-04T12:33:46.982Z,3d506aa0-0269-43eb-aec3-b5d371469503
2.02609E+17,2.02609E+13,100,13668,br_qq_gltran,19053,0,0,SUCCESS,2026-09-08T06:32:21.430Z,e403e9f6-1206-49ac-bede-045a2ed95a50
2.02609E+17,2.02609E+13,100,13668,br_qq_gltran,19053,0,0,SUCCESS,2026-09-08T05:50:14.718Z,d21a22ed-079c-4197-be60-19877f0c18c0
2.02609E+17,2.02609E+13,100,13668,br_qq_gltran,16794,0,0,SUCCESS,2026-09-07T11:18:04.947Z,febd9bc8-75c6-4368-a516-f0351188daa4
2.02609E+17,2.02609E+13,100,13668,br_qq_gltran,16794,0,0,SUCCESS,2026-09-07T14:40:36.554Z,2764fae6-2535-4feb-ba5c-fc2875d2d15d
2.02608E+17,2.02608E+13,100,13668,br_qq_gltran,62232,0,0,SUCCESS,2026-08-31T14:29:35.433Z,fa4047d4-f27a-487b-936c-970d9787c3cb
2.02609E+17,2.02609E+13,100,13668,br_qq_gltran,19053,0,0,SUCCESS,2026-09-08T06:32:45.510Z,e403e9f6-1206-49ac-bede-045a2ed95a50
2.02609E+17,2.02609E+13,100,13668,br_qq_gltran,16798,0,0,SUCCESS,2026-09-07T15:17:29.444Z,0460ec9f-7fac-46d5-9e9b-69695287cfbb
2.02609E+17,2.02609E+13,100,13668,br_qq_gltran,16798,0,0,SUCCESS,2026-09-07T15:39:45.588Z,5697f28d-d34c-4ea1-97ba-86411f09cc26
2.02609E+17,2.02609E+13,100,13668,br_qq_gltran,16794,0,0,SUCCESS,2026-09-07T13:37:07.232Z,c9352ab0-1fbc-4096-bd90-9bcf656c46c4
2.02609E+17,2.02609E+13,100,13668,br_qq_gltran,16794,0,0,SUCCESS,2026-09-07T11:47:12.610Z,174a6461-d193-4195-bf67-804ec5854ef1
2.02609E+17,2.02609E+13,100,13668,br_qq_gltran,16798,0,0,SUCCESS,2026-09-07T14:50:45.946Z,ac5b8015-db8f-42f7-a7bf-bc43167fdd7f
2.02609E+17,2.02609E+13,100,13668,br_qq_gltran,51750,0,0,SUCCESS,2026-09-02T12:05:51.017Z,8be66682-1794-4c68-b3dc-9ff94405c2fa
2.02609E+17,2.02608E+13,100,13668,br_qq_gltran,16794,0,0,SUCCESS,2026-09-07T12:36:30.708Z,03d14284-f9c3-4d2e-9729-2e3083b8d33e
2.02609E+17,2.02609E+13,100,13668,br_qq_gltran,19053,0,0,SUCCESS,2026-09-08T05:50:41.205Z,d21a22ed-079c-4197-be60-19877f0c18c0
2.02609E+17,2.02609E+13,100,13668,br_qq_gltran,16794,0,0,SUCCESS,2026-09-07T13:11:42.772Z,6100e949-2422-43aa-a662-97fffdd74ef1
2.02609E+17,2.02609E+13,100,13668,br_qq_gltran,51750,0,0,SUCCESS,2026-09-02T11:24:59.061Z,99713cf3-93d8-4ad6-9c4e-9dc07347860e
2.02609E+17,2.02609E+13,100,13668,br_qq_gltran,16794,0,0,SUCCESS,2026-09-07T10:32:46.718Z,846d4ac3-7863-4b80-977d-629c9a3000f3
2.02609E+17,2.02609E+13,143,13764,SelfPayTrend,6,0,0,SUCCESS,2026-09-07T09:13:34.762Z,f61fb4c5-0d31-4954-8aac-d0c2d48f9dc90
2.02609E+17,2.02609E+13,143,13764,SelfPayTrend,3,0,0,SUCCESS,2026-09-07T06:27:07.734Z,f61fb4c5-0d31-4954-8aac-d0c2d48f9dc90
2.02609E+17,2.02609E+13,143,13764,SelfPayTrend,3,0,0,SUCCESS,2026-09-07T16:10:31.653Z,f61fb4c5-0d31-4954-8aac-d0c2d48f9dc90
2.02609E+17,2.02609E+13,143,13764,SelfPayTrend,3,0,0,SUCCESS,2026-09-07T09:38:43.463Z,f61fb4c5-0d31-4954-8aac-d0c2d48f9dc90
2.02609E+17,2.02609E+13,143,13764,SelfPayTrend,3,0,0,SUCCESS,2026-09-07T09:41:19.582Z,f61fb4c5-0d31-4954-8aac-d0c2d48f9dc90
2.02609E+17,2.02608E+17,84,13675,PatientLeads,0,0,0,SUCCESS,2026-09-04T14:41:17.544Z,9d7b1c7e-8065-427d-99c7-89e3c8306b1f
2.02609E+17,2.02608E+17,84,13675,PatientLeads,0,0,0,SUCCESS,2026-09-04T12:26:35.374Z,6ab129c1-fb62-4518-bfad-8f6d8d29c3ca
2.02609E+17,2.02608E+17,84,13675,PatientLeads,0,0,0,SUCCESS,2026-09-02T17:52:46.563Z,0d5be434-3f1a-4f4b-ae90-f0c48a55ec54
2.02608E+17,2.02608E+17,84,13675,PatientLeads,0,0,0,SUCCESS,2026-08-28T10:31:19.308Z,3d84b3b4-01e9-4004-b383-1c54ba72a558
2.02609E+17,2.02608E+17,84,13675,PatientLeads,0,0,0,SUCCESS,2026-09-03T11:49:46.083Z,b5204bb1-5640-4c52-9143-fe923aba5573
2.02608E+17,2.02608E+13,133,13714,sl_duplicates,3015,0,1,FAILED,2026-08-31T06:06:22.518Z,1de5cf99-6b82-4338-b3fe-396114f7957f
2.02609E+17,2.02608E+17,84,13675,PatientLeads,0,0,0,SUCCESS,2026-09-04T13:45:23.230Z,bd9b2318-654e-4f3d-b09e-bcdf6b219232
2.02609E+17,2.02608E+17,84,13675,PatientLeads,0,0,0,SUCCESS,2026-09-04T16:31:12.093Z,7a604b07-1e27-4ff8-bd86-1860fd5608a2
2.02609E+17,2.02609E+17,144,14879,br_UAResults,468,0,74,FAILED,2026-09-08T12:53:03.506Z,c3383bb1-b723-4b3e-bec7-f60bc8b15ae7
2.02609E+17,2.02609E+13,2,18,PersonDetails,4489,0,0,SUCCESS,2026-09-01T09:53:24.639Z,29dcaaf1-2b1e-4c19-b23c-1ba74b3b8d3d
2.02609E+17,2.02609E+13,101,13669,sl_QQgltran,15037302,0,0,SUCCESS,2026-09-04T12:01:55.166Z,a32139d4-7f73-4d6a-9430-a52d8d74e9b7
2.02609E+17,2.02609E+13,2,18,PersonDetails,4500,0,0,SUCCESS,2026-09-03T09:54:51.128Z,530f48fa-89c6-4a87-9867-195a73ec044d
2.02609E+17,2.02609E+17,26,56,tbl_dartsrv,9085775,0,0,SUCCESS,2026-09-04T14:35:00.529Z,d54f2858-d272-437f-a2a4-9fa2f90018e7
2.02609E+17,2.02609E+17,82,202,br_sf_tasks,1075,502,0,SUCCESS,2026-09-04T13:21:12.413Z,bd9b2318-654e-4f3d-b09e-bcdf6b219232
2.02608E+17,2.02608E+17,119,,sl_NewAdmissionAssessmentASAMDimension4,1280,0,0,SUCCESS,2026-08-31T01:42:39.343Z,4b7273e0-0d54-485d-b4db-ed019a136434
2.02608E+17,2.02608E+17,119,,sl_NewAdmissionAssessmentASAMDimension5,1273,0,0,SUCCESS,2026-08-31T01:42:39.343Z,4b7273e0-0d54-485d-b4db-ed019a136434
2.02609E+17,2.02609E+17,82,202,br_sf_tasks,1109,501,0,SUCCESS,2026-09-03T11:30:08.260Z,b5204bb1-5640-4c52-9143-fe923aba5573
2.02609E+17,2.02609E+17,82,202,br_sf_tasks,1106,498,0,SUCCESS,2026-09-02T11:34:41.445Z,0b5a27da-5d48-4ed3-a9f4-1a7052a3fcea
2.02609E+17,2.02609E+17,82,202,br_sf_tasks,1001,472,0,SUCCESS,2026-09-04T11:55:11.044Z,6ab129c1-fb62-4518-bfad-8f6d8d29c3ca
2.02609E+17,2.02609E+17,82,202,br_sf_tasks,1156,549,0,SUCCESS,2026-09-04T14:14:18.475Z,9d7b1c7e-8065-427d-99c7-89e3c8306b1f
2.02609E+17,2.02609E+17,26,56,tbl_dartsrv,9080340,0,0,SUCCESS,2026-09-04T13:52:42.398Z,cb9f45fe-59e4-4b23-966e-377c65c5ec2d
2.02609E+17,2.02609E+17,82,207,br_sf_events,0,0,0,SUCCESS,2026-09-02T11:36:42.738Z,0b5a27da-5d48-4ed3-a9f4-1a7052a3fcea
2.02609E+17,2.02609E+17,82,207,br_sf_events,0,0,0,SUCCESS,2026-09-03T11:33:35.213Z,b5204bb1-5640-4c52-9143-fe923aba5573
2.02608E+17,2.02608E+13,93,5716,CB_Inventory,2205,0,0,SUCCESS,2026-08-31T08:03:51.689Z,22061772-8118-40ff-82ce-daec1d26d93e
2.02609E+17,2.02608E+17,83,215,sl_sf_events,0,0,0,SUCCESS,2026-09-02T17:38:39.713Z,0d5be434-3f1a-4f4b-ae90-f0c48a55ec54
2.02608E+17,2.02608E+13,93,5716,CB_Inventory,2205,0,0,SUCCESS,2026-08-31T08:39:49.770Z,2eddf0ce-6b97-4c82-8bf9-ccbf21e2998e
2.02609E+17,2.02608E+17,83,215,sl_sf_events,0,0,0,SUCCESS,2026-09-03T11:43:10.843Z,b5204bb1-5640-4c52-9143-fe923aba5573
2.02609E+17,2.02609E+17,82,207,br_sf_events,0,0,0,SUCCESS,2026-09-02T17:29:04.854Z,0d5be434-3f1a-4f4b-ae90-f0c48a55ec54
2.02609E+17,2.02609E+17,83,215,sl_sf_events,1,0,0,SUCCESS,2026-09-04T14:31:37.742Z,9d7b1c7e-8065-427d-99c7-89e3c8306b1f
2.02609E+17,2.02608E+17,83,215,sl_sf_events,1,0,0,SUCCESS,2026-09-04T12:14:21.643Z,6ab129c1-fb62-4518-bfad-8f6d8d29c3ca
2.02609E+17,2.02609E+17,82,207,br_sf_events,0,0,0,SUCCESS,2026-09-04T12:01:08.932Z,6ab129c1-fb62-4518-bfad-8f6d8d29c3ca
2.02609E+17,2.02609E+17,82,207,br_sf_events,0,0,0,SUCCESS,2026-09-04T14:18:21.012Z,9d7b1c7e-8065-427d-99c7-89e3c8306b1f
2.02609E+17,2.02609E+17,82,207,br_sf_events,0,0,0,SUCCESS,2026-09-04T13:25:08.714Z,bd9b2318-654e-4f3d-b09e-bcdf6b219232
2.02609E+17,2.02607E+17,83,215,sl_sf_events,1,0,0,SUCCESS,2026-09-04T13:37:37.093Z,bd9b2318-654e-4f3d-b09e-bcdf6b219232
2.02609E+17,2.02608E+17,83,215,sl_sf_events,0,0,0,SUCCESS,2026-09-02T11:46:55.977Z,0b5a27da-5d48-4ed3-a9f4-1a7052a3fcea
2.02609E+17,2.02609E+17,43,173,br_FeeSched,16313,0,0,SUCCESS,2026-09-03T15:34:11.709Z,80483189-97f8-4d1d-8157-697e9a146982
2.02609E+17,2.02609E+17,43,173,br_FeeSched,16313,0,0,SUCCESS,2026-09-03T13:47:37.418Z,dc09db6e-8a85-40c4-9b7f-e305f6845bee
2.02609E+17,2.02609E+17,82,203,br_sf_users,476,475,0,SUCCESS,2026-09-04T14:14:51.632Z,9d7b1c7e-8065-427d-99c7-89e3c8306b1f
2.02609E+17,2.02609E+17,82,203,br_sf_users,476,475,0,SUCCESS,2026-09-04T13:21:45.641Z,bd9b2318-654e-4f3d-b09e-bcdf6b219232
2.02608E+17,2.02607E+17,82,202,br_sf_tasks,905,437,0,SUCCESS,2026-08-28T10:49:49.744Z,2b16353c-bcd4-48d1-8db2-5f7768416428
2.02609E+17,2.02609E+17,44,183,sl_FeeSched,16313,0,0,SUCCESS,2026-09-03T13:48:57.404Z,dc09db6e-8a85-40c4-9b7f-e305f6845bee
2.02609E+17,2.02609E+17,44,183,sl_FeeSched,16313,0,0,SUCCESS,2026-09-03T15:34:56.582Z,80483189-97f8-4d1d-8157-697e9a146982
2.02608E+17,2.02608E+17,118,,br_NewAdmissionAssessmentASAMDimension4,462,0,0,SUCCESS,2026-08-31T01:41:07.784Z,4b7273e0-0d54-485d-b4db-ed019a136434
2.02608E+17,2.02608E+17,118,,br_NewAdmissionAssessmentASAMDimension5,459,0,0,SUCCESS,2026-08-31T01:41:07.784Z,4b7273e0-0d54-485d-b4db-ed019a136434
2.02609E+17,2.02609E+17,119,,sl_NewAdmissionAssessmentASAMDimension4,467,0,0,SUCCESS,2026-09-02T14:06:36.313Z,ab787989-353e-4d3f-8e29-103715871a85
2.02609E+17,2.02609E+17,119,,sl_NewAdmissionAssessmentASAMDimension5,464,0,0,SUCCESS,2026-09-02T14:06:36.313Z,ab787989-353e-4d3f-8e29-103715871a85
2.02609E+17,2.02609E+17,44,183,sl_FeeSched,16313,0,0,SUCCESS,2026-09-03T17:11:11.770Z,19ce24cf-1d06-4393-80c8-2aba56f3390a
2.02609E+17,2.02609E+17,43,173,br_FeeSched,16313,0,0,SUCCESS,2026-09-03T17:10:28.812Z,19ce24cf-1d06-4393-80c8-2aba56f3390a
2.02609E+17,2.02609E+17,82,203,br_sf_users,476,475,0,SUCCESS,2026-09-04T11:55:57.706Z,6ab129c1-fb62-4518-bfad-8f6d8d29c3ca
2.02609E+17,2.02609E+17,82,203,br_sf_users,476,475,0,SUCCESS,2026-09-02T17:27:17.526Z,0d5be434-3f1a-4f4b-ae90-f0c48a55ec54
2.02609E+17,2.02609E+17,118,,br_NewAdmissionAssessmentASAMDimension4,467,0,0,SUCCESS,2026-09-02T14:04:55.062Z,ab787989-353e-4d3f-8e29-103715871a85
2.02609E+17,2.02609E+17,118,,br_NewAdmissionAssessmentASAMDimension5,464,0,0,SUCCESS,2026-09-02T14:04:55.062Z,ab787989-353e-4d3f-8e29-103715871a85
2.02609E+17,2.02609E+17,82,203,br_sf_users,476,475,0,SUCCESS,2026-09-03T11:30:45.466Z,b5204bb1-5640-4c52-9143-fe923aba5573
2.02609E+17,2.02609E+17,86,,sl_AdmissionAssessmentDimensionOneDisorder,53659,0,0,SUCCESS,2026-09-06T19:32:29.363Z,5cce37fd-5f38-41c5-90e1-d9efeb3bd245
2.02609E+17,2.02609E+17,86,,sl_AdmissionAssessmentDimensionOneDisorder,53659,0,0,SUCCESS,2026-09-03T21:02:17.250Z,48b34b87-69c2-467d-a88c-67aac910c539
2.02609E+17,2.02609E+17,86,,sl_AdmissionAssessmentDimensionOneDisorder,53621,0,0,SUCCESS,2026-09-02T21:31:30.291Z,c49685cc-3281-44bc-a1c2-3be5b1110999
2.02609E+17,2.02609E+17,86,,sl_AdmissionAssessmentDimensionOneDisorder,53621,0,0,SUCCESS,2026-09-03T12:16:14.213Z,8e54a6a2-7031-4831-b2c0-8c5ea7811246
2.02609E+17,2.02609E+17,86,,sl_AdmissionAssessmentDimensionOneDisorder,53659,0,0,SUCCESS,2026-09-05T19:33:19.126Z,a7cfa2a8-4e03-4cce-a64e-9a92e6e67f12
2.02609E+17,2.02609E+17,86,,sl_AdmissionAssessmentDimensionOneDisorder,53659,0,0,SUCCESS,2026-09-04T19:35:33.878Z,b1302ebd-57a3-42bd-9029-9a66dda6727d
2.02609E+17,2.02609E+17,86,,sl_AdmissionAssessmentDimensionTwo,51703,0,0,SUCCESS,2026-09-04T19:35:33.878Z,b1302ebd-57a3-42bd-9029-9a66dda6727d
2.02609E+17,2.02609E+17,86,,sl_AdmissionAssessmentDimensionOneDisorder,53621,0,0,SUCCESS,2026-09-03T14:05:58.180Z,ef652adf-cab1-42cd-a0bf-1cd03c8c16e7
2.02609E+17,2.02609E+17,86,,sl_AdmissionAssessmentDimensionTwo,51666,0,0,SUCCESS,2026-09-03T14:05:58.180Z,ef652adf-cab1-42cd-a0bf-1cd03c8c16e7
2.02609E+17,2.02609E+17,85,,br_AdmissionAssessmentDimensionOneDisorder,53621,0,0,SUCCESS,2026-09-02T21:29:28.630Z,c49685cc-3281-44bc-a1c2-3be5b1110999
2.02608E+17,2.02608E+17,85,,br_AdmissionAssessmentDimensionOneDisorder,53519,0,0,SUCCESS,2026-08-31T21:21:59.554Z,79f5b39e-d314-4ad3-8050-3ace553d67de
2.02608E+17,2.02608E+17,85,,br_AdmissionAssessmentDimensionOneDisorder,53464,0,0,SUCCESS,2026-08-29T20:58:53.536Z,dd7385f2-fbd4-41a4-afcd-7296aca5e198
2.02608E+17,2.02608E+13,100,13668,br_qq_gltran,0,0,0,SUCCESS,2026-08-31T14:16:52.953Z,a4313f80-ca41-4f61-a623-6667a2502fd6
2.02608E+17,2.02608E+17,85,,br_AdmissionAssessmentDimensionOneDisorder,53464,0,0,SUCCESS,2026-08-30T21:09:52.434Z,ba679216-ee2b-4344-afb9-134290faf502
2.02609E+17,2.02609E+17,86,,sl_AdmissionAssessmentDimensionOneDisorder,53659,0,0,SUCCESS,2026-09-07T19:33:40.857Z,fc48ec9c-d1b8-4775-bd67-583e82846e52
2.02609E+17,2.02609E+17,86,,sl_AdmissionAssessmentDimensionOneDisorder,53567,0,0,SUCCESS,2026-09-02T20:33:49.607Z,aa9f49a8-9ff8-4a6e-a263-7617045dadde
2.02608E+17,2.02608E+17,86,,sl_AdmissionAssessmentDimensionOneDisorder,53464,0,0,SUCCESS,2026-08-30T21:11:33.849Z,ba679216-ee2b-4344-afb9-134290faf502
2.02609E+17,2.02609E+17,85,,br_AdmissionAssessmentDimensionOneDisorder,53659,0,0,SUCCESS,2026-09-03T20:59:11.343Z,48b34b87-69c2-467d-a88c-67aac910c539
2.02609E+17,2.02609E+17,85,,br_AdmissionAssessmentDimensionOneDisorder,53567,0,0,SUCCESS,2026-09-01T21:20:10.445Z,0e5f68b5-5669-4bb1-91ce-4b967b620e7d
2.02609E+17,2.02609E+17,86,,sl_AdmissionAssessmentDimensionOneDisorder,53659,0,0,SUCCESS,2026-09-04T16:16:27.579Z,66e9e433-72b0-4c30-b0ea-7611d9608923
2.02608E+17,2.02608E+17,86,,sl_AdmissionAssessmentDimensionOneDisorder,53519,0,0,SUCCESS,2026-08-31T21:23:57.708Z,79f5b39e-d314-4ad3-8050-3ace553d67de
2.02609E+17,2.02609E+17,86,,sl_AdmissionAssessmentDimensionOneDisorder,53659,0,0,SUCCESS,2026-09-04T17:36:58.219Z,5652dc3b-8824-4606-a16d-f373dc1d2ada
2.02608E+17,2.02608E+17,86,,sl_AdmissionAssessmentDimensionOneDisorder,53464,0,0,SUCCESS,2026-08-29T21:00:40.374Z,dd7385f2-fbd4-41a4-afcd-7296aca5e198
2.02609E+17,2.02609E+17,86,,sl_AdmissionAssessmentDimensionOneDisorder,53567,0,0,SUCCESS,2026-09-01T21:22:07.209Z,0e5f68b5-5669-4bb1-91ce-4b967b620e7d
2.02608E+17,2.02608E+13,101,13669,sl_QQgltran,62232,0,0,SUCCESS,2026-08-31T13:15:44.055Z,2ec586ea-689b-4d60-a32b-0ce26aadbc29
2.02608E+17,2.02608E+13,101,13669,sl_QQgltran,62232,0,0,SUCCESS,2026-08-31T05:17:37.160Z,1c008b8f-6986-49fb-8a1e-935c0f7c97b8
2.02608E+17,2.02608E+13,101,13669,sl_QQgltran,62232,0,0,SUCCESS,2026-08-31T09:24:32.207Z,5c914870-1259-45db-8e01-071c49c2c48b
2.02608E+17,2.02608E+13,101,13669,sl_QQgltran,62232,0,0,SUCCESS,2026-08-31T12:17:22.548Z,d6010baf-6f49-48cb-b62b-42e03a1188a5
2.02608E+17,2.02608E+13,101,13669,sl_QQgltran,62232,0,0,SUCCESS,2026-08-31T11:02:34.075Z,cce5d437-9aff-454c-ac59-09fc8b76618b
2.02609E+17,2.02609E+13,101,13669,sl_QQgltran,16798,0,0,SUCCESS,2026-09-07T15:44:40.794Z,5697f28d-d34c-4ea1-97ba-86411f09cc26
2.02609E+17,2.02609E+13,101,13669,sl_QQgltran,17743,0,0,SUCCESS,2026-09-04T12:39:10.173Z,3d506aa0-0269-43eb-aec3-b5d371469503
2.02608E+17,2.02608E+13,101,13669,sl_QQgltran,62232,0,0,SUCCESS,2026-08-31T14:21:44.248Z,a4313f80-ca41-4f61-a623-6667a2502fd6
2.02608E+17,2.02608E+13,101,13669,sl_QQgltran,62232,0,0,SUCCESS,2026-08-31T14:34:34.940Z,fa4047d4-f27a-487b-936c-970d9787c3cb
2.02609E+17,2.02609E+13,101,13669,sl_QQgltran,17743,0,0,SUCCESS,2026-09-07T07:02:57.757Z,9f5bb09f-5148-427e-a670-091e051e6718
2.02609E+17,2.02609E+13,101,13669,sl_QQgltran,17743,0,0,SUCCESS,2026-09-07T06:17:34.844Z,a75ae2d8-c139-4f27-be77-19ed5feecca1
2.02609E+17,2.02609E+13,101,13669,sl_QQgltran,16798,0,0,SUCCESS,2026-09-07T14:55:23.896Z,ac5b8015-db8f-42f7-a7bf-bc43167fdd7f
2.02608E+17,2.02608E+13,101,13669,sl_QQgltran,62232,0,0,SUCCESS,2026-08-31T09:53:10.881Z,99ee6f68-ff7d-4d6b-900e-e5e0d7f1a4b2
2.02608E+17,2.02608E+13,101,13669,sl_QQgltran,62232,0,0,SUCCESS,2026-08-31T05:42:13.590Z,9256b474-7b69-4c66-a79f-19b103abc4c0
2.02608E+17,2.02608E+13,101,13669,sl_QQgltran,62232,0,0,SUCCESS,2026-08-31T10:10:50.286Z,9c46e6d2-bc29-486b-834a-5cb790eff166
2.02609E+17,2.02609E+13,101,13669,sl_QQgltran,51750,0,0,SUCCESS,2026-09-02T11:29:24.069Z,99713cf3-93d8-4ad6-9c4e-9dc07347860e
2.02609E+17,2.02609E+13,101,13669,sl_QQgltran,17743,0,0,SUCCESS,2026-09-07T05:06:36.166Z,f74a5d25-bd7c-423d-be43-4d097b916c61
2.02608E+17,2.02608E+13,101,13669,sl_QQgltran,62232,0,0,SUCCESS,2026-08-31T09:02:09.066Z,f9912f9a-df28-421c-976b-62650ae76af6
2.02608E+17,2.02608E+13,101,13669,sl_QQgltran,62232,0,0,SUCCESS,2026-08-31T08:02:11.343Z,cd211bd8-5ba0-4029-bfb0-d15791bb4716
2.02608E+17,2.02608E+13,101,13669,sl_QQgltran,61022,0,0,SUCCESS,2026-08-28T13:57:53.834Z,47a89ced-7b86-4b2a-bd89-db372bb485ec
2.02608E+17,2.02608E+13,101,13669,sl_QQgltran,62232,0,0,SUCCESS,2026-08-31T13:57:53.861Z,e8e82550-ed4c-4021-936a-26d7edfe3122
2.02609E+17,2.02609E+13,101,13669,sl_QQgltran,51750,0,0,SUCCESS,2026-09-02T12:11:11.220Z,8be66682-1794-4c68-b3dc-9ff94405c2fa
2.02608E+17,2.02608E+13,101,13669,sl_QQgltran,62232,0,0,SUCCESS,2026-08-31T11:24:18.029Z,27127f1f-7540-42fb-babc-8705f6188148
2.02608E+17,2.02608E+13,101,13669,sl_QQgltran,61022,0,0,SUCCESS,2026-08-28T11:05:57.614Z,5f5824ef-55ad-442d-8665-a73e613ea2bc
2.02609E+17,2.02609E+13,101,13669,sl_QQgltran,19053,0,0,SUCCESS,2026-09-08T06:39:13.211Z,e403e9f6-1206-49ac-bede-045a2ed95a50
2.02609E+17,2.02609E+13,101,13669,sl_QQgltran,19053,0,0,SUCCESS,2026-09-08T06:39:36.891Z,e403e9f6-1206-49ac-bede-045a2ed95a50
2.02609E+17,2.02607E+17,83,210,sl_sf_tasks,1075,0,0,SUCCESS,2026-09-04T13:34:17.480Z,bd9b2318-654e-4f3d-b09e-bcdf6b219232
2.02609E+17,2.02609E+13,101,13669,sl_QQgltran,16789,0,0,SUCCESS,2026-09-08T03:53:25.602Z,46a9a56e-0600-4598-9fca-db37b4a86652
2.02609E+17,2.02609E+13,101,13669,sl_QQgltran,19053,0,0,SUCCESS,2026-09-08T05:35:19.657Z,1af6f9c0-de07-46ce-9d94-4a023d844ee9
2.02608E+17,2.02608E+13,101,13669,sl_QQgltran,62232,0,0,SUCCESS,2026-08-31T10:32:55.446Z,09e49ee2-06d3-4d4e-bead-026bdae61ffd
2.02609E+17,2.02609E+13,101,13669,sl_QQgltran,62232,0,0,SUCCESS,2026-09-02T09:45:53.242Z,37c478d0-9f56-4e8a-8c38-be79ba66e3f9
2.02608E+17,2.02608E+13,101,13669,sl_QQgltran,62232,0,0,SUCCESS,2026-08-31T11:39:52.342Z,19c559af-f091-43f5-8c0f-1833bb34822b
2.02609E+17,2.02609E+17,83,210,sl_sf_tasks,1156,0,0,SUCCESS,2026-09-04T14:27:27.993Z,9d7b1c7e-8065-427d-99c7-89e3c8306b1f
2.02609E+17,2.02609E+13,101,13669,sl_QQgltran,16798,0,0,SUCCESS,2026-09-07T15:22:07.870Z,0460ec9f-7fac-46d5-9e9b-69695287cfbb
2.02608E+17,2.02608E+13,101,13669,sl_QQgltran,62232,0,0,SUCCESS,2026-08-31T13:40:52.838Z,07dd075b-5bf5-472f-9e55-115a32dc1362
2.02609E+17,2.02608E+17,83,210,sl_sf_tasks,1106,0,0,SUCCESS,2026-09-02T11:44:18.252Z,0b5a27da-5d48-4ed3-a9f4-1a7052a3fcea
2.02608E+17,2.02608E+13,101,13669,sl_QQgltran,61022,0,0,SUCCESS,2026-08-28T12:54:58.045Z,40ea0c42-ff24-4d7b-9f66-580dbb474a44
2.02609E+17,2.02609E+13,2,8,HourRegister,110273,0,0,SUCCESS,2026-09-03T09:54:13.688Z,530f48fa-89c6-4a87-9867-195a73ec044d
2.02609E+17,2.02609E+13,2,8,HourRegister,110272,0,0,SUCCESS,2026-09-01T09:52:41.359Z,29dcaaf1-2b1e-4c19-b23c-1ba74b3b8d3d
2.02609E+17,2.02609E+17,83,212,sl_sf_leads,103,0,0,SUCCESS,2026-09-04T14:28:43.343Z,9d7b1c7e-8065-427d-99c7-89e3c8306b1f
2.02609E+17,2.02609E+17,83,214,sl_sf_cases,804,0,0,SUCCESS,2026-09-04T14:30:16.770Z,9d7b1c7e-8065-427d-99c7-89e3c8306b1f
2.02609E+17,2.02609E+17,44,179,sl_Consents,459,0,0,SUCCESS,2026-09-03T13:48:57.404Z,dc09db6e-8a85-40c4-9b7f-e305f6845bee
2.02608E+17,2.02608E+13,134,13721,DailyCensus,9813,0,0,SUCCESS,2026-08-31T04:02:29.310Z,c3e41f3e-c233-4445-a786-d0d98a8613bd
2.02609E+17,2.02609E+17,43,169,br_CONSENTS,459,0,0,SUCCESS,2026-09-03T13:47:37.418Z,dc09db6e-8a85-40c4-9b7f-e305f6845bee
2.02609E+17,2.02609E+17,82,206,br_sf_cases,774,0,0,SUCCESS,2026-09-04T13:24:40.846Z,bd9b2318-654e-4f3d-b09e-bcdf6b219232
2.02609E+17,2.02608E+17,83,214,sl_sf_cases,704,0,0,SUCCESS,2026-09-02T11:46:38.574Z,0b5a27da-5d48-4ed3-a9f4-1a7052a3fcea
2.02609E+17,2.02607E+17,83,214,sl_sf_cases,774,0,0,SUCCESS,2026-09-04T13:36:59.534Z,bd9b2318-654e-4f3d-b09e-bcdf6b219232
2.02609E+17,2.02609E+17,43,169,br_CONSENTS,459,0,0,SUCCESS,2026-09-03T17:10:28.812Z,19ce24cf-1d06-4393-80c8-2aba56f3390a
2.02609E+17,2.02609E+17,43,169,br_CONSENTS,459,0,0,SUCCESS,2026-09-03T15:34:11.709Z,80483189-97f8-4d1d-8157-697e9a146982
2.02609E+17,2.02609E+17,82,206,br_sf_cases,704,0,0,SUCCESS,2026-09-02T11:36:23.805Z,0b5a27da-5d48-4ed3-a9f4-1a7052a3fcea
2.02609E+17,2.02608E+17,83,211,sl_sf_users,476,0,0,SUCCESS,2026-09-02T17:37:04.985Z,0d5be434-3f1a-4f4b-ae90-f0c48a55ec54
2.02608E+17,2.02608E+13,134,13721,DailyCensus,9813,0,0,SUCCESS,2026-08-31T12:29:53.425Z,73ab084e-6be8-4233-a81c-8f049414a380
2.02609E+17,2.02609E+17,44,179,sl_Consents,459,0,0,SUCCESS,2026-09-03T15:34:56.582Z,80483189-97f8-4d1d-8157-697e9a146982
2.02609E+17,2.02609E+17,82,206,br_sf_cases,736,0,0,SUCCESS,2026-09-04T12:00:22.995Z,6ab129c1-fb62-4518-bfad-8f6d8d29c3ca
2.02609E+17,2.02609E+17,82,206,br_sf_cases,812,0,0,SUCCESS,2026-09-03T11:33:13.596Z,b5204bb1-5640-4c52-9143-fe923aba5573
2.02609E+17,2.02609E+17,82,206,br_sf_cases,804,0,0,SUCCESS,2026-09-04T14:17:49.614Z,9d7b1c7e-8065-427d-99c7-89e3c8306b1f
2.02608E+17,2.02608E+13,134,13721,DailyCensus,9813,0,0,SUCCESS,2026-08-31T06:19:00.691Z,1de5cf99-6b82-4338-b3fe-396114f7957f
2.02609E+17,2.02609E+17,82,204,br_sf_leads,103,0,0,SUCCESS,2026-09-04T14:15:21.139Z,9d7b1c7e-8065-427d-99c7-89e3c8306b1f
2.02609E+17,2.02609E+17,44,179,sl_Consents,459,0,0,SUCCESS,2026-09-03T17:11:11.770Z,19ce24cf-1d06-4393-80c8-2aba56f3390a
2.02609E+17,2.02609E+13,4,30,br_8x8_Users,5734,0,0,SUCCESS,2026-09-03T10:56:33.354Z,b1e5c4ea-7b6d-4d5e-afa2-eb79e1fc8e31
2.02609E+17,2.02609E+13,4,30,br_8x8_Users,5734,0,0,SUCCESS,2026-09-03T09:52:45.007Z,ca12e9c4-4a93-49c2-9c07-d2cc84daa28e
2.02609E+17,2.02609E+13,5,33,sl_8x8_Users,5734,0,0,SUCCESS,2026-09-04T05:31:20.382Z,3f57caf8-008d-4dfc-9f5c-86252efb5d87
2.02609E+17,2.02609E+13,5,33,sl_8x8_Users,5734,0,0,SUCCESS,2026-09-04T03:28:24.326Z,12b3c6ab-e5be-412c-b011-b57e8d0c6fc9
2.02609E+17,2.02609E+13,4,30,br_8x8_Users,5734,0,0,SUCCESS,2026-09-04T03:56:59.229Z,31e1b716-f62d-4ff3-bba9-694a795445be
2.02609E+17,2.02609E+13,4,30,br_8x8_Users,5734,0,0,SUCCESS,2026-09-03T09:24:14.448Z,cf1e9d57-f844-4f2d-9009-5cc5d296754c
2.02609E+17,2.02609E+17,145,16131,sl_UASched,5605,0,0,SUCCESS,2026-09-08T12:53:33.640Z,c3383bb1-b723-4b3e-bec7-f60bc8b15ae7
2.02609E+17,2.02609E+13,4,30,br_8x8_Users,5740,0,0,SUCCESS,2026-09-07T05:50:20.880Z,3f0f0a05-879c-4e22-8cc2-b9ae0748727e
2.02609E+17,2.02609E+13,5,33,sl_8x8_Users,5734,0,0,SUCCESS,2026-09-03T11:25:19.555Z,c4ca1c69-cc05-4d3c-afe4-e43ce3ff741a
2.02609E+17,2.02609E+13,5,33,sl_8x8_Users,5734,0,0,SUCCESS,2026-09-03T11:00:42.845Z,b1e5c4ea-7b6d-4d5e-afa2-eb79e1fc8e31
2.02609E+17,2.02609E+13,5,33,sl_8x8_Users,5740,0,0,SUCCESS,2026-09-07T11:15:22.440Z,027bd594-9340-457f-99dc-6a9fea5cf33a
2.02609E+17,2.02609E+13,4,30,br_8x8_Users,5734,0,0,SUCCESS,2026-09-04T06:14:16.298Z,963356ac-0db4-498c-8882-cac150b60200
2.02609E+17,2.02609E+13,4,30,br_8x8_Users,5734,0,0,SUCCESS,2026-09-04T03:24:09.237Z,12b3c6ab-e5be-412c-b011-b57e8d0c6fc9
2.02609E+17,2.02609E+13,5,33,sl_8x8_Users,5734,0,0,SUCCESS,2026-09-03T10:35:41.490Z,96a98cf2-5c7e-485f-a552-00977e127934
2.02609E+17,2.02609E+13,5,33,sl_8x8_Users,5734,0,0,SUCCESS,2026-09-04T05:08:57.520Z,e11ef06b-c1de-441e-a960-c4d69538ddc8
2.02609E+17,2.02609E+13,5,33,sl_8x8_Users,5734,0,0,SUCCESS,2026-09-04T04:00:42.983Z,31e1b716-f62d-4ff3-bba9-694a795445be
2.02609E+17,2.02609E+13,5,33,sl_8x8_Users,5734,0,0,SUCCESS,2026-09-04T04:48:22.185Z,3c46989a-54ba-4803-b6fb-36a771acc2ba
2.02609E+17,2.02609E+13,4,30,br_8x8_Users,5734,0,0,SUCCESS,2026-09-04T06:32:31.586Z,5c90ec33-5130-4875-a415-66abc3f2b4d7
2.02609E+17,2.02609E+13,5,33,sl_8x8_Users,5734,0,0,SUCCESS,2026-09-03T09:28:19.262Z,cf1e9d57-f844-4f2d-9009-5cc5d296754c
2.02609E+17,2.02609E+13,5,33,sl_8x8_Users,5740,0,0,SUCCESS,2026-09-07T05:54:25.999Z,3f0f0a05-879c-4e22-8cc2-b9ae0748727e
2.02609E+17,2.02609E+13,5,33,sl_8x8_Users,5734,0,0,SUCCESS,2026-09-03T09:56:52.736Z,ca12e9c4-4a93-49c2-9c07-d2cc84daa28e
2.02609E+17,2.02609E+13,5,33,sl_8x8_Users,5740,0,0,SUCCESS,2026-09-07T08:28:37.635Z,9f92c221-d408-4dd5-be42-4448e89cdc8e
2.02609E+17,2.02609E+13,5,33,sl_8x8_Users,5740,0,0,SUCCESS,2026-09-07T10:38:29.544Z,c4acfd08-71e9-4988-a88c-bd601c12a9c9
2.02609E+17,2.02609E+13,4,30,br_8x8_Users,5734,0,0,SUCCESS,2026-09-03T11:21:03.876Z,c4ca1c69-cc05-4d3c-afe4-e43ce3ff741a
2.02609E+17,2.02609E+13,4,30,br_8x8_Users,5734,0,0,SUCCESS,2026-09-03T10:31:44.158Z,96a98cf2-5c7e-485f-a552-00977e127934
2.02609E+17,2.02609E+13,5,33,sl_8x8_Users,5734,0,0,SUCCESS,2026-09-04T03:32:38.499Z,b24cabb8-10e7-4f71-8dfa-a5afc839e4b1
2.02609E+17,2.02609E+13,5,33,sl_8x8_Users,5740,0,0,SUCCESS,2026-09-07T11:45:01.636Z,fad71b32-32ff-4d58-a1b8-e4782a9be879
2.02609E+17,2.02609E+13,82,202,br_sf_tasks,1334,617,0,SUCCESS,2026-09-04T16:07:26.117Z,7a604b07-1e27-4ff8-bd86-1860fd5608a2
2.02609E+17,2.02609E+17,82,204,br_sf_leads,87,0,0,SUCCESS,2026-09-03T11:31:19.151Z,b5204bb1-5640-4c52-9143-fe923aba5573
2.02609E+17,2.02608E+17,84,6811,OutboundSMS,0,0,0,SUCCESS,2026-09-02T17:54:09.867Z,0d5be434-3f1a-4f4b-ae90-f0c48a55ec54
2.02609E+17,2.02609E+17,82,204,br_sf_leads,81,0,0,SUCCESS,2026-09-04T11:57:00.745Z,6ab129c1-fb62-4518-bfad-8f6d8d29c3ca
2.02609E+17,2.02608E+17,84,6811,OutboundSMS,0,0,0,SUCCESS,2026-09-04T16:32:24.061Z,7a604b07-1e27-4ff8-bd86-1860fd5608a2
2.02609E+17,2.02609E+13,142,13757,sl_DSOData,5125,0,0,SUCCESS,2026-09-03T07:25:32.462Z,f61fb4c5-0d31-4954-8aac-d0c2d48f9dc90
2.02609E+17,2.02608E+17,83,212,sl_sf_leads,85,0,0,SUCCESS,2026-09-02T11:45:12.160Z,0b5a27da-5d48-4ed3-a9f4-1a7052a3fcea
2.02609E+17,2.02609E+13,142,13757,sl_DSOData,5125,0,0,SUCCESS,2026-09-03T07:58:00.315Z,f61fb4c5-0d31-4954-8aac-d0c2d48f9dc90
2.02609E+17,2.02608E+17,84,6811,OutboundSMS,0,0,0,SUCCESS,2026-09-04T13:46:43.984Z,bd9b2318-654e-4f3d-b09e-bcdf6b219232
2.02609E+17,2.02609E+17,82,204,br_sf_leads,85,0,0,SUCCESS,2026-09-02T11:35:24.436Z,0b5a27da-5d48-4ed3-a9f4-1a7052a3fcea
2.02608E+17,2.02607E+17,82,204,br_sf_leads,45,0,0,SUCCESS,2026-08-28T10:50:39.224Z,2b16353c-bcd4-48d1-8db2-5f7768416428
2.02609E+17,2.02608E+17,84,6811,OutboundSMS,0,0,0,SUCCESS,2026-09-04T12:28:06.863Z,6ab129c1-fb62-4518-bfad-8f6d8d29c3ca
2.02609E+17,2.02609E+13,142,13757,sl_DSOData,7451,0,0,SUCCESS,2026-09-03T07:53:13.629Z,f61fb4c5-0d31-4954-8aac-d0c2d48f9dc90
2.02609E+17,2.02608E+17,84,6811,OutboundSMS,0,0,0,SUCCESS,2026-09-03T11:50:55.066Z,b5204bb1-5640-4c52-9143-fe923aba5573
2.02609E+17,2.02609E+17,82,204,br_sf_leads,81,0,0,SUCCESS,2026-09-04T13:22:23.299Z,bd9b2318-654e-4f3d-b09e-bcdf6b219232
2.02608E+17,2.02608E+17,84,6811,OutboundSMS,0,0,0,SUCCESS,2026-08-28T10:32:20.508Z,3d84b3b4-01e9-4004-b383-1c54ba72a558
2.02609E+17,2.02607E+17,83,212,sl_sf_leads,81,0,0,SUCCESS,2026-09-04T13:35:33.823Z,bd9b2318-654e-4f3d-b09e-bcdf6b219232
2.02609E+17,2.02608E+17,84,6811,OutboundSMS,0,0,0,SUCCESS,2026-09-04T14:44:13.051Z,9d7b1c7e-8065-427d-99c7-89e3c8306b1f
2.02609E+17,2.02608E+17,84,6811,OutboundSMS,0,0,0,SUCCESS,2026-09-02T11:53:28.372Z,0b5a27da-5d48-4ed3-a9f4-1a7052a3fcea
2.02609E+17,2.02609E+13,82,207,br_sf_events,0,0,0,SUCCESS,2026-09-04T16:11:19.249Z,7a604b07-1e27-4ff8-bd86-1860fd5608a2
2.02609E+17,2.02609E+13,83,215,sl_sf_events,1,0,0,SUCCESS,2026-09-04T16:23:34.784Z,7a604b07-1e27-4ff8-bd86-1860fd5608a2
2.02609E+17,2.02609E+13,1,14,br_Locations,182,0,0,SUCCESS,2026-09-03T09:25:06.708Z,26f8b062-6777-48e7-8814-d84ed71c9ad6
2.02609E+17,2.02609E+13,1,14,br_Locations,182,0,0,SUCCESS,2026-09-01T09:48:30.887Z,29dcaaf1-2b1e-4c19-b23c-1ba74b3b8d3d
2.02609E+17,2.02609E+13,1,14,br_Locations,182,0,0,SUCCESS,2026-09-04T06:07:32.084Z,d460889e-8832-4fc7-827e-e27003a5b114
2.02609E+17,2.02609E+17,82,204,br_sf_leads,0,0,0,SUCCESS,2026-09-02T17:28:13.024Z,0d5be434-3f1a-4f4b-ae90-f0c48a55ec54
2.02609E+17,2.02608E+17,83,214,sl_sf_cases,0,0,0,SUCCESS,2026-09-04T12:13:09.418Z,6ab129c1-fb62-4518-bfad-8f6d8d29c3ca
2.02609E+17,2.02608E+17,84,220,stgContacts,0,0,0,SUCCESS,2026-09-03T11:46:38.659Z,b5204bb1-5640-4c52-9143-fe923aba5573
2.02609E+17,2.02608E+17,83,212,sl_sf_leads,0,0,0,SUCCESS,2026-09-02T17:37:21.538Z,0d5be434-3f1a-4f4b-ae90-f0c48a55ec54
2.02609E+17,2.02608E+17,84,220,stgContacts,0,0,0,SUCCESS,2026-09-02T17:46:02.983Z,0d5be434-3f1a-4f4b-ae90-f0c48a55ec54
2.02609E+17,2.02609E+17,119,,sl_NewPeriodicReassessmentCounselorReview,2875,0,0,SUCCESS,2026-09-02T05:29:13.250Z,2b09f1a0-2915-47dd-851e-cacf6613827d
2.02609E+17,2.02609E+17,83,211,sl_sf_users,0,0,0,SUCCESS,2026-09-04T14:27:58.990Z,9d7b1c7e-8065-427d-99c7-89e3c8306b1f
2.02609E+17,2.02608E+17,83,211,sl_sf_users,0,0,0,SUCCESS,2026-09-03T11:41:59.096Z,b5204bb1-5640-4c52-9143-fe923aba5573
2.02608E+17,2.02608E+17,139,13747,sl_Orders,3640161,0,0,SUCCESS,2026-08-29T14:26:33.636Z,551cb7cb-a268-4bd7-90d9-8e186f18f04b
2.02609E+17,2.02608E+17,83,214,sl_sf_cases,0,0,0,SUCCESS,2026-09-02T17:38:23.791Z,0d5be434-3f1a-4f4b-ae90-f0c48a55ec54
2.02609E+17,2.02609E+13,142,13757,sl_DSOData,630,0,0,SUCCESS,2026-09-07T07:10:53.025Z,f61fb4c5-0d31-4954-8aac-d0c2d48f9dc90
2.02609E+17,2.02608E+17,84,220,stgContacts,0,0,0,SUCCESS,2026-09-04T16:27:38.116Z,7a604b07-1e27-4ff8-bd86-1860fd5608a2
2.02609E+17,2.02608E+17,84,220,stgContacts,0,0,0,SUCCESS,2026-09-04T14:36:11.418Z,9d7b1c7e-8065-427d-99c7-89e3c8306b1f
2.02609E+17,2.02608E+17,84,220,stgContacts,0,0,0,SUCCESS,2026-09-04T12:20:51.895Z,6ab129c1-fb62-4518-bfad-8f6d8d29c3ca
2.02609E+17,2.02608E+17,84,220,stgContacts,0,0,0,SUCCESS,2026-09-04T13:42:03.183Z,bd9b2318-654e-4f3d-b09e-bcdf6b219232
2.02609E+17,2.02607E+17,83,211,sl_sf_users,0,0,0,SUCCESS,2026-09-04T13:34:46.431Z,bd9b2318-654e-4f3d-b09e-bcdf6b219232
2.02609E+17,2.02608E+17,83,212,sl_sf_leads,0,0,0,SUCCESS,2026-09-03T11:42:16.101Z,b5204bb1-5640-4c52-9143-fe923aba5573
2.02609E+17,2.02609E+17,97,,br_samms_new_discharge_transfer_plan_form,15792,0,0,SUCCESS,2026-09-03T18:15:19.819Z,94249231-24a1-492e-97bf-dcd504ea599a
2.02608E+17,2.02608E+17,119,,sl_NewPeriodicReassessmentCounselorReview,2869,0,0,SUCCESS,2026-08-31T01:42:39.343Z,4b7273e0-0d54-485d-b4db-ed019a136434
2.02609E+17,2.02608E+17,83,214,sl_sf_cases,0,0,0,SUCCESS,2026-09-03T11:42:52.407Z,b5204bb1-5640-4c52-9143-fe923aba5573
2.02609E+17,2.02608E+17,83,212,sl_sf_leads,0,0,0,SUCCESS,2026-09-04T12:11:43.045Z,6ab129c1-fb62-4518-bfad-8f6d8d29c3ca
2.02609E+17,2.02609E+13,82,203,br_sf_users,476,475,0,SUCCESS,2026-09-04T16:07:56.541Z,7a604b07-1e27-4ff8-bd86-1860fd5608a2
2.02608E+17,2.02608E+17,139,13747,sl_Orders,3640161,0,0,SUCCESS,2026-08-31T03:34:03.001Z,a6a1b08e-82df-4f99-a849-8253f3b4c81f
2.02609E+17,2.02608E+17,83,210,sl_sf_tasks,0,0,0,SUCCESS,2026-09-04T12:10:56.563Z,6ab129c1-fb62-4518-bfad-8f6d8d29c3ca
2.02608E+17,2.02608E+17,84,220,stgContacts,0,0,0,SUCCESS,2026-08-28T10:28:18.840Z,3d84b3b4-01e9-4004-b383-1c54ba72a558
2.02609E+17,2.02608E+17,83,210,sl_sf_tasks,0,0,0,SUCCESS,2026-09-02T17:36:20.244Z,0d5be434-3f1a-4f4b-ae90-f0c48a55ec54
2.02609E+17,2.02609E+17,82,202,br_sf_tasks,0,0,0,SUCCESS,2026-09-02T17:26:09.221Z,0d5be434-3f1a-4f4b-ae90-f0c48a55ec54
2.02609E+17,2.02609E+17,119,,sl_NewPeriodicReassessmentCounselorReview,2875,0,0,SUCCESS,2026-09-02T10:22:06.876Z,ebc2f5e5-b7e4-40cf-8b56-f009f5871937
2.02609E+17,2.02608E+17,83,210,sl_sf_tasks,0,0,0,SUCCESS,2026-09-03T11:41:31.218Z,b5204bb1-5640-4c52-9143-fe923aba5573
2.02609E+17,2.02609E+17,82,206,br_sf_cases,0,0,0,SUCCESS,2026-09-02T17:28:51.507Z,0d5be434-3f1a-4f4b-ae90-f0c48a55ec54
2.02609E+17,2.02608E+17,83,211,sl_sf_users,0,0,0,SUCCESS,2026-09-04T12:11:21.836Z,6ab129c1-fb62-4518-bfad-8f6d8d29c3ca
2.02609E+17,2.02609E+13,1,16,br_Positions,10,0,0,SUCCESS,2026-09-01T09:26:07.950Z,c46e47f1-7e0c-46c6-93e3-7d17cbc17d55
2.02609E+17,2.02609E+13,1,3,br_OrgLevels,214,0,0,SUCCESS,2026-09-04T06:04:59.368Z,d460889e-8832-4fc7-827e-e27003a5b114
2.02609E+17,2.02609E+13,1,16,br_Positions,10,0,0,SUCCESS,2026-09-03T09:26:05.718Z,26f8b062-6777-48e7-8814-d84ed71c9ad6
2.02609E+17,2.02609E+13,1,16,br_Positions,10,0,0,SUCCESS,2026-09-04T06:08:29.699Z,d460889e-8832-4fc7-827e-e27003a5b114
2.02609E+17,2.02609E+13,1,3,br_OrgLevels,214,0,0,SUCCESS,2026-09-01T09:22:37.846Z,c46e47f1-7e0c-46c6-93e3-7d17cbc17d55
2.02609E+17,2.02609E+13,1,3,br_OrgLevels,214,0,0,SUCCESS,2026-09-03T09:22:43.296Z,26f8b062-6777-48e7-8814-d84ed71c9ad6
2.02609E+17,2.02609E+13,100,13668,br_qq_gltran,0,0,0,FAILED,2026-09-07T14:42:14.935Z,2764fae6-2535-4feb-ba5c-fc2875d2d15d
2.02609E+17,2.02608E+13,100,13668,br_qq_gltran,0,0,0,FAILED,2026-09-07T06:57:10.981Z,9f5bb09f-5148-427e-a670-091e051e6718
2.02609E+17,2.02609E+17,118,,br_NewPeriodicReassessmentCounselorReview,573,0,0,SUCCESS,2026-09-02T10:19:52.396Z,ebc2f5e5-b7e4-40cf-8b56-f009f5871937
2.02608E+17,2.02608E+13,132,13706,MissedDoses,0,0,0,SUCCESS,2026-08-28T12:09:37.449Z,e752845a-2a63-48ca-b4ef-ba7a68ece0b6
2.02608E+17,2.02608E+13,132,13706,MissedDoses,0,0,0,SUCCESS,2026-08-30T08:18:26.506Z,8cf8f378-16db-4eda-8552-9c6ae683939d
2.02608E+17,2.02608E+17,118,,br_NewPeriodicReassessmentCounselorReview,567,0,0,SUCCESS,2026-08-31T01:41:07.784Z,4b7273e0-0d54-485d-b4db-ed019a136434
2.02609E+17,2.02608E+13,100,13668,br_qq_gltran,0,0,0,FAILED,2026-09-07T06:11:18.172Z,a75ae2d8-c139-4f27-be77-19ed5feecca1
2.02609E+17,2.02608E+13,134,13721,DailyCensus,0,0,0,SUCCESS,2026-09-02T08:50:56.351Z,a248cb53-4f30-44b6-ac15-5cdc6c387758
2.02609E+17,2.02609E+13,132,13706,MissedDoses,0,0,0,SUCCESS,2026-09-01T06:51:54.000Z,f386ddbf-c5af-4242-bf29-5f60b1e71ecf
2.02609E+17,2.02608E+13,100,13668,br_qq_gltran,0,0,0,FAILED,2026-09-07T08:13:58.539Z,f205c31d-a56d-4c82-909d-d1cc597f1efb
2.02609E+17,2.02609E+13,100,13668,br_qq_gltran,0,0,0,FAILED,2026-09-08T06:11:40.515Z,c2aec021-343a-4386-9d16-76ad553ccc83
2.02609E+17,2.02609E+17,118,,br_NewPeriodicReassessmentCounselorReview,573,0,0,SUCCESS,2026-09-02T05:27:40.872Z,2b09f1a0-2915-47dd-851e-cacf6613827d
2.02609E+17,2.02609E+13,100,13668,br_qq_gltran,0,0,0,FAILED,2026-09-07T05:25:01.918Z,11881138-e193-4401-91c9-28193ebd1a8a
2.02608E+17,2.02608E+13,132,13706,MissedDoses,0,0,0,SUCCESS,2026-08-30T09:29:22.141Z,d0826a4c-ff98-435d-adfd-e339a02d1b06
2.02609E+17,2.02609E+17,119,,sl_NewPeriodicReassessmentCounselorReview,574,0,0,SUCCESS,2026-09-02T14:06:36.313Z,ab787989-353e-4d3f-8e29-103715871a85
2.02609E+17,2.02609E+13,100,13668,br_qq_gltran,0,0,0,FAILED,2026-09-08T06:11:12.628Z,c2aec021-343a-4386-9d16-76ad553ccc83
2.02609E+17,2.02609E+17,118,,br_NewPeriodicReassessmentCounselorReview,574,0,0,SUCCESS,2026-09-02T14:04:55.062Z,ab787989-353e-4d3f-8e29-103715871a85
2.02608E+17,2.02608E+13,134,13721,DailyCensus,0,0,0,SUCCESS,2026-08-31T05:32:15.725Z,648551aa-4be1-43d5-9996-5e68064cace6
2.02609E+17,2.02609E+13,100,13668,br_qq_gltran,0,0,0,FAILED,2026-09-07T08:46:28.815Z,49061cae-9c41-49bf-8a9d-5bcf8fc7e716
2.02609E+17,2.02608E+13,100,13668,br_qq_gltran,0,0,0,FAILED,2026-09-07T07:40:03.350Z,9157f2d0-670d-4802-8929-0872c51356e9
2.02609E+17,2.02609E+17,119,,sl_NewPeriodicReassessmentCounselorReview,573,0,0,SUCCESS,2026-09-02T11:31:13.005Z,a7050713-a175-4eb1-950e-06e41274b859
2.02609E+17,2.02609E+13,83,210,sl_sf_tasks,1334,0,0,SUCCESS,2026-09-04T16:20:25.616Z,7a604b07-1e27-4ff8-bd86-1860fd5608a2
2.02609E+17,2.02609E+17,118,,br_NewPeriodicReassessmentCounselorReview,573,0,0,SUCCESS,2026-09-02T11:30:02.776Z,a7050713-a175-4eb1-950e-06e41274b859
2.02609E+17,2.02609E+13,82,204,br_sf_leads,104,0,0,SUCCESS,2026-09-04T16:08:25.960Z,7a604b07-1e27-4ff8-bd86-1860fd5608a2
2.02609E+17,2.02609E+13,83,212,sl_sf_leads,104,0,0,SUCCESS,2026-09-04T16:21:35.337Z,7a604b07-1e27-4ff8-bd86-1860fd5608a2
2.02609E+17,2.02609E+13,83,214,sl_sf_cases,869,0,0,SUCCESS,2026-09-04T16:22:59.184Z,7a604b07-1e27-4ff8-bd86-1860fd5608a2
2.02609E+17,2.02609E+13,82,206,br_sf_cases,869,0,0,SUCCESS,2026-09-04T16:10:51.060Z,7a604b07-1e27-4ff8-bd86-1860fd5608a2
2.02609E+17,2.02609E+13,1,2,br_TermCodes,4,0,0,SUCCESS,2026-09-04T06:04:28.224Z,d460889e-8832-4fc7-827e-e27003a5b114
2.02609E+17,2.02609E+13,1,2,br_TermCodes,4,0,0,SUCCESS,2026-09-03T09:22:08.672Z,26f8b062-6777-48e7-8814-d84ed71c9ad6
2.02609E+17,2.02609E+13,1,2,br_TermCodes,4,0,0,SUCCESS,2026-09-01T09:21:34.527Z,c46e47f1-7e0c-46c6-93e3-7d17cbc17d55
2.02608E+17,2.02608E+13,134,13715,Duplicates,3015,0,0,SUCCESS,2026-08-31T03:59:36.269Z,c3e41f3e-c233-4445-a786-d0d98a8613bd
2.02609E+17,2.02609E+13,134,13715,Duplicates,3015,0,0,SUCCESS,2026-09-03T11:58:24.854Z,1426a45f-7ba5-45f5-b808-280584111092
2.02608E+17,2.02608E+13,134,13715,Duplicates,3015,0,0,SUCCESS,2026-08-31T12:27:51.454Z,73ab084e-6be8-4233-a81c-8f049414a380
2.02609E+17,2.02609E+17,144,14994,br_UASched,198,0,75,FAILED,2026-09-08T12:53:03.506Z,c3383bb1-b723-4b3e-bec7-f60bc8b15ae7
2.02608E+17,2.02608E+13,102,13670,QQgltran,14432042,0,19984,SUCCESS,2026-08-31T13:22:49.333Z,2ec586ea-689b-4d60-a32b-0ce26aadbc29
2.02608E+17,2.02608E+13,102,13670,QQgltran,14432042,0,19984,SUCCESS,2026-08-31T05:46:44.121Z,9256b474-7b69-4c66-a79f-19b103abc4c0
2.02608E+17,2.02608E+13,102,13670,QQgltran,14432042,0,19984,SUCCESS,2026-08-31T10:38:37.788Z,09e49ee2-06d3-4d4e-bead-026bdae61ffd
2.02609E+17,2.02609E+17,98,,tbl_TakeHomeAgreementandDiversionControl,17075,0,0,SUCCESS,2026-09-03T18:15:54.407Z,94249231-24a1-492e-97bf-dcd504ea599a
2.02609E+17,2.02609E+13,102,13670,QQgltran,14432042,0,19984,SUCCESS,2026-09-02T09:51:24.243Z,37c478d0-9f56-4e8a-8c38-be79ba66e3f9
2.02608E+17,2.02608E+13,102,13670,QQgltran,14432042,0,19984,SUCCESS,2026-08-31T09:29:40.328Z,5c914870-1259-45db-8e01-071c49c2c48b
2.02608E+17,2.02608E+13,102,13670,QQgltran,14432042,0,19984,SUCCESS,2026-08-31T08:06:23.981Z,cd211bd8-5ba0-4029-bfb0-d15791bb4716
2.02608E+17,2.02608E+13,102,13670,QQgltran,14432042,0,19984,SUCCESS,2026-08-31T10:16:03.480Z,9c46e6d2-bc29-486b-834a-5cb790eff166
2.02609E+17,2.02609E+13,102,13670,QQgltran,14439401,0,19984,SUCCESS,2026-09-02T11:34:31.306Z,99713cf3-93d8-4ad6-9c4e-9dc07347860e
2.02609E+17,2.02609E+13,102,13670,QQgltran,14439401,0,19984,SUCCESS,2026-09-02T12:17:31.607Z,8be66682-1794-4c68-b3dc-9ff94405c2fa
2.02608E+17,2.02608E+13,102,13670,QQgltran,14432042,0,19984,SUCCESS,2026-08-31T12:37:30.036Z,0da6e75e-5a69-4862-a340-cdd568a9c764
2.02608E+17,2.02608E+13,102,13670,QQgltran,14432042,0,19984,SUCCESS,2026-08-31T14:03:07.727Z,e8e82550-ed4c-4021-936a-26d7edfe3122
2.02608E+17,2.02608E+13,102,13670,QQgltran,14432042,0,19984,SUCCESS,2026-08-31T14:40:32.015Z,fa4047d4-f27a-487b-936c-970d9787c3cb
2.02608E+17,2.02608E+13,102,13670,QQgltran,14432042,0,19984,SUCCESS,2026-08-31T13:46:21.306Z,07dd075b-5bf5-472f-9e55-115a32dc1362
2.02609E+17,2.02609E+13,102,13670,QQgltran,14432042,0,19984,SUCCESS,2026-09-02T10:34:13.384Z,0bac3e96-9d2f-4fc3-a6af-cb22f235b46a
2.02609E+17,2.02609E+13,142,13757,sl_DSOData,5125,0,1,FAILED,2026-09-03T07:43:55.182Z,f61fb4c5-0d31-4954-8aac-d0c2d48f9dc90
2.02608E+17,2.02608E+13,102,13670,QQgltran,14432042,0,19984,SUCCESS,2026-08-31T09:57:39.492Z,99ee6f68-ff7d-4d6b-900e-e5e0d7f1a4b2
2.02609E+17,2.02609E+13,142,13757,sl_DSOData,5125,0,1,FAILED,2026-09-03T07:47:29.782Z,f61fb4c5-0d31-4954-8aac-d0c2d48f9dc90
2.02608E+17,2.02608E+13,102,13670,QQgltran,14432042,0,19984,SUCCESS,2026-08-31T11:44:42.923Z,19c559af-f091-43f5-8c0f-1833bb34822b
2.02608E+17,2.02608E+13,102,13670,QQgltran,14432042,0,19984,SUCCESS,2026-08-31T09:08:06.621Z,f9912f9a-df28-421c-976b-62650ae76af6
2.02609E+17,2.02609E+13,83,211,sl_sf_users,0,0,0,SUCCESS,2026-09-04T16:20:51.855Z,7a604b07-1e27-4ff8-bd86-1860fd5608a2
2.02608E+17,2.02608E+17,84,217,RecordType,0,0,0,SUCCESS,2026-08-28T10:27:31.196Z,3d84b3b4-01e9-4004-b383-1c54ba72a558
2.02609E+17,2.02608E+17,84,217,RecordType,0,0,0,SUCCESS,2026-09-04T14:35:11.359Z,9d7b1c7e-8065-427d-99c7-89e3c8306b1f
2.02609E+17,2.02608E+17,84,217,RecordType,0,0,0,SUCCESS,2026-09-04T12:19:17.427Z,6ab129c1-fb62-4518-bfad-8f6d8d29c3ca
2.02609E+17,2.02608E+17,84,217,RecordType,0,0,0,SUCCESS,2026-09-04T16:26:53.030Z,7a604b07-1e27-4ff8-bd86-1860fd5608a2
2.02609E+17,2.02608E+17,84,217,RecordType,0,0,0,SUCCESS,2026-09-04T13:41:16.068Z,bd9b2318-654e-4f3d-b09e-bcdf6b219232
2.02609E+17,2.02608E+17,84,217,RecordType,0,0,0,SUCCESS,2026-09-03T11:45:51.425Z,b5204bb1-5640-4c52-9143-fe923aba5573
2.02609E+17,2.02608E+17,84,217,RecordType,0,0,0,SUCCESS,2026-09-02T17:42:28.580Z,0d5be434-3f1a-4f4b-ae90-f0c48a55ec54
2.02609E+17,2.02608E+17,84,217,RecordType,0,0,0,SUCCESS,2026-09-02T11:49:35.383Z,0b5a27da-5d48-4ed3-a9f4-1a7052a3fcea
2.02609E+17,2.02609E+13,1,1,br_JobCodes,299,0,0,SUCCESS,2026-09-01T09:21:06.940Z,c46e47f1-7e0c-46c6-93e3-7d17cbc17d55
2.02609E+17,2.02609E+13,1,1,br_JobCodes,299,0,0,SUCCESS,2026-09-04T06:03:03.916Z,d460889e-8832-4fc7-827e-e27003a5b114
2.02609E+17,2.02609E+13,1,1,br_JobCodes,299,0,0,SUCCESS,2026-09-03T09:20:56.947Z,26f8b062-6777-48e7-8814-d84ed71c9ad6
2.02609E+17,2.02608E+13,134,13715,Duplicates,0,0,0,SUCCESS,2026-09-02T08:49:53.505Z,a248cb53-4f30-44b6-ac15-5cdc6c387758
2.02608E+17,2.02608E+13,134,13715,Duplicates,0,0,0,SUCCESS,2026-08-31T05:31:00.637Z,648551aa-4be1-43d5-9996-5e68064cace6
2.02609E+17,2.02609E+13,142,13757,sl_DSOData,0,0,1,FAILED,2026-09-03T07:00:09.381Z,f61fb4c5-0d31-4954-8aac-d0c2d48f9dc90
2.02609E+17,2.02609E+13,142,13757,sl_DSOData,0,0,1,FAILED,2026-09-03T07:14:41.802Z,f61fb4c5-0d31-4954-8aac-d0c2d48f9dc90
2.02609E+17,2.02609E+13,142,13757,sl_DSOData,0,0,1,FAILED,2026-09-07T07:07:32.957Z,f61fb4c5-0d31-4954-8aac-d0c2d48f9dc90
2.02609E+17,2.02609E+13,142,13757,sl_DSOData,0,0,1,FAILED,2026-09-03T07:19:29.227Z,f61fb4c5-0d31-4954-8aac-d0c2d48f9dc90
2.02608E+17,2.02608E+17,119,,sl_NewAdmissionAssessmentASAMDimension2,1272,0,0,SUCCESS,2026-08-31T01:42:39.343Z,4b7273e0-0d54-485d-b4db-ed019a136434
2.02609E+17,2.02609E+17,119,,sl_NewAdmissionAssessmentASAMDimension2,1277,0,0,SUCCESS,2026-09-02T05:29:13.250Z,2b09f1a0-2915-47dd-851e-cacf6613827d
2.02609E+17,2.02609E+17,119,,sl_NewAdmissionAssessmentASAMDimension4,1285,0,0,SUCCESS,2026-09-02T10:22:06.876Z,ebc2f5e5-b7e4-40cf-8b56-f009f5871937
2.02609E+17,2.02609E+17,119,,sl_NewAdmissionAssessmentASAMDimension5,1278,0,0,SUCCESS,2026-09-02T05:29:13.250Z,2b09f1a0-2915-47dd-851e-cacf6613827d
2.02609E+17,2.02609E+17,18,51002,br_Orders,0,0,0,SUCCESS,2026-09-01T10:56:40.401Z,328316bf-c54a-4380-9fd7-d644d5fc41c8
2.02609E+17,2.02609E+17,18,51001,br_Orders,0,0,0,SUCCESS,2026-09-01T10:56:40.401Z,328316bf-c54a-4380-9fd7-d644d5fc41c8
2.02609E+17,2.02609E+17,119,,sl_NewAdmissionAssessmentASAMDimension2,1277,0,0,SUCCESS,2026-09-02T10:22:06.876Z,ebc2f5e5-b7e4-40cf-8b56-f009f5871937
2.02609E+17,2.02609E+17,119,,sl_NewAdmissionAssessmentASAMDimension6,1310,0,0,SUCCESS,2026-09-02T05:29:13.250Z,2b09f1a0-2915-47dd-851e-cacf6613827d
2.02609E+17,2.02609E+17,119,,sl_NewAdmissionAssessmentASAMDimension5,1278,0,0,SUCCESS,2026-09-02T10:22:06.876Z,ebc2f5e5-b7e4-40cf-8b56-f009f5871937
2.02609E+17,2.02609E+17,119,,sl_NewAdmissionAssessmentASAMDimension4,1285,0,0,SUCCESS,2026-09-02T05:29:13.250Z,2b09f1a0-2915-47dd-851e-cacf6613827d
2.02608E+17,2.02608E+13,102,13670,QQgltran,14430305,0,0,SUCCESS,2026-08-28T11:10:47.580Z,5f5824ef-55ad-442d-8665-a73e613ea2bc
2.02609E+17,2.02609E+13,102,13670,QQgltran,15037302,0,0,SUCCESS,2026-09-04T12:05:49.674Z,a32139d4-7f73-4d6a-9430-a52d8d74e9b7
2.02609E+17,2.02609E+13,102,13670,QQgltran,15037302,0,0,SUCCESS,2026-09-07T08:55:41.005Z,49061cae-9c41-49bf-8a9d-5bcf8fc7e716
2.02609E+17,2.02608E+13,102,13670,QQgltran,15037302,0,0,SUCCESS,2026-09-07T06:21:25.802Z,a75ae2d8-c139-4f27-be77-19ed5feecca1
2.02609E+17,2.02609E+13,102,13670,QQgltran,15037302,0,0,SUCCESS,2026-09-07T05:34:21.873Z,11881138-e193-4401-91c9-28193ebd1a8a
2.02608E+17,2.02608E+13,102,13670,QQgltran,14430305,0,0,SUCCESS,2026-08-28T13:00:13.321Z,40ea0c42-ff24-4d7b-9f66-580dbb474a44
2.02609E+17,2.02609E+13,102,13670,QQgltran,15037302,0,0,SUCCESS,2026-09-07T07:08:17.504Z,9f5bb09f-5148-427e-a670-091e051e6718
2.02609E+17,2.02609E+13,102,13670,QQgltran,15037302,0,0,SUCCESS,2026-09-04T12:44:22.136Z,3d506aa0-0269-43eb-aec3-b5d371469503
2.02609E+17,2.02609E+17,118,,br_NewAdmissionAssessmentASAMDimension6,475,0,0,SUCCESS,2026-09-02T05:27:40.872Z,2b09f1a0-2915-47dd-851e-cacf6613827d
2.02608E+17,2.02608E+17,118,,br_NewAdmissionAssessmentASAMDimension2,458,0,0,SUCCESS,2026-08-31T01:41:07.784Z,4b7273e0-0d54-485d-b4db-ed019a136434
2.02609E+17,2.02609E+17,118,,br_NewAdmissionAssessmentASAMDimension2,463,0,0,SUCCESS,2026-09-02T05:27:40.872Z,2b09f1a0-2915-47dd-851e-cacf6613827d
2.02609E+17,2.02609E+17,118,,br_NewAdmissionAssessmentASAMDimension2,463,0,0,SUCCESS,2026-09-02T11:30:02.776Z,a7050713-a175-4eb1-950e-06e41274b859
2.02609E+17,2.02609E+17,118,,br_NewAdmissionAssessmentASAMDimension4,467,0,0,SUCCESS,2026-09-02T11:30:02.776Z,a7050713-a175-4eb1-950e-06e41274b859
2.02609E+17,2.02609E+17,118,,br_NewAdmissionAssessmentASAMDimension4,467,0,0,SUCCESS,2026-09-02T10:19:52.396Z,ebc2f5e5-b7e4-40cf-8b56-f009f5871937
2.02609E+17,2.02609E+17,118,,br_NewAdmissionAssessmentASAMDimension5,464,0,0,SUCCESS,2026-09-02T05:27:40.872Z,2b09f1a0-2915-47dd-851e-cacf6613827d
2.02609E+17,2.02609E+17,119,,sl_NewAdmissionAssessmentASAMDimension6,475,0,0,SUCCESS,2026-09-02T11:31:13.005Z,a7050713-a175-4eb1-950e-06e41274b859
2.02609E+17,2.02609E+17,119,,sl_NewAdmissionAssessmentASAMDimension2,463,0,0,SUCCESS,2026-09-02T11:31:13.005Z,a7050713-a175-4eb1-950e-06e41274b859
2.02609E+17,2.02609E+17,119,,sl_NewAdmissionAssessmentASAMDimension5,464,0,0,SUCCESS,2026-09-02T11:31:13.005Z,a7050713-a175-4eb1-950e-06e41274b859
2.02609E+17,2.02609E+17,119,,sl_NewAdmissionAssessmentASAMDimension2,463,0,0,SUCCESS,2026-09-02T14:06:36.313Z,ab787989-353e-4d3f-8e29-103715871a85
2.02609E+17,2.02609E+17,118,,br_NewAdmissionAssessmentASAMDimension5,464,0,0,SUCCESS,2026-09-02T11:30:02.776Z,a7050713-a175-4eb1-950e-06e41274b859
2.02609E+17,2.02609E+17,118,,br_NewAdmissionAssessmentASAMDimension6,475,0,0,SUCCESS,2026-09-02T11:30:02.776Z,a7050713-a175-4eb1-950e-06e41274b859
2.02609E+17,2.02609E+17,118,,br_NewAdmissionAssessmentASAMDimension6,475,0,0,SUCCESS,2026-09-02T10:19:52.396Z,ebc2f5e5-b7e4-40cf-8b56-f009f5871937
2.02609E+17,2.02609E+17,118,,br_NewAdmissionAssessmentASAMDimension2,463,0,0,SUCCESS,2026-09-02T10:19:52.396Z,ebc2f5e5-b7e4-40cf-8b56-f009f5871937
2.02609E+17,2.02609E+17,119,,sl_NewAdmissionAssessmentASAMDimension6,475,0,0,SUCCESS,2026-09-02T10:22:06.876Z,ebc2f5e5-b7e4-40cf-8b56-f009f5871937
2.02609E+17,2.02609E+17,119,,sl_NewAdmissionAssessmentASAMDimension4,467,0,0,SUCCESS,2026-09-02T11:31:13.005Z,a7050713-a175-4eb1-950e-06e41274b859
2.02609E+17,2.02609E+17,118,,br_NewAdmissionAssessmentASAMDimension4,467,0,0,SUCCESS,2026-09-02T05:27:40.872Z,2b09f1a0-2915-47dd-851e-cacf6613827d
2.02609E+17,2.02609E+17,118,,br_NewAdmissionAssessmentASAMDimension5,464,0,0,SUCCESS,2026-09-02T10:19:52.396Z,ebc2f5e5-b7e4-40cf-8b56-f009f5871937
2.02609E+17,2.02609E+17,118,,br_NewAdmissionAssessmentASAMDimension2,463,0,0,SUCCESS,2026-09-02T14:04:55.062Z,ab787989-353e-4d3f-8e29-103715871a85
2.02609E+17,2.02609E+13,143,13758,DSOData,12775666,0,0,SUCCESS,2026-09-07T07:29:23.207Z,f61fb4c5-0d31-4954-8aac-d0c2d48f9dc90
2.02609E+17,2.02609E+13,143,13758,DSOData,12775029,0,0,SUCCESS,2026-09-03T07:35:02.221Z,f61fb4c5-0d31-4954-8aac-d0c2d48f9dc90
2.02609E+17,2.02609E+13,143,13758,DSOData,12775036,0,0,SUCCESS,2026-09-03T08:29:06.667Z,f61fb4c5-0d31-4954-8aac-d0c2d48f9dc90
2.02609E+17,2.02608E+17,84,223,stgEvents,0,0,0,SUCCESS,2026-09-04T13:42:55.667Z,bd9b2318-654e-4f3d-b09e-bcdf6b219232
2.02609E+17,2.02608E+17,84,223,stgEvents,0,0,0,SUCCESS,2026-09-04T14:37:17.185Z,9d7b1c7e-8065-427d-99c7-89e3c8306b1f
2.02608E+17,2.02608E+17,119,,sl_NewAdmissionAssessmentASAMDimension6,1305,0,0,SUCCESS,2026-08-31T01:42:39.343Z,4b7273e0-0d54-485d-b4db-ed019a136434
2.02608E+17,2.02608E+17,119,,sl_NewPeriodicReassessment,568,0,0,SUCCESS,2026-08-31T01:42:39.343Z,4b7273e0-0d54-485d-b4db-ed019a136434
2.02609E+17,2.02608E+17,84,223,stgEvents,0,0,0,SUCCESS,2026-09-02T17:49:08.495Z,0d5be434-3f1a-4f4b-ae90-f0c48a55ec54
2.02609E+17,2.02608E+17,84,223,stgEvents,0,0,0,SUCCESS,2026-09-04T16:28:26.176Z,7a604b07-1e27-4ff8-bd86-1860fd5608a2
2.02608E+17,2.02608E+17,84,223,stgEvents,0,0,0,SUCCESS,2026-08-28T10:29:03.232Z,3d84b3b4-01e9-4004-b383-1c54ba72a558
2.02609E+17,2.02608E+17,84,223,stgEvents,0,0,0,SUCCESS,2026-09-03T11:47:28.779Z,b5204bb1-5640-4c52-9143-fe923aba5573
2.02609E+17,2.02608E+17,84,223,stgEvents,0,0,0,SUCCESS,2026-09-02T11:51:00.207Z,0b5a27da-5d48-4ed3-a9f4-1a7052a3fcea
2.02609E+17,2.02609E+17,46,,br_samms_financial_hardship_application,182,0,0,SUCCESS,2026-09-01T05:28:04.850Z,75a93e02-eb8a-4b20-981c-b48401997d72
2.02609E+17,2.02608E+17,84,223,stgEvents,0,0,0,SUCCESS,2026-09-04T12:22:51.373Z,6ab129c1-fb62-4518-bfad-8f6d8d29c3ca
2.02609E+17,2.02609E+17,118,,br_NewAdmissionAssessmentASAMDimension6,475,0,0,SUCCESS,2026-09-02T14:04:55.062Z,ab787989-353e-4d3f-8e29-103715871a85
2.02609E+17,2.02609E+17,118,,br_NewPeriodicReassessment,575,0,0,SUCCESS,2026-09-02T14:04:55.062Z,ab787989-353e-4d3f-8e29-103715871a85
2.02609E+17,2.02609E+17,119,,sl_NewAdmissionAssessmentASAMDimension6,475,0,0,SUCCESS,2026-09-02T14:06:36.313Z,ab787989-353e-4d3f-8e29-103715871a85
2.02609E+17,2.02609E+17,119,,sl_NewPeriodicReassessment,575,0,0,SUCCESS,2026-09-02T14:06:36.313Z,ab787989-353e-4d3f-8e29-103715871a85
2.02608E+17,2.02608E+17,118,,br_NewAdmissionAssessmentASAMDimension6,470,0,0,SUCCESS,2026-08-31T01:41:07.784Z,4b7273e0-0d54-485d-b4db-ed019a136434
2.02608E+17,2.02608E+17,118,,br_NewPeriodicReassessment,568,0,0,SUCCESS,2026-08-31T01:41:07.784Z,4b7273e0-0d54-485d-b4db-ed019a136434
2.02608E+17,2.02608E+17,84,216,Accounts,13548,0,0,SUCCESS,2026-08-28T10:27:04.240Z,3d84b3b4-01e9-4004-b383-1c54ba72a558
2.02609E+17,2.02609E+17,97,,br_samms_comprehensive_assessment_form,50381,0,0,SUCCESS,2026-09-03T18:15:19.819Z,94249231-24a1-492e-97bf-dcd504ea599a
2.02608E+17,2.02608E+13,105,6814,AADUsers,2016,0,0,SUCCESS,2026-08-31T17:06:14.319Z,2fa2e214-5583-4fca-8b7c-32713bbeec6c
2.02609E+17,2.02609E+13,4,30,br_8x8_Users,5734,0,0,SUCCESS,2026-09-03T07:33:53.454Z,1066d6e5-305c-4662-a3fb-18d67007
2.02609E+17,2.02609E+13,2,19,Locations,182,0,0,SUCCESS,2026-09-01T09:54:01.928Z,29dcaaf1-2b1e-4c19-b23c-1ba74b3b8d3d
2.02609E+17,2.02609E+13,2,19,Locations,182,0,0,SUCCESS,2026-09-03T09:55:24.712Z,530f48fa-89c6-4a87-9867-195a73ec044d
2.02609E+17,2.02609E+13,5,33,sl_8x8_Users,5734,0,0,SUCCESS,2026-09-03T08:04:15.823Z,1066d6e5-305c-4662-a3fb-18d67007
2.02609E+17,2.02609E+13,4,30,br_8x8_Users,5734,0,0,SUCCESS,2026-09-03T07:46:53.603Z,1066d6e5-305c-4662-a3fb-18d67007
2.02609E+17,2.02609E+13,4,30,br_8x8_Users,5734,0,0,SUCCESS,2026-09-03T05:49:34.592Z,1066d6e5-305c-4662-a3fb-18d67007
2.02609E+17,2.02609E+13,5,33,sl_8x8_Users,5734,0,0,SUCCESS,2026-09-03T06:37:33.336Z,1066d6e5-305c-4662-a3fb-18d67007
2.02609E+17,2.02609E+13,4,30,br_8x8_Users,5734,0,0,SUCCESS,2026-09-03T07:54:22.289Z,1066d6e5-305c-4662-a3fb-18d67007
2.02609E+17,2.02609E+13,5,33,sl_8x8_Users,5734,0,0,SUCCESS,2026-09-03T06:26:55.517Z,1066d6e5-305c-4662-a3fb-18d67007
2.02609E+17,2.02608E+17,84,221,stgCases,0,0,0,SUCCESS,2026-09-04T14:36:35.115Z,9d7b1c7e-8065-427d-99c7-89e3c8306b1f
2.02609E+17,2.02608E+17,84,225,Contacts,0,0,0,SUCCESS,2026-09-04T12:23:58.910Z,6ab129c1-fb62-4518-bfad-8f6d8d29c3ca
2.02609E+17,2.02608E+17,84,216,Accounts,0,0,0,SUCCESS,2026-09-03T11:45:36.944Z,b5204bb1-5640-4c52-9143-fe923aba5573
2.02609E+17,2.02608E+17,84,216,Accounts,0,0,0,SUCCESS,2026-09-02T17:41:29.513Z,0d5be434-3f1a-4f4b-ae90-f0c48a55ec54
2.02609E+17,2.02608E+17,84,222,stgLeads,0,0,0,SUCCESS,2026-09-03T11:47:13.847Z,b5204bb1-5640-4c52-9143-fe923aba5573
2.02609E+17,2.02608E+17,84,222,stgLeads,0,0,0,SUCCESS,2026-09-02T11:50:44.045Z,0b5a27da-5d48-4ed3-a9f4-1a7052a3fcea
2.02609E+17,2.02608E+17,84,221,stgCases,0,0,0,SUCCESS,2026-09-03T11:46:56.562Z,b5204bb1-5640-4c52-9143-fe923aba5573
2.02609E+17,2.02608E+17,84,216,Accounts,0,0,0,SUCCESS,2026-09-02T11:49:18.065Z,0b5a27da-5d48-4ed3-a9f4-1a7052a3fcea
2.02609E+17,2.02608E+17,84,225,Contacts,0,0,0,SUCCESS,2026-09-04T13:43:28.999Z,bd9b2318-654e-4f3d-b09e-bcdf6b219232
2.02609E+17,2.02608E+17,84,225,Contacts,0,0,0,SUCCESS,2026-09-02T17:50:39.196Z,0d5be434-3f1a-4f4b-ae90-f0c48a55ec54
2.02609E+17,2.02608E+17,84,225,Contacts,0,0,0,SUCCESS,2026-09-03T11:47:59.642Z,b5204bb1-5640-4c52-9143-fe923aba5573
2.02609E+17,2.02608E+17,84,222,stgLeads,0,0,0,SUCCESS,2026-09-04T13:42:35.144Z,bd9b2318-654e-4f3d-b09e-bcdf6b219232
2.02609E+17,2.02608E+17,84,216,Accounts,0,0,0,SUCCESS,2026-09-04T16:26:37.994Z,7a604b07-1e27-4ff8-bd86-1860fd5608a2
2.02609E+17,2.02608E+17,84,225,Contacts,0,0,0,SUCCESS,2026-09-04T14:38:03.001Z,9d7b1c7e-8065-427d-99c7-89e3c8306b1f
2.02609E+17,2.02608E+17,84,216,Accounts,0,0,0,SUCCESS,2026-09-04T13:41:00.141Z,bd9b2318-654e-4f3d-b09e-bcdf6b219232
2.02608E+17,2.02608E+17,84,225,Contacts,0,0,0,SUCCESS,2026-08-28T10:29:31.924Z,3d84b3b4-01e9-4004-b383-1c54ba72a558
2.02609E+17,2.02608E+17,84,216,Accounts,0,0,0,SUCCESS,2026-09-04T12:18:52.779Z,6ab129c1-fb62-4518-bfad-8f6d8d29c3ca
2.02608E+17,2.02608E+17,84,222,stgLeads,0,0,0,SUCCESS,2026-08-28T10:28:48.981Z,3d84b3b4-01e9-4004-b383-1c54ba72a558
2.02609E+17,2.02608E+17,84,222,stgLeads,0,0,0,SUCCESS,2026-09-02T17:47:36.181Z,0d5be434-3f1a-4f4b-ae90-f0c48a55ec54
2.02609E+17,2.02608E+17,84,222,stgLeads,0,0,0,SUCCESS,2026-09-04T16:28:08.970Z,7a604b07-1e27-4ff8-bd86-1860fd5608a2
2.02609E+17,2.02608E+17,84,221,stgCases,0,0,0,SUCCESS,2026-09-02T11:50:27.833Z,0b5a27da-5d48-4ed3-a9f4-1a7052a3fcea
2.02609E+17,2.02608E+17,84,225,Contacts,0,0,0,SUCCESS,2026-09-04T16:29:07.749Z,7a604b07-1e27-4ff8-bd86-1860fd5608a2
2.02608E+17,2.02608E+17,84,221,stgCases,0,0,0,SUCCESS,2026-08-28T10:28:32.649Z,3d84b3b4-01e9-4004-b383-1c54ba72a558
2.02609E+17,2.02608E+17,84,221,stgCases,0,0,0,SUCCESS,2026-09-04T13:42:20.222Z,bd9b2318-654e-4f3d-b09e-bcdf6b219232
2.02609E+17,2.02608E+17,84,222,stgLeads,0,0,0,SUCCESS,2026-09-04T14:36:57.912Z,9d7b1c7e-8065-427d-99c7-89e3c8306b1f
2.02609E+17,2.02608E+17,84,221,stgCases,0,0,0,SUCCESS,2026-09-04T12:21:31.495Z,6ab129c1-fb62-4518-bfad-8f6d8d29c3ca
2.02609E+17,2.02608E+17,84,221,stgCases,0,0,0,SUCCESS,2026-09-02T17:46:42.002Z,0d5be434-3f1a-4f4b-ae90-f0c48a55ec54
2.02609E+17,2.02608E+17,84,216,Accounts,0,0,0,SUCCESS,2026-09-04T14:34:50.255Z,9d7b1c7e-8065-427d-99c7-89e3c8306b1f
2.02609E+17,2.02608E+17,84,221,stgCases,0,0,0,SUCCESS,2026-09-04T16:27:53.485Z,7a604b07-1e27-4ff8-bd86-1860fd5608a2
2.02609E+17,2.02608E+17,84,222,stgLeads,0,0,0,SUCCESS,2026-09-04T12:22:10.633Z,6ab129c1-fb62-4518-bfad-8f6d8d29c3ca
2.02609E+17,2.02609E+13,2,7,OrgLevels,214,0,0,SUCCESS,2026-09-03T09:53:30.166Z,530f48fa-89c6-4a87-9867-195a73ec044d
2.02609E+17,2.02609E+17,44,177,sl_User,11983,0,0,SUCCESS,2026-09-03T13:48:57.404Z,dc09db6e-8a85-40c4-9b7f-e305f6845bee
2.02609E+17,2.02609E+13,2,7,OrgLevels,214,0,0,SUCCESS,2026-09-01T09:52:04.962Z,29dcaaf1-2b1e-4c19-b23c-1ba74b3b8d3d
2.02609E+17,2.02609E+17,43,167,br_User,11983,0,0,SUCCESS,2026-09-03T13:47:37.418Z,dc09db6e-8a85-40c4-9b7f-e305f6845bee
2.02609E+17,2.02609E+17,43,167,br_User,11983,0,0,SUCCESS,2026-09-03T17:10:28.812Z,19ce24cf-1d06-4393-80c8-2aba56f3390a
2.02609E+17,2.02609E+17,44,177,sl_User,11983,0,0,SUCCESS,2026-09-03T15:34:56.582Z,80483189-97f8-4d1d-8157-697e9a146982
2.02609E+17,2.02609E+13,2,7,OrgLevels,214,0,0,SUCCESS,2026-09-01T09:28:53.280Z,c46e47f1-7e0c-46c6-93e3-7d17cbc17d55
2.02609E+17,2.02609E+13,2,21,Positions,10,0,0,SUCCESS,2026-09-01T09:30:36.590Z,c46e47f1-7e0c-46c6-93e3-7d17cbc17d55
2.02609E+17,2.02609E+17,44,177,sl_User,11983,0,0,SUCCESS,2026-09-03T17:11:11.770Z,19ce24cf-1d06-4393-80c8-2aba56f3390a
2.02609E+17,2.02609E+13,2,21,Positions,10,0,0,SUCCESS,2026-09-03T09:56:46.404Z,530f48fa-89c6-4a87-9867-195a73ec044d
2.02609E+17,2.02609E+13,2,21,Positions,10,0,0,SUCCESS,2026-09-01T09:55:06.549Z,29dcaaf1-2b1e-4c19-b23c-1ba74b3b8d3d
2.02609E+17,2.02609E+17,43,167,br_User,11983,0,0,SUCCESS,2026-09-03T15:34:11.709Z,80483189-97f8-4d1d-8157-697e9a146982
2.02609E+17,2.02609E+13,2,6,TermCodes,4,0,0,SUCCESS,2026-09-01T09:51:26.286Z,29dcaaf1-2b1e-4c19-b23c-1ba74b3b8d3d
2.02609E+17,2.02609E+13,2,6,TermCodes,4,0,0,SUCCESS,2026-09-01T09:28:24.602Z,c46e47f1-7e0c-46c6-93e3-7d17cbc17d55
2.02609E+17,2.02609E+13,2,6,TermCodes,4,0,0,SUCCESS,2026-09-03T09:52:57.223Z,530f48fa-89c6-4a87-9867-195a73ec044d
2.02609E+17,2.02609E+17,85,,br_AdmissionAssessmentDimensionThree,51475,0,0,SUCCESS,2026-09-03T20:59:11.343Z,48b34b87-69c2-467d-a88c-67aac910c539
2.02609E+17,2.02609E+17,86,,sl_AdmissionAssessmentDimensionThree,51389,0,0,SUCCESS,2026-09-01T21:22:07.209Z,0e5f68b5-5669-4bb1-91ce-4b967b620e7d
2.02609E+17,2.02609E+17,86,,sl_AdmissionAssessmentDimensionThree,51475,0,0,SUCCESS,2026-09-04T16:16:27.579Z,66e9e433-72b0-4c30-b0ea-7611d9608923
2.02609E+17,2.02609E+17,86,,sl_AdmissionAssessmentDimensionThree,51475,0,0,SUCCESS,2026-09-05T19:33:19.126Z,a7cfa2a8-4e03-4cce-a64e-9a92e6e67f12
2.02609E+17,2.02609E+17,86,,sl_AdmissionAssessmentDimensionThree,51475,0,0,SUCCESS,2026-09-06T19:32:29.363Z,5cce37fd-5f38-41c5-90e1-d9efeb3bd245
2.02608E+17,2.02608E+17,85,,br_AdmissionAssessmentDimensionThree,51341,0,0,SUCCESS,2026-08-31T21:21:59.554Z,79f5b39e-d314-4ad3-8050-3ace553d67de
2.02608E+17,2.02608E+17,86,,sl_AdmissionAssessmentDimensionThree,51290,0,0,SUCCESS,2026-08-29T21:00:40.374Z,dd7385f2-fbd4-41a4-afcd-7296aca5e198
2.02609E+17,2.02609E+17,85,,br_AdmissionAssessmentDimensionThree,51389,0,0,SUCCESS,2026-09-01T21:20:10.445Z,0e5f68b5-5669-4bb1-91ce-4b967b620e7d
2.02609E+17,2.02609E+17,86,,sl_AdmissionAssessmentDimensionThree,51475,0,0,SUCCESS,2026-09-04T19:35:33.878Z,b1302ebd-57a3-42bd-9029-9a66dda6727d
2.02609E+17,2.02609E+17,86,,sl_AdmissionAssessmentDimensionThree,51439,0,0,SUCCESS,2026-09-03T12:16:14.213Z,8e54a6a2-7031-4831-b2c0-8c5ea7811246
2.02608E+17,2.02608E+17,85,,br_AdmissionAssessmentDimensionThree,51290,0,0,SUCCESS,2026-08-29T20:58:53.536Z,dd7385f2-fbd4-41a4-afcd-7296aca5e198
2.02609E+17,2.02609E+17,86,,sl_AdmissionAssessmentDimensionThree,51475,0,0,SUCCESS,2026-09-03T21:02:17.250Z,48b34b87-69c2-467d-a88c-67aac910c539
2.02609E+17,2.02609E+17,86,,sl_AdmissionAssessmentDimensionThree,51389,0,0,SUCCESS,2026-09-02T20:33:49.607Z,aa9f49a8-9ff8-4a6e-a263-7617045dadde
2.02609E+17,2.02609E+17,86,,sl_AdmissionAssessmentDimensionThree,51439,0,0,SUCCESS,2026-09-03T14:05:58.180Z,ef652adf-cab1-42cd-a0bf-1cd03c8c16e7
2.02609E+17,2.02609E+17,86,,sl_AdmissionAssessmentDimensionThree,51475,0,0,SUCCESS,2026-09-07T19:33:40.857Z,fc48ec9c-d1b8-4775-bd67-583e82846e52
2.02609E+17,2.02609E+17,85,,br_AdmissionAssessmentDimensionThree,51439,0,0,SUCCESS,2026-09-02T21:29:28.630Z,c49685cc-3281-44bc-a1c2-3be5b1110999
2.02608E+17,2.02608E+17,85,,br_AdmissionAssessmentDimensionThree,51290,0,0,SUCCESS,2026-08-30T21:09:52.434Z,ba679216-ee2b-4344-afb9-134290faf502
2.02609E+17,2.02609E+17,86,,sl_AdmissionAssessmentDimensionThree,51475,0,0,SUCCESS,2026-09-04T17:36:58.219Z,5652dc3b-8824-4606-a16d-f373dc1d2ada
2.02609E+17,2.02609E+17,86,,sl_AdmissionAssessmentDimensionThree,51439,0,0,SUCCESS,2026-09-02T21:31:30.291Z,c49685cc-3281-44bc-a1c2-3be5b1110999
2.02608E+17,2.02608E+17,86,,sl_AdmissionAssessmentDimensionThree,51290,0,0,SUCCESS,2026-08-30T21:11:33.849Z,ba679216-ee2b-4344-afb9-134290faf502
2.02608E+17,2.02608E+17,86,,sl_AdmissionAssessmentDimensionThree,51341,0,0,SUCCESS,2026-08-31T21:23:57.708Z,79f5b39e-d314-4ad3-8050-3ace553d67de
2.02609E+17,2.02608E+17,84,219,stgTask,0,0,0,SUCCESS,2026-09-03T11:46:23.458Z,b5204bb1-5640-4c52-9143-fe923aba5573
2.02609E+17,2.02608E+17,84,219,stgTask,0,0,0,SUCCESS,2026-09-04T16:27:22.962Z,7a604b07-1e27-4ff8-bd86-1860fd5608a2
2.02608E+17,2.02608E+17,84,219,stgTask,0,0,0,SUCCESS,2026-08-28T10:28:05.173Z,3d84b3b4-01e9-4004-b383-1c54ba72a558
2.02609E+17,2.02608E+17,84,219,stgTask,0,0,0,SUCCESS,2026-09-02T17:44:16.951Z,0d5be434-3f1a-4f4b-ae90-f0c48a55ec54
2.02609E+17,2.02608E+17,84,219,stgTask,0,0,0,SUCCESS,2026-09-04T14:35:51.347Z,9d7b1c7e-8065-427d-99c7-89e3c8306b1f
2.02609E+17,2.02608E+17,84,219,stgTask,0,0,0,SUCCESS,2026-09-04T12:20:27.287Z,6ab129c1-fb62-4518-bfad-8f6d8d29c3ca
2.02609E+17,2.02608E+17,84,219,stgTask,0,0,0,SUCCESS,2026-09-04T13:41:48.295Z,bd9b2318-654e-4f3d-b09e-bcdf6b219232
2.02609E+17,2.02608E+17,84,219,stgTask,0,0,0,SUCCESS,2026-09-02T11:50:00.309Z,0b5a27da-5d48-4ed3-a9f4-1a7052a3fcea
2.02609E+17,2.02609E+13,2,5,JobCodes,299,0,0,SUCCESS,2026-09-01T09:50:39.361Z,29dcaaf1-2b1e-4c19-b23c-1ba74b3b8d3d
2.02609E+17,2.02609E+13,2,5,JobCodes,299,0,0,SUCCESS,2026-09-03T09:52:18.670Z,530f48fa-89c6-4a87-9867-195a73ec044d
2.02609E+17,2.02609E+13,2,5,JobCodes,299,0,0,SUCCESS,2026-09-01T09:27:56.043Z,c46e47f1-7e0c-46c6-93e3-7d17cbc17d55
2.02609E+17,2.02609E+17,86,,sl_AdmissionAssessmentDimensionFour,51146,0,0,SUCCESS,2026-09-04T16:16:27.579Z,66e9e433-72b0-4c30-b0ea-7611d9608923
2.02609E+17,2.02609E+17,86,,sl_AdmissionAssessmentDimensionFour,51146,0,0,SUCCESS,2026-09-06T19:32:29.363Z,5cce37fd-5f38-41c5-90e1-d9efeb3bd245
2.02609E+17,2.02609E+17,86,,sl_AdmissionAssessmentDimensionFour,51111,0,0,SUCCESS,2026-09-02T21:31:30.291Z,c49685cc-3281-44bc-a1c2-3be5b1110999
2.02608E+17,2.02608E+17,85,,br_AdmissionAssessmentDimensionFour,50959,0,0,SUCCESS,2026-08-29T20:58:53.536Z,dd7385f2-fbd4-41a4-afcd-7296aca5e198
2.02608E+17,2.02608E+17,86,,sl_AdmissionAssessmentDimensionFour,50959,0,0,SUCCESS,2026-08-30T21:11:33.849Z,ba679216-ee2b-4344-afb9-134290faf502
2.02608E+17,2.02608E+17,85,,br_AdmissionAssessmentDimensionFour,51011,0,0,SUCCESS,2026-08-31T21:21:59.554Z,79f5b39e-d314-4ad3-8050-3ace553d67de
2.02609E+17,2.02609E+17,86,,sl_AdmissionAssessmentDimensionFour,51146,0,0,SUCCESS,2026-09-03T21:02:17.250Z,48b34b87-69c2-467d-a88c-67aac910c539
2.02609E+17,2.02609E+17,85,,br_AdmissionAssessmentDimensionFour,51111,0,0,SUCCESS,2026-09-02T21:29:28.630Z,c49685cc-3281-44bc-a1c2-3be5b1110999
2.02609E+17,2.02609E+17,85,,br_AdmissionAssessmentDimensionFour,51146,0,0,SUCCESS,2026-09-03T20:59:11.343Z,48b34b87-69c2-467d-a88c-67aac910c539
2.02608E+17,2.02608E+17,85,,br_AdmissionAssessmentDimensionFour,50959,0,0,SUCCESS,2026-08-30T21:09:52.434Z,ba679216-ee2b-4344-afb9-134290faf502
2.02609E+17,2.02609E+17,86,,sl_AdmissionAssessmentDimensionFour,51111,0,0,SUCCESS,2026-09-03T12:16:14.213Z,8e54a6a2-7031-4831-b2c0-8c5ea7811246
2.02609E+17,2.02609E+17,86,,sl_AdmissionAssessmentDimensionFour,51060,0,0,SUCCESS,2026-09-02T20:33:49.607Z,aa9f49a8-9ff8-4a6e-a263-7617045dadde
2.02609E+17,2.02609E+17,85,,br_AdmissionAssessmentDimensionFour,51060,0,0,SUCCESS,2026-09-01T21:20:10.445Z,0e5f68b5-5669-4bb1-91ce-4b967b620e7d
2.02608E+17,2.02608E+17,86,,sl_AdmissionAssessmentDimensionFour,50959,0,0,SUCCESS,2026-08-29T21:00:40.374Z,dd7385f2-fbd4-41a4-afcd-7296aca5e198
2.02608E+17,2.02608E+17,86,,sl_AdmissionAssessmentDimensionFour,51011,0,0,SUCCESS,2026-08-31T21:23:57.708Z,79f5b39e-d314-4ad3-8050-3ace553d67de
2.02609E+17,2.02609E+17,86,,sl_AdmissionAssessmentDimensionFour,51146,0,0,SUCCESS,2026-09-05T19:33:19.126Z,a7cfa2a8-4e03-4cce-a64e-9a92e6e67f12
2.02609E+17,2.02609E+17,86,,sl_AdmissionAssessmentDimensionFour,51146,0,0,SUCCESS,2026-09-04T17:36:58.219Z,5652dc3b-8824-4606-a16d-f373dc1d2ada
2.02609E+17,2.02609E+17,86,,sl_AdmissionAssessmentDimensionFour,51060,0,0,SUCCESS,2026-09-01T21:22:07.209Z,0e5f68b5-5669-4bb1-91ce-4b967b620e7d
2.02609E+17,2.02609E+17,86,,sl_AdmissionAssessmentDimensionFour,51146,0,0,SUCCESS,2026-09-07T19:33:40.857Z,fc48ec9c-d1b8-4775-bd67-583e82846e52
2.02609E+17,2.02608E+17,84,230,Events,0,0,0,SUCCESS,2026-09-04T13:45:42.489Z,bd9b2318-654e-4f3d-b09e-bcdf6b219232
2.02609E+17,2.02608E+17,84,230,Events,0,0,0,SUCCESS,2026-09-04T12:27:00.111Z,6ab129c1-fb62-4518-bfad-8f6d8d29c3ca
2.02609E+17,2.02608E+17,84,230,Events,0,0,0,SUCCESS,2026-09-03T11:50:05.447Z,b5204bb1-5640-4c52-9143-fe923aba5573
2.02609E+17,2.02608E+17,84,230,Events,0,0,0,SUCCESS,2026-09-04T16:31:31.832Z,7a604b07-1e27-4ff8-bd86-1860fd5608a2
2.02608E+17,2.02608E+17,84,230,Events,0,0,0,SUCCESS,2026-08-28T10:31:35.317Z,3d84b3b4-01e9-4004-b383-1c54ba72a558
2.02609E+17,2.02608E+17,84,230,Events,0,0,0,SUCCESS,2026-09-02T17:53:10.154Z,0d5be434-3f1a-4f4b-ae90-f0c48a55ec54
2.02609E+17,2.02608E+17,84,230,Events,0,0,0,SUCCESS,2026-09-04T14:42:43.909Z,9d7b1c7e-8065-427d-99c7-89e3c8306b1f
2.02608E+17,2.02608E+13,132,13710,QiBAM,345740,0,0,SUCCESS,2026-08-30T09:33:23.165Z,d0826a4c-ff98-435d-adfd-e339a02d1b06
2.02609E+17,2.02609E+13,132,13710,QiBAM,518610,0,0,SUCCESS,2026-09-01T06:57:09.945Z,f386ddbf-c5af-4242-bf29-5f60b1e71ecf
2.02608E+17,2.02608E+13,132,13710,QiBAM,345740,0,0,SUCCESS,2026-08-30T08:22:22.995Z,8cf8f378-16db-4eda-8552-9c6ae683939d
2.02608E+17,2.02608E+13,132,13710,QiBAM,172870,0,0,SUCCESS,2026-08-28T12:13:29.540Z,e752845a-2a63-48ca-b4ef-ba7a68ece0b6
2.02609E+17,2.02609E+17,97,,br_samms_take_home_risk_assessment,100670,0,0,SUCCESS,2026-09-03T18:15:19.819Z,94249231-24a1-492e-97bf-dcd504ea599a
2.02609E+17,2.02609E+17,86,,sl_AdmissionAssessmentDimensionSix,50971,0,0,SUCCESS,2026-09-03T12:16:14.213Z,8e54a6a2-7031-4831-b2c0-8c5ea7811246
2.02609E+17,2.02609E+17,86,,sl_AdmissionAssessmentDimensionSix,50971,0,0,SUCCESS,2026-09-02T21:31:30.291Z,c49685cc-3281-44bc-a1c2-3be5b1110999
2.02608E+17,2.02608E+17,86,,sl_AdmissionAssessmentDimensionSix,50872,0,0,SUCCESS,2026-08-31T21:23:57.708Z,79f5b39e-d314-4ad3-8050-3ace553d67de
2.02609E+17,2.02609E+17,86,,sl_AdmissionAssessmentDimensionTwo,51614,0,0,SUCCESS,2026-09-01T21:22:07.209Z,0e5f68b5-5669-4bb1-91ce-4b967b620e7d
2.02609E+17,2.02609E+17,86,,sl_AdmissionAssessmentDimensionSix,50971,0,0,SUCCESS,2026-09-03T14:05:58.180Z,ef652adf-cab1-42cd-a0bf-1cd03c8c16e7
2.02609E+17,2.02609E+17,85,,br_AdmissionAssessmentDimensionTwo,51703,0,0,SUCCESS,2026-09-03T20:59:11.343Z,48b34b87-69c2-467d-a88c-67aac910c539
2.02609E+17,2.02609E+17,86,,sl_AdmissionAssessmentDimensionSix,51007,0,0,SUCCESS,2026-09-04T17:36:58.219Z,5652dc3b-8824-4606-a16d-f373dc1d2ada
2.02608E+17,2.02608E+17,86,,sl_AdmissionAssessmentDimensionSix,50819,0,0,SUCCESS,2026-08-29T21:00:40.374Z,dd7385f2-fbd4-41a4-afcd-7296aca5e198
2.02608E+17,2.02608E+17,86,,sl_AdmissionAssessmentDimensionTwo,51515,0,0,SUCCESS,2026-08-29T21:00:40.374Z,dd7385f2-fbd4-41a4-afcd-7296aca5e198
2.02609E+17,2.02609E+17,86,,sl_AdmissionAssessmentDimensionSix,50921,0,0,SUCCESS,2026-09-01T21:22:07.209Z,0e5f68b5-5669-4bb1-91ce-4b967b620e7d
2.02609E+17,2.02609E+17,85,,br_AdmissionAssessmentDimensionTwo,51614,0,0,SUCCESS,2026-09-01T21:20:10.445Z,0e5f68b5-5669-4bb1-91ce-4b967b620e7d
2.02609E+17,2.02609E+17,86,,sl_AdmissionAssessmentDimensionSix,51007,0,0,SUCCESS,2026-09-03T21:02:17.250Z,48b34b87-69c2-467d-a88c-67aac910c539
2.02608E+17,2.02608E+17,86,,sl_AdmissionAssessmentDimensionTwo,51566,0,0,SUCCESS,2026-08-31T21:23:57.708Z,79f5b39e-d314-4ad3-8050-3ace553d67de
2.02609E+17,2.02609E+17,86,,sl_AdmissionAssessmentDimensionSix,51007,0,0,SUCCESS,2026-09-04T16:16:27.579Z,66e9e433-72b0-4c30-b0ea-7611d9608923
2.02609E+17,2.02609E+17,86,,sl_AdmissionAssessmentDimensionSix,51007,0,0,SUCCESS,2026-09-05T19:33:19.126Z,a7cfa2a8-4e03-4cce-a64e-9a92e6e67f12
2.02608E+17,2.02608E+17,85,,br_AdmissionAssessmentDimensionSix,50819,0,0,SUCCESS,2026-08-29T20:58:53.536Z,dd7385f2-fbd4-41a4-afcd-7296aca5e198
2.02608E+17,2.02608E+17,85,,br_AdmissionAssessmentDimensionTwo,51515,0,0,SUCCESS,2026-08-30T21:09:52.434Z,ba679216-ee2b-4344-afb9-134290faf502
2.02608E+17,2.02608E+17,85,,br_AdmissionAssessmentDimensionSix,50872,0,0,SUCCESS,2026-08-31T21:21:59.554Z,79f5b39e-d314-4ad3-8050-3ace553d67de
2.02609E+17,2.02609E+17,86,,sl_AdmissionAssessmentDimensionSix,51007,0,0,SUCCESS,2026-09-04T19:35:33.878Z,b1302ebd-57a3-42bd-9029-9a66dda6727d
2.02609E+17,2.02609E+17,86,,sl_AdmissionAssessmentDimensionTwo,51703,0,0,SUCCESS,2026-09-04T17:36:58.219Z,5652dc3b-8824-4606-a16d-f373dc1d2ada
2.02609E+17,2.02609E+17,86,,sl_AdmissionAssessmentDimensionTwo,51703,0,0,SUCCESS,2026-09-05T19:33:19.126Z,a7cfa2a8-4e03-4cce-a64e-9a92e6e67f12
2.02609E+17,2.02609E+17,85,,br_AdmissionAssessmentDimensionTwo,51666,0,0,SUCCESS,2026-09-02T21:29:28.630Z,c49685cc-3281-44bc-a1c2-3be5b1110999
2.02609E+17,2.02609E+17,85,,br_AdmissionAssessmentDimensionSix,50921,0,0,SUCCESS,2026-09-01T21:20:10.445Z,0e5f68b5-5669-4bb1-91ce-4b967b620e7d
2.02609E+17,2.02609E+17,86,,sl_AdmissionAssessmentDimensionTwo,51703,0,0,SUCCESS,2026-09-06T19:32:29.363Z,5cce37fd-5f38-41c5-90e1-d9efeb3bd245
2.02609E+17,2.02609E+17,86,,sl_AdmissionAssessmentDimensionSix,51007,0,0,SUCCESS,2026-09-07T19:33:40.857Z,fc48ec9c-d1b8-4775-bd67-583e82846e52
2.02609E+17,2.02609E+17,85,,br_AdmissionAssessmentDimensionSix,50971,0,0,SUCCESS,2026-09-02T21:29:28.630Z,c49685cc-3281-44bc-a1c2-3be5b1110999
2.02608E+17,2.02608E+17,85,,br_AdmissionAssessmentDimensionTwo,51515,0,0,SUCCESS,2026-08-29T20:58:53.536Z,dd7385f2-fbd4-41a4-afcd-7296aca5e198
2.02608E+17,2.02608E+17,86,,sl_AdmissionAssessmentDimensionTwo,51515,0,0,SUCCESS,2026-08-30T21:11:33.849Z,ba679216-ee2b-4344-afb9-134290faf502
2.02609E+17,2.02609E+17,86,,sl_AdmissionAssessmentDimensionTwo,51703,0,0,SUCCESS,2026-09-03T21:02:17.250Z,48b34b87-69c2-467d-a88c-67aac910c539
2.02608E+17,2.02608E+17,85,,br_AdmissionAssessmentDimensionTwo,51566,0,0,SUCCESS,2026-08-31T21:21:59.554Z,79f5b39e-d314-4ad3-8050-3ace553d67de
2.02609E+17,2.02609E+17,86,,sl_AdmissionAssessmentDimensionTwo,51666,0,0,SUCCESS,2026-09-02T21:31:30.291Z,c49685cc-3281-44bc-a1c2-3be5b1110999
2.02609E+17,2.02609E+17,86,,sl_AdmissionAssessmentDimensionTwo,51703,0,0,SUCCESS,2026-09-07T19:33:40.857Z,fc48ec9c-d1b8-4775-bd67-583e82846e52
2.02608E+17,2.02608E+17,86,,sl_AdmissionAssessmentDimensionSix,50819,0,0,SUCCESS,2026-08-30T21:11:33.849Z,ba679216-ee2b-4344-afb9-134290faf502
2.02609E+17,2.02609E+17,86,,sl_AdmissionAssessmentDimensionTwo,51666,0,0,SUCCESS,2026-09-03T12:16:14.213Z,8e54a6a2-7031-4831-b2c0-8c5ea7811246
2.02609E+17,2.02609E+17,85,,br_AdmissionAssessmentDimensionSix,51007,0,0,SUCCESS,2026-09-03T20:59:11.343Z,48b34b87-69c2-467d-a88c-67aac910c539
2.02609E+17,2.02609E+17,86,,sl_AdmissionAssessmentDimensionSix,50921,0,0,SUCCESS,2026-09-02T20:33:49.607Z,aa9f49a8-9ff8-4a6e-a263-7617045dadde
2.02608E+17,2.02608E+17,85,,br_AdmissionAssessmentDimensionSix,50819,0,0,SUCCESS,2026-08-30T21:09:52.434Z,ba679216-ee2b-4344-afb9-134290faf502
2.02609E+17,2.02609E+17,86,,sl_AdmissionAssessmentDimensionTwo,51703,0,0,SUCCESS,2026-09-04T16:16:27.579Z,66e9e433-72b0-4c30-b0ea-7611d9608923
2.02609E+17,2.02609E+17,86,,sl_AdmissionAssessmentDimensionTwo,51614,0,0,SUCCESS,2026-09-02T20:33:49.607Z,aa9f49a8-9ff8-4a6e-a263-7617045dadde
2.02609E+17,2.02609E+17,86,,sl_AdmissionAssessmentDimensionSix,51007,0,0,SUCCESS,2026-09-06T19:32:29.363Z,5cce37fd-5f38-41c5-90e1-d9efeb3bd245
2.02609E+17,2.02608E+17,84,13674,Leads,0,0,0,SUCCESS,2026-09-04T14:40:32.738Z,9d7b1c7e-8065-427d-99c7-89e3c8306b1f
2.02608E+17,2.02608E+17,84,13674,Leads,0,0,0,SUCCESS,2026-08-28T10:31:00.205Z,3d84b3b4-01e9-4004-b383-1c54ba72a558
2.02609E+17,2.02608E+17,84,13674,Leads,0,0,0,SUCCESS,2026-09-02T17:52:20.413Z,0d5be434-3f1a-4f4b-ae90-f0c48a55ec54
2.02609E+17,2.02608E+17,84,13674,Leads,0,0,0,SUCCESS,2026-09-04T16:30:48.710Z,7a604b07-1e27-4ff8-bd86-1860fd5608a2
2.02609E+17,2.02608E+17,84,13674,Leads,0,0,0,SUCCESS,2026-09-03T11:49:18.593Z,b5204bb1-5640-4c52-9143-fe923aba5573
2.02609E+17,2.02608E+17,84,13674,Leads,0,0,0,SUCCESS,2026-09-04T13:45:02.143Z,bd9b2318-654e-4f3d-b09e-bcdf6b219232
2.02609E+17,2.02608E+17,84,13674,Leads,0,0,0,SUCCESS,2026-09-04T12:26:00.909Z,6ab129c1-fb62-4518-bfad-8f6d8d29c3ca
2.02609E+17,2.02608E+17,84,224,Tasks,0,0,0,SUCCESS,2026-09-02T11:51:13.795Z,0b5a27da-5d48-4ed3-a9f4-1a7052a3fcea
2.02608E+17,2.02608E+17,84,224,Tasks,0,0,0,SUCCESS,2026-08-28T10:29:16.529Z,3d84b3b4-01e9-4004-b383-1c54ba72a558
2.02609E+17,2.02608E+17,84,218,Users,0,0,0,SUCCESS,2026-09-04T14:35:32.160Z,9d7b1c7e-8065-427d-99c7-89e3c8306b1f
2.02609E+17,2.02608E+17,84,224,Tasks,0,0,0,SUCCESS,2026-09-04T12:23:31.648Z,6ab129c1-fb62-4518-bfad-8f6d8d29c3ca
2.02609E+17,2.02608E+17,84,224,Tasks,0,0,0,SUCCESS,2026-09-04T14:37:37.331Z,9d7b1c7e-8065-427d-99c7-89e3c8306b1f
2.02609E+17,2.02608E+17,84,218,Users,0,0,0,SUCCESS,2026-09-04T16:27:07.898Z,7a604b07-1e27-4ff8-bd86-1860fd5608a2
2.02609E+17,2.02608E+17,84,224,Tasks,0,0,0,SUCCESS,2026-09-02T17:49:54.840Z,0d5be434-3f1a-4f4b-ae90-f0c48a55ec54
2.02609E+17,2.02608E+17,84,218,Users,0,0,0,SUCCESS,2026-09-04T12:19:49.041Z,6ab129c1-fb62-4518-bfad-8f6d8d29c3ca
2.02609E+17,2.02608E+17,84,218,Users,0,0,0,SUCCESS,2026-09-02T17:43:27.131Z,0d5be434-3f1a-4f4b-ae90-f0c48a55ec54
2.02609E+17,2.02608E+17,84,224,Tasks,0,0,0,SUCCESS,2026-09-03T11:47:42.997Z,b5204bb1-5640-4c52-9143-fe923aba5573
2.02609E+17,2.02608E+17,84,224,Tasks,0,0,0,SUCCESS,2026-09-04T16:28:44.652Z,7a604b07-1e27-4ff8-bd86-1860fd5608a2
2.02609E+17,2.02608E+17,84,218,Users,0,0,0,SUCCESS,2026-09-04T13:41:31.237Z,bd9b2318-654e-4f3d-b09e-bcdf6b219232
2.02608E+17,2.02608E+17,84,218,Users,0,0,0,SUCCESS,2026-08-28T10:27:50.268Z,3d84b3b4-01e9-4004-b383-1c54ba72a558
2.02609E+17,2.02608E+17,84,224,Tasks,0,0,0,SUCCESS,2026-09-04T13:43:11.403Z,bd9b2318-654e-4f3d-b09e-bcdf6b219232
2.02609E+17,2.02608E+17,84,218,Users,0,0,0,SUCCESS,2026-09-03T11:46:06.232Z,b5204bb1-5640-4c52-9143-fe923aba5573
2.02608E+17,2.02608E+13,132,13711,QiUA,278831,0,0,SUCCESS,2026-08-28T12:16:59.583Z,e752845a-2a63-48ca-b4ef-ba7a68ece0b6
2.02609E+17,2.02609E+13,132,13711,QiUA,557660,0,0,SUCCESS,2026-09-01T07:01:53.889Z,f386ddbf-c5af-4242-bf29-5f60b1e71ecf
2.02608E+17,2.02608E+13,132,13711,QiUA,557660,0,0,SUCCESS,2026-08-30T08:26:19.106Z,8cf8f378-16db-4eda-8552-9c6ae683939d
2.02608E+17,2.02608E+13,132,13711,QiUA,557660,0,0,SUCCESS,2026-08-30T09:37:31.175Z,d0826a4c-ff98-435d-adfd-e339a02d1b06
2.02609E+17,2.02609E+17,46,,br_samms_claim_line_item_activity,22914,0,0,SUCCESS,2026-09-01T05:28:04.850Z,75a93e02-eb8a-4b20-981c-b48401997d72
2.02609E+17,2.02609E+17,98,,tbl_NewDischargeTransferPlanForm,18263,0,0,SUCCESS,2026-09-03T18:15:54.407Z,94249231-24a1-492e-97bf-dcd504ea599a
2.02609E+17,2.02609E+17,47,,tbl_FinancialHardshipApplication,301,0,0,SUCCESS,2026-09-01T05:28:56.032Z,75a93e02-eb8a-4b20-981c-b48401997d72
2.02609E+17,2.02609E+17,98,,tbl_ComprehensiveAssessmentForm,50381,0,0,SUCCESS,2026-09-03T18:15:54.407Z,94249231-24a1-492e-97bf-dcd504ea599a
2.02608E+17,2.02608E+17,119,,sl_NewPeriodicReassessmentD5,2844,0,0,SUCCESS,2026-08-31T01:42:39.343Z,4b7273e0-0d54-485d-b4db-ed019a136434
2.02608E+17,2.02608E+17,119,,sl_NewPeriodicReassessmentD6,2850,0,0,SUCCESS,2026-08-31T01:42:39.343Z,4b7273e0-0d54-485d-b4db-ed019a136434
2.02608E+17,2.02608E+17,119,,sl_NewPeriodicReassessmentD2,2847,0,0,SUCCESS,2026-08-31T01:42:39.343Z,4b7273e0-0d54-485d-b4db-ed019a136434
2.02608E+17,2.02608E+17,119,,sl_NewPeriodicReassessmentD3,2845,0,0,SUCCESS,2026-08-31T01:42:39.343Z,4b7273e0-0d54-485d-b4db-ed019a136434
2.02609E+17,2.02609E+17,97,,br_samms_sms_text_consent_form,15377,0,0,SUCCESS,2026-09-03T18:15:19.819Z,94249231-24a1-492e-97bf-dcd504ea599a
2.02608E+17,2.02608E+13,134,13723,MultiplePayors,0,0,0,SUCCESS,2026-08-31T08:18:53.393Z,afgs51-ases-aqm-09-sf21
2.02609E+17,2.02609E+17,86,,sl_ReAssessmentPhysicalHealth,78871,0,0,SUCCESS,2026-09-06T19:32:29.363Z,5cce37fd-5f38-41c5-90e1-d9efeb3bd245
2.02608E+17,2.02608E+17,85,,br_ReAssessmentPhysicalHealth,78871,0,0,SUCCESS,2026-08-30T21:09:52.434Z,ba679216-ee2b-4344-afb9-134290faf502
2.02609E+17,2.02609E+17,85,,br_ReAssessmentPhysicalHealth,78871,0,0,SUCCESS,2026-09-04T17:35:05.600Z,5652dc3b-8824-4606-a16d-f373dc1d2ada
2.02609E+17,2.02609E+17,86,,sl_AdmissionAssessmentSummary,53894,0,0,SUCCESS,2026-09-01T21:22:07.209Z,0e5f68b5-5669-4bb1-91ce-4b967b620e7d
2.02609E+17,2.02609E+17,86,,sl_ReAssessmentPhysicalHealth,78871,0,0,SUCCESS,2026-09-02T20:33:49.607Z,aa9f49a8-9ff8-4a6e-a263-7617045dadde
2.02609E+17,2.02609E+17,85,,br_ReAssessmentPhysicalHealth,78871,0,0,SUCCESS,2026-09-07T19:31:25.046Z,fc48ec9c-d1b8-4775-bd67-583e82846e52
2.02609E+17,2.02609E+17,86,,sl_AdmissionAssessmentSummary,53894,0,0,SUCCESS,2026-09-02T20:33:49.607Z,aa9f49a8-9ff8-4a6e-a263-7617045dadde
2.02609E+17,2.02609E+17,85,,br_ReAssessmentPhysicalHealth,78871,0,0,SUCCESS,2026-09-04T19:33:39.645Z,b1302ebd-57a3-42bd-9029-9a66dda6727d
2.02609E+17,2.02609E+17,86,,sl_ReAssessmentPhysicalHealth,78871,0,0,SUCCESS,2026-09-03T21:02:17.250Z,48b34b87-69c2-467d-a88c-67aac910c539
2.02609E+17,2.02609E+17,86,,sl_AdmissionAssessmentSummary,53987,0,0,SUCCESS,2026-09-07T19:33:40.857Z,fc48ec9c-d1b8-4775-bd67-583e82846e52
2.02609E+17,2.02609E+17,85,,br_ReAssessmentPhysicalHealth,78871,0,0,SUCCESS,2026-09-05T19:31:29.316Z,a7cfa2a8-4e03-4cce-a64e-9a92e6e67f12
2.02608E+17,2.02608E+17,85,,br_AdmissionAssessmentSummary,53791,0,0,SUCCESS,2026-08-29T20:58:53.536Z,dd7385f2-fbd4-41a4-afcd-7296aca5e198
2.02609E+17,2.02609E+17,85,,br_AdmissionAssessmentSummary,53987,0,0,SUCCESS,2026-09-03T20:59:11.343Z,48b34b87-69c2-467d-a88c-67aac910c539
2.02609E+17,2.02609E+17,85,,br_ReAssessmentPhysicalHealth,78871,0,0,SUCCESS,2026-09-03T20:59:11.343Z,48b34b87-69c2-467d-a88c-67aac910c539
2.02609E+17,2.02609E+17,86,,sl_AdmissionAssessmentSummary,53949,0,0,SUCCESS,2026-09-03T12:16:14.213Z,8e54a6a2-7031-4831-b2c0-8c5ea7811246
2.02609E+17,2.02609E+17,86,,sl_AdmissionAssessmentSummary,53987,0,0,SUCCESS,2026-09-04T17:36:58.219Z,5652dc3b-8824-4606-a16d-f373dc1d2ada
2.02609E+17,2.02609E+17,86,,sl_AdmissionAssessmentSummary,53987,0,0,SUCCESS,2026-09-06T19:32:29.363Z,5cce37fd-5f38-41c5-90e1-d9efeb3bd245
2.02608E+17,2.02608E+17,85,,br_ReAssessmentPhysicalHealth,78871,0,0,SUCCESS,2026-08-29T20:58:53.536Z,dd7385f2-fbd4-41a4-afcd-7296aca5e198
2.02609E+17,2.02609E+17,85,,br_ReAssessmentPhysicalHealth,78871,0,0,SUCCESS,2026-09-01T21:20:10.445Z,0e5f68b5-5669-4bb1-91ce-4b967b620e7d
2.02609E+17,2.02609E+17,86,,sl_AdmissionAssessmentSummary,53987,0,0,SUCCESS,2026-09-05T19:33:19.126Z,a7cfa2a8-4e03-4cce-a64e-9a92e6e67f12
2.02608E+17,2.02608E+17,86,,sl_AdmissionAssessmentSummary,53791,0,0,SUCCESS,2026-08-30T21:11:33.849Z,ba679216-ee2b-4344-afb9-134290faf502
2.02608E+17,2.02608E+17,85,,br_AdmissionAssessmentSummary,53791,0,0,SUCCESS,2026-08-30T21:09:52.434Z,ba679216-ee2b-4344-afb9-134290faf502
2.02608E+17,2.02608E+17,85,,br_AdmissionAssessmentSummary,53846,0,0,SUCCESS,2026-08-31T21:21:59.554Z,79f5b39e-d314-4ad3-8050-3ace553d67de
2.02609E+17,2.02609E+17,86,,sl_ReAssessmentPhysicalHealth,78871,0,0,SUCCESS,2026-09-05T19:33:19.126Z,a7cfa2a8-4e03-4cce-a64e-9a92e6e67f12
2.02609E+17,2.02609E+17,86,,sl_AdmissionAssessmentSummary,53949,0,0,SUCCESS,2026-09-02T21:31:30.291Z,c49685cc-3281-44bc-a1c2-3be5b1110999
2.02609E+17,2.02609E+17,86,,sl_ReAssessmentPhysicalHealth,78871,0,0,SUCCESS,2026-09-03T12:16:14.213Z,8e54a6a2-7031-4831-b2c0-8c5ea7811246
2.02609E+17,2.02609E+17,86,,sl_ReAssessmentPhysicalHealth,78871,0,0,SUCCESS,2026-09-02T21:31:30.291Z,c49685cc-3281-44bc-a1c2-3be5b1110999
2.02608E+17,2.02608E+17,86,,sl_ReAssessmentPhysicalHealth,78871,0,0,SUCCESS,2026-08-31T21:23:57.708Z,79f5b39e-d314-4ad3-8050-3ace553d67de
2.02609E+17,2.02609E+17,85,,br_ReAssessmentPhysicalHealth,78871,0,0,SUCCESS,2026-09-04T16:14:43.075Z,66e9e433-72b0-4c30-b0ea-7611d9608923
2.02609E+17,2.02609E+17,86,,sl_AdmissionAssessmentSummary,53987,0,0,SUCCESS,2026-09-04T16:16:27.579Z,66e9e433-72b0-4c30-b0ea-7611d9608923
2.02609E+17,2.02609E+17,85,,br_ReAssessmentPhysicalHealth,78871,0,0,SUCCESS,2026-09-06T19:30:41.595Z,5cce37fd-5f38-41c5-90e1-d9efeb3bd245
2.02608E+17,2.02608E+17,86,,sl_AdmissionAssessmentSummary,53791,0,0,SUCCESS,2026-08-29T21:00:40.374Z,dd7385f2-fbd4-41a4-afcd-7296aca5e198
2.02609E+17,2.02609E+17,86,,sl_AdmissionAssessmentSummary,53987,0,0,SUCCESS,2026-09-03T21:02:17.250Z,48b34b87-69c2-467d-a88c-67aac910c539
2.02609E+17,2.02609E+17,86,,sl_ReAssessmentPhysicalHealth,78871,0,0,SUCCESS,2026-09-04T16:16:27.579Z,66e9e433-72b0-4c30-b0ea-7611d9608923
2.02608E+17,2.02608E+17,86,,sl_ReAssessmentPhysicalHealth,78871,0,0,SUCCESS,2026-08-29T21:00:40.374Z,dd7385f2-fbd4-41a4-afcd-7296aca5e198
2.02609E+17,2.02609E+17,97,,br_samms_eandm_form_pregnancy,63515,0,0,SUCCESS,2026-09-03T18:15:19.819Z,94249231-24a1-492e-97bf-dcd504ea599a
2.02609E+17,2.02609E+17,85,,br_AdmissionAssessmentSummary,53894,0,0,SUCCESS,2026-09-01T21:20:10.445Z,0e5f68b5-5669-4bb1-91ce-4b967b620e7d
2.02609E+17,2.02609E+17,85,,br_AdmissionAssessmentSummary,53949,0,0,SUCCESS,2026-09-02T21:29:28.630Z,c49685cc-3281-44bc-a1c2-3be5b1110999
2.02608E+17,2.02608E+17,86,,sl_AdmissionAssessmentSummary,53846,0,0,SUCCESS,2026-08-31T21:23:57.708Z,79f5b39e-d314-4ad3-8050-3ace553d67de
2.02609E+17,2.02609E+17,86,,sl_ReAssessmentPhysicalHealth,78871,0,0,SUCCESS,2026-09-01T21:22:07.209Z,0e5f68b5-5669-4bb1-91ce-4b967b620e7d
2.02608E+17,2.02608E+17,86,,sl_ReAssessmentPhysicalHealth,78871,0,0,SUCCESS,2026-08-30T21:11:33.849Z,ba679216-ee2b-4344-afb9-134290faf502
2.02609E+17,2.02609E+17,86,,sl_ReAssessmentPhysicalHealth,78871,0,0,SUCCESS,2026-09-04T17:36:58.219Z,5652dc3b-8824-4606-a16d-f373dc1d2ada
2.02608E+17,2.02608E+17,85,,br_ReAssessmentPhysicalHealth,78871,0,0,SUCCESS,2026-08-31T21:21:59.554Z,79f5b39e-d314-4ad3-8050-3ace553d67de
2.02609E+17,2.02609E+17,86,,sl_ReAssessmentPhysicalHealth,78871,0,0,SUCCESS,2026-09-07T19:33:40.857Z,fc48ec9c-d1b8-4775-bd67-583e82846e52
2.02609E+17,2.02609E+17,85,,br_ReAssessmentPhysicalHealth,78871,0,0,SUCCESS,2026-09-02T21:29:28.630Z,c49685cc-3281-44bc-a1c2-3be5b1110999
2.02609E+17,2.02609E+17,118,,br_NewPeriodicReassessmentD2,0,0,0,SUCCESS,2026-09-02T14:04:55.062Z,ab787989-353e-4d3f-8e29-103715871a85
2.02609E+17,2.02609E+17,118,,br_NewPeriodicReassessmentD3,0,0,0,SUCCESS,2026-09-02T14:04:55.062Z,ab787989-353e-4d3f-8e29-103715871a85
2.02609E+17,2.02609E+17,119,,sl_NewPeriodicReassessmentD2,0,0,0,SUCCESS,2026-09-02T14:06:36.313Z,ab787989-353e-4d3f-8e29-103715871a85
2.02609E+17,2.02609E+17,119,,sl_NewPeriodicReassessmentD3,0,0,0,SUCCESS,2026-09-02T14:06:36.313Z,ab787989-353e-4d3f-8e29-103715871a85
2.02608E+17,2.02608E+17,118,,br_NewPeriodicReassessmentD2,0,0,0,SUCCESS,2026-08-31T01:41:07.784Z,4b7273e0-0d54-485d-b4db-ed019a136434
2.02608E+17,2.02608E+17,118,,br_NewPeriodicReassessmentD3,0,0,0,SUCCESS,2026-08-31T01:41:07.784Z,4b7273e0-0d54-485d-b4db-ed019a136434
2.02609E+17,2.02609E+17,119,,sl_NewPeriodicReassessmentD5,0,0,0,SUCCESS,2026-09-02T14:06:36.313Z,ab787989-353e-4d3f-8e29-103715871a85
2.02609E+17,2.02609E+17,119,,sl_NewPeriodicReassessmentD6,0,0,0,SUCCESS,2026-09-02T14:06:36.313Z,ab787989-353e-4d3f-8e29-103715871a85
2.02609E+17,2.02609E+17,118,,br_NewPeriodicReassessmentD5,0,0,0,SUCCESS,2026-09-02T14:04:55.062Z,ab787989-353e-4d3f-8e29-103715871a85
2.02609E+17,2.02609E+17,118,,br_NewPeriodicReassessmentD6,0,0,0,SUCCESS,2026-09-02T14:04:55.062Z,ab787989-353e-4d3f-8e29-103715871a85
2.02608E+17,2.02608E+17,118,,br_NewPeriodicReassessmentD5,0,0,0,SUCCESS,2026-08-31T01:41:07.784Z,4b7273e0-0d54-485d-b4db-ed019a136434
2.02608E+17,2.02608E+17,118,,br_NewPeriodicReassessmentD6,0,0,0,SUCCESS,2026-08-31T01:41:07.784Z,4b7273e0-0d54-485d-b4db-ed019a136434
2.02609E+17,2.02609E+17,97,,br_samms_consent_to_marketing,6970,0,0,SUCCESS,2026-09-03T18:15:19.819Z,94249231-24a1-492e-97bf-dcd504ea599a
2.02609E+17,2.02609E+17,86,,sl_ReAssessmentPhysicalHealth,78871,0,0,SUCCESS,2026-09-04T19:35:33.878Z,b1302ebd-57a3-42bd-9029-9a66dda6727d
2.02609E+17,2.02609E+17,86,,sl_ReAssessmentSocial,78434,0,0,SUCCESS,2026-09-04T19:35:33.878Z,b1302ebd-57a3-42bd-9029-9a66dda6727d
2.02609E+17,2.02609E+17,86,,sl_ReAssessmentPhysicalHealth,78871,0,0,SUCCESS,2026-09-03T14:05:58.180Z,ef652adf-cab1-42cd-a0bf-1cd03c8c16e7
2.02609E+17,2.02609E+17,86,,sl_ReAssessmentSocial,78434,0,0,SUCCESS,2026-09-03T14:05:58.180Z,ef652adf-cab1-42cd-a0bf-1cd03c8c16e7
2.02609E+17,2.02609E+17,119,,sl_NewPeriodicReassessmentD5,2844,0,0,SUCCESS,2026-09-02T05:29:13.250Z,2b09f1a0-2915-47dd-851e-cacf6613827d
2.02609E+17,2.02609E+17,119,,sl_NewPeriodicReassessmentD2,2847,0,0,SUCCESS,2026-09-02T05:29:13.250Z,2b09f1a0-2915-47dd-851e-cacf6613827d
2.02609E+17,2.02609E+17,119,,sl_NewPeriodicReassessmentD6,2850,0,0,SUCCESS,2026-09-02T05:29:13.250Z,2b09f1a0-2915-47dd-851e-cacf6613827d
2.02609E+17,2.02609E+17,119,,sl_NewPeriodicReassessmentD2,2847,0,0,SUCCESS,2026-09-02T10:22:06.876Z,ebc2f5e5-b7e4-40cf-8b56-f009f5871937
2.02609E+17,2.02609E+17,119,,sl_NewPeriodicReassessmentD6,2850,0,0,SUCCESS,2026-09-02T10:22:06.876Z,ebc2f5e5-b7e4-40cf-8b56-f009f5871937
2.02608E+17,2.02608E+17,119,,sl_NewPeriodicReassessmentD4,2845,0,0,SUCCESS,2026-08-31T01:42:39.343Z,4b7273e0-0d54-485d-b4db-ed019a136434
2.02609E+17,2.02609E+17,119,,sl_NewPeriodicReassessmentD5,2844,0,0,SUCCESS,2026-09-02T10:22:06.876Z,ebc2f5e5-b7e4-40cf-8b56-f009f5871937
2.02609E+17,2.02609E+17,119,,sl_NewPeriodicReassessmentD3,2845,0,0,SUCCESS,2026-09-02T10:22:06.876Z,ebc2f5e5-b7e4-40cf-8b56-f009f5871937
2.02609E+17,2.02609E+17,119,,sl_NewPeriodicReassessmentD4,2845,0,0,SUCCESS,2026-09-02T05:29:13.250Z,2b09f1a0-2915-47dd-851e-cacf6613827d
2.02609E+17,2.02609E+17,119,,sl_NewPeriodicReassessmentD4,2845,0,0,SUCCESS,2026-09-02T10:22:06.876Z,ebc2f5e5-b7e4-40cf-8b56-f009f5871937
2.02609E+17,2.02609E+17,119,,sl_NewPeriodicReassessmentD3,2845,0,0,SUCCESS,2026-09-02T05:29:13.250Z,2b09f1a0-2915-47dd-851e-cacf6613827d
2.02609E+17,2.02609E+17,118,,br_NewPeriodicReassessmentD4,0,0,0,SUCCESS,2026-09-02T14:04:55.062Z,ab787989-353e-4d3f-8e29-103715871a85
2.02609E+17,2.02609E+17,118,,br_NewPeriodicReassessmentD5,0,0,0,SUCCESS,2026-09-02T05:27:40.872Z,2b09f1a0-2915-47dd-851e-cacf6613827d
2.02609E+17,2.02609E+17,118,,br_NewPeriodicReassessmentD3,0,0,0,SUCCESS,2026-09-02T05:27:40.872Z,2b09f1a0-2915-47dd-851e-cacf6613827d
2.02609E+17,2.02609E+17,118,,br_NewPeriodicReassessmentD3,0,0,0,SUCCESS,2026-09-02T10:19:52.396Z,ebc2f5e5-b7e4-40cf-8b56-f009f5871937
2.02609E+17,2.02609E+17,118,,br_NewPeriodicReassessmentD5,0,0,0,SUCCESS,2026-09-02T10:19:52.396Z,ebc2f5e5-b7e4-40cf-8b56-f009f5871937
2.02609E+17,2.02609E+17,119,,sl_NewPeriodicReassessmentD5,0,0,0,SUCCESS,2026-09-02T11:31:13.005Z,a7050713-a175-4eb1-950e-06e41274b859
2.02609E+17,2.02609E+17,118,,br_NewPeriodicReassessmentD6,0,0,0,SUCCESS,2026-09-02T10:19:52.396Z,ebc2f5e5-b7e4-40cf-8b56-f009f5871937
2.02609E+17,2.02609E+17,119,,sl_NewPeriodicReassessmentD4,0,0,0,SUCCESS,2026-09-02T14:06:36.313Z,ab787989-353e-4d3f-8e29-103715871a85
2.02609E+17,2.02609E+17,119,,sl_NewPeriodicReassessmentD3,0,0,0,SUCCESS,2026-09-02T11:31:13.005Z,a7050713-a175-4eb1-950e-06e41274b859
2.02609E+17,2.02609E+17,119,,sl_NewPeriodicReassessmentD4,0,0,0,SUCCESS,2026-09-02T11:31:13.005Z,a7050713-a175-4eb1-950e-06e41274b859
2.02609E+17,2.02609E+17,118,,br_NewPeriodicReassessmentD4,0,0,0,SUCCESS,2026-09-02T10:19:52.396Z,ebc2f5e5-b7e4-40cf-8b56-f009f5871937
2.02609E+17,2.02609E+17,118,,br_NewPeriodicReassessmentD6,0,0,0,SUCCESS,2026-09-02T05:27:40.872Z,2b09f1a0-2915-47dd-851e-cacf6613827d
2.02609E+17,2.02609E+17,118,,br_NewPeriodicReassessmentD2,0,0,0,SUCCESS,2026-09-02T05:27:40.872Z,2b09f1a0-2915-47dd-851e-cacf6613827d
2.02609E+17,2.02609E+17,118,,br_NewPeriodicReassessmentD4,0,0,0,SUCCESS,2026-09-02T11:30:02.776Z,a7050713-a175-4eb1-950e-06e41274b859
2.02608E+17,2.02608E+17,118,,br_NewPeriodicReassessmentD4,0,0,0,SUCCESS,2026-08-31T01:41:07.784Z,4b7273e0-0d54-485d-b4db-ed019a136434
2.02609E+17,2.02609E+17,118,,br_NewPeriodicReassessmentD2,0,0,0,SUCCESS,2026-09-02T10:19:52.396Z,ebc2f5e5-b7e4-40cf-8b56-f009f5871937
2.02609E+17,2.02609E+17,118,,br_NewPeriodicReassessmentD2,0,0,0,SUCCESS,2026-09-02T11:30:02.776Z,a7050713-a175-4eb1-950e-06e41274b859
2.02609E+17,2.02609E+17,119,,sl_NewPeriodicReassessmentD2,0,0,0,SUCCESS,2026-09-02T11:31:13.005Z,a7050713-a175-4eb1-950e-06e41274b859
2.02609E+17,2.02609E+17,119,,sl_NewPeriodicReassessmentD6,0,0,0,SUCCESS,2026-09-02T11:31:13.005Z,a7050713-a175-4eb1-950e-06e41274b859
2.02609E+17,2.02609E+17,118,,br_NewPeriodicReassessmentD4,0,0,0,SUCCESS,2026-09-02T05:27:40.872Z,2b09f1a0-2915-47dd-851e-cacf6613827d
2.02609E+17,2.02609E+17,118,,br_NewPeriodicReassessmentD3,0,0,0,SUCCESS,2026-09-02T11:30:02.776Z,a7050713-a175-4eb1-950e-06e41274b859
2.02609E+17,2.02609E+17,118,,br_NewPeriodicReassessmentD6,0,0,0,SUCCESS,2026-09-02T11:30:02.776Z,a7050713-a175-4eb1-950e-06e41274b859
2.02609E+17,2.02609E+17,118,,br_NewPeriodicReassessmentD5,0,0,0,SUCCESS,2026-09-02T11:30:02.776Z,a7050713-a175-4eb1-950e-06e41274b859
2.02608E+17,2.02608E+17,86,,sl_ReAssessmentOccupational,78554,0,0,SUCCESS,2026-08-29T21:00:40.374Z,dd7385f2-fbd4-41a4-afcd-7296aca5e198
2.02609E+17,2.02609E+17,85,,br_ReAssessmentSubstanceUse,79713,0,0,SUCCESS,2026-09-03T20:59:11.343Z,48b34b87-69c2-467d-a88c-67aac910c539
2.02608E+17,2.02608E+17,85,,br_ReAssessmentMentalHealth,78733,0,0,SUCCESS,2026-08-29T20:58:53.536Z,dd7385f2-fbd4-41a4-afcd-7296aca5e198
2.02608E+17,2.02608E+17,85,,br_ReAssessmentOccupational,78554,0,0,SUCCESS,2026-08-29T20:58:53.536Z,dd7385f2-fbd4-41a4-afcd-7296aca5e198
2.02609E+17,2.02609E+17,86,,sl_ReAssessmentOccupational,78554,0,0,SUCCESS,2026-09-03T12:16:14.213Z,8e54a6a2-7031-4831-b2c0-8c5ea7811246
2.02608E+17,2.02608E+17,86,,sl_ReAssessmentOccupational,78554,0,0,SUCCESS,2026-08-30T21:11:33.849Z,ba679216-ee2b-4344-afb9-134290faf502
2.02609E+17,2.02609E+17,85,,br_ReAssessmentOccupational,78554,0,0,SUCCESS,2026-09-03T20:59:11.343Z,48b34b87-69c2-467d-a88c-67aac910c539
2.02609E+17,2.02609E+17,86,,sl_ReAssessmentMentalHealth,78733,0,0,SUCCESS,2026-09-07T19:33:40.857Z,fc48ec9c-d1b8-4775-bd67-583e82846e52
2.02609E+17,2.02609E+17,86,,sl_ReAssessmentMentalHealth,78733,0,0,SUCCESS,2026-09-02T20:33:49.607Z,aa9f49a8-9ff8-4a6e-a263-7617045dadde
2.02609E+17,2.02609E+17,86,,sl_ReAssessmentOccupational,78554,0,0,SUCCESS,2026-09-07T19:33:40.857Z,fc48ec9c-d1b8-4775-bd67-583e82846e52
2.02608E+17,2.02608E+17,85,,br_ReAssessmentSubstanceUse,79713,0,0,SUCCESS,2026-08-30T21:09:52.434Z,ba679216-ee2b-4344-afb9-134290faf502
2.02608E+17,2.02608E+17,86,,sl_ReAssessmentSubstanceUse,79713,0,0,SUCCESS,2026-08-30T21:11:33.849Z,ba679216-ee2b-4344-afb9-134290faf502
2.02608E+17,2.02608E+17,86,,sl_ReAssessmentOccupational,78554,0,0,SUCCESS,2026-08-31T21:23:57.708Z,79f5b39e-d314-4ad3-8050-3ace553d67de
2.02608E+17,2.02608E+17,85,,br_ReAssessmentOccupational,78554,0,0,SUCCESS,2026-08-30T21:09:52.434Z,ba679216-ee2b-4344-afb9-134290faf502
2.02609E+17,2.02609E+17,86,,sl_ReAssessmentSubstanceUse,79713,0,0,SUCCESS,2026-09-02T21:31:30.291Z,c49685cc-3281-44bc-a1c2-3be5b1110999
2.02609E+17,2.02609E+17,86,,sl_ReAssessmentSubstanceUse,79713,0,0,SUCCESS,2026-09-01T21:22:07.209Z,0e5f68b5-5669-4bb1-91ce-4b967b620e7d
2.02609E+17,2.02609E+17,85,,br_ReAssessmentOccupational,78554,0,0,SUCCESS,2026-09-02T21:29:28.630Z,c49685cc-3281-44bc-a1c2-3be5b1110999
2.02609E+17,2.02609E+17,86,,sl_ReAssessmentOccupational,78554,0,0,SUCCESS,2026-09-05T19:33:19.126Z,a7cfa2a8-4e03-4cce-a64e-9a92e6e67f12
2.02609E+17,2.02609E+17,85,,br_ReAssessmentMentalHealth,78733,0,0,SUCCESS,2026-09-01T21:20:10.445Z,0e5f68b5-5669-4bb1-91ce-4b967b620e7d
2.02609E+17,2.02609E+17,86,,sl_ReAssessmentMentalHealth,78733,0,0,SUCCESS,2026-09-03T12:16:14.213Z,8e54a6a2-7031-4831-b2c0-8c5ea7811246
2.02609E+17,2.02609E+17,86,,sl_ReAssessmentSubstanceUse,79713,0,0,SUCCESS,2026-09-03T12:16:14.213Z,8e54a6a2-7031-4831-b2c0-8c5ea7811246
2.02609E+17,2.02609E+17,86,,sl_ReAssessmentSubstanceUse,79713,0,0,SUCCESS,2026-09-04T17:36:58.219Z,5652dc3b-8824-4606-a16d-f373dc1d2ada
2.02609E+17,2.02609E+17,86,,sl_ReAssessmentSubstanceUse,79713,0,0,SUCCESS,2026-09-02T20:33:49.607Z,aa9f49a8-9ff8-4a6e-a263-7617045dadde
2.02609E+17,2.02609E+17,85,,br_ReAssessmentMentalHealth,78733,0,0,SUCCESS,2026-09-02T21:29:28.630Z,c49685cc-3281-44bc-a1c2-3be5b1110999
2.02609E+17,2.02609E+17,86,,sl_ReAssessmentMentalHealth,78733,0,0,SUCCESS,2026-09-01T21:22:07.209Z,0e5f68b5-5669-4bb1-91ce-4b967b620e7d
2.02609E+17,2.02609E+17,86,,sl_ReAssessmentSubstanceUse,79713,0,0,SUCCESS,2026-09-05T19:33:19.126Z,a7cfa2a8-4e03-4cce-a64e-9a92e6e67f12
2.02609E+17,2.02609E+17,85,,br_ReAssessmentSubstanceUse,79713,0,0,SUCCESS,2026-09-02T21:29:28.630Z,c49685cc-3281-44bc-a1c2-3be5b1110999
2.02609E+17,2.02609E+17,86,,sl_ReAssessmentSubstanceUse,79713,0,0,SUCCESS,2026-09-03T14:05:58.180Z,ef652adf-cab1-42cd-a0bf-1cd03c8c16e7
2.02609E+17,2.02609E+17,86,,sl_ReAssessmentOccupational,78554,0,0,SUCCESS,2026-09-03T21:02:17.250Z,48b34b87-69c2-467d-a88c-67aac910c539
2.02609E+17,2.02609E+17,86,,sl_ReAssessmentSubstanceUse,79713,0,0,SUCCESS,2026-09-07T19:33:40.857Z,fc48ec9c-d1b8-4775-bd67-583e82846e52
2.02608E+17,2.02608E+17,85,,br_ReAssessmentMentalHealth,78733,0,0,SUCCESS,2026-08-31T21:21:59.554Z,79f5b39e-d314-4ad3-8050-3ace553d67de
2.02608E+17,2.02608E+17,86,,sl_ReAssessmentMentalHealth,78733,0,0,SUCCESS,2026-08-30T21:11:33.849Z,ba679216-ee2b-4344-afb9-134290faf502
2.02609E+17,2.02609E+17,86,,sl_ReAssessmentMentalHealth,78733,0,0,SUCCESS,2026-09-04T17:36:58.219Z,5652dc3b-8824-4606-a16d-f373dc1d2ada
2.02609E+17,2.02609E+17,86,,sl_ReAssessmentMentalHealth,78733,0,0,SUCCESS,2026-09-06T19:32:29.363Z,5cce37fd-5f38-41c5-90e1-d9efeb3bd245
2.02609E+17,2.02609E+17,86,,sl_ReAssessmentOccupational,78554,0,0,SUCCESS,2026-09-02T20:33:49.607Z,aa9f49a8-9ff8-4a6e-a263-7617045dadde
2.02608E+17,2.02608E+17,86,,sl_ReAssessmentSubstanceUse,79713,0,0,SUCCESS,2026-08-31T21:23:57.708Z,79f5b39e-d314-4ad3-8050-3ace553d67de
2.02609E+17,2.02609E+17,85,,br_ReAssessmentSubstanceUse,79713,0,0,SUCCESS,2026-09-01T21:20:10.445Z,0e5f68b5-5669-4bb1-91ce-4b967b620e7d
2.02608E+17,2.02608E+17,85,,br_ReAssessmentSubstanceUse,79713,0,0,SUCCESS,2026-08-29T20:58:53.536Z,dd7385f2-fbd4-41a4-afcd-7296aca5e198
2.02608E+17,2.02608E+17,85,,br_ReAssessmentMentalHealth,78733,0,0,SUCCESS,2026-08-30T21:09:52.434Z,ba679216-ee2b-4344-afb9-134290faf502
2.02609E+17,2.02609E+17,85,,br_ReAssessmentMentalHealth,78733,0,0,SUCCESS,2026-09-03T20:59:11.343Z,48b34b87-69c2-467d-a88c-67aac910c539
2.02608E+17,2.02608E+17,86,,sl_ReAssessmentSubstanceUse,79713,0,0,SUCCESS,2026-08-29T21:00:40.374Z,dd7385f2-fbd4-41a4-afcd-7296aca5e198
2.02609E+17,2.02609E+17,86,,sl_ReAssessmentSubstanceUse,79713,0,0,SUCCESS,2026-09-04T19:35:33.878Z,b1302ebd-57a3-42bd-9029-9a66dda6727d
2.02609E+17,2.02609E+17,86,,sl_ReAssessmentMentalHealth,78733,0,0,SUCCESS,2026-09-04T16:16:27.579Z,66e9e433-72b0-4c30-b0ea-7611d9608923
2.02609E+17,2.02609E+17,86,,sl_ReAssessmentMentalHealth,78733,0,0,SUCCESS,2026-09-02T21:31:30.291Z,c49685cc-3281-44bc-a1c2-3be5b1110999
2.02609E+17,2.02609E+17,85,,br_ReAssessmentOccupational,78554,0,0,SUCCESS,2026-09-01T21:20:10.445Z,0e5f68b5-5669-4bb1-91ce-4b967b620e7d
2.02609E+17,2.02609E+17,86,,sl_ReAssessmentOccupational,78554,0,0,SUCCESS,2026-09-03T14:05:58.180Z,ef652adf-cab1-42cd-a0bf-1cd03c8c16e7
2.02609E+17,2.02609E+17,86,,sl_ReAssessmentOccupational,78554,0,0,SUCCESS,2026-09-04T16:16:27.579Z,66e9e433-72b0-4c30-b0ea-7611d9608923
2.02608E+17,2.02608E+17,86,,sl_ReAssessmentMentalHealth,78733,0,0,SUCCESS,2026-08-29T21:00:40.374Z,dd7385f2-fbd4-41a4-afcd-7296aca5e198
2.02609E+17,2.02609E+17,86,,sl_ReAssessmentOccupational,78554,0,0,SUCCESS,2026-09-04T19:35:33.878Z,b1302ebd-57a3-42bd-9029-9a66dda6727d
2.02609E+17,2.02609E+17,86,,sl_ReAssessmentOccupational,78554,0,0,SUCCESS,2026-09-06T19:32:29.363Z,5cce37fd-5f38-41c5-90e1-d9efeb3bd245
2.02608E+17,2.02608E+17,86,,sl_ReAssessmentMentalHealth,78733,0,0,SUCCESS,2026-08-31T21:23:57.708Z,79f5b39e-d314-4ad3-8050-3ace553d67de
2.02609E+17,2.02609E+17,86,,sl_ReAssessmentSubstanceUse,79713,0,0,SUCCESS,2026-09-03T21:02:17.250Z,48b34b87-69c2-467d-a88c-67aac910c539
2.02609E+17,2.02609E+17,86,,sl_ReAssessmentSubstanceUse,79713,0,0,SUCCESS,2026-09-04T16:16:27.579Z,66e9e433-72b0-4c30-b0ea-7611d9608923
2.02609E+17,2.02609E+17,86,,sl_ReAssessmentOccupational,78554,0,0,SUCCESS,2026-09-04T17:36:58.219Z,5652dc3b-8824-4606-a16d-f373dc1d2ada
2.02608E+17,2.02608E+17,85,,br_ReAssessmentSubstanceUse,79713,0,0,SUCCESS,2026-08-31T21:21:59.554Z,79f5b39e-d314-4ad3-8050-3ace553d67de
2.02609E+17,2.02609E+17,86,,sl_ReAssessmentOccupational,78554,0,0,SUCCESS,2026-09-01T21:22:07.209Z,0e5f68b5-5669-4bb1-91ce-4b967b620e7d
2.02609E+17,2.02609E+17,86,,sl_ReAssessmentOccupational,78554,0,0,SUCCESS,2026-09-02T21:31:30.291Z,c49685cc-3281-44bc-a1c2-3be5b1110999
2.02609E+17,2.02609E+17,86,,sl_ReAssessmentMentalHealth,78733,0,0,SUCCESS,2026-09-05T19:33:19.126Z,a7cfa2a8-4e03-4cce-a64e-9a92e6e67f12
2.02609E+17,2.02609E+17,86,,sl_ReAssessmentMentalHealth,78733,0,0,SUCCESS,2026-09-03T21:02:17.250Z,48b34b87-69c2-467d-a88c-67aac910c539
2.02609E+17,2.02609E+17,86,,sl_ReAssessmentSubstanceUse,79713,0,0,SUCCESS,2026-09-06T19:32:29.363Z,5cce37fd-5f38-41c5-90e1-d9efeb3bd245
2.02608E+17,2.02608E+17,85,,br_ReAssessmentOccupational,78554,0,0,SUCCESS,2026-08-31T21:21:59.554Z,79f5b39e-d314-4ad3-8050-3ace553d67de
2.02609E+17,2.02609E+17,86,,sl_ReAssessmentLegal,78449,0,0,SUCCESS,2026-09-04T19:35:33.878Z,b1302ebd-57a3-42bd-9029-9a66dda6727d
2.02609E+17,2.02609E+17,86,,sl_ReAssessmentMentalHealth,78733,0,0,SUCCESS,2026-09-04T19:35:33.878Z,b1302ebd-57a3-42bd-9029-9a66dda6727d
2.02609E+17,2.02609E+17,86,,sl_ReAssessmentLegal,78449,0,0,SUCCESS,2026-09-03T14:05:58.180Z,ef652adf-cab1-42cd-a0bf-1cd03c8c16e7
2.02609E+17,2.02609E+17,86,,sl_ReAssessmentMentalHealth,78733,0,0,SUCCESS,2026-09-03T14:05:58.180Z,ef652adf-cab1-42cd-a0bf-1cd03c8c16e7
2.02609E+17,2.02609E+17,86,,sl_AdmissionAssessmentSummary,53987,0,0,SUCCESS,2026-09-04T19:35:33.878Z,b1302ebd-57a3-42bd-9029-9a66dda6727d
2.02609E+17,2.02609E+17,86,,sl_ReAssessment,79593,0,0,SUCCESS,2026-09-04T19:35:33.878Z,b1302ebd-57a3-42bd-9029-9a66dda6727d
2.02609E+17,2.02609E+17,86,,sl_AdmissionAssessmentSummary,53949,0,0,SUCCESS,2026-09-03T14:05:58.180Z,ef652adf-cab1-42cd-a0bf-1cd03c8c16e7
2.02609E+17,2.02609E+17,86,,sl_ReAssessment,79593,0,0,SUCCESS,2026-09-03T14:05:58.180Z,ef652adf-cab1-42cd-a0bf-1cd03c8c16e7
2.02609E+17,2.02609E+17,98,,tbl_TakeHomeRiskAssessment,100670,0,0,SUCCESS,2026-09-03T18:15:54.407Z,94249231-24a1-492e-97bf-dcd504ea599a
2.02608E+17,2.02608E+17,85,,br_OrientationChecklistNew,12177,0,0,SUCCESS,2026-08-29T20:58:53.536Z,dd7385f2-fbd4-41a4-afcd-7296aca5e198
2.02609E+17,2.02609E+17,86,,sl_OrientationChecklistNew,12191,0,0,SUCCESS,2026-09-06T19:32:29.363Z,5cce37fd-5f38-41c5-90e1-d9efeb3bd245
2.02609E+17,2.02609E+17,85,,br_OrientationChecklistNew,12195,0,0,SUCCESS,2026-09-03T20:59:11.343Z,48b34b87-69c2-467d-a88c-67aac910c539
2.02609E+17,2.02609E+17,86,,sl_OrientationChecklistNew,12444,0,0,SUCCESS,2026-09-01T21:22:07.209Z,0e5f68b5-5669-4bb1-91ce-4b967b620e7d
2.02609E+17,2.02609E+17,86,,sl_OrientationChecklistNew,12505,0,0,SUCCESS,2026-09-02T21:31:30.291Z,c49685cc-3281-44bc-a1c2-3be5b1110999
2.02608E+17,2.02608E+17,86,,sl_OrientationChecklistNew,12324,0,0,SUCCESS,2026-08-29T21:00:40.374Z,dd7385f2-fbd4-41a4-afcd-7296aca5e198
2.02608E+17,2.02608E+17,86,,sl_OrientationChecklistNew,12392,0,0,SUCCESS,2026-08-31T21:23:57.708Z,79f5b39e-d314-4ad3-8050-3ace553d67de
2.02609E+17,2.02609E+17,86,,sl_OrientationChecklistNew,12191,0,0,SUCCESS,2026-09-07T19:33:40.857Z,fc48ec9c-d1b8-4775-bd67-583e82846e52
2.02609E+17,2.02609E+17,86,,sl_OrientationChecklistNew,12191,0,0,SUCCESS,2026-09-04T16:16:27.579Z,66e9e433-72b0-4c30-b0ea-7611d9608923
2.02609E+17,2.02609E+17,86,,sl_OrientationChecklistNew,12505,0,0,SUCCESS,2026-09-03T12:16:14.213Z,8e54a6a2-7031-4831-b2c0-8c5ea7811246
2.02608E+17,2.02608E+17,86,,sl_OrientationChecklistNew,12324,0,0,SUCCESS,2026-08-30T21:11:33.849Z,ba679216-ee2b-4344-afb9-134290faf502
2.02608E+17,2.02608E+17,85,,br_OrientationChecklistNew,12177,0,0,SUCCESS,2026-08-30T21:09:52.434Z,ba679216-ee2b-4344-afb9-134290faf502
2.02609E+17,2.02609E+17,85,,br_OrientationChecklistNew,12188,0,0,SUCCESS,2026-09-01T21:20:10.445Z,0e5f68b5-5669-4bb1-91ce-4b967b620e7d
2.02609E+17,2.02609E+17,85,,br_OrientationChecklistNew,12191,0,0,SUCCESS,2026-09-04T16:14:43.075Z,66e9e433-72b0-4c30-b0ea-7611d9608923
2.02609E+17,2.02609E+17,85,,br_OrientationChecklistNew,12184,0,0,SUCCESS,2026-09-02T21:29:28.630Z,c49685cc-3281-44bc-a1c2-3be5b1110999
2.02609E+17,2.02609E+17,86,,sl_OrientationChecklistNew,12191,0,0,SUCCESS,2026-09-04T17:36:58.219Z,5652dc3b-8824-4606-a16d-f373dc1d2ada
2.02608E+17,2.02608E+17,85,,br_OrientationChecklistNew,12197,0,0,SUCCESS,2026-08-31T21:21:59.554Z,79f5b39e-d314-4ad3-8050-3ace553d67de
2.02609E+17,2.02609E+17,86,,sl_OrientationChecklistNew,12444,0,0,SUCCESS,2026-09-02T20:33:49.607Z,aa9f49a8-9ff8-4a6e-a263-7617045dadde
2.02609E+17,2.02609E+17,86,,sl_OrientationChecklistNew,12569,0,0,SUCCESS,2026-09-03T21:02:17.250Z,48b34b87-69c2-467d-a88c-67aac910c539
2.02609E+17,2.02609E+17,86,,sl_OrientationChecklistNew,12191,0,0,SUCCESS,2026-09-05T19:33:19.126Z,a7cfa2a8-4e03-4cce-a64e-9a92e6e67f12
2.02609E+17,2.02609E+17,119,,sl_NewPeriodicReassessment,574,0,0,SUCCESS,2026-09-02T10:22:06.876Z,ebc2f5e5-b7e4-40cf-8b56-f009f5871937
2.02609E+17,2.02609E+17,119,,sl_NewPeriodicReassessment,574,0,0,SUCCESS,2026-09-02T11:31:13.005Z,a7050713-a175-4eb1-950e-06e41274b859
2.02609E+17,2.02609E+17,119,,sl_NewPeriodicReassessment,574,0,0,SUCCESS,2026-09-02T05:29:13.250Z,2b09f1a0-2915-47dd-851e-cacf6613827d
2.02609E+17,2.02609E+17,118,,br_NewPeriodicReassessment,574,0,0,SUCCESS,2026-09-02T11:30:02.776Z,a7050713-a175-4eb1-950e-06e41274b859
2.02609E+17,2.02609E+17,118,,br_NewPeriodicReassessment,574,0,0,SUCCESS,2026-09-02T10:19:52.396Z,ebc2f5e5-b7e4-40cf-8b56-f009f5871937
2.02609E+17,2.02609E+17,118,,br_NewPeriodicReassessment,574,0,0,SUCCESS,2026-09-02T05:27:40.872Z,2b09f1a0-2915-47dd-851e-cacf6613827d
2.02609E+17,2.02609E+17,46,,br_samms_payer_clt_history,61,0,0,SUCCESS,2026-09-01T05:28:04.850Z,75a93e02-eb8a-4b20-981c-b48401997d72
2.02609E+17,2.02609E+17,47,,tbl_ClaimLineItemActivity,296584,0,0,SUCCESS,2026-09-01T05:28:56.032Z,75a93e02-eb8a-4b20-981c-b48401997d72
2.02608E+17,2.02608E+17,119,,sl_NewAdmissionAssessment,1325,0,0,SUCCESS,2026-08-31T01:42:39.343Z,4b7273e0-0d54-485d-b4db-ed019a136434
2.02609E+17,2.02609E+17,119,,sl_NewAdmissionAssessment,1331,0,0,SUCCESS,2026-09-02T05:29:13.250Z,2b09f1a0-2915-47dd-851e-cacf6613827d
2.02609E+17,2.02609E+17,119,,sl_NewAdmissionAssessment,1331,0,0,SUCCESS,2026-09-02T10:22:06.876Z,ebc2f5e5-b7e4-40cf-8b56-f009f5871937
2.02608E+17,2.02608E+17,118,,br_NewAdmissionAssessment,484,0,0,SUCCESS,2026-08-31T01:41:07.784Z,4b7273e0-0d54-485d-b4db-ed019a136434
2.02609E+17,2.02609E+17,119,,sl_NewAdmissionAssessment,490,0,0,SUCCESS,2026-09-02T14:06:36.313Z,ab787989-353e-4d3f-8e29-103715871a85
2.02609E+17,2.02609E+17,118,,br_NewAdmissionAssessment,490,0,0,SUCCESS,2026-09-02T05:27:40.872Z,2b09f1a0-2915-47dd-851e-cacf6613827d
2.02609E+17,2.02609E+17,119,,sl_NewAdmissionAssessment,490,0,0,SUCCESS,2026-09-02T11:31:13.005Z,a7050713-a175-4eb1-950e-06e41274b859
2.02609E+17,2.02609E+17,118,,br_NewAdmissionAssessment,490,0,0,SUCCESS,2026-09-02T14:04:55.062Z,ab787989-353e-4d3f-8e29-103715871a85
2.02609E+17,2.02609E+17,118,,br_NewAdmissionAssessment,490,0,0,SUCCESS,2026-09-02T10:19:52.396Z,ebc2f5e5-b7e4-40cf-8b56-f009f5871937
2.02609E+17,2.02609E+17,118,,br_NewAdmissionAssessment,490,0,0,SUCCESS,2026-09-02T11:30:02.776Z,a7050713-a175-4eb1-950e-06e41274b859
2.02608E+17,2.02608E+17,76,,br_SF_PatientPreAdmission,0,0,0,SUCCESS,2026-08-31T19:49:16.803Z,cfdfdc3e-feee-431f-b7ae-4c79340592fa
2.02609E+17,2.02609E+17,46,,br_samms_claim_line_item,13695,0,0,SUCCESS,2026-09-01T05:28:04.850Z,75a93e02-eb8a-4b20-981c-b48401997d72
2.02609E+17,2.02609E+17,85,,br_ReAssessmentTreatment,78203,0,0,SUCCESS,2026-09-03T20:59:11.343Z,48b34b87-69c2-467d-a88c-67aac910c539
2.02609E+17,2.02609E+17,86,,sl_ReAssessmentTreatment,78203,0,0,SUCCESS,2026-09-02T21:31:30.291Z,c49685cc-3281-44bc-a1c2-3be5b1110999
2.02608E+17,2.02608E+17,86,,sl_ReAssessmentTreatment,78203,0,0,SUCCESS,2026-08-30T21:11:33.849Z,ba679216-ee2b-4344-afb9-134290faf502
2.02609E+17,2.02609E+17,86,,sl_ReAssessmentTreatment,78203,0,0,SUCCESS,2026-09-03T12:16:14.213Z,8e54a6a2-7031-4831-b2c0-8c5ea7811246
2.02609E+17,2.02609E+17,86,,sl_ReAssessmentTreatment,78203,0,0,SUCCESS,2026-09-06T19:32:29.363Z,5cce37fd-5f38-41c5-90e1-d9efeb3bd245
2.02608E+17,2.02608E+17,85,,br_ReAssessmentTreatment,78203,0,0,SUCCESS,2026-08-31T21:21:59.554Z,79f5b39e-d314-4ad3-8050-3ace553d67de
2.02608E+17,2.02608E+17,86,,sl_ReAssessmentTreatment,78203,0,0,SUCCESS,2026-08-29T21:00:40.374Z,dd7385f2-fbd4-41a4-afcd-7296aca5e198
2.02608E+17,2.02608E+17,85,,br_ReAssessmentTreatment,78203,0,0,SUCCESS,2026-08-29T20:58:53.536Z,dd7385f2-fbd4-41a4-afcd-7296aca5e198
2.02609E+17,2.02609E+17,86,,sl_ReAssessmentTreatment,78203,0,0,SUCCESS,2026-09-04T17:36:58.219Z,5652dc3b-8824-4606-a16d-f373dc1d2ada
2.02608E+17,2.02608E+17,86,,sl_ReAssessmentTreatment,78203,0,0,SUCCESS,2026-08-31T21:23:57.708Z,79f5b39e-d314-4ad3-8050-3ace553d67de
2.02609E+17,2.02609E+17,85,,br_ReAssessmentTreatment,78203,0,0,SUCCESS,2026-09-01T21:20:10.445Z,0e5f68b5-5669-4bb1-91ce-4b967b620e7d
2.02609E+17,2.02609E+17,86,,sl_ReAssessmentTreatment,78203,0,0,SUCCESS,2026-09-07T19:33:40.857Z,fc48ec9c-d1b8-4775-bd67-583e82846e52
2.02609E+17,2.02609E+17,86,,sl_ReAssessmentTreatment,78203,0,0,SUCCESS,2026-09-02T20:33:49.607Z,aa9f49a8-9ff8-4a6e-a263-7617045dadde
2.02609E+17,2.02609E+17,85,,br_ReAssessmentTreatment,78203,0,0,SUCCESS,2026-09-02T21:29:28.630Z,c49685cc-3281-44bc-a1c2-3be5b1110999
2.02608E+17,2.02608E+17,85,,br_ReAssessmentTreatment,78203,0,0,SUCCESS,2026-08-30T21:09:52.434Z,ba679216-ee2b-4344-afb9-134290faf502
2.02609E+17,2.02609E+17,86,,sl_ReAssessmentTreatment,78203,0,0,SUCCESS,2026-09-05T19:33:19.126Z,a7cfa2a8-4e03-4cce-a64e-9a92e6e67f12
2.02609E+17,2.02609E+17,86,,sl_ReAssessmentTreatment,78203,0,0,SUCCESS,2026-09-03T21:02:17.250Z,48b34b87-69c2-467d-a88c-67aac910c539
2.02609E+17,2.02609E+17,86,,sl_ReAssessmentTreatment,78203,0,0,SUCCESS,2026-09-04T16:16:27.579Z,66e9e433-72b0-4c30-b0ea-7611d9608923
2.02609E+17,2.02609E+17,86,,sl_ReAssessmentTreatment,78203,0,0,SUCCESS,2026-09-01T21:22:07.209Z,0e5f68b5-5669-4bb1-91ce-4b967b620e7d
2.02609E+17,2.02609E+17,86,,sl_LiquidLog,15560977,0,0,SUCCESS,2026-09-04T19:35:33.878Z,b1302ebd-57a3-42bd-9029-9a66dda6727d
2.02609E+17,2.02609E+17,86,,sl_OrientationChecklistNew,12191,0,0,SUCCESS,2026-09-04T19:35:33.878Z,b1302ebd-57a3-42bd-9029-9a66dda6727d
2.02609E+17,2.02609E+17,86,,sl_LiquidLog,15495855,0,0,SUCCESS,2026-09-03T14:05:58.180Z,ef652adf-cab1-42cd-a0bf-1cd03c8c16e7
2.02609E+17,2.02609E+17,86,,sl_OrientationChecklistNew,12505,0,0,SUCCESS,2026-09-03T14:05:58.180Z,ef652adf-cab1-42cd-a0bf-1cd03c8c16e7
2.02609E+17,2.02609E+17,97,,br_samms_eandm_form_mdm,544725,0,0,SUCCESS,2026-09-03T18:15:19.819Z,94249231-24a1-492e-97bf-dcd504ea599a
2.02609E+17,2.02609E+17,97,,br_samms_sf_data_forms,536195,0,0,SUCCESS,2026-09-03T18:15:19.819Z,94249231-24a1-492e-97bf-dcd504ea599a
2.02609E+17,2.02609E+17,86,,sl_AdmissionAssessment,12690,0,0,SUCCESS,2026-09-07T19:33:40.857Z,fc48ec9c-d1b8-4775-bd67-583e82846e52
2.02609E+17,2.02609E+17,86,,sl_AdmissionAssessment,12690,0,0,SUCCESS,2026-09-04T19:35:33.878Z,b1302ebd-57a3-42bd-9029-9a66dda6727d
2.02608E+17,2.02608E+17,85,,br_AdmissionAssessment,12353,0,0,SUCCESS,2026-08-30T21:09:52.434Z,ba679216-ee2b-4344-afb9-134290faf502
2.02609E+17,2.02609E+17,85,,br_AdmissionAssessment,12345,0,0,SUCCESS,2026-09-03T20:59:11.343Z,48b34b87-69c2-467d-a88c-67aac910c539
2.02609E+17,2.02609E+17,86,,sl_AdmissionAssessment,12652,0,0,SUCCESS,2026-09-03T14:05:58.180Z,ef652adf-cab1-42cd-a0bf-1cd03c8c16e7
2.02609E+17,2.02609E+17,86,,sl_AdmissionAssessment,12690,0,0,SUCCESS,2026-09-03T21:02:17.250Z,48b34b87-69c2-467d-a88c-67aac910c539
2.02609E+17,2.02609E+17,86,,sl_AdmissionAssessment,12597,0,0,SUCCESS,2026-09-01T21:22:07.209Z,0e5f68b5-5669-4bb1-91ce-4b967b620e7d
2.02608E+17,2.02608E+17,85,,br_AdmissionAssessment,12363,0,0,SUCCESS,2026-08-31T21:21:59.554Z,79f5b39e-d314-4ad3-8050-3ace553d67de
2.02609E+17,2.02609E+17,86,,sl_AdmissionAssessment,12690,0,0,SUCCESS,2026-09-04T17:36:58.219Z,5652dc3b-8824-4606-a16d-f373dc1d2ada
2.02609E+17,2.02609E+17,85,,br_AdmissionAssessment,12371,0,0,SUCCESS,2026-09-02T21:29:28.630Z,c49685cc-3281-44bc-a1c2-3be5b1110999
2.02608E+17,2.02608E+17,85,,br_AdmissionAssessment,12356,0,0,SUCCESS,2026-08-29T20:58:53.536Z,dd7385f2-fbd4-41a4-afcd-7296aca5e198
2.02609E+17,2.02609E+17,86,,sl_AdmissionAssessment,12652,0,0,SUCCESS,2026-09-03T12:16:14.213Z,8e54a6a2-7031-4831-b2c0-8c5ea7811246
2.02608E+17,2.02608E+17,86,,sl_AdmissionAssessment,12492,0,0,SUCCESS,2026-08-30T21:11:33.849Z,ba679216-ee2b-4344-afb9-134290faf502
2.02609E+17,2.02609E+17,86,,sl_AdmissionAssessment,12597,0,0,SUCCESS,2026-09-02T20:33:49.607Z,aa9f49a8-9ff8-4a6e-a263-7617045dadde
2.02609E+17,2.02609E+17,86,,sl_AdmissionAssessment,12690,0,0,SUCCESS,2026-09-05T19:33:19.126Z,a7cfa2a8-4e03-4cce-a64e-9a92e6e67f12
2.02609E+17,2.02609E+17,86,,sl_AdmissionAssessment,12690,0,0,SUCCESS,2026-09-04T16:16:27.579Z,66e9e433-72b0-4c30-b0ea-7611d9608923
2.02609E+17,2.02609E+17,98,,tbl_EandMFormPregnancy,63515,0,0,SUCCESS,2026-09-03T18:15:54.407Z,94249231-24a1-492e-97bf-dcd504ea599a
2.02609E+17,2.02609E+17,86,,sl_AdmissionAssessment,12690,0,0,SUCCESS,2026-09-06T19:32:29.363Z,5cce37fd-5f38-41c5-90e1-d9efeb3bd245
2.02608E+17,2.02608E+17,86,,sl_AdmissionAssessment,12492,0,0,SUCCESS,2026-08-29T21:00:40.374Z,dd7385f2-fbd4-41a4-afcd-7296aca5e198
2.02609E+17,2.02609E+17,85,,br_AdmissionAssessment,12374,0,0,SUCCESS,2026-09-01T21:20:10.445Z,0e5f68b5-5669-4bb1-91ce-4b967b620e7d
2.02608E+17,2.02608E+17,86,,sl_AdmissionAssessment,12548,0,0,SUCCESS,2026-08-31T21:23:57.708Z,79f5b39e-d314-4ad3-8050-3ace553d67de
2.02609E+17,2.02609E+17,86,,sl_AdmissionAssessment,12652,0,0,SUCCESS,2026-09-02T21:31:30.291Z,c49685cc-3281-44bc-a1c2-3be5b1110999
2.02609E+17,2.02609E+17,98,,tbl_SMSTextConsentForm,15377,0,0,SUCCESS,2026-09-03T18:15:54.407Z,94249231-24a1-492e-97bf-dcd504ea599a
2.02609E+17,2.02609E+17,98,,tbl_ConsenttoMarketing,8074,0,0,SUCCESS,2026-09-03T18:15:54.407Z,94249231-24a1-492e-97bf-dcd504ea599a
2.02609E+17,2.02609E+17,46,,br_samms_vw3p_bill_sub,224,0,0,SUCCESS,2026-09-01T05:28:04.850Z,75a93e02-eb8a-4b20-981c-b48401997d72
2.02609E+17,2.02609E+17,46,,br_samms_pbi3_pay_auth,62,0,0,SUCCESS,2026-09-01T05:28:04.850Z,75a93e02-eb8a-4b20-981c-b48401997d72
2.02609E+17,2.02609E+17,86,,sl_ReAssessmentFamily,78632,0,0,SUCCESS,2026-09-03T12:16:14.213Z,8e54a6a2-7031-4831-b2c0-8c5ea7811246
2.02609E+17,2.02609E+17,85,,br_ReAssessmentFamily,78632,0,0,SUCCESS,2026-09-01T21:20:10.445Z,0e5f68b5-5669-4bb1-91ce-4b967b620e7d
2.02608E+17,2.02608E+17,85,,br_ReAssessmentSocial,78434,0,0,SUCCESS,2026-08-29T20:58:53.536Z,dd7385f2-fbd4-41a4-afcd-7296aca5e198
2.02609E+17,2.02609E+17,86,,sl_ReAssessmentFamily,78632,0,0,SUCCESS,2026-09-03T14:05:58.180Z,ef652adf-cab1-42cd-a0bf-1cd03c8c16e7
2.02609E+17,2.02609E+17,86,,sl_ReAssessmentFamily,78632,0,0,SUCCESS,2026-09-02T20:33:49.607Z,aa9f49a8-9ff8-4a6e-a263-7617045dadde
2.02609E+17,2.02609E+17,85,,br_ReAssessmentFamily,78632,0,0,SUCCESS,2026-09-03T20:59:11.343Z,48b34b87-69c2-467d-a88c-67aac910c539
2.02608E+17,2.02608E+17,86,,sl_ReAssessmentFamily,78632,0,0,SUCCESS,2026-08-30T21:11:33.849Z,ba679216-ee2b-4344-afb9-134290faf502
2.02609E+17,2.02609E+17,86,,sl_ReAssessmentFamily,78632,0,0,SUCCESS,2026-09-05T19:33:19.126Z,a7cfa2a8-4e03-4cce-a64e-9a92e6e67f12
2.02609E+17,2.02609E+17,86,,sl_ReAssessmentSocial,78434,0,0,SUCCESS,2026-09-02T21:31:30.291Z,c49685cc-3281-44bc-a1c2-3be5b1110999
2.02608E+17,2.02608E+17,86,,sl_ReAssessmentSocial,78434,0,0,SUCCESS,2026-08-31T21:23:57.708Z,79f5b39e-d314-4ad3-8050-3ace553d67de
2.02609E+17,2.02609E+17,85,,br_ReAssessmentFamily,78632,0,0,SUCCESS,2026-09-02T21:29:28.630Z,c49685cc-3281-44bc-a1c2-3be5b1110999
2.02608E+17,2.02608E+17,86,,sl_ReAssessmentSocial,78434,0,0,SUCCESS,2026-08-30T21:11:33.849Z,ba679216-ee2b-4344-afb9-134290faf502
2.02609E+17,2.02609E+17,85,,br_ReAssessmentSocial,78434,0,0,SUCCESS,2026-09-03T20:59:11.343Z,48b34b87-69c2-467d-a88c-67aac910c539
2.02608E+17,2.02608E+17,85,,br_ReAssessmentFamily,78632,0,0,SUCCESS,2026-08-30T21:09:52.434Z,ba679216-ee2b-4344-afb9-134290faf502
2.02608E+17,2.02608E+17,85,,br_ReAssessmentSocial,78434,0,0,SUCCESS,2026-08-31T21:21:59.554Z,79f5b39e-d314-4ad3-8050-3ace553d67de
2.02608E+17,2.02608E+17,86,,sl_ReAssessmentFamily,78632,0,0,SUCCESS,2026-08-29T21:00:40.374Z,dd7385f2-fbd4-41a4-afcd-7296aca5e198
2.02609E+17,2.02609E+17,86,,sl_ReAssessmentSocial,78434,0,0,SUCCESS,2026-09-01T21:22:07.209Z,0e5f68b5-5669-4bb1-91ce-4b967b620e7d
2.02609E+17,2.02609E+17,86,,sl_ReAssessmentSocial,78434,0,0,SUCCESS,2026-09-04T17:36:58.219Z,5652dc3b-8824-4606-a16d-f373dc1d2ada
2.02609E+17,2.02609E+17,86,,sl_ReAssessmentFamily,78632,0,0,SUCCESS,2026-09-07T19:33:40.857Z,fc48ec9c-d1b8-4775-bd67-583e82846e52
2.02608E+17,2.02608E+17,85,,br_ReAssessmentFamily,78632,0,0,SUCCESS,2026-08-29T20:58:53.536Z,dd7385f2-fbd4-41a4-afcd-7296aca5e198
2.02609E+17,2.02609E+17,86,,sl_ReAssessmentSocial,78434,0,0,SUCCESS,2026-09-05T19:33:19.126Z,a7cfa2a8-4e03-4cce-a64e-9a92e6e67f12
2.02609E+17,2.02609E+17,86,,sl_ReAssessmentFamily,78632,0,0,SUCCESS,2026-09-04T16:16:27.579Z,66e9e433-72b0-4c30-b0ea-7611d9608923
2.02608E+17,2.02608E+17,85,,br_ReAssessmentSocial,78434,0,0,SUCCESS,2026-08-30T21:09:52.434Z,ba679216-ee2b-4344-afb9-134290faf502
2.02609E+17,2.02609E+17,86,,sl_ReAssessmentFamily,78632,0,0,SUCCESS,2026-09-06T19:32:29.363Z,5cce37fd-5f38-41c5-90e1-d9efeb3bd245
2.02609E+17,2.02609E+17,86,,sl_ReAssessmentSocial,78434,0,0,SUCCESS,2026-09-02T20:33:49.607Z,aa9f49a8-9ff8-4a6e-a263-7617045dadde
2.02609E+17,2.02609E+17,86,,sl_ReAssessmentFamily,78632,0,0,SUCCESS,2026-09-01T21:22:07.209Z,0e5f68b5-5669-4bb1-91ce-4b967b620e7d
2.02609E+17,2.02609E+17,86,,sl_ReAssessmentSocial,78434,0,0,SUCCESS,2026-09-03T12:16:14.213Z,8e54a6a2-7031-4831-b2c0-8c5ea7811246
2.02609E+17,2.02609E+17,86,,sl_ReAssessmentSocial,78434,0,0,SUCCESS,2026-09-04T16:16:27.579Z,66e9e433-72b0-4c30-b0ea-7611d9608923
2.02609E+17,2.02609E+17,86,,sl_ReAssessmentFamily,78632,0,0,SUCCESS,2026-09-04T19:35:33.878Z,b1302ebd-57a3-42bd-9029-9a66dda6727d
2.02608E+17,2.02608E+17,86,,sl_ReAssessmentFamily,78632,0,0,SUCCESS,2026-08-31T21:23:57.708Z,79f5b39e-d314-4ad3-8050-3ace553d67de
2.02609E+17,2.02609E+17,85,,br_ReAssessmentSocial,78434,0,0,SUCCESS,2026-09-02T21:29:28.630Z,c49685cc-3281-44bc-a1c2-3be5b1110999
2.02609E+17,2.02609E+17,86,,sl_ReAssessmentSocial,78434,0,0,SUCCESS,2026-09-03T21:02:17.250Z,48b34b87-69c2-467d-a88c-67aac910c539
2.02609E+17,2.02609E+17,85,,br_ReAssessmentSocial,78434,0,0,SUCCESS,2026-09-01T21:20:10.445Z,0e5f68b5-5669-4bb1-91ce-4b967b620e7d
2.02609E+17,2.02609E+17,86,,sl_ReAssessmentFamily,78632,0,0,SUCCESS,2026-09-03T21:02:17.250Z,48b34b87-69c2-467d-a88c-67aac910c539
2.02608E+17,2.02608E+17,86,,sl_ReAssessmentSocial,78434,0,0,SUCCESS,2026-08-29T21:00:40.374Z,dd7385f2-fbd4-41a4-afcd-7296aca5e198
2.02609E+17,2.02609E+17,86,,sl_ReAssessmentFamily,78632,0,0,SUCCESS,2026-09-02T21:31:30.291Z,c49685cc-3281-44bc-a1c2-3be5b1110999
2.02609E+17,2.02609E+17,86,,sl_ReAssessmentFamily,78632,0,0,SUCCESS,2026-09-04T17:36:58.219Z,5652dc3b-8824-4606-a16d-f373dc1d2ada
2.02608E+17,2.02608E+17,85,,br_ReAssessmentFamily,78632,0,0,SUCCESS,2026-08-31T21:21:59.554Z,79f5b39e-d314-4ad3-8050-3ace553d67de
2.02609E+17,2.02609E+17,86,,sl_ReAssessmentSocial,78434,0,0,SUCCESS,2026-09-06T19:32:29.363Z,5cce37fd-5f38-41c5-90e1-d9efeb3bd245
2.02609E+17,2.02609E+17,86,,sl_ReAssessmentSocial,78434,0,0,SUCCESS,2026-09-07T19:33:40.857Z,fc48ec9c-d1b8-4775-bd67-583e82846e52
2.02609E+17,2.02609E+17,86,,sl_ReAssessmentTreatment,78203,0,0,SUCCESS,2026-09-04T19:35:33.878Z,b1302ebd-57a3-42bd-9029-9a66dda6727d
2.02609E+17,2.02609E+17,86,,sl_InvType,826,0,0,SUCCESS,2026-09-04T19:35:33.878Z,b1302ebd-57a3-42bd-9029-9a66dda6727d
2.02609E+17,2.02609E+17,86,,sl_ReAssessmentTreatment,78203,0,0,SUCCESS,2026-09-03T14:05:58.180Z,ef652adf-cab1-42cd-a0bf-1cd03c8c16e7
2.02609E+17,2.02609E+17,86,,sl_InvType,826,0,0,SUCCESS,2026-09-03T14:05:58.180Z,ef652adf-cab1-42cd-a0bf-1cd03c8c16e7
2.02609E+17,2.02609E+17,86,,sl_LABResultDetail,568781,0,0,SUCCESS,2026-09-03T14:05:58.180Z,ef652adf-cab1-42cd-a0bf-1cd03c8c16e7
2.02609E+17,2.02609E+17,86,,sl_Appointments,2700251,0,0,SUCCESS,2026-09-03T14:05:58.180Z,ef652adf-cab1-42cd-a0bf-1cd03c8c16e7
2.02609E+17,2.02609E+17,46,,br_samms_client_demo2,301,0,0,SUCCESS,2026-09-01T05:28:04.850Z,75a93e02-eb8a-4b20-981c-b48401997d72
2.02609E+17,2.02609E+17,86,,sl_LABResultDetail,568848,0,0,SUCCESS,2026-09-04T19:35:33.878Z,b1302ebd-57a3-42bd-9029-9a66dda6727d
2.02609E+17,2.02609E+17,86,,sl_Appointments,2704593,0,0,SUCCESS,2026-09-04T19:35:33.878Z,b1302ebd-57a3-42bd-9029-9a66dda6727d
2.02609E+17,2.02609E+17,46,,br_samms_payer_client,192,0,0,SUCCESS,2026-09-01T05:28:04.850Z,75a93e02-eb8a-4b20-981c-b48401997d72
2.02609E+17,2.02609E+17,46,,br_samms_client_demo1,301,0,0,SUCCESS,2026-09-01T05:28:04.850Z,75a93e02-eb8a-4b20-981c-b48401997d72
2.02609E+17,2.02609E+17,85,,br_ReAssessmentLegal,78449,0,0,SUCCESS,2026-09-01T21:20:10.445Z,0e5f68b5-5669-4bb1-91ce-4b967b620e7d
2.02609E+17,2.02609E+17,86,,sl_ReAssessmentLegal,78449,0,0,SUCCESS,2026-09-06T19:32:29.363Z,5cce37fd-5f38-41c5-90e1-d9efeb3bd245
2.02608E+17,2.02608E+17,85,,br_ReAssessmentLegal,78449,0,0,SUCCESS,2026-08-29T20:58:53.536Z,dd7385f2-fbd4-41a4-afcd-7296aca5e198
2.02609E+17,2.02609E+17,86,,sl_ReAssessmentLegal,78449,0,0,SUCCESS,2026-09-03T12:16:14.213Z,8e54a6a2-7031-4831-b2c0-8c5ea7811246
2.02609E+17,2.02609E+17,85,,br_ReAssessmentLegal,78449,0,0,SUCCESS,2026-09-02T21:29:28.630Z,c49685cc-3281-44bc-a1c2-3be5b1110999
2.02608E+17,2.02608E+17,86,,sl_ReAssessmentLegal,78449,0,0,SUCCESS,2026-08-29T21:00:40.374Z,dd7385f2-fbd4-41a4-afcd-7296aca5e198
2.02608E+17,2.02608E+17,85,,br_ReAssessmentLegal,78449,0,0,SUCCESS,2026-08-31T21:21:59.554Z,79f5b39e-d314-4ad3-8050-3ace553d67de
2.02609E+17,2.02609E+17,86,,sl_ReAssessmentLegal,78449,0,0,SUCCESS,2026-09-02T21:31:30.291Z,c49685cc-3281-44bc-a1c2-3be5b1110999
2.02608E+17,2.02608E+17,85,,br_ReAssessmentLegal,78449,0,0,SUCCESS,2026-08-30T21:09:52.434Z,ba679216-ee2b-4344-afb9-134290faf502
2.02609E+17,2.02609E+17,86,,sl_ReAssessmentLegal,78449,0,0,SUCCESS,2026-09-01T21:22:07.209Z,0e5f68b5-5669-4bb1-91ce-4b967b620e7d
2.02609E+17,2.02609E+17,86,,sl_ReAssessmentLegal,78449,0,0,SUCCESS,2026-09-04T16:16:27.579Z,66e9e433-72b0-4c30-b0ea-7611d9608923
2.02609E+17,2.02609E+17,86,,sl_ReAssessmentLegal,78449,0,0,SUCCESS,2026-09-05T19:33:19.126Z,a7cfa2a8-4e03-4cce-a64e-9a92e6e67f12
2.02608E+17,2.02608E+17,86,,sl_ReAssessmentLegal,78449,0,0,SUCCESS,2026-08-31T21:23:57.708Z,79f5b39e-d314-4ad3-8050-3ace553d67de
2.02609E+17,2.02609E+17,86,,sl_ReAssessmentLegal,78449,0,0,SUCCESS,2026-09-04T17:36:58.219Z,5652dc3b-8824-4606-a16d-f373dc1d2ada
2.02609E+17,2.02609E+17,86,,sl_ReAssessmentLegal,78449,0,0,SUCCESS,2026-09-02T20:33:49.607Z,aa9f49a8-9ff8-4a6e-a263-7617045dadde
2.02609E+17,2.02609E+17,86,,sl_ReAssessmentLegal,78449,0,0,SUCCESS,2026-09-03T21:02:17.250Z,48b34b87-69c2-467d-a88c-67aac910c539
2.02609E+17,2.02609E+17,85,,br_ReAssessmentLegal,78449,0,0,SUCCESS,2026-09-03T20:59:11.343Z,48b34b87-69c2-467d-a88c-67aac910c539
2.02609E+17,2.02609E+17,86,,sl_ReAssessmentLegal,78449,0,0,SUCCESS,2026-09-07T19:33:40.857Z,fc48ec9c-d1b8-4775-bd67-583e82846e52
2.02608E+17,2.02608E+17,86,,sl_ReAssessmentLegal,78449,0,0,SUCCESS,2026-08-30T21:11:33.849Z,ba679216-ee2b-4344-afb9-134290faf502
2.02609E+17,2.02609E+17,47,,tbl_PayerCltHistory,558,0,0,SUCCESS,2026-09-01T05:28:56.032Z,75a93e02-eb8a-4b20-981c-b48401997d72
2.02609E+17,2.02609E+17,85,,br_LabResultDetail,566028,0,0,SUCCESS,2026-09-03T20:59:11.343Z,48b34b87-69c2-467d-a88c-67aac910c539
2.02609E+17,2.02609E+17,86,,sl_LABResultDetail,568848,0,0,SUCCESS,2026-09-04T16:16:27.579Z,66e9e433-72b0-4c30-b0ea-7611d9608923
2.02609E+17,2.02609E+17,86,,sl_LABResultDetail,568781,0,0,SUCCESS,2026-09-02T21:31:30.291Z,c49685cc-3281-44bc-a1c2-3be5b1110999
2.02608E+17,2.02608E+17,85,,br_LabResultDetail,565586,0,0,SUCCESS,2026-08-29T20:58:53.536Z,dd7385f2-fbd4-41a4-afcd-7296aca5e198
2.02608E+17,2.02608E+17,86,,sl_LABResultDetail,568397,0,0,SUCCESS,2026-08-29T21:00:40.374Z,dd7385f2-fbd4-41a4-afcd-7296aca5e198
2.02609E+17,2.02609E+17,86,,sl_LABResultDetail,568848,0,0,SUCCESS,2026-09-05T19:33:19.126Z,a7cfa2a8-4e03-4cce-a64e-9a92e6e67f12
2.02609E+17,2.02609E+17,86,,sl_LABResultDetail,568848,0,0,SUCCESS,2026-09-04T17:36:58.219Z,5652dc3b-8824-4606-a16d-f373dc1d2ada
2.02608E+17,2.02608E+17,85,,br_LabResultDetail,565719,0,0,SUCCESS,2026-08-31T21:21:59.554Z,79f5b39e-d314-4ad3-8050-3ace553d67de
2.02609E+17,2.02609E+17,86,,sl_LABResultDetail,568781,0,0,SUCCESS,2026-09-03T12:16:14.213Z,8e54a6a2-7031-4831-b2c0-8c5ea7811246
2.02609E+17,2.02609E+17,85,,br_LabResultDetail,565963,0,0,SUCCESS,2026-09-02T21:29:28.630Z,c49685cc-3281-44bc-a1c2-3be5b1110999
2.02609E+17,2.02609E+17,86,,sl_LABResultDetail,568848,0,0,SUCCESS,2026-09-06T19:32:29.363Z,5cce37fd-5f38-41c5-90e1-d9efeb3bd245
2.02609E+17,2.02609E+17,86,,sl_LABResultDetail,568848,0,0,SUCCESS,2026-09-07T19:33:40.857Z,fc48ec9c-d1b8-4775-bd67-583e82846e52
2.02609E+17,2.02609E+17,86,,sl_LABResultDetail,568848,0,0,SUCCESS,2026-09-03T21:02:17.250Z,48b34b87-69c2-467d-a88c-67aac910c539
2.02608E+17,2.02608E+17,85,,br_LabResultDetail,565586,0,0,SUCCESS,2026-08-30T21:09:52.434Z,ba679216-ee2b-4344-afb9-134290faf502
2.02609E+17,2.02609E+17,86,,sl_LABResultDetail,568663,0,0,SUCCESS,2026-09-01T21:22:07.209Z,0e5f68b5-5669-4bb1-91ce-4b967b620e7d
2.02609E+17,2.02609E+17,85,,br_LabResultDetail,565847,0,0,SUCCESS,2026-09-01T21:20:10.445Z,0e5f68b5-5669-4bb1-91ce-4b967b620e7d
2.02608E+17,2.02608E+17,86,,sl_LABResultDetail,568397,0,0,SUCCESS,2026-08-30T21:11:33.849Z,ba679216-ee2b-4344-afb9-134290faf502
2.02608E+17,2.02608E+17,86,,sl_LABResultDetail,568532,0,0,SUCCESS,2026-08-31T21:23:57.708Z,79f5b39e-d314-4ad3-8050-3ace553d67de
2.02609E+17,2.02609E+17,86,,sl_LABResultDetail,568663,0,0,SUCCESS,2026-09-02T20:33:49.607Z,aa9f49a8-9ff8-4a6e-a263-7617045dadde
2.02608E+17,2.02608E+13,37,152,br_knowbe4_enrollments,94614,0,0,SUCCESS,2026-08-31T15:40:08.842Z,abc
2.02609E+17,2.02609E+17,46,,br_samms_tbldiag10,231,0,0,SUCCESS,2026-09-01T05:28:04.850Z,75a93e02-eb8a-4b20-981c-b48401997d72
2.02609E+17,2.02609E+17,47,,tbl_ClaimLineItem,248594,0,0,SUCCESS,2026-09-01T05:28:56.032Z,75a93e02-eb8a-4b20-981c-b48401997d72
2.02609E+17,2.02609E+17,98,,tbl_SF_DataForms,619686,0,0,SUCCESS,2026-09-03T18:15:54.407Z,94249231-24a1-492e-97bf-dcd504ea599a
2.02609E+17,2.02609E+17,98,,tbl_EandMFormMDM,544725,0,0,SUCCESS,2026-09-03T18:15:54.407Z,94249231-24a1-492e-97bf-dcd504ea599a
2.02609E+17,2.02609E+17,86,,sl_Appointments,2695508,0,0,SUCCESS,2026-09-01T21:22:07.209Z,0e5f68b5-5669-4bb1-91ce-4b967b620e7d
2.02608E+17,2.02608E+17,85,,br_Appointments,2453840,0,0,SUCCESS,2026-08-30T21:09:52.434Z,ba679216-ee2b-4344-afb9-134290faf502
2.02609E+17,2.02609E+17,86,,sl_Appointments,2704593,0,0,SUCCESS,2026-09-06T19:32:29.363Z,5cce37fd-5f38-41c5-90e1-d9efeb3bd245
2.02609E+17,2.02609E+17,86,,sl_Appointments,2700251,0,0,SUCCESS,2026-09-02T21:31:30.291Z,c49685cc-3281-44bc-a1c2-3be5b1110999
2.02609E+17,2.02609E+17,86,,sl_Appointments,2695508,0,0,SUCCESS,2026-09-02T20:33:49.607Z,aa9f49a8-9ff8-4a6e-a263-7617045dadde
2.02609E+17,2.02609E+17,86,,sl_Appointments,2704593,0,0,SUCCESS,2026-09-05T19:33:19.126Z,a7cfa2a8-4e03-4cce-a64e-9a92e6e67f12
2.02608E+17,2.02608E+17,85,,br_Appointments,2458053,0,0,SUCCESS,2026-08-31T21:21:59.554Z,79f5b39e-d314-4ad3-8050-3ace553d67de
2.02609E+17,2.02609E+17,86,,sl_Appointments,2704593,0,0,SUCCESS,2026-09-04T16:16:27.579Z,66e9e433-72b0-4c30-b0ea-7611d9608923
2.02609E+17,2.02609E+17,86,,sl_Appointments,2704593,0,0,SUCCESS,2026-09-07T19:33:40.857Z,fc48ec9c-d1b8-4775-bd67-583e82846e52
2.02608E+17,2.02608E+17,86,,sl_Appointments,2684973,0,0,SUCCESS,2026-08-29T21:00:40.374Z,dd7385f2-fbd4-41a4-afcd-7296aca5e198
2.02609E+17,2.02609E+17,86,,sl_Appointments,2704593,0,0,SUCCESS,2026-09-03T21:02:17.250Z,48b34b87-69c2-467d-a88c-67aac910c539
2.02608E+17,2.02608E+17,85,,br_Appointments,2453769,0,0,SUCCESS,2026-08-29T20:58:53.536Z,dd7385f2-fbd4-41a4-afcd-7296aca5e198
2.02608E+17,2.02608E+17,86,,sl_Appointments,2685052,0,0,SUCCESS,2026-08-30T21:11:33.849Z,ba679216-ee2b-4344-afb9-134290faf502
2.02609E+17,2.02609E+17,85,,br_Appointments,2469396,0,0,SUCCESS,2026-09-03T20:59:11.343Z,48b34b87-69c2-467d-a88c-67aac910c539
2.02609E+17,2.02609E+17,86,,sl_Appointments,2700251,0,0,SUCCESS,2026-09-03T12:16:14.213Z,8e54a6a2-7031-4831-b2c0-8c5ea7811246
2.02609E+17,2.02609E+17,85,,br_Appointments,2462777,0,0,SUCCESS,2026-09-01T21:20:10.445Z,0e5f68b5-5669-4bb1-91ce-4b967b620e7d
2.02609E+17,2.02609E+17,86,,sl_Appointments,2704593,0,0,SUCCESS,2026-09-04T17:36:58.219Z,5652dc3b-8824-4606-a16d-f373dc1d2ada
2.02609E+17,2.02609E+17,85,,br_Appointments,2465613,0,0,SUCCESS,2026-09-02T21:29:28.630Z,c49685cc-3281-44bc-a1c2-3be5b1110999
2.02608E+17,2.02608E+17,86,,sl_Appointments,2690033,0,0,SUCCESS,2026-08-31T21:23:57.708Z,79f5b39e-d314-4ad3-8050-3ace553d67de
2.02609E+17,2.02609E+17,46,,br_samms_3p_elig,89,0,0,SUCCESS,2026-09-01T05:28:04.850Z,75a93e02-eb8a-4b20-981c-b48401997d72
2.02609E+17,2.02609E+17,86,,sl_ReAssessment,79593,0,0,SUCCESS,2026-09-03T21:02:17.250Z,48b34b87-69c2-467d-a88c-67aac910c539
2.02609E+17,2.02609E+17,86,,sl_ReAssessment,79593,0,0,SUCCESS,2026-09-04T16:16:27.579Z,66e9e433-72b0-4c30-b0ea-7611d9608923
2.02609E+17,2.02609E+17,86,,sl_ReAssessment,79593,0,0,SUCCESS,2026-09-05T19:33:19.126Z,a7cfa2a8-4e03-4cce-a64e-9a92e6e67f12
2.02609E+17,2.02609E+17,86,,sl_ReAssessment,79593,0,0,SUCCESS,2026-09-04T17:36:58.219Z,5652dc3b-8824-4606-a16d-f373dc1d2ada
2.02609E+17,2.02609E+17,86,,sl_ReAssessment,79593,0,0,SUCCESS,2026-09-06T19:32:29.363Z,5cce37fd-5f38-41c5-90e1-d9efeb3bd245
2.02609E+17,2.02609E+17,86,,sl_ReAssessment,79593,0,0,SUCCESS,2026-09-07T19:33:40.857Z,fc48ec9c-d1b8-4775-bd67-583e82846e52
2.02609E+17,2.02609E+17,46,,br_samms_claims,11577,0,0,SUCCESS,2026-09-01T05:28:04.850Z,75a93e02-eb8a-4b20-981c-b48401997d72
2.02609E+17,2.02609E+17,85,,br_ReAssessment,79593,0,0,SUCCESS,2026-09-03T20:59:11.343Z,48b34b87-69c2-467d-a88c-67aac910c539
2.02609E+17,2.02609E+17,85,,br_ReAssessment,79593,0,0,SUCCESS,2026-09-03T14:01:22.137Z,ef652adf-cab1-42cd-a0bf-1cd03c8c16e7
2.02609E+17,2.02609E+17,47,,tbl_vw3pBillSub,1331,0,0,SUCCESS,2026-09-01T05:28:56.032Z,75a93e02-eb8a-4b20-981c-b48401997d72
2.02609E+17,2.02609E+17,47,,tbl_ClientDemo2,1675,0,0,SUCCESS,2026-09-01T05:28:56.032Z,75a93e02-eb8a-4b20-981c-b48401997d72
2.02609E+17,2.02609E+17,47,,tbl_PayerClient,1643,0,0,SUCCESS,2026-09-01T05:28:56.032Z,75a93e02-eb8a-4b20-981c-b48401997d72
2.02609E+17,2.02609E+17,47,,tbl_ClientDemo1,1675,0,0,SUCCESS,2026-09-01T05:28:56.032Z,75a93e02-eb8a-4b20-981c-b48401997d72
2.02608E+17,2.02608E+17,85,,br_ReAssessment,239,0,0,SUCCESS,2026-08-30T21:09:52.434Z,ba679216-ee2b-4344-afb9-134290faf502
2.02608E+17,2.02608E+17,86,,sl_ReAssessment,239,0,0,SUCCESS,2026-08-29T21:00:40.374Z,dd7385f2-fbd4-41a4-afcd-7296aca5e198
2.02608E+17,2.02608E+17,85,,br_ReAssessment,239,0,0,SUCCESS,2026-08-29T20:58:53.536Z,dd7385f2-fbd4-41a4-afcd-7296aca5e198
2.02609E+17,2.02609E+17,47,,tbl_pbi3PayAuth,194,0,0,SUCCESS,2026-09-01T05:28:56.032Z,75a93e02-eb8a-4b20-981c-b48401997d72
2.02609E+17,2.02609E+17,86,,sl_ReAssessment,239,0,0,SUCCESS,2026-09-02T20:33:49.607Z,aa9f49a8-9ff8-4a6e-a263-7617045dadde
2.02608E+17,2.02608E+17,85,,br_ReAssessment,239,0,0,SUCCESS,2026-08-31T21:21:59.554Z,79f5b39e-d314-4ad3-8050-3ace553d67de
2.02608E+17,2.02608E+17,86,,sl_ReAssessment,239,0,0,SUCCESS,2026-08-30T21:11:33.849Z,ba679216-ee2b-4344-afb9-134290faf502
2.02609E+17,2.02609E+17,86,,sl_ReAssessment,239,0,0,SUCCESS,2026-09-03T12:16:14.213Z,8e54a6a2-7031-4831-b2c0-8c5ea7811246
2.02608E+17,2.02608E+17,86,,sl_ReAssessment,239,0,0,SUCCESS,2026-08-31T21:23:57.708Z,79f5b39e-d314-4ad3-8050-3ace553d67de
2.02609E+17,2.02609E+17,85,,br_ReAssessment,237,0,0,SUCCESS,2026-09-03T12:13:13.155Z,8e54a6a2-7031-4831-b2c0-8c5ea7811246
2.02609E+17,2.02609E+17,85,,br_ReAssessment,239,0,0,SUCCESS,2026-09-02T21:29:28.630Z,c49685cc-3281-44bc-a1c2-3be5b1110999
2.02609E+17,2.02609E+17,86,,sl_ReAssessment,239,0,0,SUCCESS,2026-09-02T21:31:30.291Z,c49685cc-3281-44bc-a1c2-3be5b1110999
2.02609E+17,2.02609E+17,86,,sl_ReAssessment,239,0,0,SUCCESS,2026-09-01T21:22:07.209Z,0e5f68b5-5669-4bb1-91ce-4b967b620e7d
2.02609E+17,2.02609E+17,85,,br_ReAssessment,239,0,0,SUCCESS,2026-09-01T21:20:10.445Z,0e5f68b5-5669-4bb1-91ce-4b967b620e7d
2.02609E+17,2.02609E+17,85,,br_ReAssessment,239,0,0,SUCCESS,2026-09-02T20:31:58.974Z,aa9f49a8-9ff8-4a6e-a263-7617045dadde
2.02609E+17,2.02609E+17,46,,br_samms_bills,1559,0,0,SUCCESS,2026-09-01T05:28:04.850Z,75a93e02-eb8a-4b20-981c-b48401997d72
2.02609E+17,2.02609E+17,25,,br_tblDartSrv,154104,0,62539,FAILED,2026-09-04T14:33:49.969Z,d54f2858-d272-437f-a2a4-9fa2f90018e7
2.02609E+17,2.02609E+17,47,,tbl_tbldiag10,1680,0,0,SUCCESS,2026-09-01T05:28:56.032Z,75a93e02-eb8a-4b20-981c-b48401997d72
2.02609E+17,2.02609E+17,85,,br_LiquidLog,15078357,0,0,SUCCESS,2026-09-02T21:29:28.630Z,c49685cc-3281-44bc-a1c2-3be5b1110999
2.02609E+17,2.02609E+17,86,,sl_LiquidLog,15428855,0,0,SUCCESS,2026-09-01T21:22:07.209Z,0e5f68b5-5669-4bb1-91ce-4b967b620e7d
2.02609E+17,2.02609E+17,85,,br_LiquidLog,15079831,0,0,SUCCESS,2026-09-01T21:20:10.445Z,0e5f68b5-5669-4bb1-91ce-4b967b620e7d
2.02609E+17,2.02609E+17,85,,br_LiquidLog,15082907,0,0,SUCCESS,2026-09-03T20:59:11.343Z,48b34b87-69c2-467d-a88c-67aac910c539
2.02609E+17,2.02609E+17,86,,sl_LiquidLog,15560977,0,0,SUCCESS,2026-09-05T19:33:19.126Z,a7cfa2a8-4e03-4cce-a64e-9a92e6e67f12
2.02609E+17,2.02609E+17,86,,sl_LiquidLog,15560977,0,0,SUCCESS,2026-09-03T21:02:17.250Z,48b34b87-69c2-467d-a88c-67aac910c539
2.02608E+17,2.02608E+17,86,,sl_LiquidLog,15297413,0,0,SUCCESS,2026-08-29T21:00:40.374Z,dd7385f2-fbd4-41a4-afcd-7296aca5e198
2.02609E+17,2.02609E+17,86,,sl_LiquidLog,15495855,0,0,SUCCESS,2026-09-03T12:16:14.213Z,8e54a6a2-7031-4831-b2c0-8c5ea7811246
2.02609E+17,2.02609E+17,86,,sl_LiquidLog,15560977,0,0,SUCCESS,2026-09-04T16:16:27.579Z,66e9e433-72b0-4c30-b0ea-7611d9608923
2.02609E+17,2.02609E+17,86,,sl_LiquidLog,15560977,0,0,SUCCESS,2026-09-07T19:33:40.857Z,fc48ec9c-d1b8-4775-bd67-583e82846e52
2.02609E+17,2.02609E+17,86,,sl_LiquidLog,15428855,0,0,SUCCESS,2026-09-02T20:33:49.607Z,aa9f49a8-9ff8-4a6e-a263-7617045dadde
2.02608E+17,2.02608E+17,85,,br_LiquidLog,15078749,0,0,SUCCESS,2026-08-31T21:21:59.554Z,79f5b39e-d314-4ad3-8050-3ace553d67de
2.02609E+17,2.02609E+17,86,,sl_LiquidLog,15560977,0,0,SUCCESS,2026-09-04T17:36:58.219Z,5652dc3b-8824-4606-a16d-f373dc1d2ada
2.02608E+17,2.02608E+17,86,,sl_LiquidLog,15301654,0,0,SUCCESS,2026-08-30T21:11:33.849Z,ba679216-ee2b-4344-afb9-134290faf502
2.02608E+17,2.02608E+17,85,,br_LiquidLog,15084591,0,0,SUCCESS,2026-08-29T20:58:53.536Z,dd7385f2-fbd4-41a4-afcd-7296aca5e198
2.02609E+17,2.02609E+17,86,,sl_LiquidLog,15495855,0,0,SUCCESS,2026-09-02T21:31:30.291Z,c49685cc-3281-44bc-a1c2-3be5b1110999
2.02608E+17,2.02608E+17,86,,sl_LiquidLog,15366459,0,0,SUCCESS,2026-08-31T21:23:57.708Z,79f5b39e-d314-4ad3-8050-3ace553d67de
2.02608E+17,2.02608E+17,85,,br_LiquidLog,15085343,0,0,SUCCESS,2026-08-30T21:09:52.434Z,ba679216-ee2b-4344-afb9-134290faf502
2.02609E+17,2.02609E+17,86,,sl_LiquidLog,15560977,0,0,SUCCESS,2026-09-06T19:32:29.363Z,5cce37fd-5f38-41c5-90e1-d9efeb3bd245
2.02609E+17,2.02609E+17,25,,br_tblDartSrv,297,0,66,FAILED,2026-09-04T13:51:29.259Z,cb9f45fe-59e4-4b23-966e-377c65c5ec2d
2.02609E+17,2.02609E+17,86,,sl_LABResult,394813,2,0,FAILED,2026-09-04T17:36:58.219Z,5652dc3b-8824-4606-a16d-f373dc1d2ada
2.02608E+17,2.02608E+17,86,,sl_LABResult,394523,2,0,FAILED,2026-08-31T21:23:57.708Z,79f5b39e-d314-4ad3-8050-3ace553d67de
2.02609E+17,2.02609E+17,86,,sl_LABResult,394640,2,0,FAILED,2026-09-01T21:22:07.209Z,0e5f68b5-5669-4bb1-91ce-4b967b620e7d
2.02608E+17,2.02608E+17,85,,br_LabResult,394389,2,0,FAILED,2026-08-30T21:09:52.434Z,ba679216-ee2b-4344-afb9-134290faf502
2.02609E+17,2.02609E+17,85,,br_LabResult,394634,2,0,FAILED,2026-09-01T21:20:10.445Z,0e5f68b5-5669-4bb1-91ce-4b967b620e7d
2.02609E+17,2.02609E+17,86,,sl_LABResult,394640,2,0,FAILED,2026-09-02T20:33:49.607Z,aa9f49a8-9ff8-4a6e-a263-7617045dadde
2.02609E+17,2.02609E+17,86,,sl_LABResult,394813,2,0,FAILED,2026-09-06T19:32:29.363Z,5cce37fd-5f38-41c5-90e1-d9efeb3bd245
2.02609E+17,2.02609E+17,86,,sl_LABResult,394813,2,0,FAILED,2026-09-05T19:33:19.126Z,a7cfa2a8-4e03-4cce-a64e-9a92e6e67f12
2.02609E+17,2.02609E+17,85,,br_LabResult,394743,2,0,FAILED,2026-09-02T21:29:28.630Z,c49685cc-3281-44bc-a1c2-3be5b1110999
2.02609E+17,2.02609E+17,86,,sl_LABResult,394813,2,0,FAILED,2026-09-04T16:16:27.579Z,66e9e433-72b0-4c30-b0ea-7611d9608923
2.02609E+17,2.02609E+17,86,,sl_LABResult,394749,2,0,FAILED,2026-09-03T14:05:58.180Z,ef652adf-cab1-42cd-a0bf-1cd03c8c16e7
2.02608E+17,2.02608E+17,85,,br_LabResult,394389,2,0,FAILED,2026-08-29T20:58:53.536Z,dd7385f2-fbd4-41a4-afcd-7296aca5e198
2.02609E+17,2.02609E+17,85,,br_LabResult,394806,2,0,FAILED,2026-09-03T20:59:11.343Z,48b34b87-69c2-467d-a88c-67aac910c539
2.02608E+17,2.02608E+17,86,,sl_LABResult,394389,2,0,FAILED,2026-08-29T21:00:40.374Z,dd7385f2-fbd4-41a4-afcd-7296aca5e198
2.02609E+17,2.02609E+17,86,,sl_LABResult,394813,2,0,FAILED,2026-09-04T19:35:33.878Z,b1302ebd-57a3-42bd-9029-9a66dda6727d
2.02609E+17,2.02609E+17,86,,sl_LABResult,394813,2,0,FAILED,2026-09-07T19:33:40.857Z,fc48ec9c-d1b8-4775-bd67-583e82846e52
2.02608E+17,2.02608E+17,86,,sl_LABResult,394389,2,0,FAILED,2026-08-30T21:11:33.849Z,ba679216-ee2b-4344-afb9-134290faf502
2.02609E+17,2.02609E+17,86,,sl_LABResult,394749,2,0,FAILED,2026-09-02T21:31:30.291Z,c49685cc-3281-44bc-a1c2-3be5b1110999
2.02609E+17,2.02609E+17,86,,sl_LABResult,394749,2,0,FAILED,2026-09-03T12:16:14.213Z,8e54a6a2-7031-4831-b2c0-8c5ea7811246
2.02609E+17,2.02609E+17,86,,sl_LABResult,394813,2,0,FAILED,2026-09-03T21:02:17.250Z,48b34b87-69c2-467d-a88c-67aac910c539
2.02608E+17,2.02608E+17,85,,br_LabResult,394521,2,0,FAILED,2026-08-31T21:21:59.554Z,79f5b39e-d314-4ad3-8050-3ace553d67de
2.02609E+17,2.02609E+17,46,,br_samms_fmp,3,0,0,SUCCESS,2026-09-01T05:28:04.850Z,75a93e02-eb8a-4b20-981c-b48401997d72
2.02609E+17,2.02609E+17,47,,tbl_Claims,69558,0,0,SUCCESS,2026-09-01T05:28:56.032Z,75a93e02-eb8a-4b20-981c-b48401997d72
2.02609E+17,2.02609E+17,86,,sl_InvType,826,0,0,SUCCESS,2026-09-03T12:16:14.213Z,8e54a6a2-7031-4831-b2c0-8c5ea7811246
2.02609E+17,2.02609E+17,86,,sl_InvType,826,0,0,SUCCESS,2026-09-03T21:02:17.250Z,48b34b87-69c2-467d-a88c-67aac910c539
2.02609E+17,2.02609E+17,85,,br_InvType,755,0,0,SUCCESS,2026-09-03T20:59:11.343Z,48b34b87-69c2-467d-a88c-67aac910c539
2.02609E+17,2.02609E+17,85,,br_InvType,755,0,0,SUCCESS,2026-09-01T21:20:10.445Z,0e5f68b5-5669-4bb1-91ce-4b967b620e7d
2.02609E+17,2.02609E+17,86,,sl_InvType,826,0,0,SUCCESS,2026-09-05T19:33:19.126Z,a7cfa2a8-4e03-4cce-a64e-9a92e6e67f12
2.02609E+17,2.02609E+17,47,,tbl_3pElig,318,0,0,SUCCESS,2026-09-01T05:28:56.032Z,75a93e02-eb8a-4b20-981c-b48401997d72
2.02609E+17,2.02609E+17,86,,sl_InvType,826,0,0,SUCCESS,2026-09-02T20:33:49.607Z,aa9f49a8-9ff8-4a6e-a263-7617045dadde
2.02608E+17,2.02608E+17,86,,sl_InvType,826,0,0,SUCCESS,2026-08-29T21:00:40.374Z,dd7385f2-fbd4-41a4-afcd-7296aca5e198
2.02609E+17,2.02609E+17,86,,sl_InvType,826,0,0,SUCCESS,2026-09-01T21:22:07.209Z,0e5f68b5-5669-4bb1-91ce-4b967b620e7d
2.02608E+17,2.02608E+17,85,,br_InvType,755,0,0,SUCCESS,2026-08-30T21:09:52.434Z,ba679216-ee2b-4344-afb9-134290faf502
2.02609E+17,2.02609E+17,85,,br_InvType,755,0,0,SUCCESS,2026-09-02T21:29:28.630Z,c49685cc-3281-44bc-a1c2-3be5b1110999
2.02609E+17,2.02609E+17,86,,sl_InvType,826,0,0,SUCCESS,2026-09-04T17:36:58.219Z,5652dc3b-8824-4606-a16d-f373dc1d2ada
2.02609E+17,2.02609E+17,86,,sl_InvType,826,0,0,SUCCESS,2026-09-06T19:32:29.363Z,5cce37fd-5f38-41c5-90e1-d9efeb3bd245
2.02609E+17,2.02609E+17,86,,sl_InvType,826,0,0,SUCCESS,2026-09-07T19:33:40.857Z,fc48ec9c-d1b8-4775-bd67-583e82846e52
2.02608E+17,2.02608E+17,85,,br_InvType,755,0,0,SUCCESS,2026-08-29T20:58:53.536Z,dd7385f2-fbd4-41a4-afcd-7296aca5e198
2.02608E+17,2.02608E+17,85,,br_InvType,755,0,0,SUCCESS,2026-08-31T21:21:59.554Z,79f5b39e-d314-4ad3-8050-3ace553d67de
2.02609E+17,2.02609E+17,86,,sl_InvType,826,0,0,SUCCESS,2026-09-04T16:16:27.579Z,66e9e433-72b0-4c30-b0ea-7611d9608923
2.02609E+17,2.02609E+17,86,,sl_InvType,826,0,0,SUCCESS,2026-09-02T21:31:30.291Z,c49685cc-3281-44bc-a1c2-3be5b1110999
2.02608E+17,2.02608E+17,86,,sl_InvType,826,0,0,SUCCESS,2026-08-30T21:11:33.849Z,ba679216-ee2b-4344-afb9-134290faf502
2.02608E+17,2.02608E+17,86,,sl_InvType,826,0,0,SUCCESS,2026-08-31T21:23:57.708Z,79f5b39e-d314-4ad3-8050-3ace553d67de
2.02608E+17,2.02608E+17,85,,br_Bottle,1830620,0,0,SUCCESS,2026-08-29T20:58:53.536Z,dd7385f2-fbd4-41a4-afcd-7296aca5e198
2.02608E+17,2.02608E+17,86,,sl_Bottle,1831257,0,0,SUCCESS,2026-08-30T21:11:33.849Z,ba679216-ee2b-4344-afb9-134290faf502
2.02609E+17,2.02609E+17,86,,sl_Bottle,1834195,0,0,SUCCESS,2026-09-03T12:16:14.213Z,8e54a6a2-7031-4831-b2c0-8c5ea7811246
2.02609E+17,2.02609E+17,86,,sl_Bottle,1835735,0,0,SUCCESS,2026-09-07T19:33:40.857Z,fc48ec9c-d1b8-4775-bd67-583e82846e52
2.02609E+17,2.02609E+17,86,,sl_Bottle,1833012,0,0,SUCCESS,2026-09-01T21:22:07.209Z,0e5f68b5-5669-4bb1-91ce-4b967b620e7d
2.02608E+17,2.02608E+17,86,,sl_Bottle,1831257,0,0,SUCCESS,2026-08-29T21:00:40.374Z,dd7385f2-fbd4-41a4-afcd-7296aca5e198
2.02609E+17,2.02609E+17,86,,sl_Bottle,1834195,0,0,SUCCESS,2026-09-03T14:05:58.180Z,ef652adf-cab1-42cd-a0bf-1cd03c8c16e7
2.02608E+17,2.02608E+17,86,,sl_Bottle,1832522,0,0,SUCCESS,2026-08-31T21:23:57.708Z,79f5b39e-d314-4ad3-8050-3ace553d67de
2.02608E+17,2.02608E+17,85,,br_Bottle,1830620,0,0,SUCCESS,2026-08-30T21:09:52.434Z,ba679216-ee2b-4344-afb9-134290faf502
2.02609E+17,2.02609E+17,86,,sl_Bottle,1835735,0,0,SUCCESS,2026-09-05T19:33:19.126Z,a7cfa2a8-4e03-4cce-a64e-9a92e6e67f12
2.02609E+17,2.02609E+17,86,,sl_Bottle,1833012,0,0,SUCCESS,2026-09-02T20:33:49.607Z,aa9f49a8-9ff8-4a6e-a263-7617045dadde
2.02609E+17,2.02609E+17,85,,br_Bottle,1835098,0,0,SUCCESS,2026-09-03T20:59:11.343Z,48b34b87-69c2-467d-a88c-67aac910c539
2.02609E+17,2.02609E+17,86,,sl_Bottle,1835735,0,0,SUCCESS,2026-09-04T17:36:58.219Z,5652dc3b-8824-4606-a16d-f373dc1d2ada
2.02609E+17,2.02609E+17,86,,sl_Bottle,1835735,0,0,SUCCESS,2026-09-04T19:35:33.878Z,b1302ebd-57a3-42bd-9029-9a66dda6727d
2.02609E+17,2.02609E+17,86,,sl_Bottle,1835735,0,0,SUCCESS,2026-09-04T16:16:27.579Z,66e9e433-72b0-4c30-b0ea-7611d9608923
2.02609E+17,2.02609E+17,86,,sl_Bottle,1835735,0,0,SUCCESS,2026-09-06T19:32:29.363Z,5cce37fd-5f38-41c5-90e1-d9efeb3bd245
2.02609E+17,2.02609E+17,86,,sl_Bottle,1835735,0,0,SUCCESS,2026-09-03T21:02:17.250Z,48b34b87-69c2-467d-a88c-67aac910c539
2.02608E+17,2.02608E+17,85,,br_Bottle,1831885,0,0,SUCCESS,2026-08-31T21:21:59.554Z,79f5b39e-d314-4ad3-8050-3ace553d67de
2.02609E+17,2.02609E+17,85,,br_Bottle,1833558,0,0,SUCCESS,2026-09-02T21:29:28.630Z,c49685cc-3281-44bc-a1c2-3be5b1110999
2.02609E+17,2.02609E+17,86,,sl_Bottle,1834195,0,0,SUCCESS,2026-09-02T21:31:30.291Z,c49685cc-3281-44bc-a1c2-3be5b1110999
2.02609E+17,2.02609E+17,85,,br_Bottle,1832375,0,0,SUCCESS,2026-09-01T21:20:10.445Z,0e5f68b5-5669-4bb1-91ce-4b967b620e7d
2.02609E+17,2.02609E+17,47,,tbl_Bills,5430,0,0,SUCCESS,2026-09-01T05:28:56.032Z,75a93e02-eb8a-4b20-981c-b48401997d72
2.02609E+17,2.02609E+17,47,,tbl_Fmp,32,0,0,SUCCESS,2026-09-01T05:28:56.032Z,75a93e02-eb8a-4b20-981c-b48401997d72
2.02608E+17,2.02608E+13,100,13668,br_qq_gltran,0,0,0,SUCCESS,2026-08-31T05:11:02.549Z,
2.02608E+17,2.02608E+13,100,13668,br_qq_gltran,0,0,0,SUCCESS,2026-08-28T13:52:35.564Z,
2.02608E+17,2.02608E+13,100,13668,br_qq_gltran,0,0,0,SUCCESS,2026-08-31T07:05:34.626Z,
2.02608E+17,2.02608E+13,100,13668,br_qq_gltran,0,0,0,SUCCESS,2026-08-31T13:09:55.224Z,
2.02608E+17,2.02608E+13,100,13668,br_qq_gltran,0,0,0,SUCCESS,2026-08-31T05:36:30.034Z,
2.02608E+17,2.02608E+13,100,13668,br_qq_gltran,0,0,0,SUCCESS,2026-08-31T10:26:34.689Z,
2.02608E+17,2.02608E+13,100,13668,br_qq_gltran,0,0,0,SUCCESS,2026-08-31T11:34:27.599Z,
2.02608E+17,2.02608E+13,100,13668,br_qq_gltran,0,0,0,SUCCESS,2026-08-31T13:35:35.104Z,
2.02608E+17,2.02608E+13,100,13668,br_qq_gltran,0,0,0,SUCCESS,2026-08-28T11:00:35.739Z,
2.02608E+17,2.02608E+13,100,13668,br_qq_gltran,0,0,0,SUCCESS,2026-08-31T13:52:36.375Z,
2.02608E+17,2.02608E+13,100,13668,br_qq_gltran,0,0,0,SUCCESS,2026-08-31T07:36:44.958Z,
2.02608E+17,2.02608E+13,100,13668,br_qq_gltran,0,0,0,SUCCESS,2026-08-31T11:19:35.549Z,
2.02608E+17,2.02608E+13,100,13668,br_qq_gltran,0,0,0,SUCCESS,2026-08-28T12:49:24.736Z,
2.02608E+17,2.02608E+13,100,13668,br_qq_gltran,0,0,0,SUCCESS,2026-08-31T06:45:12.359Z,
2.02608E+17,2.02608E+13,100,13668,br_qq_gltran,0,0,0,SUCCESS,2026-08-31T10:55:22.613Z,
2.02608E+17,2.02608E+13,100,13668,br_qq_gltran,0,0,0,SUCCESS,2026-08-31T07:55:31.129Z,
2.02608E+17,2.02608E+13,100,13668,br_qq_gltran,0,0,0,SUCCESS,2026-08-31T12:11:59.373Z,
2.02608E+17,2.02608E+13,100,13668,br_qq_gltran,0,0,0,SUCCESS,2026-08-31T08:57:20.433Z,
2.02608E+17,2.02608E+13,131,13695,sl_vwTrendingTreatmentPlansStateReqs,2271822,0,0,SUCCESS,2026-08-30T09:19:28.980Z,d0826a4c-ff98-435d-adfd-e339a02d1b06
2.02609E+17,2.02608E+13,131,13695,sl_vwTrendingTreatmentPlansStateReqs,2271822,0,0,SUCCESS,2026-09-01T06:41:25.386Z,f386ddbf-c5af-4242-bf29-5f60b1e71ecf
2.02608E+17,2.02608E+13,131,13695,sl_vwTrendingTreatmentPlansStateReqs,2271822,0,0,SUCCESS,2026-08-28T11:59:38.640Z,e752845a-2a63-48ca-b4ef-ba7a68ece0b6
2.02608E+17,2.02608E+13,131,13695,sl_vwTrendingTreatmentPlansStateReqs,2271822,0,0,SUCCESS,2026-08-30T08:08:54.304Z,8cf8f378-16db-4eda-8552-9c6ae683939d
2.02609E+17,2.02609E+13,129,13684,sl_tbl_Third_Party_AR_inDB_Balances,1200945,0,0,SUCCESS,2026-09-02T10:02:40.583Z,24176910-d49a-4f0b-93ef-8ea1937bca36
2.02609E+17,2.02609E+13,129,13684,sl_tbl_Third_Party_AR_inDB_Balances,1200945,0,0,SUCCESS,2026-09-03T09:02:30.946Z,c8492d56-1821-4068-a9fe-b7dd40adbafa
2.02609E+17,2.02609E+13,129,13684,sl_tbl_Third_Party_AR_inDB_Balances,1200945,0,0,SUCCESS,2026-09-03T05:23:05.808Z,dfcc7090-6aed-405f-b6cd-6bb0271aee4d
2.02609E+17,2.02609E+13,129,13684,sl_tbl_Third_Party_AR_inDB_Balances,1200945,0,0,SUCCESS,2026-09-03T08:37:51.248Z,b073a76f-9b12-413a-bd93-ee42079b5d97
2.02609E+17,2.02609E+13,129,13684,sl_tbl_Third_Party_AR_inDB_Balances,1200945,0,0,SUCCESS,2026-09-02T08:54:49.216Z,1a271d40-e925-4513-b84c-2f60ddb77cc5
2.02609E+17,2.02609E+13,129,13684,sl_tbl_Third_Party_AR_inDB_Balances,1200945,0,0,SUCCESS,2026-09-02T07:40:03.478Z,391059bc-57e5-49c5-af48-252a2b55168c
2.02609E+17,2.02609E+13,129,13684,sl_tbl_Third_Party_AR_inDB_Balances,1200945,0,0,SUCCESS,2026-09-02T10:38:17.752Z,78a4ffb1-a727-4484-9bb3-a619e88004d4
2.02609E+17,2.02609E+13,129,13684,sl_tbl_Third_Party_AR_inDB_Balances,1200945,0,0,SUCCESS,2026-09-02T11:34:12.882Z,94a1a7b5-9da2-43d5-9194-cbb05b4fd44c
2.02609E+17,2.02609E+13,129,13684,sl_tbl_Third_Party_AR_inDB_Balances,1200945,0,0,SUCCESS,2026-09-08T11:28:22.210Z,3f9de54d-9a8f-4df0-8670-5ed7c25ab4cf
2.02609E+17,2.02609E+13,129,13684,sl_tbl_Third_Party_AR_inDB_Balances,1200945,0,0,SUCCESS,2026-09-03T07:12:12.565Z,5d717f31-08a0-46d8-9f4f-a1e32d7e0c04
2.02609E+17,2.02609E+13,129,13684,sl_tbl_Third_Party_AR_inDB_Balances,1200945,0,0,SUCCESS,2026-09-03T07:00:10.005Z,f8921f53-dc77-4e7a-9244-91d5b95cb282
2.02609E+17,2.02609E+13,129,13684,sl_tbl_Third_Party_AR_inDB_Balances,1200945,0,0,SUCCESS,2026-09-07T10:19:37.000Z,59e851e0-897f-4c3c-ab10-d7c44d4ebdc4
2.02609E+17,2.02609E+13,129,13684,sl_tbl_Third_Party_AR_inDB_Balances,1200945,0,0,SUCCESS,2026-09-07T10:36:43.193Z,99033397-8470-4a39-91b2-99c27aed5089
2.02609E+17,2.02609E+13,129,13684,sl_tbl_Third_Party_AR_inDB_Balances,1200945,0,0,SUCCESS,2026-09-02T08:37:47.431Z,f3f50506-ab42-4017-a5e3-5d4c793aa0e6
2.02609E+17,2.02609E+13,129,13684,sl_tbl_Third_Party_AR_inDB_Balances,1200945,0,0,SUCCESS,2026-09-02T12:06:47.227Z,325dbe90-d834-46da-addb-cfdd40b210fa
2.02609E+17,2.02609E+13,129,13684,sl_tbl_Third_Party_AR_inDB_Balances,1200945,0,0,SUCCESS,2026-09-02T11:52:17.399Z,e8e62fc1-7c20-4a22-b85b-df9e49ca1166
2.02609E+17,2.02609E+13,129,13684,sl_tbl_Third_Party_AR_inDB_Balances,1200945,0,0,SUCCESS,2026-09-02T10:15:49.515Z,24cb0943-51a7-4a50-ab37-5fffed8584c8
2.02609E+17,2.02609E+13,129,13684,sl_tbl_Third_Party_AR_inDB_Balances,1200945,0,0,SUCCESS,2026-09-02T13:56:25.537Z,45419c76-388a-4885-8a6e-e1a255f50e99
2.02609E+17,2.02609E+13,129,13684,sl_tbl_Third_Party_AR_inDB_Balances,1200945,0,0,SUCCESS,2026-09-08T11:12:11.009Z,fe654495-a612-4a17-9fd5-04bdafeff38b
2.02609E+17,2.02609E+13,129,13684,sl_tbl_Third_Party_AR_inDB_Balances,1200945,0,0,SUCCESS,2026-09-08T04:02:28.955Z,6304a7b3-dc45-41d5-a589-785ca3248459
2.02609E+17,2.02609E+13,129,13684,sl_tbl_Third_Party_AR_inDB_Balances,1200945,0,0,SUCCESS,2026-09-02T11:12:36.919Z,ac5fafbf-2002-499b-9ca0-d3ba19fc74c2
2.02609E+17,2.02609E+13,129,13684,sl_tbl_Third_Party_AR_inDB_Balances,1200945,0,0,SUCCESS,2026-09-02T06:42:31.345Z,432e1fd9-5757-4fbd-b5fe-306e7dd0feb7
2.02609E+17,2.02609E+13,129,13684,sl_tbl_Third_Party_AR_inDB_Balances,1200945,0,0,SUCCESS,2026-09-04T12:09:25.822Z,a3df7d89-3924-493c-b358-bb016a1b1833
2.02609E+17,2.02609E+13,129,13684,sl_tbl_Third_Party_AR_inDB_Balances,1200945,0,0,SUCCESS,2026-09-08T05:38:45.974Z,5f4fa39c-2bfa-4433-b23d-f7983e8c1a2e
2.02609E+17,2.02609E+13,129,13684,sl_tbl_Third_Party_AR_inDB_Balances,1200945,0,0,SUCCESS,2026-09-04T09:01:33.078Z,a7509d48-2072-4539-bbb5-3825d8741944
2.02609E+17,2.02609E+13,129,13684,sl_tbl_Third_Party_AR_inDB_Balances,1200945,0,0,SUCCESS,2026-09-02T09:27:51.520Z,e382a313-3d19-4b82-9b57-fd2a0e196c56
2.02609E+17,2.02609E+13,129,13684,sl_tbl_Third_Party_AR_inDB_Balances,1200945,0,0,SUCCESS,2026-09-02T10:54:38.162Z,3506b852-499a-468c-8078-080e698457ef
2.02609E+17,2.02609E+13,129,13684,sl_tbl_Third_Party_AR_inDB_Balances,1200945,0,0,SUCCESS,2026-09-02T07:24:07.686Z,cfc73f64-c97a-42ba-92ba-46c5d817d8b9
2.02608E+17,2.02608E+13,131,13692,sl_EnrollmentActivityWReadmission,325940,0,0,SUCCESS,2026-08-30T08:02:26.875Z,8cf8f378-16db-4eda-8552-9c6ae683939d
2.02608E+17,2.02608E+13,131,13692,sl_EnrollmentActivityWReadmission,325838,0,0,SUCCESS,2026-08-30T07:08:31.349Z,0fae7162-ad60-4757-b9b2-8e417a5b19d1
2.02609E+17,2.02608E+13,131,13692,sl_EnrollmentActivityWReadmission,325940,0,0,SUCCESS,2026-09-01T06:34:41.225Z,f386ddbf-c5af-4242-bf29-5f60b1e71ecf
2.02608E+17,2.02608E+13,131,13692,sl_EnrollmentActivityWReadmission,325940,0,0,SUCCESS,2026-08-30T09:12:59.236Z,d0826a4c-ff98-435d-adfd-e339a02d1b06
2.02608E+17,2.02608E+13,131,13692,sl_EnrollmentActivityWReadmission,325838,0,0,SUCCESS,2026-08-30T06:38:46.741Z,f5468d60-c3b5-4f89-8aff-6c67bdfcebae
2.02608E+17,2.02608E+13,131,13692,sl_EnrollmentActivityWReadmission,325940,0,0,SUCCESS,2026-08-28T11:53:25.145Z,e752845a-2a63-48ca-b4ef-ba7a68ece0b6
2.02608E+17,2.02608E+13,121,12584,sl_OffWeekCounselingEngagement,0,0,0,SUCCESS,2026-08-31T06:24:55.234Z,37c5b12d-f877-4498-bf21-95491b7fdee7
2.02609E+17,2.02609E+13,121,12584,sl_OffWeekCounselingEngagement,0,0,0,SUCCESS,2026-09-03T10:00:04.180Z,c635a2b4-fd80-403f-957d-852c27b3649e
2.02609E+17,2.02608E+13,121,12584,sl_OffWeekCounselingEngagement,0,0,0,SUCCESS,2026-09-03T06:08:32.741Z,11b0f007-ed6d-4ee6-9a5c-040380b29931
2.02609E+17,2.02609E+13,121,12584,sl_OffWeekCounselingEngagement,0,0,0,SUCCESS,2026-09-03T13:23:43.157Z,8354fe9a-a940-4119-ab8e-6c094f3224d7
2.02609E+17,2.02609E+13,121,12584,sl_OffWeekCounselingEngagement,0,0,0,SUCCESS,2026-09-07T03:14:36.446Z,32ebc41d-1616-4d5e-aeab-1fc3f7fe7d06
2.02609E+17,2.02609E+13,121,12584,sl_OffWeekCounselingEngagement,0,0,0,SUCCESS,2026-09-03T17:06:25.775Z,79148fba-3b5b-4bd1-ba61-2fb3620a4279
2.02609E+17,2.02609E+13,109,8609,br_cashflow_accountlocationref,273,0,0,SUCCESS,2026-09-02T03:47:52.898Z,d0354a1d-b115-4cc7-88f9-15c40e686970
2.02609E+17,2.02608E+13,109,8609,br_cashflow_accountlocationref,273,0,0,SUCCESS,2026-09-01T06:32:15.583Z,dd39e0f0-8c11-409c-baf1-c1eb0bc831e6
2.02609E+17,2.02609E+13,121,12584,sl_OffWeekCounselingEngagement,0,0,0,SUCCESS,2026-09-03T15:41:05.865Z,4fde8a32-a568-463b-b92b-1366373b5ff5
2.02609E+17,2.02609E+13,121,12584,sl_OffWeekCounselingEngagement,0,0,0,SUCCESS,2026-09-03T16:50:34.850Z,924c339f-a40c-4fa0-9746-4d59d8146524
2.02609E+17,2.02609E+13,109,8609,br_cashflow_accountlocationref,273,0,0,SUCCESS,2026-09-03T21:11:58.666Z,47074de9-d3a9-4b3d-b69c-7be5bb05cabc
2.02609E+17,2.02609E+13,121,12584,sl_OffWeekCounselingEngagement,0,0,0,SUCCESS,2026-09-03T17:24:36.233Z,5a9c4813-8a98-491b-8ba0-773490315d42
2.02609E+17,2.02609E+13,109,8609,br_cashflow_accountlocationref,273,0,0,SUCCESS,2026-09-04T07:50:57.295Z,714261ac-6ca6-4f7a-a1cc-65ca648efe73
2.02609E+17,2.02609E+13,121,12584,sl_OffWeekCounselingEngagement,0,0,0,SUCCESS,2026-09-07T03:46:07.917Z,5d2076cb-9eed-4560-8c54-92c47621dd72
2.02609E+17,2.02609E+13,121,12584,sl_OffWeekCounselingEngagement,0,0,0,SUCCESS,2026-09-03T06:55:59.138Z,99698447-e02c-478c-bc1e-40fdc49c170e
2.02608E+17,2.02608E+13,121,12584,sl_OffWeekCounselingEngagement,0,0,0,SUCCESS,2026-08-31T07:10:33.323Z,c109bed6-61e8-4611-8aec-6c6c13a8385b
2.02609E+17,2.02609E+13,109,8609,br_cashflow_accountlocationref,273,0,0,SUCCESS,2026-09-02T08:38:35.973Z,5c34dd32-79db-4626-b497-8f8aa2079363
2.02609E+17,2.02609E+13,121,12584,sl_OffWeekCounselingEngagement,0,0,0,SUCCESS,2026-09-03T15:15:00.487Z,e922c4e4-ba62-4f6d-9b8c-63d0b5108629
2.02609E+17,2.02609E+13,109,8609,br_cashflow_accountlocationref,273,0,0,SUCCESS,2026-09-04T06:34:42.211Z,d40ce3b6-17a1-46ab-b12e-c683ffcad914
2.02609E+17,2.02608E+13,121,12584,sl_OffWeekCounselingEngagement,0,0,0,SUCCESS,2026-09-03T06:32:42.782Z,f96f5b99-9d68-4178-8a83-78819af29a92
2.02609E+17,2.02609E+13,121,12584,sl_OffWeekCounselingEngagement,0,0,0,SUCCESS,2026-09-03T16:38:14.145Z,c4aab6bd-7246-42a6-8543-50273d44cf3d
2.02609E+17,2.02609E+13,121,12584,sl_OffWeekCounselingEngagement,0,0,0,SUCCESS,2026-09-03T13:50:26.295Z,139f1961-be70-4847-a8fc-297093dde165
2.02609E+17,2.02609E+13,121,12584,sl_OffWeekCounselingEngagement,0,0,0,SUCCESS,2026-09-03T14:04:44.101Z,93171e05-6d5e-4b1a-8640-e486f2cee83d
2.02609E+17,2.02609E+13,121,12584,sl_OffWeekCounselingEngagement,0,0,0,SUCCESS,2026-09-03T14:38:19.847Z,f15cb285-b6b1-4860-8783-c75a284b7e30
2.02608E+17,2.02608E+13,109,8609,br_cashflow_accountlocationref,0,0,1,FAILED,2026-08-31T10:15:39.026Z,24dba459-dc03-43ff-935b-02975da59b9d
2.02609E+17,2.02609E+13,129,13685,sl_ClaimDenialPredictionV1,296584,0,0,SUCCESS,2026-09-02T14:17:03.543Z,'45419c76-388a-4885-8a6e-e1a255f50e99'
2.02609E+17,2.02609E+13,129,13685,sl_ClaimDenialPredictionV1,296584,0,0,SUCCESS,2026-09-02T10:03:54.477Z,24176910-d49a-4f0b-93ef-8ea1937bca36
2.02609E+17,2.02609E+13,126,13680,br_learningreports_overdue,2565,0,0,SUCCESS,2026-09-03T18:20:01.554Z,5360e0f0-1b6e-453c-963d-303c626d47b0
2.02609E+17,2.02609E+13,129,13685,sl_ClaimDenialPredictionV1,296584,0,0,SUCCESS,2026-09-02T11:35:27.871Z,94a1a7b5-9da2-43d5-9194-cbb05b4fd44c
2.02609E+17,2.02609E+13,126,13680,br_learningreports_overdue,2565,0,0,SUCCESS,2026-09-03T19:03:31.004Z,94765793-67d3-4a98-afae-52065647e781
2.02609E+17,2.02609E+13,129,13685,sl_ClaimDenialPredictionV1,296584,0,0,SUCCESS,2026-09-02T08:39:02.661Z,f3f50506-ab42-4017-a5e3-5d4c793aa0e6
2.02609E+17,2.02609E+13,129,13685,sl_ClaimDenialPredictionV1,296584,0,0,SUCCESS,2026-09-08T04:03:47.100Z,6304a7b3-dc45-41d5-a589-785ca3248459
2.02609E+17,2.02609E+13,129,13685,sl_ClaimDenialPredictionV1,296584,0,0,SUCCESS,2026-09-04T09:02:59.628Z,a7509d48-2072-4539-bbb5-3825d8741944
2.02609E+17,2.02609E+13,129,13685,sl_ClaimDenialPredictionV1,296584,0,0,SUCCESS,2026-09-04T12:11:54.247Z,a3df7d89-3924-493c-b358-bb016a1b1833
2.02609E+17,2.02609E+13,129,13685,sl_ClaimDenialPredictionV1,296584,0,0,SUCCESS,2026-09-03T07:01:17.118Z,f8921f53-dc77-4e7a-9244-91d5b95cb282
2.02609E+17,2.02609E+13,126,13680,br_learningreports_overdue,2565,0,0,SUCCESS,2026-09-03T19:30:03.679Z,a5570b6d-ab4f-492f-a0f3-019ba8a0989c
2.02609E+17,2.02609E+13,126,13680,br_learningreports_overdue,2565,0,0,SUCCESS,2026-09-03T18:08:52.268Z,574a4698-b70b-461e-850c-a34d8f152509
2.02609E+17,2.02609E+13,129,13685,sl_ClaimDenialPredictionV1,296584,0,0,SUCCESS,2026-09-02T08:56:04.687Z,1a271d40-e925-4513-b84c-2f60ddb77cc5
2.02609E+17,2.02608E+13,126,13680,br_learningreports_overdue,2565,0,0,SUCCESS,2026-09-02T10:30:02.835Z,fae6f27e-61f7-4550-97cb-ae854acd3594
2.02609E+17,2.02609E+13,129,13685,sl_ClaimDenialPredictionV1,296584,0,0,SUCCESS,2026-09-03T05:24:43.406Z,dfcc7090-6aed-405f-b6cd-6bb0271aee4d
2.02609E+17,2.02609E+13,129,13685,sl_ClaimDenialPredictionV1,296584,0,0,SUCCESS,2026-09-07T10:38:14.631Z,99033397-8470-4a39-91b2-99c27aed5089
2.02609E+17,2.02609E+13,129,13685,sl_ClaimDenialPredictionV1,296584,0,0,SUCCESS,2026-09-02T09:29:00.898Z,e382a313-3d19-4b82-9b57-fd2a0e196c56
2.02609E+17,2.02609E+13,129,13685,sl_ClaimDenialPredictionV1,296584,0,0,SUCCESS,2026-09-02T07:41:18.691Z,391059bc-57e5-49c5-af48-252a2b55168c
2.02609E+17,2.02609E+13,129,13685,sl_ClaimDenialPredictionV1,296584,0,0,SUCCESS,2026-09-08T05:40:11.718Z,5f4fa39c-2bfa-4433-b23d-f7983e8c1a2e
2.02609E+17,2.02609E+13,129,13685,sl_ClaimDenialPredictionV1,296584,0,0,SUCCESS,2026-09-02T10:55:50.763Z,3506b852-499a-468c-8078-080e698457ef
2.02609E+17,2.02609E+13,126,13680,br_learningreports_overdue,2565,0,0,SUCCESS,2026-09-02T10:12:53.816Z,8a6f1e0c-6911-49b3-a6e2-a915b3060644
2.02609E+17,2.02609E+13,126,13680,br_learningreports_overdue,2565,0,0,SUCCESS,2026-09-02T09:54:25.770Z,46143f78-d0dd-4612-bc72-7509b4b9369c
2.02609E+17,2.02609E+13,129,13685,sl_ClaimDenialPredictionV1,296584,0,0,SUCCESS,2026-09-03T07:13:25.919Z,5d717f31-08a0-46d8-9f4f-a1e32d7e0c04
2.02609E+17,2.02609E+13,129,13685,sl_ClaimDenialPredictionV1,296584,0,0,SUCCESS,2026-09-02T10:17:16.434Z,24cb0943-51a7-4a50-ab37-5fffed8584c8
2.02609E+17,2.02609E+13,129,13685,sl_ClaimDenialPredictionV1,296584,0,0,SUCCESS,2026-09-08T05:57:43.595Z,2bc2c23e-4fff-4fcf-8329-7318fd2d456d
2.02609E+17,2.02609E+13,129,13685,sl_ClaimDenialPredictionV1,296584,0,0,SUCCESS,2026-09-02T10:39:37.109Z,78a4ffb1-a727-4484-9bb3-a619e88004d4
2.02609E+17,2.02609E+13,129,13685,sl_ClaimDenialPredictionV1,296584,0,0,SUCCESS,2026-09-02T11:53:31.531Z,e8e62fc1-7c20-4a22-b85b-df9e49ca1166
2.02609E+17,2.02609E+13,129,13685,sl_ClaimDenialPredictionV1,296584,0,0,SUCCESS,2026-09-08T11:29:52.113Z,3f9de54d-9a8f-4df0-8670-5ed7c25ab4cf
2.02609E+17,2.02609E+13,129,13685,sl_ClaimDenialPredictionV1,296584,0,0,SUCCESS,2026-09-03T09:04:39.702Z,c8492d56-1821-4068-a9fe-b7dd40adbafa
2.02609E+17,2.02609E+13,129,13685,sl_ClaimDenialPredictionV1,296584,0,0,SUCCESS,2026-09-02T06:43:48.900Z,432e1fd9-5757-4fbd-b5fe-306e7dd0feb7
2.02609E+17,2.02609E+13,129,13685,sl_ClaimDenialPredictionV1,296584,0,0,SUCCESS,2026-09-02T12:08:05.902Z,325dbe90-d834-46da-addb-cfdd40b210fa
2.02609E+17,2.02609E+13,129,13685,sl_ClaimDenialPredictionV1,296584,0,0,SUCCESS,2026-09-03T08:39:03.100Z,b073a76f-9b12-413a-bd93-ee42079b5d97
2.02609E+17,2.02608E+13,126,13680,br_learningreports_overdue,2565,0,0,SUCCESS,2026-09-02T09:35:15.607Z,d2f0a918-4c32-4516-a936-7d0dfd6fe16f
2.02609E+17,2.02609E+13,129,13685,sl_ClaimDenialPredictionV1,296584,0,0,SUCCESS,2026-09-02T11:14:19.286Z,ac5fafbf-2002-499b-9ca0-d3ba19fc74c2
2.02609E+17,2.02609E+13,129,13685,sl_ClaimDenialPredictionV1,296584,0,0,SUCCESS,2026-09-08T05:14:44.423Z,a468a7ef-f4f0-4f75-9a4b-9f10041efb90
2.02609E+17,2.02609E+13,129,13685,sl_ClaimDenialPredictionV1,296584,0,0,SUCCESS,2026-09-02T07:25:23.835Z,cfc73f64-c97a-42ba-92ba-46c5d817d8b9
2.02609E+17,2.02609E+13,127,13681,sl_LearningReportsOverdue,2565,0,0,SUCCESS,2026-09-02T10:15:45.462Z,8a6f1e0c-6911-49b3-a6e2-a915b3060644
2.02609E+17,2.02609E+13,127,13681,sl_LearningReportsOverdue,2565,0,0,SUCCESS,2026-09-03T19:32:28.024Z,a5570b6d-ab4f-492f-a0f3-019ba8a0989c
2.02609E+17,2.02609E+13,127,13681,sl_LearningReportsOverdue,2565,0,0,SUCCESS,2026-09-03T19:18:06.294Z,e43a8f33-1096-489d-9499-bf0c83753e23
2.02609E+17,2.02609E+13,127,13681,sl_LearningReportsOverdue,2565,0,0,SUCCESS,2026-09-03T18:23:00.135Z,5360e0f0-1b6e-453c-963d-303c626d47b0
2.02609E+17,2.02609E+13,129,13685,sl_ClaimDenialPredictionV1,296584,0,1,FAILED,2026-09-07T10:21:32.621Z,59e851e0-897f-4c3c-ab10-d7c44d4ebdc4
2.02609E+17,2.02609E+13,129,13685,sl_ClaimDenialPredictionV1,296584,0,1,FAILED,2026-09-02T13:58:10.347Z,45419c76-388a-4885-8a6e-e1a255f50e99
2.02609E+17,2.02609E+13,127,13681,sl_LearningReportsOverdue,2565,0,0,SUCCESS,2026-09-02T10:32:47.549Z,fae6f27e-61f7-4550-97cb-ae854acd3594
2.02609E+17,2.02609E+13,109,8608,br_cashflow_transactions,509839,0,0,SUCCESS,2026-09-04T06:34:09.688Z,d40ce3b6-17a1-46ab-b12e-c683ffcad914
2.02609E+17,2.02609E+13,109,8608,br_cashflow_transactions,509839,0,0,SUCCESS,2026-09-03T20:32:24.357Z,7a57419a-bb25-4ef5-a179-dddc64ce8c4f
2.02609E+17,2.02609E+13,116,8626,sl_patientservicesnoshow,0,0,0,SUCCESS,2026-09-08T08:59:00.142Z,131a5d97-d8c6-4025-b83a-b72dccab3d72
2.02609E+17,2.02609E+13,109,8608,br_cashflow_transactions,509839,0,0,SUCCESS,2026-09-02T03:47:13.083Z,d0354a1d-b115-4cc7-88f9-15c40e686970
2.02609E+17,2.02609E+13,109,8608,br_cashflow_transactions,509839,0,0,SUCCESS,2026-09-03T21:11:20.965Z,47074de9-d3a9-4b3d-b69c-7be5bb05cabc
2.02609E+17,2.02609E+13,109,8608,br_cashflow_transactions,509839,0,0,SUCCESS,2026-09-04T07:50:07.382Z,714261ac-6ca6-4f7a-a1cc-65ca648efe73
2.02608E+17,2.02608E+13,109,8608,br_cashflow_transactions,509839,0,0,SUCCESS,2026-08-31T10:15:08.633Z,24dba459-dc03-43ff-935b-02975da59b9d
2.02609E+17,2.02609E+13,109,8608,br_cashflow_transactions,509839,0,0,SUCCESS,2026-09-02T08:37:54.883Z,5c34dd32-79db-4626-b497-8f8aa2079363
2.02609E+17,2.02608E+13,109,8608,br_cashflow_transactions,509839,0,0,SUCCESS,2026-09-01T06:31:37.563Z,dd39e0f0-8c11-409c-baf1-c1eb0bc831e6
2.02608E+17,2.02608E+13,131,13693,sl_AdmitsPReadmissions,325842,0,0,SUCCESS,2026-08-28T11:54:54.152Z,e752845a-2a63-48ca-b4ef-ba7a68ece0b6
2.02609E+17,2.02608E+13,131,13693,sl_AdmitsPReadmissions,325842,0,0,SUCCESS,2026-09-01T06:36:12.946Z,f386ddbf-c5af-4242-bf29-5f60b1e71ecf
2.02608E+17,2.02608E+13,131,13693,sl_AdmitsPReadmissions,325842,0,0,SUCCESS,2026-08-30T08:03:59.988Z,8cf8f378-16db-4eda-8552-9c6ae683939d
2.02608E+17,2.02608E+13,131,13693,sl_AdmitsPReadmissions,88386,0,0,SUCCESS,2026-08-30T06:40:21.239Z,f5468d60-c3b5-4f89-8aff-6c67bdfcebae
2.02608E+17,2.02608E+13,131,13693,sl_AdmitsPReadmissions,88386,0,0,SUCCESS,2026-08-30T07:09:42.090Z,0fae7162-ad60-4757-b9b2-8e417a5b19d1
2.02608E+17,2.02608E+13,131,13693,sl_AdmitsPReadmissions,325842,0,0,SUCCESS,2026-08-30T09:14:33.319Z,d0826a4c-ff98-435d-adfd-e339a02d1b06
2.02609E+17,2.02609E+13,141,13776,FluSurveyDeclinations,2320,0,0,SUCCESS,2026-09-07T20:10:19.252Z,df39e74e-3a35-4065-9433-2c4803081f3d
2.02609E+17,2.02609E+13,141,13776,FluSurveyDeclinations,2320,0,0,SUCCESS,2026-09-04T06:56:19.989Z,d6480cb5-d898-420d-8213-6c11df16bef3
2.02609E+17,2.02609E+13,109,8611,br_cashflow_textinput,17,0,0,SUCCESS,2026-09-02T03:49:20.947Z,d0354a1d-b115-4cc7-88f9-15c40e686970
2.02609E+17,2.02609E+13,141,13774,FluSurveyDeclinations,1643,0,0,SUCCESS,2026-09-07T05:53:49.166Z,efcb7980-23b7-4dad-a613-0ec15e5af44a
2.02609E+17,2.02609E+13,109,8611,br_cashflow_textinput,17,0,0,SUCCESS,2026-09-03T21:13:47.309Z,47074de9-d3a9-4b3d-b69c-7be5bb05cabc
2.02609E+17,2.02609E+13,109,8611,br_cashflow_textinput,17,0,0,SUCCESS,2026-09-02T08:39:41.887Z,5c34dd32-79db-4626-b497-8f8aa2079363
2.02609E+17,2.02609E+13,141,13774,FluSurveyDeclinations,1643,0,0,SUCCESS,2026-09-07T20:29:44.583Z,870e0242-5dd7-4aac-a78a-33a4dd219a39
2.02609E+17,2.02609E+13,141,13776,FluSurveyDeclinations,2320,0,0,SUCCESS,2026-09-07T05:55:12.400Z,efcb7980-23b7-4dad-a613-0ec15e5af44a
2.02609E+17,2.02609E+13,141,13776,FluSurveyDeclinations,2320,0,0,SUCCESS,2026-09-07T04:41:14.238Z,779bbb8b-3f8e-4399-b8b9-890d68401aa1
2.02609E+17,2.02609E+13,141,13774,FluSurveyDeclinations,1643,0,0,SUCCESS,2026-09-07T06:13:37.854Z,cf11fb94-1c71-47fd-aff8-c68ca34de8c5
2.02609E+17,2.02609E+13,141,13774,FluSurveyDeclinations,1643,0,0,SUCCESS,2026-09-07T04:39:50.999Z,779bbb8b-3f8e-4399-b8b9-890d68401aa1
2.02609E+17,2.02609E+13,109,8611,br_cashflow_textinput,17,0,0,SUCCESS,2026-09-04T07:52:27.559Z,714261ac-6ca6-4f7a-a1cc-65ca648efe73
2.02609E+17,2.02609E+13,141,13776,FluSurveyDeclinations,2320,0,0,SUCCESS,2026-09-07T20:31:28.977Z,870e0242-5dd7-4aac-a78a-33a4dd219a39
2.02609E+17,2.02609E+13,141,13776,FluSurveyDeclinations,2320,0,0,SUCCESS,2026-09-07T06:15:02.905Z,cf11fb94-1c71-47fd-aff8-c68ca34de8c5
2.02609E+17,2.02609E+13,109,8611,br_cashflow_textinput,17,0,0,SUCCESS,2026-09-04T06:36:47.041Z,d40ce3b6-17a1-46ab-b12e-c683ffcad914
2.02609E+17,2.02609E+13,141,13774,FluSurveyDeclinations,1643,0,0,SUCCESS,2026-09-07T20:09:00.326Z,df39e74e-3a35-4065-9433-2c4803081f3d
2.02609E+17,2.02609E+13,141,13774,FluSurveyDeclinations,1643,0,0,SUCCESS,2026-09-04T06:54:02.902Z,d6480cb5-d898-420d-8213-6c11df16bef3
2.02609E+17,2.02608E+13,109,8611,br_cashflow_textinput,17,0,0,SUCCESS,2026-09-01T06:53:26.313Z,c494ff15-7c1e-47e5-8a0b-9b879ea70768
2.02608E+17,2.02608E+13,109,8611,br_cashflow_textinput,17,0,0,SUCCESS,2026-08-31T10:17:43.217Z,24dba459-dc03-43ff-935b-02975da59b9d
2.02608E+17,2.02608E+13,131,13689,sl_vwCensusFirstDose,4913,0,0,SUCCESS,2026-08-30T07:05:45.809Z,0fae7162-ad60-4757-b9b2-8e417a5b19d1
2.02608E+17,2.02608E+13,131,13689,sl_vwCensusFirstDose,4913,0,0,SUCCESS,2026-08-28T11:51:03.717Z,e752845a-2a63-48ca-b4ef-ba7a68ece0b6
2.02608E+17,2.02608E+13,131,13689,sl_vwCensusFirstDose,4913,0,0,SUCCESS,2026-08-30T06:35:42.202Z,f5468d60-c3b5-4f89-8aff-6c67bdfcebae
2.02608E+17,2.02608E+13,131,13697,sl_CurrentDayPayElig,2,0,0,SUCCESS,2026-08-28T12:00:44.494Z,e752845a-2a63-48ca-b4ef-ba7a68ece0b6
2.02608E+17,2.02608E+13,131,13691,sl_LocationRetention,0,0,0,SUCCESS,2026-08-30T07:07:41.204Z,0fae7162-ad60-4757-b9b2-8e417a5b19d1
2.02609E+17,2.02608E+13,131,13696,sl_CurrentDayPayAuth,2,0,0,SUCCESS,2026-09-01T06:42:06.719Z,f386ddbf-c5af-4242-bf29-5f60b1e71ecf
2.02608E+17,2.02608E+13,131,13696,sl_CurrentDayPayAuth,2,0,0,SUCCESS,2026-08-30T09:20:00.351Z,d0826a4c-ff98-435d-adfd-e339a02d1b06
2.02609E+17,2.02608E+13,131,13697,sl_CurrentDayPayElig,2,0,0,SUCCESS,2026-09-01T06:42:42.148Z,f386ddbf-c5af-4242-bf29-5f60b1e71ecf
2.02608E+17,2.02608E+13,131,13696,sl_CurrentDayPayAuth,1,0,0,SUCCESS,2026-08-30T07:11:26.920Z,0fae7162-ad60-4757-b9b2-8e417a5b19d1
2.02608E+17,2.02608E+13,131,13691,sl_LocationRetention,0,0,0,SUCCESS,2026-08-28T11:52:45.564Z,e752845a-2a63-48ca-b4ef-ba7a68ece0b6
2.02609E+17,2.02608E+13,109,8611,br_cashflow_textinput,0,0,1,FAILED,2026-09-01T06:33:38.701Z,dd39e0f0-8c11-409c-baf1-c1eb0bc831e6
2.02608E+17,2.02608E+13,131,13696,sl_CurrentDayPayAuth,2,0,0,SUCCESS,2026-08-28T12:00:17.320Z,e752845a-2a63-48ca-b4ef-ba7a68ece0b6
2.02608E+17,2.02608E+13,131,13697,sl_CurrentDayPayElig,2,0,0,SUCCESS,2026-08-30T09:20:33.611Z,d0826a4c-ff98-435d-adfd-e339a02d1b06
2.02608E+17,2.02608E+13,131,13691,sl_LocationRetention,0,0,0,SUCCESS,2026-08-30T06:37:59.321Z,f5468d60-c3b5-4f89-8aff-6c67bdfcebae
2.02608E+17,2.02608E+13,131,13689,sl_vwCensusFirstDose,4913,0,0,SUCCESS,2026-08-30T09:10:31.627Z,d0826a4c-ff98-435d-adfd-e339a02d1b06
2.02609E+17,2.02608E+13,131,13691,sl_LocationRetention,0,0,0,SUCCESS,2026-09-01T06:33:44.237Z,f386ddbf-c5af-4242-bf29-5f60b1e71ecf
2.02608E+17,2.02608E+13,131,13696,sl_CurrentDayPayAuth,2,0,0,SUCCESS,2026-08-30T08:09:25.253Z,8cf8f378-16db-4eda-8552-9c6ae683939d
2.02608E+17,2.02608E+13,131,13697,sl_CurrentDayPayElig,2,0,0,SUCCESS,2026-08-30T08:09:56.737Z,8cf8f378-16db-4eda-8552-9c6ae683939d
2.02608E+17,2.02608E+13,131,13697,sl_CurrentDayPayElig,2,0,0,SUCCESS,2026-08-30T07:12:02.430Z,0fae7162-ad60-4757-b9b2-8e417a5b19d1
2.02608E+17,2.02608E+13,131,13689,sl_vwCensusFirstDose,4913,0,0,SUCCESS,2026-08-30T07:59:59.119Z,8cf8f378-16db-4eda-8552-9c6ae683939d
2.02608E+17,2.02608E+13,131,13691,sl_LocationRetention,0,0,0,SUCCESS,2026-08-30T08:01:42.746Z,8cf8f378-16db-4eda-8552-9c6ae683939d
2.02608E+17,2.02608E+13,131,13691,sl_LocationRetention,0,0,0,SUCCESS,2026-08-30T09:12:12.474Z,d0826a4c-ff98-435d-adfd-e339a02d1b06
2.02609E+17,2.02608E+13,131,13689,sl_vwCensusFirstDose,4913,0,0,SUCCESS,2026-09-01T06:31:47.020Z,f386ddbf-c5af-4242-bf29-5f60b1e71ecf
2.02609E+17,2.02609E+13,109,8610,br_cashflow_lockbox,13629,0,0,SUCCESS,2026-09-03T21:13:13.019Z,47074de9-d3a9-4b3d-b69c-7be5bb05cabc
2.02609E+17,2.02609E+13,109,8610,br_cashflow_lockbox,13629,0,0,SUCCESS,2026-09-02T08:50:50.985Z,cc136ea8-572b-4137-a8c9-bc9ec64f83b6
2.02609E+17,2.02609E+13,109,8610,br_cashflow_lockbox,13629,0,0,SUCCESS,2026-09-02T03:48:55.333Z,d0354a1d-b115-4cc7-88f9-15c40e686970
2.02609E+17,2.02609E+13,109,8610,br_cashflow_lockbox,13629,0,0,SUCCESS,2026-09-04T07:52:01.046Z,714261ac-6ca6-4f7a-a1cc-65ca648efe73
2.02609E+17,2.02609E+13,110,8612,sl_BankTransactions,444036,0,0,SUCCESS,2026-09-03T21:20:47.969Z,47074de9-d3a9-4b3d-b69c-7be5bb05cabc
2.02609E+17,2.02609E+13,110,8612,sl_BankTransactions,444036,0,0,SUCCESS,2026-09-04T06:42:36.088Z,d40ce3b6-17a1-46ab-b12e-c683ffcad914
2.02609E+17,2.02609E+13,109,8610,br_cashflow_lockbox,13629,0,0,SUCCESS,2026-09-04T06:36:03.303Z,d40ce3b6-17a1-46ab-b12e-c683ffcad914
2.02609E+17,2.02608E+13,109,8610,br_cashflow_lockbox,13629,0,0,SUCCESS,2026-09-01T06:33:11.318Z,dd39e0f0-8c11-409c-baf1-c1eb0bc831e6
2.02609E+17,2.02609E+13,110,8612,sl_BankTransactions,444036,0,0,SUCCESS,2026-09-03T20:56:57.035Z,cf6c7c8f-6ed2-4b6a-8a3f-4a5233cb59d5
2.02609E+17,2.02609E+13,110,8612,sl_BankTransactions,444036,0,0,SUCCESS,2026-09-02T10:01:09.456Z,c029585a-08e5-4f27-88c1-b279d1dfe21d
2.02608E+17,2.02608E+13,109,8610,br_cashflow_lockbox,13629,0,0,SUCCESS,2026-08-31T10:16:59.857Z,24dba459-dc03-43ff-935b-02975da59b9d
2.02609E+17,2.02609E+13,110,8612,sl_BankTransactions,444036,0,0,SUCCESS,2026-09-04T08:51:33.542Z,d42c3a80-d402-47a6-9d0e-a2f670f0338a
2.02609E+17,2.02609E+13,110,8612,sl_BankTransactions,444036,0,0,SUCCESS,2026-09-02T08:57:57.829Z,cc136ea8-572b-4137-a8c9-bc9ec64f83b6
2.02609E+17,2.02609E+13,141,13753,ActiveEmployees90d,0,0,0,SUCCESS,2026-09-07T05:51:39.427Z,efcb7980-23b7-4dad-a613-0ec15e5af44a
2.02609E+17,2.02609E+13,141,13753,ActiveEmployees90d,0,0,0,SUCCESS,2026-09-07T06:16:39.428Z,f4a30330-acea-4c49-913d-e09dacb41390
2.02609E+17,2.02609E+13,141,13752,TermedEmployees90d,0,0,0,SUCCESS,2026-09-07T06:16:13.958Z,f4a30330-acea-4c49-913d-e09dacb41390
2.02609E+17,2.02609E+13,141,13752,TermedEmployees90d,0,0,0,SUCCESS,2026-09-07T06:10:47.898Z,cf11fb94-1c71-47fd-aff8-c68ca34de8c5
2.02609E+17,2.02609E+13,141,13753,activeemployees90d,5,0,0,SUCCESS,2026-09-03T08:08:43.323Z,b06012a0-2e6f-4c81-af7e-cd687d985935
2.02609E+17,2.02608E+13,131,13690,sl_Retention14Stat,325940,0,0,SUCCESS,2026-09-01T06:32:52.805Z,f386ddbf-c5af-4242-bf29-5f60b1e71ecf
2.02609E+17,2.02609E+13,141,13753,ActiveEmployees90d,0,0,0,SUCCESS,2026-09-07T20:27:43.429Z,870e0242-5dd7-4aac-a78a-33a4dd219a39
2.02609E+17,2.02609E+13,109,8610,br_cashflow_lockbox,0,0,1,FAILED,2026-09-02T08:38:58.590Z,5c34dd32-79db-4626-b497-8f8aa2079363
2.02608E+17,2.02608E+13,131,13690,sl_Retention14Stat,325940,0,0,SUCCESS,2026-08-30T09:11:33.655Z,d0826a4c-ff98-435d-adfd-e339a02d1b06
2.02609E+17,2.02609E+13,141,13753,ActiveEmployees90d,0,0,0,SUCCESS,2026-09-07T06:11:18.566Z,cf11fb94-1c71-47fd-aff8-c68ca34de8c5
2.02609E+17,2.02609E+13,141,13753,ActiveEmployees90d,0,0,0,SUCCESS,2026-09-07T20:06:55.235Z,df39e74e-3a35-4065-9433-2c4803081f3d
2.02609E+17,2.02609E+13,141,13752,TermedEmployees90d,0,0,0,SUCCESS,2026-09-07T05:51:14.531Z,efcb7980-23b7-4dad-a613-0ec15e5af44a
2.02609E+17,2.02609E+13,141,13753,ActiveEmployees90d,0,0,0,SUCCESS,2026-09-07T04:37:43.601Z,779bbb8b-3f8e-4399-b8b9-890d68401aa1
2.02609E+17,2.02609E+13,141,13752,TermedEmployees90d,0,0,0,SUCCESS,2026-09-07T04:37:21.273Z,779bbb8b-3f8e-4399-b8b9-890d68401aa1
2.02608E+17,2.02608E+13,131,13690,sl_Retention14Stat,325940,0,0,SUCCESS,2026-08-30T08:01:00.819Z,8cf8f378-16db-4eda-8552-9c6ae683939d
2.02608E+17,2.02608E+13,131,13690,sl_Retention14Stat,325940,0,0,SUCCESS,2026-08-28T11:52:09.753Z,e752845a-2a63-48ca-b4ef-ba7a68ece0b6
2.02608E+17,2.02608E+13,131,13690,sl_Retention14Stat,325842,0,0,SUCCESS,2026-08-30T06:37:11.349Z,f5468d60-c3b5-4f89-8aff-6c67bdfcebae
2.02609E+17,2.02609E+13,141,13752,TermedEmployees90d,0,0,0,SUCCESS,2026-09-07T20:27:22.613Z,870e0242-5dd7-4aac-a78a-33a4dd219a39
2.02609E+17,2.02609E+13,141,13752,TermedEmployees90d,0,0,0,SUCCESS,2026-09-07T20:06:33.909Z,df39e74e-3a35-4065-9433-2c4803081f3d
2.02608E+17,2.02608E+13,131,13690,sl_Retention14Stat,325842,0,0,SUCCESS,2026-08-30T07:06:55.002Z,0fae7162-ad60-4757-b9b2-8e417a5b19d1
2.02608E+17,2.02608E+13,131,13688,sl_vwReadmissions,309274,0,0,SUCCESS,2026-08-30T07:59:17.191Z,8cf8f378-16db-4eda-8552-9c6ae683939d
2.02609E+17,2.02609E+13,141,13751,PaycorEmailIssues,0,0,0,SUCCESS,2026-09-07T20:26:49.731Z,870e0242-5dd7-4aac-a78a-33a4dd219a39
2.02609E+17,2.02609E+17,149,16280,tbl_BatchPayments,47374,0,0,SUCCESS,2026-09-08T06:45:04.360Z,0c68bed2-8f22-4a44-9abe-e68b250db4b9
2.02609E+17,2.02609E+17,148,16279,tbl_BatchPayments,1397,0,0,SUCCESS,2026-09-07T18:19:39.504Z,456f6246-f685-4db2-9dd1-3c2de1d01c40
2.02609E+17,2.02609E+13,141,13751,PaycorEmailIssues,0,0,0,SUCCESS,2026-09-07T06:09:44.056Z,cf11fb94-1c71-47fd-aff8-c68ca34de8c5
2.02609E+17,2.02609E+17,149,16280,tbl_BatchPayments,1397,0,0,SUCCESS,2026-09-07T19:16:05.657Z,e9e1213a-49ea-4c6e-8ea8-bfbef19c5025
2.02608E+17,2.02608E+13,131,13688,sl_vwReadmissions,309274,0,0,SUCCESS,2026-08-28T11:49:52.100Z,e752845a-2a63-48ca-b4ef-ba7a68ece0b6
2.02609E+17,2.02609E+17,148,16279,tbl_BatchPayments,47374,0,0,SUCCESS,2026-09-08T06:43:25.752Z,0c68bed2-8f22-4a44-9abe-e68b250db4b9
2.02608E+17,2.02608E+13,131,13688,sl_vwReadmissions,309274,0,0,SUCCESS,2026-08-30T06:34:49.519Z,f5468d60-c3b5-4f89-8aff-6c67bdfcebae
2.02609E+17,2.02609E+13,141,13751,PaycorEmailIssues,0,0,0,SUCCESS,2026-09-07T20:06:05.093Z,df39e74e-3a35-4065-9433-2c4803081f3d
2.02609E+17,2.02609E+13,141,13751,PaycorEmailIssues,0,0,0,SUCCESS,2026-09-07T04:36:51.178Z,779bbb8b-3f8e-4399-b8b9-890d68401aa1
2.02609E+17,2.02608E+13,131,13688,sl_vwReadmissions,309274,0,0,SUCCESS,2026-09-01T06:30:31.534Z,f386ddbf-c5af-4242-bf29-5f60b1e71ecf
2.02608E+17,2.02608E+13,131,13688,sl_vwReadmissions,309274,0,0,SUCCESS,2026-08-30T09:09:18.294Z,d0826a4c-ff98-435d-adfd-e339a02d1b06
2.02609E+17,2.02609E+17,149,16280,tbl_BatchPayments,10715,0,0,SUCCESS,2026-09-08T06:05:57.913Z,ccb69063-ae98-485c-b24b-b0a238d7c18a
2.02609E+17,2.02609E+13,141,13751,PaycorEmailIssues,0,0,0,SUCCESS,2026-09-07T05:50:01.382Z,efcb7980-23b7-4dad-a613-0ec15e5af44a
2.02609E+17,2.02609E+17,148,16279,tbl_BatchPayments,1397,0,0,SUCCESS,2026-09-07T19:14:41.263Z,e9e1213a-49ea-4c6e-8ea8-bfbef19c5025
2.02609E+17,2.02609E+17,148,16279,tbl_BatchPayments,10715,0,0,SUCCESS,2026-09-08T06:04:44.670Z,ccb69063-ae98-485c-b24b-b0a238d7c18a
2.02608E+17,2.02608E+13,131,13688,sl_vwReadmissions,309274,0,0,SUCCESS,2026-08-30T07:04:27.569Z,0fae7162-ad60-4757-b9b2-8e417a5b19d1
2.02609E+17,2.02609E+13,141,13751,PaycorEmailIssues,0,0,0,SUCCESS,2026-09-07T06:15:47.443Z,f4a30330-acea-4c49-913d-e09dacb41390
2.02608E+17,2.02608E+13,131,13694,sl_vwMissedDoses,0,0,0,SUCCESS,2026-08-30T09:15:06.844Z,d0826a4c-ff98-435d-adfd-e339a02d1b06
2.02608E+17,2.02608E+13,131,13694,sl_vwMissedDoses,0,0,0,SUCCESS,2026-08-30T06:40:56.886Z,f5468d60-c3b5-4f89-8aff-6c67bdfcebae
2.02608E+17,2.02608E+13,131,13694,sl_vwMissedDoses,0,0,0,SUCCESS,2026-08-30T07:10:16.393Z,0fae7162-ad60-4757-b9b2-8e417a5b19d1
2.02609E+17,2.02608E+13,131,13694,sl_vwMissedDoses,0,0,0,SUCCESS,2026-09-01T06:37:03.375Z,f386ddbf-c5af-4242-bf29-5f60b1e71ecf
2.02608E+17,2.02608E+13,131,13694,sl_vwMissedDoses,0,0,0,SUCCESS,2026-08-30T08:04:36.747Z,8cf8f378-16db-4eda-8552-9c6ae683939d
2.02608E+17,2.02608E+13,131,13694,sl_vwMissedDoses,0,0,0,SUCCESS,2026-08-28T11:55:27.680Z,e752845a-2a63-48ca-b4ef-ba7a68ece0b6
2.02609E+17,2.02609E+17,147,16163,br_3pRemitBatch,9305,0,0,SUCCESS,2026-09-08T06:43:04.891Z,0c68bed2-8f22-4a44-9abe-e68b250db4b9
2.02609E+17,2.02609E+13,141,13775,FluSurveyTotals,234,0,0,SUCCESS,2026-09-07T05:54:36.549Z,efcb7980-23b7-4dad-a613-0ec15e5af44a
2.02609E+17,2.02609E+13,141,13775,FluSurveyTotals,234,0,0,SUCCESS,2026-09-07T20:09:43.456Z,df39e74e-3a35-4065-9433-2c4803081f3d
2.02609E+17,2.02609E+17,138,13775,FluSurveyTotals,0,0,0,SUCCESS,2026-09-08T08:04:30.808Z,8c117b12-3656-4f28-b328-39d84f54b3d8
2.02609E+17,2.02609E+13,141,13754,LateEntryTermed,0,0,0,SUCCESS,2026-09-07T20:28:04.047Z,870e0242-5dd7-4aac-a78a-33a4dd219a39
2.02609E+17,2.02609E+13,141,13750,AadDuplicateIds,0,0,0,SUCCESS,2026-09-07T05:49:32.454Z,efcb7980-23b7-4dad-a613-0ec15e5af44a
2.02609E+17,2.02609E+13,141,13754,LateEntryTermed,0,0,0,SUCCESS,2026-09-07T20:07:16.582Z,df39e74e-3a35-4065-9433-2c4803081f3d
2.02609E+17,2.02609E+17,147,16164,br_3pRemitBatch,0,0,0,SUCCESS,2026-09-08T06:04:22.819Z,ccb69063-ae98-485c-b24b-b0a238d7c18a
2.02609E+17,2.02609E+17,147,16170,br_3pRemitBatch,10715,0,0,SUCCESS,2026-09-08T06:04:22.819Z,ccb69063-ae98-485c-b24b-b0a238d7c18a
2.02609E+17,2.02609E+17,147,16160,br_3pRemitBatch,0,0,0,SUCCESS,2026-09-08T06:04:22.819Z,ccb69063-ae98-485c-b24b-b0a238d7c18a
2.02609E+17,2.02609E+17,147,16162,br_3pRemitBatch,10141,0,0,SUCCESS,2026-09-08T06:43:04.891Z,0c68bed2-8f22-4a44-9abe-e68b250db4b9
2.02609E+17,2.02609E+13,141,13775,FluSurveyTotals,234,0,0,SUCCESS,2026-09-04T07:28:05.719Z,e1eca275-7998-40b3-998f-4c7a1a01a736
2.02609E+17,2.02609E+17,147,16161,br_3pRemitBatch,4278,0,0,SUCCESS,2026-09-08T06:43:04.891Z,0c68bed2-8f22-4a44-9abe-e68b250db4b9
2.02609E+17,2.02609E+17,147,16160,br_3pRemitBatch,1397,0,0,SUCCESS,2026-09-08T06:43:04.891Z,0c68bed2-8f22-4a44-9abe-e68b250db4b9
2.02609E+17,2.02609E+17,147,16161,br_3pRemitBatch,0,0,0,SUCCESS,2026-09-08T06:04:22.819Z,ccb69063-ae98-485c-b24b-b0a238d7c18a
2.02609E+17,2.02609E+13,141,13750,AadDuplicateIds,0,0,0,SUCCESS,2026-09-07T20:05:30.027Z,df39e74e-3a35-4065-9433-2c4803081f3d
2.02609E+17,2.02609E+13,141,13754,LateEntryTermed,0,0,0,SUCCESS,2026-09-07T05:52:04.729Z,efcb7980-23b7-4dad-a613-0ec15e5af44a
2.02609E+17,2.02609E+13,141,13750,AadDuplicateIds,0,0,0,SUCCESS,2026-09-07T04:35:46.255Z,779bbb8b-3f8e-4399-b8b9-890d68401aa1
2.02609E+17,2.02609E+13,141,13775,FluSurveyTotals,234,0,0,SUCCESS,2026-09-07T06:14:17.924Z,cf11fb94-1c71-47fd-aff8-c68ca34de8c5
2.02609E+17,2.02609E+13,141,13750,AadDuplicateIds,0,0,0,SUCCESS,2026-09-07T06:14:55.038Z,f4a30330-acea-4c49-913d-e09dacb41390
2.02609E+17,2.02609E+13,141,13754,LateEntryTermed,0,0,0,SUCCESS,2026-09-07T06:11:42.130Z,cf11fb94-1c71-47fd-aff8-c68ca34de8c5
2.02609E+17,2.02609E+13,141,13750,AadDuplicateIds,0,0,0,SUCCESS,2026-09-07T06:09:13.394Z,cf11fb94-1c71-47fd-aff8-c68ca34de8c5
2.02609E+17,2.02609E+17,147,16163,br_3pRemitBatch,0,0,0,SUCCESS,2026-09-08T06:04:22.819Z,ccb69063-ae98-485c-b24b-b0a238d7c18a
2.02609E+17,2.02609E+17,147,16160,br_3pRemitBatch,1397,0,0,SUCCESS,2026-09-07T18:19:19.405Z,456f6246-f685-4db2-9dd1-3c2de1d01c40
2.02609E+17,2.02609E+13,141,13750,AadDuplicateIds,0,0,0,SUCCESS,2026-09-07T20:25:37.970Z,870e0242-5dd7-4aac-a78a-33a4dd219a39
2.02609E+17,2.02609E+17,147,16164,br_3pRemitBatch,11538,0,0,SUCCESS,2026-09-08T06:43:04.891Z,0c68bed2-8f22-4a44-9abe-e68b250db4b9
2.02609E+17,2.02609E+17,147,16170,br_3pRemitBatch,10715,0,0,SUCCESS,2026-09-08T06:43:04.891Z,0c68bed2-8f22-4a44-9abe-e68b250db4b9
2.02609E+17,2.02609E+13,141,13775,FluSurveyTotals,234,0,0,SUCCESS,2026-09-07T20:30:39.276Z,870e0242-5dd7-4aac-a78a-33a4dd219a39
2.02609E+17,2.02609E+13,141,13754,LateEntryTermed,0,0,0,SUCCESS,2026-09-07T04:38:09.515Z,779bbb8b-3f8e-4399-b8b9-890d68401aa1
2.02609E+17,2.02609E+17,147,16160,br_3pRemitBatch,1397,0,0,SUCCESS,2026-09-07T19:14:11.390Z,e9e1213a-49ea-4c6e-8ea8-bfbef19c5025
2.02609E+17,2.02609E+13,141,13754,LateEntryTermed,0,0,0,SUCCESS,2026-09-07T06:17:02.401Z,f4a30330-acea-4c49-913d-e09dacb41390
2.02609E+17,2.02609E+13,141,13775,FluSurveyTotals,234,0,0,SUCCESS,2026-09-07T04:40:40.116Z,779bbb8b-3f8e-4399-b8b9-890d68401aa1
2.02609E+17,2.02609E+17,147,16162,br_3pRemitBatch,0,0,0,SUCCESS,2026-09-08T06:04:22.819Z,ccb69063-ae98-485c-b24b-b0a238d7c18a
2.02609E+17,2.02609E+13,141,13755,AddressRoster,1996,0,0,SUCCESS,2026-09-07T04:38:47.729Z,779bbb8b-3f8e-4399-b8b9-890d68401aa1
2.02609E+17,2.02609E+13,141,13756,TnGrantClaims,0,0,0,SUCCESS,2026-09-07T06:13:00.549Z,cf11fb94-1c71-47fd-aff8-c68ca34de8c5
2.02609E+17,2.02609E+13,141,13756,TnGrantClaims,0,0,0,SUCCESS,2026-09-07T05:10:43.232Z,56cee43e-77d1-47ce-9ee5-d3bb87c45c20
2.02609E+17,2.02609E+13,141,13755,AddressRoster,1996,0,0,SUCCESS,2026-09-04T06:53:05.496Z,d6480cb5-d898-420d-8213-6c11df16bef3
2.02609E+17,2.02609E+13,141,13756,TnGrantClaims,0,0,0,SUCCESS,2026-09-07T05:53:17.762Z,efcb7980-23b7-4dad-a613-0ec15e5af44a
2.02609E+17,2.02609E+13,141,13755,AddressRoster,1996,0,0,SUCCESS,2026-09-07T05:52:42.426Z,efcb7980-23b7-4dad-a613-0ec15e5af44a
2.02609E+17,2.02609E+13,141,13755,AddressRoster,1996,0,0,SUCCESS,2026-09-07T20:07:54.200Z,df39e74e-3a35-4065-9433-2c4803081f3d
2.02609E+17,2.02609E+13,141,13755,AddressRoster,1996,0,0,SUCCESS,2026-09-07T06:12:26.518Z,cf11fb94-1c71-47fd-aff8-c68ca34de8c5
2.02609E+17,2.02609E+13,141,13756,TnGrantClaims,0,0,0,SUCCESS,2026-09-07T20:08:29.299Z,df39e74e-3a35-4065-9433-2c4803081f3d
2.02609E+17,2.02609E+13,141,13755,AddressRoster,1996,0,0,SUCCESS,2026-09-07T20:28:39.075Z,870e0242-5dd7-4aac-a78a-33a4dd219a39
2.02609E+17,2.02609E+13,141,13756,TnGrantClaims,0,0,0,SUCCESS,2026-09-07T20:29:17.640Z,870e0242-5dd7-4aac-a78a-33a4dd219a39
2.02609E+17,2.02609E+17,139,13747,sl_Orders,3640552,0,0,SUCCESS,2026-09-08T09:46:41.028Z,f04a2298-90b2-4fc2-8ba2-e972eeef4935
2.02609E+17,2.02609E+17,19,52,sl_Orders,3640322,0,0,SUCCESS,2026-09-01T13:15:21.762Z,f6aa51de-9f35-48c9-bc2e-0351d0a17771
2.02609E+17,2.02609E+17,19,52,sl_Orders,3640326,0,0,SUCCESS,2026-09-01T15:03:42.531Z,b5c0e877-5d64-436b-80db-f99eaf918b45
2.02609E+17,2.02609E+17,19,52,sl_Orders,3640323,0,0,SUCCESS,2026-09-01T14:11:03.634Z,216790a4-77ac-48a1-a0f2-067ed3c00261
2.02609E+17,2.02609E+17,139,13747,sl_Orders,3640458,0,0,SUCCESS,2026-09-03T06:27:47.237Z,e45cf123-426f-484e-ac7c-c7869e0d3df2
2.02609E+17,2.02609E+17,139,13747,sl_Orders,3640458,0,0,SUCCESS,2026-09-03T04:24:29.819Z,d4885e65-6479-4750-a76b-c74c49e3e9cb
2.02609E+17,2.02609E+17,139,13747,sl_Orders,3640522,0,0,SUCCESS,2026-09-08T08:05:56.009Z,8c117b12-3656-4f28-b328-39d84f54b3d8
2.02609E+17,2.02609E+17,19,52,sl_Orders,3640522,0,0,SUCCESS,2026-09-08T07:33:54.718Z,60236488-77d9-43e9-8104-e7376443a0c0
2.02609E+17,2.02609E+17,139,13747,sl_Orders,3640458,0,0,SUCCESS,2026-09-03T12:18:18.491Z,e094fd0a-1f4a-4369-85ee-0e102ddb1eac
2.02609E+17,2.02609E+17,139,13747,sl_Orders,3640574,0,0,SUCCESS,2026-09-08T10:32:32.980Z,3d333425-7f19-40f0-b7c4-971bc2bdbbfe
2.02609E+17,2.02609E+17,18,51001,br_Orders,19253,0,0,SUCCESS,2026-09-08T07:32:17.893Z,60236488-77d9-43e9-8104-e7376443a0c0
2.02609E+17,2.02609E+17,139,13747,sl_Orders,3640574,0,0,SUCCESS,2026-09-08T11:41:03.460Z,fc8412ff-1da3-49a2-828d-5e8326311ca8
2.02609E+17,2.02609E+17,139,13747,sl_Orders,3640458,0,0,SUCCESS,2026-09-03T07:06:04.701Z,8a978163-dc4c-4328-851c-ec293737fd61
2.02609E+17,2.02609E+17,19,52,sl_Orders,3640257,0,0,SUCCESS,2026-09-01T12:05:09.188Z,2ce55787-1d6c-4ae8-a1d1-ad0ecb61dafb
2.02609E+17,2.02609E+17,139,13747,sl_Orders,3640257,0,0,SUCCESS,2026-09-01T09:41:34.845Z,33535b71-d0d3-48e6-81e2-12a8a0f169a7
2.02609E+17,2.02609E+17,139,13747,sl_Orders,3640574,0,0,SUCCESS,2026-09-08T12:27:21.917Z,05780c2b-a5ee-466c-ac2e-8efa57d1bdfd
2.02609E+17,2.02609E+17,138,13746,br_Orders,102,0,34,FAILED,2026-09-01T09:41:12.849Z,33535b71-d0d3-48e6-81e2-12a8a0f169a7
2.02609E+17,2.02609E+17,18,51002,br_Orders,185142,0,16848,FAILED,2026-09-01T15:03:17.619Z,b5c0e877-5d64-436b-80db-f99eaf918b45
2.02609E+17,2.02609E+17,18,51001,br_Orders,16324,0,2338,FAILED,2026-09-01T13:14:55.359Z,f6aa51de-9f35-48c9-bc2e-0351d0a17771
2.02609E+17,2.02609E+17,138,13745,br_Orders,121,0,25,FAILED,2026-09-01T09:41:12.849Z,33535b71-d0d3-48e6-81e2-12a8a0f169a7
2.02609E+17,2.02609E+17,18,51002,br_Orders,134595,0,16847,FAILED,2026-09-01T12:04:47.565Z,2ce55787-1d6c-4ae8-a1d1-ad0ecb61dafb
2.02609E+17,2.02609E+17,138,13744,br_Orders,260,0,73,FAILED,2026-09-03T06:27:20.116Z,e45cf123-426f-484e-ac7c-c7869e0d3df2
2.02609E+17,2.02609E+17,138,13776,br_Orders,97,0,44,FAILED,2026-09-08T12:26:38.650Z,05780c2b-a5ee-466c-ac2e-8efa57d1bdfd
2.02609E+17,2.02609E+17,18,51002,br_Orders,151443,0,16847,FAILED,2026-09-01T13:14:55.359Z,f6aa51de-9f35-48c9-bc2e-0351d0a17771
2.02609E+17,2.02609E+17,138,13744,br_Orders,263,0,73,FAILED,2026-09-03T04:24:03.996Z,d4885e65-6479-4750-a76b-c74c49e3e9cb
2.02609E+17,2.02609E+17,18,51001,br_Orders,13986,0,2338,FAILED,2026-09-01T12:04:47.565Z,2ce55787-1d6c-4ae8-a1d1-ad0ecb61dafb
2.02608E+17,2.02608E+13,131,13698,sl_QiBAM,453721,0,0,SUCCESS,2026-08-28T12:01:15.989Z,e752845a-2a63-48ca-b4ef-ba7a68ece0b6
2.02608E+17,2.02608E+13,131,13698,sl_QiBAM,453721,0,0,SUCCESS,2026-08-30T09:21:05.503Z,d0826a4c-ff98-435d-adfd-e339a02d1b06
2.02609E+17,2.02609E+17,138,13776,br_Orders,298,0,133,FAILED,2026-09-08T10:30:57.742Z,3d333425-7f19-40f0-b7c4-971bc2bdbbfe
2.02609E+17,2.02609E+17,18,51001,br_Orders,21002,0,2339,FAILED,2026-09-01T15:03:17.619Z,b5c0e877-5d64-436b-80db-f99eaf918b45
2.02609E+17,2.02608E+13,131,13698,sl_QiBAM,453721,0,0,SUCCESS,2026-09-01T06:43:21.506Z,f386ddbf-c5af-4242-bf29-5f60b1e71ecf
2.02609E+17,2.02609E+17,18,51001,br_Orders,18663,0,2338,FAILED,2026-09-01T14:10:37.300Z,216790a4-77ac-48a1-a0f2-067ed3c00261
2.02609E+17,2.02609E+17,138,13775,br_Orders,284,0,128,FAILED,2026-09-08T09:45:02.263Z,f04a2298-90b2-4fc2-8ba2-e972eeef4935
2.02609E+17,2.02609E+17,138,13746,br_Orders,14696863,2156,3640880,FAILED,2026-09-03T12:17:28.410Z,e094fd0a-1f4a-4369-85ee-0e102ddb1eac
2.02608E+17,2.02608E+13,131,13698,sl_QiBAM,172870,0,0,SUCCESS,2026-08-30T07:12:36.862Z,0fae7162-ad60-4757-b9b2-8e417a5b19d1
2.02609E+17,2.02609E+17,138,13745,br_Orders,248,0,59,FAILED,2026-09-03T04:24:03.996Z,d4885e65-6479-4750-a76b-c74c49e3e9cb
2.02608E+17,2.02608E+13,131,13698,sl_QiBAM,453721,0,0,SUCCESS,2026-08-30T08:10:29.660Z,8cf8f378-16db-4eda-8552-9c6ae683939d
2.02609E+17,2.02609E+17,18,51002,br_Orders,168291,0,16848,FAILED,2026-09-01T14:10:37.300Z,216790a4-77ac-48a1-a0f2-067ed3c00261
2.02609E+17,2.02609E+17,138,13746,br_Orders,206,0,59,FAILED,2026-09-03T04:24:03.996Z,d4885e65-6479-4750-a76b-c74c49e3e9cb
2.02608E+17,2.02608E+13,131,13698,sl_QiBAM,172870,0,0,SUCCESS,2026-08-30T06:43:08.946Z,f5468d60-c3b5-4f89-8aff-6c67bdfcebae
2.02609E+17,2.02609E+17,138,13744,br_Orders,260,0,73,FAILED,2026-09-03T07:05:36.412Z,8a978163-dc4c-4328-851c-ec293737fd61
2.02609E+17,2.02609E+17,138,13776,br_Orders,84,0,40,FAILED,2026-09-08T11:39:11.758Z,fc8412ff-1da3-49a2-828d-5e8326311ca8
2.02609E+17,2.02609E+17,138,13744,br_Orders,113,0,16,FAILED,2026-09-01T09:41:12.849Z,33535b71-d0d3-48e6-81e2-12a8a0f169a7
2.02608E+17,2.02608E+13,131,13699,sl_QiUA,278831,0,0,SUCCESS,2026-08-30T08:12:25.322Z,8cf8f378-16db-4eda-8552-9c6ae683939d
2.02608E+17,2.02608E+13,131,13699,sl_QiUA,278831,0,0,SUCCESS,2026-08-30T06:44:56.783Z,f5468d60-c3b5-4f89-8aff-6c67bdfcebae
2.02608E+17,2.02608E+13,131,13699,sl_QiUA,278831,0,0,SUCCESS,2026-08-30T09:23:18.237Z,d0826a4c-ff98-435d-adfd-e339a02d1b06
2.02608E+17,2.02608E+13,131,13699,sl_QiUA,278831,0,0,SUCCESS,2026-08-28T12:03:18.594Z,e752845a-2a63-48ca-b4ef-ba7a68ece0b6
2.02609E+17,2.02608E+13,131,13699,sl_QiUA,278831,0,0,SUCCESS,2026-09-01T06:45:26.914Z,f386ddbf-c5af-4242-bf29-5f60b1e71ecf
2.02608E+17,2.02608E+13,131,13699,sl_QiUA,278831,0,0,SUCCESS,2026-08-30T07:14:27.255Z,0fae7162-ad60-4757-b9b2-8e417a5b19d1
