RunId,ConfigId,ConfigName,PipelineName,PipelinePath,SourceSystem,TargetName,EnvironmentName,StartTime,EndTime,Status,TriggerType,TriggeredBy,TotalTasks,SuccessTasks,FailedTasks,SkippedTasks,RestartFlag,AttemptNumber,CreatedAt,PipelineRunId
20260813090441,117,Patient Services Gold Pipeline,nb_patientservices_slv_to_gld,/notebooks/nb_patientservices_slv_to_gld,Patient Services,GL,DEV,2026-08-13T09:05:34.050Z,2026-08-13T09:09:56.342Z,SUCCESS,SCHEDULE,Fabric,1,1,0,0,0,1,2026-08-13T09:04:46.939Z,68515acd-d42e-4d53-98a3-ea8ddd26175f
20260812110226,117,Patient Services Gold Pipeline,nb_patientservices_slv_to_gld,/notebooks/nb_patientservices_slv_to_gld,Patient Services,GL,DEV,2026-08-12T11:44:27.533Z,2026-08-12T11:50:15.623Z,SUCCESS,SCHEDULE,Fabric,1,1,0,0,1,2,2026-08-12T11:44:45.707Z,707a824e-33de-4319-b626-cf63a3508155
20260823163822,103,Active Directory Bronze Pipeline,nb_activedirectory_src_to_brz,/notebooks/nb_activedirectory_src_to_brz,Active Directory,BR,DEV,2026-08-23T16:38:30.456Z,2026-08-23T16:38:30.456Z,FAILED,SCHEDULE,Fabric,1,0,1,0,0,1,2026-08-23T16:38:30.456Z,10591_987-arf5680987qw-09870009098
202608241506698226,28,SAMMS FormQuestionAnswers Bronze Pipeline,pl_execute_form_questionanswers,/pipelines/pl_forms_samms_to_lakehouse,SAMMS,BR,DEV,2026-08-24T15:07:04.552Z,2026-08-24T15:25:08.547Z,SUCCESS,SCHEDULE,Fabric,2,2,0,0,0,1,2026-08-24T15:07:04.552Z,13c13418-73a4-42bd-b6f1-04e34ee93bae
20260812170829,117,Patient Services Gold Pipeline,nb_patientservices_slv_to_gld,/notebooks/nb_patientservices_slv_to_gld,Patient Services,GL,DEV,2026-08-12T18:30:35.568Z,2026-08-12T18:34:53.630Z,FAILED,SCHEDULE,Fabric,1,0,1,0,1,3,2026-08-12T18:30:37.179Z,834aed09-160f-4574-8301-b233c796f637
20260812110226,117,Patient Services Gold Pipeline,nb_patientservices_slv_to_gld,/notebooks/nb_patientservices_slv_to_gld,Patient Services,GL,DEV,2026-08-12T11:02:26.927Z,2026-08-12T11:06:03.340Z,FAILED,SCHEDULE,Fabric,1,0,1,0,0,1,2026-08-12T11:02:31.537Z,92859603-ed5a-4a4e-a6f3-c4cef250fd48
20260812170829,117,Patient Services Gold Pipeline,nb_patientservices_slv_to_gld,/notebooks/nb_patientservices_slv_to_gld,Patient Services,GL,DEV,2026-08-12T17:47:32.665Z,2026-08-12T17:51:46.272Z,FAILED,SCHEDULE,Fabric,1,0,1,0,1,2,2026-08-12T17:47:50.253Z,671a3bdd-f523-4ead-8f5c-38e46b083399
20260812090134,117,Patient Services Gold Pipeline,nb_patientservices_slv_to_gld,/notebooks/nb_patientservices_slv_to_gld,Patient Services,GL,DEV,2026-08-12T09:01:34.424Z,2026-08-12T09:02:49.680Z,FAILED,SCHEDULE,Fabric,1,0,1,0,0,1,2026-08-12T09:01:38.825Z,473be684-042c-471f-a263-402ba6fc6c7d
20260812170829,117,Patient Services Gold Pipeline,nb_patientservices_slv_to_gld,/notebooks/nb_patientservices_slv_to_gld,Patient Services,GL,DEV,2026-08-12T17:08:29.088Z,2026-08-12T17:09:27.794Z,FAILED,SCHEDULE,Fabric,1,0,1,0,0,1,2026-08-12T17:08:31.611Z,23a4a328-005d-472d-8b87-bb30b33501a7
202608170608369015,107,P1/P2 Clinical Domain Silver,pl_execute_Clinical,/pipelines/pl_execute_Clinical,BRONZE LAKEHOUSE,SL,DEV,2026-08-17T06:08:20.894Z,2026-08-17T06:55:34.597Z,SUCCESS,MANUAL,MANUAL,15,15,0,0,0,1,2026-08-17T06:08:20.894Z,83c0f655-df7d-4ce0-a8e7-3e8120951bbc
202608170422315750,107,P1/P2 Clinical Domain Silver,pl_execute_Clinical,/pipelines/pl_execute_Clinical,BRONZE LAKEHOUSE,SL,DEV,2026-08-17T04:24:20.510Z,2026-08-17T05:11:51.482Z,SUCCESS,MANUAL,MANUAL,15,15,0,0,0,1,2026-08-17T04:24:20.510Z,0b53dc13-182d-4036-9b17-0891eca5f916
202608190459300344,107,P1/P2 Clinical Domain Silver,pl_execute_Clinical,/pipelines/pl_execute_Clinical,BRONZE LAKEHOUSE,SL,DEV,2026-08-19T04:59:14.355Z,2026-08-19T05:37:59.766Z,SUCCESS,MANUAL,MANUAL,15,15,0,0,0,1,2026-08-19T04:59:14.355Z,05916e11-44cf-456b-ac26-991e7ff5d7aa
202608171031498593,107,P1/P2 Clinical Domain Silver,pl_execute_Clinical,/pipelines/pl_execute_Clinical,BRONZE LAKEHOUSE,SL,DEV,2026-08-17T10:31:35.703Z,2026-08-17T11:08:38.269Z,SUCCESS,MANUAL,MANUAL,15,15,0,0,0,1,2026-08-17T10:31:35.703Z,16b28601-46b7-41d7-bb6b-81142615d65b
202608191104247942,107,P1/P2 Clinical Domain Silver,pl_execute_Clinical,/pipelines/pl_execute_Clinical,BRONZE LAKEHOUSE,SL,DEV,2026-08-19T11:04:09.169Z,2026-08-19T11:39:47.761Z,SUCCESS,MANUAL,MANUAL,15,15,0,0,0,1,2026-08-19T11:04:09.169Z,8c2f72fa-f3d3-4c31-9e7b-e1d36d508d72
20260824135110,130,Azure Sql Python Gold,pl_azure_sql_python,/pipelines/pl_Azure_Sql_Python,SILVER LAKEHOUSE,GL,DEV,2026-08-24T13:51:10.813Z,2026-08-24T13:52:29.209Z,PARTIAL_SUCCESS,MANUAL,MANUAL,2,1,1,0,0,1,2026-08-24T13:51:10.813Z,65ef2c78-6383-4fa0-b292-451fef5594ab
202608171005421194,82,Salesforce Bronze Pipeline,nb_salesforce_src_to_brz,/notebooks/nb_salesforce_execute,SALESFORCE,BR,DEV,2026-08-17T10:05:42.119Z,2026-08-17T10:12:10.126Z,FAILED,SCHEDULE,Fabric,10,9,1,0,0,1,2026-08-17T10:05:44.348Z,7037e752-f6e1-4d8a-bc47-4e70a4e83a16
202608201125599805,82,Salesforce Bronze Pipeline,nb_salesforce_src_to_brz,/notebooks/nb_salesforce_execute,SALESFORCE,BR,DEV,2026-08-20T11:25:59.980Z,2026-08-20T11:31:34.122Z,FAILED,SCHEDULE,Fabric,10,1,9,0,0,1,2026-08-20T11:26:01.381Z,79156e84-8509-4e63-a064-b4b0873a2a40
20260817185126,116,nb_patientservices_slv_to_slv,pl_patientservices,/bhg/patientservices,Patient Services,SL,DEV,2026-08-17T18:52:19.665Z,2026-08-17T18:52:19.665Z,FAILED,Pipeline,Fabric,1,0,1,0,0,1,2026-08-17T18:52:19.665Z,23af5ae6-07b4-4cfa-90b0-490e7d2c5b4b
20260817192016,116,nb_patientservices_slv_to_slv,pl_patientservices,/bhg/patientservices,Patient Services,SL,DEV,2026-08-17T19:21:11.820Z,2026-08-17T19:21:11.820Z,FAILED,Pipeline,Fabric,1,0,1,0,0,1,2026-08-17T19:21:11.820Z,2a903478-f222-4c4d-a118-6c6f460e3c9c
20260819155503,91,Bronze Conferdeploy,nb_conferdeploy_src_to_brz,/notebooks/nb_conferdeploy_execute,Conferdeploy,BR,DEV,2026-08-19T15:55:03.462Z,2026-08-19T15:56:04.761Z,SUCCESS,SCHEDULED,Fabric,1,1,0,0,0,1,2026-08-19T15:55:05.003Z,70375d96-6ad0-4ecf-ab3c-8dd1fbb1f757
20260819173530,91,Bronze Conferdeploy,nb_conferdeploy_src_to_brz,/notebooks/nb_conferdeploy_execute,Conferdeploy,BR,DEV,2026-08-19T17:35:48.169Z,2026-08-19T17:36:13.874Z,SUCCESS,SCHEDULED,Fabric,1,1,0,0,0,1,2026-08-19T17:35:34.137Z,524d77ff-a682-4916-9dc7-dd9b03654f88
20260819131744,109,Cash Flow Bronze Pipeline,nb_cashflow_src_to_brz1,/notebooks/nb_cashflow_src_to_brz1,Cash Flow,BRZ,DEV,2026-08-19T13:17:44.427Z,2026-08-19T13:17:44.427Z,FAILED,SCHEDULE,Fabric,1,0,1,0,0,1,2026-08-19T13:17:44.427Z,033e2b9b-3e61-42eb-8a4a-6f9de454a9d1
202608241408171802,88,SAMMS P1 Reference Bronze Pipeline,pl_execute_reference,/pipelines/pl_execute_reference,SAMMS,BR,DEV,2026-08-24T14:08:10.919Z,2026-08-24T15:03:52.915Z,FAILED,SCHEDULE,Fabric,1042,115,927,0,0,1,2026-08-24T14:08:10.919Z,6c7532c9-dcb1-40a3-beaa-690039713dec
202608241253386616,88,SAMMS P1 Reference Bronze Pipeline,pl_execute_reference,/pipelines/pl_execute_reference,SAMMS,BR,DEV,2026-08-24T12:53:32.009Z,2026-08-24T13:43:19.460Z,FAILED,SCHEDULE,Fabric,1042,115,927,0,0,1,2026-08-24T12:53:32.009Z,8f1806c1-b1f2-4ac5-b25b-086fec51b8fb
202608251629636804,88,SAMMS P1 Reference Bronze Pipeline,pl_execute_reference,/pipelines/pl_execute_reference,SAMMS,BR,DEV,2026-08-25T16:29:57.483Z,2026-08-25T16:49:26.444Z,SUCCESS,SCHEDULE,Fabric,18,18,0,0,0,1,2026-08-25T16:29:57.483Z,6d78ce37-8c21-4519-a454-1e5ee4a84a47
202608251712711180,89,SAMMS P1 Reference Silver Pipeline,nb_p1_reference_bronze_to_silver,/notebooks/nb_p1_reference_bronze_to_silver,SAMMS,SL,DEV,2026-08-25T17:12:55.722Z,2026-08-25T17:34:06.456Z,SUCCESS,SCHEDULE,Fabric,9,9,0,0,0,1,2026-08-25T17:12:55.722Z,72553dbc-d702-4eda-a5d0-9ceb643e22ea
202608221237431665,89,SAMMS P1 Reference Silver Pipeline,nb_p1_reference_bronze_to_silver,/notebooks/nb_p1_reference_bronze_to_silver,SAMMS,SL,DEV,2026-08-22T12:37:26.733Z,2026-08-22T13:23:37.337Z,SUCCESS,SCHEDULE,Fabric,9,9,0,0,0,1,2026-08-22T12:37:26.733Z,63818914-9c2b-4ff6-ac1c-35595835ab93
202608241253486616,89,SAMMS P1 Reference Silver Pipeline,nb_p1_reference_bronze_to_silver,/notebooks/nb_p1_reference_bronze_to_silver,SAMMS,SL,DEV,2026-08-24T12:53:32.009Z,2026-08-24T13:43:37.548Z,SKIPPED,SCHEDULE,Fabric,9,1,0,8,0,1,2026-08-24T12:53:32.009Z,8f1806c1-b1f2-4ac5-b25b-086fec51b8fb
20260824105559,112,AppointmentsReoccurringCounseling Silver Pipeline,nb_azuresql_slv_to_slv,BHG-DATA-PLATFORM-CORE-DEV/2_Engineering/2_Transformation/Azuresql/nb_azuresql_slv,Azure SQL,SL,DEV,2026-08-24T11:19:31.000Z,,RUNNING,SCHEDULED,Fabric,14,0,0,0,1,2,2026-08-24T11:19:32.520Z,0962alssadgf_as255_d0988006789
20260824112747,112,AppointmentsReoccurringCounseling Silver Pipeline,nb_azuresql_slv_to_slv,BHG-DATA-PLATFORM-CORE-DEV/2_Engineering/2_Transformation/Azuresql/nb_azuresql_slv,Azure SQL,SL,DEV,2026-08-24T11:27:47.000Z,,RUNNING,SCHEDULED,Fabric,14,0,0,0,0,1,2026-08-24T11:27:48.579Z,0962alssadgf_as255_d0988006789
20260826194620,131,AzureSQL4 Workflows Silver Pipeline,nb_azuresql4_slv_to_slv,BHG-DATA-PLATFORM-CORE-DEV/2_Engineering/2_Transformation/AzureSQL4/nb_azuresql4_slv_to_slv,AzureSQL4 Workflows,SL,DEV,2026-08-26T20:37:03.743Z,,RUNNING,SCHEDULED,Fabric,12,0,0,0,1,3,2026-08-26T20:37:03.743Z,52f63b67-61c9-42a6-906b-1d722a4e9303
202608110031751337,32,SAMMS FormAnswerSignatures Silver Pipeline,pl_execute_pipeline_answersignature,/notebooks/nb_answersig_bronze_to_silver,Lakehouse,SL,DEV,2026-08-11T00:31:59.071Z,2026-08-11T00:49:34.101Z,SUCCESS,SCHEDULE,Fabric,1,1,0,0,0,1,2026-08-11T00:31:59.071Z,03b87ee5-1e5e-4b32-ba16-03ddc89bc75a
202608102151319703,32,SAMMS FormAnswerSignatures Silver Pipeline,pl_execute_pipeline_answersignature,/notebooks/nb_answersig_bronze_to_silver,Lakehouse,SL,DEV,2026-08-10T21:51:49.767Z,2026-08-10T22:29:20.601Z,SUCCESS,SCHEDULE,Fabric,1,1,0,0,0,1,2026-08-10T21:51:49.767Z,733bdb65-98e7-4d6d-af8f-93040e55bb44
202608141857440774,32,SAMMS FormAnswerSignatures Silver Pipeline,pl_execute_pipeline_answersignature,/notebooks/nb_answersig_bronze_to_silver,Lakehouse,SL,DEV,2026-08-14T18:57:29.834Z,2026-08-14T19:37:53.888Z,SUCCESS,SCHEDULE,Fabric,1,1,0,0,0,1,2026-08-14T18:57:29.834Z,015634ea-243f-49e1-a18e-0e1d033651d1
202608102246389962,32,SAMMS FormAnswerSignatures Silver Pipeline,pl_execute_pipeline_answersignature,/notebooks/nb_answersig_bronze_to_silver,Lakehouse,SL,DEV,2026-08-10T22:46:40.036Z,2026-08-10T23:26:09.259Z,SUCCESS,SCHEDULE,Fabric,1,1,0,0,0,1,2026-08-10T22:46:40.036Z,577185a2-f5a0-4625-b776-012683caf0bc
202608141505574909,118,SAMMS P1/P2 Assessments Bronze,pl_p1p2_assessments,BHG-DATA-PLATFORM-CORE-DEV/2_Engineering/3_Orchestration/pl_p1p2_assessments,SAMMS,BR,DEV,2026-08-14T15:06:25.384Z,2026-08-14T15:16:45.585Z,SUCCESS,SCHEDULE,Fabric,84,84,0,0,0,1,2026-08-14T15:06:25.384Z,7969362d-463a-4985-92c3-d629dd6d5c4e
202608150537402637,118,SAMMS P1/P2 Assessments Bronze,pl_p1p2_assessments,BHG-DATA-PLATFORM-CORE-DEV/2_Engineering/3_Orchestration/pl_p1p2_assessments,SAMMS,BR,DEV,2026-08-15T05:37:35.492Z,2026-08-15T05:54:35.255Z,SUCCESS,SCHEDULE,Fabric,84,84,0,0,0,1,2026-08-15T05:37:35.492Z,92fdec37-a7f1-4589-8ea2-af8b074ddb31
202608141147662582,118,SAMMS P1/P2 Assessments Bronze,pl_p1p2_assessments,BHG-DATA-PLATFORM-CORE-DEV/2_Engineering/3_Orchestration/pl_p1p2_assessments,SAMMS,BR,DEV,2026-08-14T11:47:59.792Z,2026-08-14T11:55:02.046Z,SUCCESS,SCHEDULE,Fabric,84,84,0,0,0,1,2026-08-14T11:47:59.792Z,21f5cd31-796d-43ad-806e-67ead954f01a
202608181205521842,118,SAMMS P1/P2 Assessments Bronze,pl_p1p2_assessments,BHG-DATA-PLATFORM-CORE-DEV/2_Engineering/3_Orchestration/pl_p1p2_assessments,SAMMS,BR,DEV,2026-08-18T12:05:45.094Z,2026-08-18T12:31:08.606Z,SUCCESS,SCHEDULE,Fabric,36,36,0,0,1,1,2026-08-18T12:05:45.094Z,201d97b6-7f87-43f7-a098-fb002daf1faf
202608170720364599,118,SAMMS P1/P2 Assessments Bronze,pl_p1p2_assessments,BHG-DATA-PLATFORM-CORE-DEV/2_Engineering/3_Orchestration/pl_p1p2_assessments,SAMMS,BR,DEV,2026-08-17T07:20:30.471Z,2026-08-17T07:49:39.466Z,SUCCESS,SCHEDULE,Fabric,84,84,0,0,0,1,2026-08-17T07:20:30.471Z,422b71cc-fe6c-4f30-846d-92fb5587d0e9
202608140725214656,118,SAMMS P1/P2 Assessments Bronze,pl_p1p2_assessments,BHG-DATA-PLATFORM-CORE-DEV/2_Engineering/3_Orchestration/pl_p1p2_assessments,SAMMS,BR,DEV,2026-08-14T07:25:14.540Z,2026-08-14T07:44:51.811Z,SUCCESS,SCHEDULE,Fabric,84,84,0,0,0,1,2026-08-14T07:25:14.540Z,9e759780-91b7-4e4a-882b-cd4350ec70b7
202608250343360390,118,SAMMS P1/P2 Assessments Bronze,pl_p1p2_assessments,BHG-DATA-PLATFORM-CORE-DEV/2_Engineering/3_Orchestration/pl_p1p2_assessments,SAMMS,BR,DEV,2026-08-25T03:43:29.460Z,2026-08-25T04:03:20.975Z,SUCCESS,SCHEDULE,Fabric,24,24,0,0,1,1,2026-08-25T03:43:29.460Z,8c969a39-95ec-4087-9ad3-4a9580887e34
20260812085501,116,Patient Services Silver Pipeline,nb_patientservices_slv_to_slv,/notebooks/nb_patientservices_slv_to_slv,Patient Services,SL,DEV,2026-08-12T10:34:14.182Z,2026-08-12T10:39:10.464Z,FAILED,SCHEDULE,Fabric,1,0,1,0,1,3,2026-08-12T10:34:32.437Z,06da4077-0581-4ada-895f-f1648e88cc4b
20260812085501,116,Patient Services Silver Pipeline,nb_patientservices_slv_to_slv,/notebooks/nb_patientservices_slv_to_slv,Patient Services,SL,DEV,2026-08-12T10:17:34.344Z,2026-08-12T10:20:23.133Z,FAILED,SCHEDULE,Fabric,1,0,1,0,1,2,2026-08-12T10:17:44.770Z,70e97e1a-3a6b-47da-8e16-7a0b9c2ac95a
20260812085501,116,Patient Services Silver Pipeline,nb_patientservices_slv_to_slv,/notebooks/nb_patientservices_slv_to_slv,Patient Services,SL,DEV,2026-08-12T10:52:20.123Z,2026-08-12T10:56:55.897Z,FAILED,SCHEDULE,Fabric,1,0,1,0,1,4,2026-08-12T10:52:34.953Z,92859603-ed5a-4a4e-a6f3-c4cef250fd48
20260812085501,116,Patient Services Silver Pipeline,nb_patientservices_slv_to_slv,/notebooks/nb_patientservices_slv_to_slv,Patient Services,SL,DEV,2026-08-12T12:14:46.213Z,2026-08-12T12:19:55.243Z,FAILED,SCHEDULE,Fabric,1,0,0,0,1,6,2026-08-12T12:15:04.840Z,83a13fa6-60ac-4b7a-8e42-3e96f2fa8836
20260824095634,112,AppointmentsReoccurringCounseling Silver Pipeline,nb_azuresql_slv_to_slv,BHG-DATA-PLATFORM-CORE-DEV/2_Engineering/2_Transformation/Azuresql/nb_azuresql_slv,Azure SQL,SL,DEV,2026-08-24T09:56:34.599Z,,RUNNING,SCHEDULED,Fabric,14,0,0,0,0,1,2026-08-24T09:56:35.778Z,34avf62a8a-1c5f-4dad-c48-dc1h56789
20260812085501,116,Patient Services Silver Pipeline,nb_patientservices_slv_to_slv,/notebooks/nb_patientservices_slv_to_slv,Patient Services,SL,DEV,2026-08-12T11:31:27.262Z,2026-08-12T11:37:35.643Z,FAILED,SCHEDULE,Fabric,1,0,1,0,1,5,2026-08-12T11:31:45.702Z,707a824e-33de-4319-b626-cf63a3508155
202608102108561394,28,SAMMS FormQuestionAnswers Bronze Pipeline,pl_execute_form_questionanswers,/pipelines/pl_forms_samms_to_lakehouse,SAMMS,BR,DEV,2026-08-10T21:08:52.328Z,2026-08-10T21:45:48.581Z,SUCCESS,SCHEDULE,Fabric,115,115,0,0,0,1,2026-08-10T21:08:52.328Z,919a3989-3039-4ed4-8e54-b0f9527e0235
202608141850614621,28,SAMMS FormQuestionAnswers Bronze Pipeline,pl_execute_form_questionanswers,/pipelines/pl_forms_samms_to_lakehouse,SAMMS,BR,DEV,2026-08-14T18:50:55.250Z,2026-08-14T20:19:29.952Z,SUCCESS,SCHEDULE,Fabric,115,115,0,0,0,1,2026-08-14T18:50:55.250Z,06b9d75d-291b-4cd2-9a89-52908a52280f
20260813112206,117,Patient Services Gold Pipeline,nb_patientservices_slv_to_gld,/notebooks/nb_patientservices_slv_to_gld,Patient Services,GL,DEV,2026-08-13T11:22:28.771Z,2026-08-13T11:27:04.785Z,SUCCESS,SCHEDULE,Fabric,1,1,0,0,0,1,2026-08-13T11:22:11.874Z,971f0b89-0a2f-41c6-b8a9-d60aa59ce7d5
20260813120409,117,Patient Services Gold Pipeline,nb_patientservices_slv_to_gld,/notebooks/nb_patientservices_slv_to_gld,Patient Services,GL,DEV,2026-08-13T12:04:34.647Z,2026-08-13T12:09:12.233Z,SUCCESS,SCHEDULE,Fabric,1,1,0,0,0,1,2026-08-13T12:04:13.444Z,6014d6de-3d2c-4cd5-a4f4-e68917ec3897
202608201648145195,83,Salesforce Silver Pipeline,nb_salesforce_brz_to_slv,/notebooks/nb_salesforce_brz_to_slv,SALESFORCE,SL,DEV,2026-08-20T16:48:14.519Z,2026-08-20T16:54:30.326Z,SUCCESS,SCHEDULE,Fabric,10,10,0,0,0,1,2026-08-20T16:48:16.037Z,4ed56315-bafe-4059-9903-76e756bd89c4
202608150639059642,83,Salesforce Silver Pipeline,nb_salesforce_brz_to_slv,/notebooks/nb_salesforce_brz_to_slv,SALESFORCE,SL,DEV,2026-08-15T06:39:05.964Z,2026-08-15T06:45:47.894Z,SUCCESS,SCHEDULE,Fabric,10,10,0,0,0,1,2026-08-15T06:39:08.598Z,4b120bb3-f1e6-442e-8114-0fadc28f6b49
20260819164224,91,Bronze Conferdeploy,nb_conferdeploy_src_to_brz,/notebooks/nb_conferdeploy_execute,Conferdeploy,BR,DEV,2026-08-19T16:42:51.010Z,2026-08-19T16:43:22.441Z,SUCCESS,SCHEDULED,Fabric,1,1,0,0,0,1,2026-08-19T16:42:25.774Z,70375d96-6ad0-4ecf-ab3c-88865
20260819165324,91,Bronze Conferdeploy,nb_conferdeploy_src_to_brz,/notebooks/nb_conferdeploy_execute,Conferdeploy,BR,DEV,2026-08-19T16:53:30.225Z,2026-08-19T16:53:41.503Z,SUCCESS,SCHEDULED,Fabric,1,1,0,0,0,1,2026-08-19T16:53:25.292Z,70375d96-6ad0-4ecf-ab3c-88865
20260819172802,91,Bronze Conferdeploy,nb_conferdeploy_src_to_brz,/notebooks/nb_conferdeploy_execute,Conferdeploy,BR,DEV,2026-08-19T17:28:20.684Z,2026-08-19T17:28:43.859Z,SUCCESS,SCHEDULED,Fabric,1,1,0,0,0,1,2026-08-19T17:28:05.027Z,70375d96-6ad0-4ecf-ab3c-91105
202608211014497317,124,P1/P2 Assessments Silver,pl_execute_Assessments_02,/pipelines/pl_execute_Assessments_02,BR,SL,DEV,2026-08-21T10:14:33.601Z,2026-08-21T10:31:19.831Z,SUCCESS,MANUAL,MANUAL,9,9,0,0,0,1,2026-08-21T10:14:33.601Z,8c07e343-4781-4d6b-b62d-dcb12587d856
202608220857444379,124,P1/P2 Assessments Silver,pl_execute_Assessments_02,/pipelines/pl_execute_Assessments_02,BR,SL,DEV,2026-08-22T08:57:28.755Z,2026-08-22T09:34:22.737Z,SUCCESS,MANUAL,MANUAL,9,9,0,0,0,1,2026-08-22T08:57:28.755Z,39d3782c-f729-4e52-b4aa-f257942a503a
20260812141542,101,QQ_GLTRAN Silver Pipeline,nb_qq_gltran_brz_to_slv,/notebooks/nb_qq_gltran_brz_to_slv,DRD,SL,DEV,2026-08-12T14:15:47.637Z,2026-08-12T14:17:32.470Z,SUCCESS,SCHEDULE,Fabric,1,1,0,0,0,1,2026-08-12T14:15:51.806Z,73cb27f3-e3a8-4a25-bf87-1cf2e3ca34d8
20260811125826,101,QQ_GLTRAN Silver Pipeline,nb_qq_gltran_brz_to_slv,/notebooks/nb_qq_gltran_brz_to_slv,DRD,SL,DEV,2026-08-11T12:59:05.729Z,2026-08-11T13:01:47.673Z,SUCCESS,SCHEDULE,Fabric,1,1,0,0,0,1,2026-08-11T12:59:23.700Z,07a568df-8fb2-477d-9bf7-93c7d3cf3953
20260812055515,101,QQ_GLTRAN Silver Pipeline,nb_qq_gltran_brz_to_slv,/notebooks/nb_qq_gltran_brz_to_slv,DRD,SL,DEV,2026-08-12T05:55:52.548Z,2026-08-12T05:57:04.449Z,SUCCESS,SCHEDULE,Fabric,1,1,0,0,0,1,2026-08-12T05:55:59.874Z,4d11fd15-9e7f-4c18-9ed8-d28ed5d51a62
20260812051849,101,QQ_GLTRAN Silver Pipeline,nb_qq_gltran_brz_to_slv,/notebooks/nb_qq_gltran_brz_to_slv,DRD,SL,DEV,2026-08-12T05:18:56.260Z,2026-08-12T05:20:34.118Z,SUCCESS,SCHEDULE,Fabric,1,1,0,0,0,1,2026-08-12T05:19:13.147Z,869f1a46-93ef-4f12-a49b-3bbeb426170a
20260812013346,101,QQ_GLTRAN Silver Pipeline,nb_qq_gltran_brz_to_slv,/notebooks/nb_qq_gltran_brz_to_slv,DRD,SL,DEV,2026-08-12T01:33:54.129Z,2026-08-12T01:36:19.086Z,SUCCESS,SCHEDULE,Fabric,1,1,0,0,0,1,2026-08-12T01:34:07.703Z,6cc434e9-f97e-4251-a21f-0d09ad221fad
202608191519595710,97,SAMMS P1 Forms Bronze Pipeline,pl_execute_forms,/pipelines/pl_execute_forms,SAMMS,BR,DEV,2026-08-19T15:19:52.831Z,2026-08-19T16:02:44.606Z,SUCCESS,SCHEDULE,Fabric,1035,1035,0,0,0,1,2026-08-19T15:19:52.831Z,0e774440-67e4-4817-8f97-24afdbb9d82f
20260820035127,39,KnowBe4 Gold Pipeline,nb_knowbe4_slv_to_gld,/notebooks/nb_knowbe4_slv_to_gld,KNOWBE4,GL,DEV,2026-08-20T03:51:27.271Z,2026-08-20T03:52:16.791Z,FAILED,SCHEDULE,Fabric,1,0,1,0,0,1,2026-08-20T03:51:28.707Z,10674be9-f2b1-4514-8872-e5284ac360a9
202608210210099193,83,Salesforce Silver Pipeline,nb_salesforce_brz_to_slv,/notebooks/nb_salesforce_brz_to_slv,SALESFORCE,SL,DEV,2026-08-21T02:10:09.919Z,2026-08-21T02:16:06.464Z,SUCCESS,SCHEDULE,Fabric,10,10,0,0,0,1,2026-08-21T02:10:11.508Z,6e633944-6270-4167-9c27-2b58aaa91b88
202608141112591965,83,Salesforce Silver Pipeline,nb_salesforce_brz_to_slv,/notebooks/nb_salesforce_brz_to_slv,SALESFORCE,SL,DEV,2026-08-14T11:12:59.196Z,2026-08-14T11:20:05.406Z,SUCCESS,SCHEDULE,Fabric,10,10,0,0,0,1,2026-08-14T11:13:01.712Z,65af9a38-d304-499c-abe3-51037aa67f0b
202608201553439487,83,Salesforce Silver Pipeline,nb_salesforce_brz_to_slv,/notebooks/nb_salesforce_brz_to_slv,SALESFORCE,SL,DEV,2026-08-20T15:53:43.949Z,2026-08-20T15:59:53.519Z,SUCCESS,SCHEDULE,Fabric,10,10,0,0,0,1,2026-08-20T15:53:45.804Z,95538f17-9d82-404e-9e3f-d1777714a921
202608211041144699,83,Salesforce Silver Pipeline,nb_salesforce_brz_to_slv,/notebooks/nb_salesforce_brz_to_slv,SALESFORCE,SL,DEV,2026-08-21T10:41:14.470Z,2026-08-21T10:47:09.256Z,SUCCESS,SCHEDULE,Fabric,10,10,0,0,0,1,2026-08-21T10:41:15.967Z,45603680-296f-4487-82f1-f8045d5f38e1
202608201748445561,83,Salesforce Silver Pipeline,nb_salesforce_brz_to_slv,/notebooks/nb_salesforce_brz_to_slv,SALESFORCE,SL,DEV,2026-08-20T17:48:44.556Z,2026-08-20T17:54:55.907Z,SUCCESS,SCHEDULE,Fabric,10,10,0,0,0,1,2026-08-20T17:48:47.495Z,635224f3-f193-4ab0-a06c-8d0fbf5d6c6d
202608150736329386,83,Salesforce Silver Pipeline,nb_salesforce_brz_to_slv,/notebooks/nb_salesforce_brz_to_slv,SALESFORCE,SL,DEV,2026-08-15T07:36:32.938Z,2026-08-15T07:43:18.387Z,SUCCESS,SCHEDULE,Fabric,10,10,0,0,0,1,2026-08-15T07:36:35.691Z,7aeef17f-6a83-4892-911d-f2c8473c9ddd
202608251925573776,85,SAMMS INV Bronze Pipeline,pl_inv,BHG-DATA-PLATFORM-CORE-DEV/2_Engineering/3_Orchestration/pl_inv,SAMMS,BR,DEV,2026-08-25T19:25:52.164Z,2026-08-25T21:24:10.565Z,SUCCESS,SCHEDULE,Fabric,2757,2757,0,0,0,1,2026-08-25T19:25:52.164Z,7eb7a049-5d17-4a23-bb2f-3b9c445afd32
20260819155912,93,Gold Conferdeploy,nb_conferdeploy_slv_to_gld,/notebooks/nb_conferdeploy,Conferdeploy,GL,DEV,2026-08-19T15:59:12.894Z,2026-08-19T15:59:58.300Z,SUCCESS,SCHEDULED,Fabric,1,1,0,0,0,1,2026-08-19T15:59:13.987Z,70375d96-6ad0-4ecf-ab3c-8dd1fbb1f757
20260819173943,93,Gold Conferdeploy,nb_conferdeploy_slv_to_gld,/notebooks/nb_conferdeploy,Conferdeploy,GL,DEV,2026-08-19T17:39:51.761Z,2026-08-19T17:40:18.326Z,SUCCESS,SCHEDULED,Fabric,1,1,0,0,0,1,2026-08-19T17:39:44.158Z,524d77ff-a682-4916-9dc7-dd9b03654f88
20260812052205,102,QQ_GLTRAN Gold Pipeline,nb_qq_gltran_slv_to_gld,/notebooks/nb_qq_gltran_slv_to_gld,DRD,GL,DEV,2026-08-12T05:58:42.657Z,2026-08-12T05:59:28.592Z,FAILED,SCHEDULE,Fabric,1,0,1,0,1,2,2026-08-12T05:58:43.810Z,4d11fd15-9e7f-4c18-9ed8-d28ed5d51a62
20260812101448,102,QQ_GLTRAN Gold Pipeline,nb_qq_gltran_slv_to_gld,/notebooks/nb_qq_gltran_slv_to_gld,DRD,GL,DEV,2026-08-12T10:15:20.391Z,2026-08-12T10:15:20.391Z,FAILED,SCHEDULE,Fabric,1,0,1,0,0,1,2026-08-12T10:15:20.391Z,073a6fce-c9bc-479b-9176-987e7c40f23f
20260812052205,102,QQ_GLTRAN Gold Pipeline,nb_qq_gltran_slv_to_gld,/notebooks/nb_qq_gltran_slv_to_gld,DRD,GL,DEV,2026-08-12T05:22:08.713Z,2026-08-12T05:23:42.107Z,FAILED,SCHEDULE,Fabric,1,0,1,0,0,1,2026-08-12T05:22:18.710Z,869f1a46-93ef-4f12-a49b-3bbeb426170a
202608191104147942,106,P1/P2 Clinical Domain Bronze,pl_execute_Clinical,/pipelines/pl_execute_Clinical,SAMMS,BR,DEV,2026-08-19T11:04:09.169Z,2026-08-19T11:36:12.513Z,SUCCESS,MANUAL,MANUAL,60,60,0,0,0,1,2026-08-19T11:04:09.169Z,8c2f72fa-f3d3-4c31-9e7b-e1d36d508d72
202608180834532768,106,P1/P2 Clinical Domain Bronze,pl_execute_Clinical,/pipelines/pl_execute_Clinical,SAMMS,BR,DEV,2026-08-18T08:34:49.348Z,2026-08-18T09:04:03.800Z,SUCCESS,MANUAL,MANUAL,60,60,0,0,0,1,2026-08-18T08:34:49.348Z,08f45940-4fba-4d40-8013-5941939f8b2e
202608140537410912,118,SAMMS P1/P2 Assessments Bronze,pl_p1p2_assessments,BHG-DATA-PLATFORM-CORE-DEV/2_Engineering/3_Orchestration/pl_p1p2_assessments,SAMMS,BR,DEV,2026-08-14T05:37:34.349Z,2026-08-14T05:52:01.855Z,SUCCESS,SCHEDULE,Fabric,36,36,0,0,0,1,2026-08-14T05:37:34.349Z,49a6a879-8aad-45bb-887e-905eab5ea9bb
202608171119587420,118,SAMMS P1/P2 Assessments Bronze,pl_p1p2_assessments,BHG-DATA-PLATFORM-CORE-DEV/2_Engineering/3_Orchestration/pl_p1p2_assessments,SAMMS,BR,DEV,2026-08-17T11:19:52.948Z,2026-08-17T11:45:55.622Z,SUCCESS,SCHEDULE,Fabric,84,84,0,0,1,1,2026-08-17T11:19:52.948Z,50b193b8-c8c8-41b3-8f69-a5e058560d7e
20260821064504,121,OffWeek Counseling Silver Pipeline,nb_offweekcounseling_slv_to_slv,/notebooks/nb_offweekcounseling_slv_to_slv,OffWeek Counseling,SL,DEV,2026-08-21T06:45:04.295Z,2026-08-21T06:45:04.295Z,FAILED,SCHEDULE,Fabric,1,0,1,0,0,1,2026-08-21T06:45:04.295Z,79873e7e-ec46-43c0-83ef-dae1ad840c11
20260825030415,121,OffWeek Counseling Silver Pipeline,nb_offweekcounseling_slv_to_slv,/notebooks/nb_offweekcounseling_slv_to_slv,OffWeek Counseling,SL,DEV,2026-08-25T03:04:15.370Z,2026-08-25T03:04:15.370Z,FAILED,SCHEDULE,Fabric,1,0,1,0,0,1,2026-08-25T03:04:15.370Z,4ca1b0b0-c23d-41e4-abe5-a2d7fd8486b8
202608151417675641,118,SAMMS P1/P2 Assessments Bronze,pl_p1p2_assessments,BHG-DATA-PLATFORM-CORE-DEV/2_Engineering/3_Orchestration/pl_p1p2_assessments,SAMMS,BR,DEV,2026-08-15T14:18:02.696Z,2026-08-15T14:37:56.900Z,FAILED,SCHEDULE,Fabric,84,77,7,0,0,1,2026-08-15T14:18:02.696Z,556076c4-618a-4487-8b31-ba5017a3c197
20260810112355,122,OffWeek Counseling Gold Pipeline,nb_offweekcounseling_slv_to_gld,/notebooks/nb_offweekcounseling_slv_to_gld,OffWeek Counseling,GL,DEV,2026-08-10T11:23:55.528Z,2026-08-10T11:24:31.652Z,SUCCESS,SCHEDULE,Fabric,1,1,0,0,0,1,2026-08-10T11:23:56.702Z,78bad054-c366-447f-a42f-4880b22834e3
20260810070156,122,OffWeek Counseling Gold Pipeline,nb_offweekcounseling_slv_to_gld,/notebooks/nb_offweekcounseling_slv_to_gld,OffWeek Counseling,GL,DEV,2026-08-10T07:01:56.428Z,2026-08-10T07:04:36.262Z,SUCCESS,SCHEDULE,Fabric,1,1,0,0,0,1,2026-08-10T07:01:58.516Z,307bc68c-7b9d-4658-a771-a1adcfd3b965
20260818060256,122,OffWeek Counseling Gold Pipeline,nb_offweekcounseling_slv_to_gld,/notebooks/nb_offweekcounseling_slv_to_gld,OffWeek Counseling,GL,DEV,2026-08-18T06:02:56.663Z,2026-08-18T06:04:17.093Z,SUCCESS,SCHEDULE,Fabric,1,1,0,0,0,1,2026-08-18T06:02:59.149Z,0754271b-537b-4df2-8eea-828420187180
20260816072304,122,OffWeek Counseling Gold Pipeline,nb_offweekcounseling_slv_to_gld,/notebooks/nb_offweekcounseling_slv_to_gld,OffWeek Counseling,GL,DEV,2026-08-16T07:23:04.802Z,2026-08-16T07:23:55.256Z,SUCCESS,SCHEDULE,Fabric,1,1,0,0,0,1,2026-08-16T07:23:06.383Z,3db0df33-cd84-477a-b507-80edcb2c2641
20260818065823,122,OffWeek Counseling Gold Pipeline,nb_offweekcounseling_slv_to_gld,/notebooks/nb_offweekcounseling_slv_to_gld,OffWeek Counseling,GL,DEV,2026-08-18T06:58:23.693Z,2026-08-18T06:59:07.937Z,SUCCESS,SCHEDULE,Fabric,1,1,0,0,0,1,2026-08-18T06:58:25.369Z,401c9c1b-3971-44a9-a17e-46e79ae01eff
20260810151727,122,OffWeek Counseling Gold Pipeline,nb_offweekcounseling_slv_to_gld,/notebooks/nb_offweekcounseling_slv_to_gld,OffWeek Counseling,GL,DEV,2026-08-10T15:17:27.076Z,2026-08-10T15:19:18.154Z,SUCCESS,SCHEDULE,Fabric,1,1,0,0,0,1,2026-08-10T15:17:44.259Z,67ac4554-40b9-4a4f-b42b-b07474e5e143
20260810090533,122,OffWeek Counseling Gold Pipeline,nb_offweekcounseling_slv_to_gld,/notebooks/nb_offweekcounseling_slv_to_gld,OffWeek Counseling,GL,DEV,2026-08-10T09:05:33.964Z,2026-08-10T09:06:14.118Z,SUCCESS,SCHEDULE,Fabric,1,1,0,0,0,1,2026-08-10T09:05:38.283Z,871fd4e7-f63f-43b0-a6b5-8655d4836508
202608102103362513,31,SAMMS FormAnswerSignatures Bronze Pipeline,pl_execute_pipeline_answersignature,/pipelines/pl_answersig_samms_to_lakehouse,SAMMS,BR,DEV,2026-08-10T21:04:04.209Z,2026-08-10T21:40:30.838Z,SUCCESS,SCHEDULE,Fabric,115,115,0,0,0,1,2026-08-10T21:04:04.209Z,0e7e4594-5e6f-405f-a303-69a6f189ed20
202608102246289962,31,SAMMS FormAnswerSignatures Bronze Pipeline,pl_execute_pipeline_answersignature,/pipelines/pl_answersig_samms_to_lakehouse,SAMMS,BR,DEV,2026-08-10T22:46:40.036Z,2026-08-10T23:23:59.354Z,SUCCESS,SCHEDULE,Fabric,115,115,0,0,0,1,2026-08-10T22:46:40.036Z,577185a2-f5a0-4625-b776-012683caf0bc
202608141857340774,31,SAMMS FormAnswerSignatures Bronze Pipeline,pl_execute_pipeline_answersignature,/pipelines/pl_answersig_samms_to_lakehouse,SAMMS,BR,DEV,2026-08-14T18:57:29.834Z,2026-08-14T19:36:03.669Z,SUCCESS,SCHEDULE,Fabric,115,115,0,0,0,1,2026-08-14T18:57:29.834Z,015634ea-243f-49e1-a18e-0e1d033651d1
202608102151219703,31,SAMMS FormAnswerSignatures Bronze Pipeline,pl_execute_pipeline_answersignature,/pipelines/pl_answersig_samms_to_lakehouse,SAMMS,BR,DEV,2026-08-10T21:51:49.767Z,2026-08-10T22:27:09.579Z,SUCCESS,SCHEDULE,Fabric,115,115,0,0,0,1,2026-08-10T21:51:49.767Z,733bdb65-98e7-4d6d-af8f-93040e55bb44
202608110031651337,31,SAMMS FormAnswerSignatures Bronze Pipeline,pl_execute_pipeline_answersignature,/pipelines/pl_answersig_samms_to_lakehouse,SAMMS,BR,DEV,2026-08-11T00:31:59.071Z,2026-08-11T00:46:35.927Z,SUCCESS,SCHEDULE,Fabric,1,1,0,0,0,1,2026-08-11T00:31:59.071Z,03b87ee5-1e5e-4b32-ba16-03ddc89bc75a
20260812085451,102,QQ_GLTRAN Gold Pipeline,nb_qq_gltran_slv_to_gld,/notebooks/nb_qq_gltran_slv_to_gld,DRD,GL,DEV,2026-08-12T08:54:55.669Z,2026-08-12T08:55:52.089Z,SUCCESS,SCHEDULE,Fabric,1,1,0,0,0,1,2026-08-12T08:54:56.848Z,1777159c-1729-4d77-aa0c-d0d3b59ccb19
20260811130350,102,QQ_GLTRAN Gold Pipeline,nb_qq_gltran_slv_to_gld,/notebooks/nb_qq_gltran_slv_to_gld,DRD,GL,DEV,2026-08-11T13:04:18.004Z,2026-08-11T13:07:01.352Z,SUCCESS,SCHEDULE,Fabric,1,1,0,0,0,1,2026-08-11T13:04:22.297Z,07a568df-8fb2-477d-9bf7-93c7d3cf3953
202608251712611180,88,SAMMS P1 Reference Bronze Pipeline,pl_execute_reference,/pipelines/pl_execute_reference,SAMMS,BR,DEV,2026-08-25T17:12:55.722Z,2026-08-25T17:31:39.257Z,SUCCESS,SCHEDULE,Fabric,9,9,0,0,0,1,2026-08-25T17:12:55.722Z,72553dbc-d702-4eda-a5d0-9ceb643e22ea
20260817051129,110,Cash Flow Silver Pipeline,nb_cashflow_brz_to_slv,/notebooks/nb_cashflow_brz_to_slv,Cash Flow,SL,DEV,2026-08-17T05:11:57.367Z,2026-08-17T05:12:59.454Z,SUCCESS,SCHEDULE,Fabric,1,1,0,0,0,1,2026-08-17T05:11:33.443Z,519221b9-f777-4eef-a705-f54d38d423fd
202608141850714621,29,SAMMS FormQuestionAnswers Silver Pipeline,pl_execute_form_questionanswers,/notebooks/nb_forms_bronze_to_silver,Lakehouse,SL,DEV,2026-08-14T18:50:55.250Z,2026-08-14T20:21:59.376Z,SUCCESS,SCHEDULE,Fabric,1,1,0,0,0,1,2026-08-14T18:50:55.250Z,06b9d75d-291b-4cd2-9a89-52908a52280f
202608241506798226,29,SAMMS FormQuestionAnswers Silver Pipeline,pl_execute_form_questionanswers,/notebooks/nb_forms_bronze_to_silver,Lakehouse,SL,DEV,2026-08-24T15:07:04.552Z,2026-08-24T15:27:18.717Z,SUCCESS,SCHEDULE,Fabric,1,1,0,0,0,1,2026-08-24T15:07:04.552Z,13c13418-73a4-42bd-b6f1-04e34ee93bae
202608102108661394,29,SAMMS FormQuestionAnswers Silver Pipeline,pl_execute_form_questionanswers,/notebooks/nb_forms_bronze_to_silver,Lakehouse,SL,DEV,2026-08-10T21:08:52.328Z,2026-08-10T21:48:17.868Z,SUCCESS,SCHEDULE,Fabric,1,1,0,0,0,1,2026-08-10T21:08:52.328Z,919a3989-3039-4ed4-8e54-b0f9527e0235
20260824124824,112,AppointmentsReoccurringCounseling Silver Pipeline,nb_azuresql_slv_to_slv,BHG-DATA-PLATFORM-CORE-DEV/2_Engineering/2_Transformation/Azuresql/nb_azuresql_slv,Azure SQL,SL,DEV,2026-08-24T12:48:24.000Z,,RUNNING,SCHEDULED,Fabric,14,0,0,0,0,1,2026-08-24T12:48:25.636Z,09620987643sadgf_as255_d0988006789
20260819053600,116,Patient Services Silver Pipeline,nb_patientservices_slv_to_slv,/notebooks/nb_patientservices_slv_to_slv,Patient Services,SL,DEV,2026-08-19T05:36:00.740Z,2026-08-19T05:36:00.740Z,FAILED,SCHEDULE,Fabric,1,0,1,0,0,1,2026-08-19T05:36:00.740Z,291b2410-2887-482f-ae51-b5acb5e1ea9d
20260824113445,112,AppointmentsReoccurringCounseling Silver Pipeline,nb_azuresql_slv_to_slv,BHG-DATA-PLATFORM-CORE-DEV/2_Engineering/2_Transformation/Azuresql/nb_azuresql_slv,Azure SQL,SL,DEV,2026-08-24T12:37:58.000Z,,RUNNING,SCHEDULED,Fabric,14,0,0,0,1,5,2026-08-24T12:37:59.647Z,09620987643sadgf_as255_d0988006789
20260812085501,116,Patient Services Silver Pipeline,nb_patientservices_slv_to_slv,/notebooks/nb_patientservices_slv_to_slv,Patient Services,SL,DEV,2026-08-12T08:55:01.160Z,2026-08-12T08:56:20.771Z,FAILED,SCHEDULE,Fabric,1,0,1,0,0,1,2026-08-12T08:55:03.661Z,473be684-042c-471f-a263-402ba6fc6c7d
20260812085501,116,Patient Services Silver Pipeline,nb_patientservices_slv_to_slv,/notebooks/nb_patientservices_slv_to_slv,Patient Services,SL,DEV,2026-08-12T17:00:43.852Z,2026-08-12T17:02:39.939Z,FAILED,SCHEDULE,Fabric,1,0,1,0,1,7,2026-08-12T17:01:01.179Z,23a4a328-005d-472d-8b87-bb30b33501a7
20260812085635,112,AppointmentsReoccurringCounseling Silver Pipeline,nb_azuresql_slv_to_slv,BHG-DATA-PLATFORM-CORE-DEV/2_Engineering/2_Transformation/Azuresql/nb_azuresql_slv,Azure SQL,SL,DEV,2026-08-24T09:52:56.877Z,,RUNNING,SCHEDULED,Fabric,14,0,0,0,1,7,2026-08-24T09:52:58.186Z,34avf62a8a-1c5f-4dad-c48-dc1h56789
20260822115249,103,Active Directory Bronze Pipeline,nb_activedirectory_src_to_brz,BHG-DATA-PLATFORM-CORE-DEV/2_Engineering/2_Transformation/ActiveDirectory/nb_activedirectory_src_to_brz,Active Directory,BR,DEV,2026-08-22T11:52:49.837Z,2026-08-22T11:53:47.548Z,SUCCESS,SCHEDULE,Fabric,1,1,0,0,0,1,2026-08-22T11:52:49.837Z,5b101a56-28ce-45b2-9c69-c19cf110b723
20260823064514,104,Active Directory Silver Pipeline,nb_activedirectory_brz_to_slv,BHG-DATA-PLATFORM-CORE-DEV/2_Engineering/2_Transformation/ActiveDirectory/nb_activedirectory_brz_to_slv,Active Directory,SL,DEV,2026-08-23T06:45:14.193Z,2026-08-23T06:46:06.842Z,SUCCESS,SCHEDULE,Fabric,1,1,0,0,0,1,2026-08-23T06:45:15.757Z,9ad7577b-a4ff-4904-b0db-db5c7c219a93
20260814095742,103,Active Directory Bronze Pipeline,nb_activedirectory_src_to_brz,BHG-DATA-PLATFORM-CORE-DEV/2_Engineering/2_Transformation/ActiveDirectory/nb_activedirectory_src_to_brz,Active Directory,BR,DEV,2026-08-14T09:57:42.223Z,2026-08-14T09:58:43.680Z,SUCCESS,SCHEDULE,Fabric,1,1,0,0,0,1,2026-08-14T09:57:43.964Z,86da3734-c4d3-4a01-9b94-6fc5fe6dd0dd
20260814091912,104,Active Directory Silver Pipeline,nb_activedirectory_brz_to_slv,BHG-DATA-PLATFORM-CORE-DEV/2_Engineering/2_Transformation/ActiveDirectory/nb_activedirectory_brz_to_slv,Active Directory,SL,DEV,2026-08-14T09:19:12.862Z,2026-08-14T09:20:45.926Z,SUCCESS,SCHEDULE,Fabric,1,1,0,0,0,1,2026-08-14T09:19:14.584Z,78c00878-a295-4b82-b0d7-f3fcf0baa4d0
20260824081504,104,Active Directory Silver Pipeline,nb_activedirectory_brz_to_slv,BHG-DATA-PLATFORM-CORE-DEV/2_Engineering/2_Transformation/ActiveDirectory/nb_activedirectory_brz_to_slv,Active Directory,SL,DEV,2026-08-24T08:15:04.820Z,2026-08-24T08:16:05.381Z,SUCCESS,SCHEDULE,Fabric,1,1,0,0,0,1,2026-08-24T08:15:06.386Z,4c05c22a-72c8-4983-bd52-da6045984616
20260822115917,104,Active Directory Silver Pipeline,nb_activedirectory_brz_to_slv,BHG-DATA-PLATFORM-CORE-DEV/2_Engineering/2_Transformation/ActiveDirectory/nb_activedirectory_brz_to_slv,Active Directory,SL,DEV,2026-08-22T11:59:17.445Z,2026-08-22T12:00:28.696Z,FAILED,SCHEDULE,Fabric,1,0,0,0,0,1,2026-08-22T11:59:17.445Z,5b101a56-28ce-45b2-9c69-c19cf110b723
20260824082040,105,Active Directory Gold Pipeline,nb_activedirectory_slv_to_gld,BHG-DATA-PLATFORM-CORE-DEV/2_Engineering/2_Transformation/ActiveDirectory/nb_activedirectory_slv_to_gld,Active Directory,GL,DEV,2026-08-24T08:20:40.630Z,2026-08-24T08:22:05.950Z,SUCCESS,SCHEDULE,Fabric,2,2,0,0,0,1,2026-08-24T08:20:42.237Z,4c05c22a-72c8-4983-bd52-da6045984616
20260825095202,105,Active Directory Gold Pipeline,nb_activedirectory_slv_to_gld,BHG-DATA-PLATFORM-CORE-DEV/2_Engineering/2_Transformation/ActiveDirectory/nb_activedirectory_slv_to_gld,Active Directory,GL,DEV,2026-08-25T09:52:02.194Z,2026-08-25T09:53:55.905Z,SUCCESS,SCHEDULE,Fabric,2,2,0,0,0,1,2026-08-25T09:52:03.941Z,6d272a94-926b-43c5-9728-935779865922
20260814083720,105,Active Directory Gold Pipeline,nb_activedirectory_slv_to_gld,BHG-DATA-PLATFORM-CORE-DEV/2_Engineering/2_Transformation/ActiveDirectory/nb_activedirectory_slv_to_gld,Active Directory,GL,DEV,2026-08-14T08:37:20.126Z,2026-08-14T08:38:25.703Z,SUCCESS,SCHEDULE,Fabric,1,1,0,0,0,1,2026-08-14T08:37:21.944Z,45e95ca2-629e-4976-8482-3be8710cf118
20260823065057,105,Active Directory Gold Pipeline,nb_activedirectory_slv_to_gld,BHG-DATA-PLATFORM-CORE-DEV/2_Engineering/2_Transformation/ActiveDirectory/nb_activedirectory_slv_to_gld,Active Directory,GL,DEV,2026-08-23T06:50:57.878Z,2026-08-23T06:52:35.463Z,SUCCESS,SCHEDULE,Fabric,2,2,0,0,0,1,2026-08-23T06:50:59.403Z,9ad7577b-a4ff-4904-b0db-db5c7c219a93
20260812113927,105,Active Directory Gold Pipeline,nb_activedirectory_slv_to_gld,BHG-DATA-PLATFORM-CORE-DEV/2_Engineering/2_Transformation/ActiveDirectory/nb_activedirectory_slv_to_gld,Active Directory,GL,DEV,2026-08-12T11:39:27.798Z,2026-08-12T11:42:05.426Z,SUCCESS,SCHEDULE,Fabric,1,0,0,1,0,1,2026-08-12T11:39:46.081Z,3294ab87-05f1-4b6e-93e9-0049786e91cf
20260822120604,105,Active Directory Gold Pipeline,nb_activedirectory_slv_to_gld,BHG-DATA-PLATFORM-CORE-DEV/2_Engineering/2_Transformation/ActiveDirectory/nb_activedirectory_slv_to_gld,Active Directory,GL,DEV,2026-08-22T12:06:04.184Z,2026-08-22T12:07:22.477Z,SUCCESS,SCHEDULE,Fabric,2,2,0,0,0,1,2026-08-22T12:06:04.184Z,5b101a56-28ce-45b2-9c69-c19cf110b723
20260825035844,105,Active Directory Gold Pipeline,nb_activedirectory_slv_to_gld,BHG-DATA-PLATFORM-CORE-DEV/2_Engineering/2_Transformation/ActiveDirectory/nb_activedirectory_slv_to_gld,Active Directory,GL,DEV,2026-08-25T03:58:44.457Z,2026-08-25T04:00:18.081Z,SUCCESS,SCHEDULE,Fabric,2,2,0,0,0,1,2026-08-25T03:58:46.013Z,12130017-772e-4557-8a48-2b17fd46c3ad
20260822091654,105,Active Directory Gold Pipeline,nb_activedirectory_slv_to_gld,BHG-DATA-PLATFORM-CORE-DEV/2_Engineering/2_Transformation/ActiveDirectory/nb_activedirectory_slv_to_gld,Active Directory,GL,DEV,2026-08-22T09:16:54.576Z,2026-08-22T09:18:16.652Z,SUCCESS,SCHEDULE,Fabric,2,2,0,0,0,1,2026-08-22T09:16:54.576Z,500ec76f-f267-4cf8-a531-6dc879d5ad80
20260814092532,105,Active Directory Gold Pipeline,nb_activedirectory_slv_to_gld,BHG-DATA-PLATFORM-CORE-DEV/2_Engineering/2_Transformation/ActiveDirectory/nb_activedirectory_slv_to_gld,Active Directory,GL,DEV,2026-08-14T09:25:32.149Z,2026-08-14T09:26:50.040Z,SUCCESS,SCHEDULE,Fabric,1,1,0,0,0,1,2026-08-14T09:25:33.698Z,78c00878-a295-4b82-b0d7-f3fcf0baa4d0
20260822072706,105,Active Directory Gold Pipeline,nb_activedirectory_slv_to_gld,BHG-DATA-PLATFORM-CORE-DEV/2_Engineering/2_Transformation/ActiveDirectory/nb_activedirectory_slv_to_gld,Active Directory,GL,DEV,2026-08-22T07:27:06.579Z,2026-08-22T07:28:34.589Z,SUCCESS,SCHEDULE,Fabric,2,2,0,0,0,1,2026-08-22T07:27:06.579Z,95c2ec9d-55ec-443a-9357-986a8e625f38
20260810052147,105,Active Directory Gold Pipeline,nb_activedirectory_slv_to_gld,BHG-DATA-PLATFORM-CORE-DEV/2_Engineering/2_Transformation/ActiveDirectory/nb_activedirectory_slv_to_gld,Active Directory,GL,DEV,2026-08-10T05:21:47.030Z,2026-08-10T05:22:46.850Z,SUCCESS,SCHEDULE,Fabric,1,1,0,0,0,1,2026-08-10T05:21:48.455Z,5269cbca-9ed6-4306-8532-018515919ecf
20260814094829,105,Active Directory Gold Pipeline,nb_activedirectory_slv_to_gld,BHG-DATA-PLATFORM-CORE-DEV/2_Engineering/2_Transformation/ActiveDirectory/nb_activedirectory_slv_to_gld,Active Directory,GL,DEV,2026-08-14T09:48:29.851Z,2026-08-14T09:49:55.599Z,SUCCESS,SCHEDULE,Fabric,1,1,0,0,0,1,2026-08-14T09:48:34.521Z,800305b1-0b30-4e63-a791-84feb90a5573
202608211214791000,115,CDC Silver Pipeline,pl_inv,BHG-DATA-PLATFORM-CORE-DEV/2_Engineering/3_Orchestration/pl_inv,Bronze Lakehouse,SL,DEV,2026-08-21T12:15:02.287Z,2026-08-21T12:20:48.885Z,SUCCESS,SCHEDULE,Fabric,1,1,0,0,0,1,2026-08-21T12:15:02.287Z,15c6503a-21fe-46db-b933-9c29c1ab1196
202608181856444656,115,CDC Silver Pipeline,pl_inv,BHG-DATA-PLATFORM-CORE-DEV/2_Engineering/3_Orchestration/pl_inv,Bronze Lakehouse,SL,DEV,2026-08-18T18:56:29.441Z,2026-08-18T19:09:32.584Z,SUCCESS,SCHEDULE,Fabric,1,1,0,0,0,1,2026-08-18T18:56:29.441Z,8b420868-3d73-418b-b30b-805fea2baba5
202608181956274485,115,CDC Silver Pipeline,pl_inv,BHG-DATA-PLATFORM-CORE-DEV/2_Engineering/3_Orchestration/pl_inv,Bronze Lakehouse,SL,DEV,2026-08-18T19:56:11.467Z,2026-08-18T20:10:05.981Z,SUCCESS,SCHEDULE,Fabric,1,1,0,0,0,1,2026-08-18T19:56:11.467Z,8dab4cff-7612-4075-a975-28ce5920b57c
202608270434570866,115,CDC Silver Pipeline,pl_inv,BHG-DATA-PLATFORM-CORE-DEV/2_Engineering/3_Orchestration/pl_inv,Bronze Lakehouse,SL,DEV,2026-08-27T04:34:40.525Z,2026-08-27T04:51:14.221Z,SUCCESS,SCHEDULE,Fabric,1,1,0,0,0,1,2026-08-27T04:34:40.525Z,2e7c859c-0cb2-4a04-88a8-b5f0cad3f58f
202608260434346982,115,CDC Silver Pipeline,pl_inv,BHG-DATA-PLATFORM-CORE-DEV/2_Engineering/3_Orchestration/pl_inv,Bronze Lakehouse,SL,DEV,2026-08-26T04:34:18.331Z,2026-08-26T04:44:40.925Z,SUCCESS,SCHEDULE,Fabric,1,1,0,0,0,1,2026-08-26T04:34:18.331Z,5187609b-db66-42e3-9436-fcfeae3ae564
202608162346418898,85,SAMMS INV Bronze Pipeline,pl_inv,BHG-DATA-PLATFORM-CORE-DEV/2_Engineering/3_Orchestration/pl_inv,SAMMS,BR,DEV,2026-08-16T23:46:38.280Z,2026-08-17T00:09:01.705Z,SUCCESS,SCHEDULE,Fabric,48,48,0,0,0,1,2026-08-16T23:46:38.280Z,77f58b99-e250-4627-9f17-559331ecd0ef
202608200029237018,85,SAMMS INV Bronze Pipeline,pl_inv,BHG-DATA-PLATFORM-CORE-DEV/2_Engineering/3_Orchestration/pl_inv,SAMMS,BR,DEV,2026-08-20T00:29:17.913Z,2026-08-20T02:40:27.748Z,FAILED,SCHEDULE,Fabric,2757,0,2757,0,0,1,2026-08-20T00:29:17.913Z,2e0eb052-bb28-45b1-894f-8dc0851c56cc
202608192152666995,85,SAMMS INV Bronze Pipeline,pl_inv,BHG-DATA-PLATFORM-CORE-DEV/2_Engineering/3_Orchestration/pl_inv,SAMMS,BR,DEV,2026-08-19T21:53:01.055Z,2026-08-19T22:54:44.340Z,FAILED,SCHEDULE,Fabric,2757,0,2757,0,0,1,2026-08-19T21:53:01.055Z,2caac1da-4db4-431b-998d-21dc6fd03dce
202608201140451356,84,Salesforce Gold Pipeline,nb_salesforce_slv_to_gld,/notebooks/nb_salesforce_slv_to_gld,SALESFORCE,GL,DEV,2026-08-20T16:01:14.261Z,2026-08-20T16:08:06.303Z,SUCCESS,SCHEDULE,Fabric,18,18,0,0,1,3,2026-08-20T16:01:16.393Z,95538f17-9d82-404e-9e3f-d1777714a921
202608201756217905,84,Salesforce Gold Pipeline,nb_salesforce_slv_to_gld,/notebooks/nb_salesforce_slv_to_gld,SALESFORCE,GL,DEV,2026-08-20T17:56:21.790Z,2026-08-20T18:05:41.118Z,SUCCESS,SCHEDULE,Fabric,18,18,0,0,0,1,2026-08-20T17:56:25.208Z,635224f3-f193-4ab0-a06c-8d0fbf5d6c6d
20260817053034,80,Absolute Silver Inventory Pipeline,nb_absolute_brz_to_slv,/notebooks/nb_absolute_execute,Absolute,SL,DEV,2026-08-17T07:12:16.245Z,2026-08-17T07:12:59.558Z,FAILED,SCHEDULED,Fabric,1,0,1,0,1,2,2026-08-17T07:12:17.716Z,8f01a5e1-72f3-458c-9206-4e02ea561505
20260817053034,80,Absolute Silver Inventory Pipeline,nb_absolute_brz_to_slv,/notebooks/nb_absolute_execute,Absolute,SL,DEV,2026-08-17T05:30:34.010Z,2026-08-17T05:31:24.819Z,FAILED,SCHEDULED,Fabric,1,0,1,0,0,1,2026-08-17T05:30:35.921Z,7df5bc5f-d487-47dc-af47-8642d74e8059
20260814060020,80,Absolute Silver Inventory Pipeline,nb_absolute_brz_to_slv,/notebooks/nb_absolute_execute,Absolute,SL,DEV,2026-08-14T06:00:20.588Z,2026-08-17T04:44:03.317Z,FAILED,SCHEDULED,Fabric,1,0,0,0,0,1,2026-08-14T06:00:22.353Z,52069135-4356-4041-98cb-6a775e5416f1
20260817045629,109,Cash Flow Bronze Pipeline,nb_cashflow_src_to_brz,/notebooks/nb_cashflow_src_to_brz,Cash Flow,BR,DEV,2026-08-17T04:56:51.314Z,2026-08-17T05:05:48.077Z,SUCCESS,SCHEDULE,Fabric,4,4,0,0,0,1,2026-08-17T04:56:33.269Z,519221b9-f777-4eef-a705-f54d38d423fd
20260814100213,109,Cash Flow Bronze Pipeline,nb_cashflow_src_to_brz,/notebooks/nb_cashflow_src_to_brz,Cash Flow,BR,DEV,2026-08-14T10:02:36.303Z,2026-08-14T10:21:30.078Z,SUCCESS,SCHEDULE,Fabric,4,4,0,0,1,2,2026-08-14T10:20:49.871Z,0a17833d-2f2d-4705-abc5-4f15042beb2c
20260814073656,109,Cash Flow Bronze Pipeline,nb_cashflow_src_to_brz,/notebooks/nb_cashflow_src_to_brz,Cash Flow,BR,DEV,2026-08-14T07:37:23.625Z,2026-08-14T07:47:34.191Z,SUCCESS,SCHEDULE,Fabric,4,4,0,0,0,1,2026-08-14T07:37:00.316Z,2b76f80f-940a-42f8-ba7f-a8bff776f2f4
20260814053204,109,Cash Flow Bronze Pipeline,nb_cashflow_src_to_brz,/notebooks/nb_cashflow_src_to_brz,Cash Flow,BR,DEV,2026-08-14T05:32:04.089Z,2026-08-14T05:40:45.088Z,SUCCESS,SCHEDULE,Fabric,4,4,0,0,0,1,2026-08-14T05:32:05.925Z,830c78f2-2c91-4be9-977a-e9ff0c1d8636
202608220857344379,123,P1/P2 Assessments Bronze,pl_execute_Assessments_02,/pipelines/pl_execute_Assessments_02,SAMMS,BR,DEV,2026-08-22T08:57:28.755Z,2026-08-22T09:30:51.438Z,SUCCESS,MANUAL,MANUAL,27,27,0,0,0,1,2026-08-22T08:57:28.755Z,39d3782c-f729-4e52-b4aa-f257942a503a
202608211014397317,123,P1/P2 Assessments Bronze,pl_execute_Assessments_02,/pipelines/pl_execute_Assessments_02,SAMMS,BR,DEV,2026-08-21T10:14:33.601Z,2026-08-21T10:29:58.442Z,SUCCESS,MANUAL,MANUAL,27,27,0,0,0,1,2026-08-21T10:14:33.601Z,8c07e343-4781-4d6b-b62d-dcb12587d856
202608200029337018,86,SAMMS INV Silver Pipeline,pl_inv,BHG-DATA-PLATFORM-CORE-DEV/2_Engineering/3_Orchestration/pl_inv,Bronze Lakehouse,SL,DEV,2026-08-20T00:29:17.913Z,2026-08-20T02:40:45.897Z,SKIPPED,SCHEDULE,Fabric,24,0,0,24,0,1,2026-08-20T00:29:17.913Z,2e0eb052-bb28-45b1-894f-8dc0851c56cc
202608100934467074,86,SAMMS INV Silver Pipeline,pl_inv,BHG-DATA-PLATFORM-CORE-DEV/2_Engineering/3_Orchestration/pl_inv,Bronze Lakehouse,SL,DEV,2026-08-10T09:34:30.305Z,2026-08-10T09:57:17.705Z,SUCCESS,SCHEDULE,Fabric,24,24,0,0,0,1,2026-08-10T09:34:30.305Z,6ef3fd30-03b0-4dcd-9022-3df447f4d036
202608162346518898,86,SAMMS INV Silver Pipeline,pl_inv,BHG-DATA-PLATFORM-CORE-DEV/2_Engineering/3_Orchestration/pl_inv,Bronze Lakehouse,SL,DEV,2026-08-16T23:46:38.280Z,2026-08-17T00:13:04.537Z,SUCCESS,SCHEDULE,Fabric,24,24,0,0,0,1,2026-08-16T23:46:38.280Z,77f58b99-e250-4627-9f17-559331ecd0ef
202608221042212981,86,SAMMS INV Silver Pipeline,pl_inv,BHG-DATA-PLATFORM-CORE-DEV/2_Engineering/3_Orchestration/pl_inv,Bronze Lakehouse,SL,DEV,2026-08-22T10:42:04.638Z,2026-08-22T11:17:21.463Z,SKIPPED,SCHEDULE,Fabric,24,23,0,1,0,1,2026-08-22T10:42:04.638Z,28d7acf5-bc26-4be3-b390-775b9af3d980
202608192152766995,86,SAMMS INV Silver Pipeline,pl_inv,BHG-DATA-PLATFORM-CORE-DEV/2_Engineering/3_Orchestration/pl_inv,Bronze Lakehouse,SL,DEV,2026-08-19T21:53:01.055Z,2026-08-19T22:55:35.231Z,FAILED,SCHEDULE,Fabric,24,23,1,0,0,1,2026-08-19T21:53:01.055Z,2caac1da-4db4-431b-998d-21dc6fd03dce
202608260654355519,86,SAMMS INV Silver Pipeline,pl_inv,BHG-DATA-PLATFORM-CORE-DEV/2_Engineering/3_Orchestration/pl_inv,Bronze Lakehouse,SL,DEV,2026-08-26T06:54:19.773Z,2026-08-26T08:57:56.727Z,FAILED,SCHEDULE,Fabric,24,23,1,0,0,1,2026-08-26T06:54:19.773Z,912d32aa-0b7f-4999-bf60-6670fe5985ea
20260818203708,117,nb_patientservices_slv_to_gld,pl_patientservices,/bhg/patientservices,Patient Services,GL,DEV,2026-08-18T20:37:08.892Z,2026-08-18T20:37:08.892Z,SUCCESS,Pipeline,Fabric,0,0,0,1,0,1,2026-08-18T20:37:08.892Z,2ccc55d2-080c-4909-8d6b-aa8830b36e3d
20260818205009,117,nb_patientservices_slv_to_gld,pl_patientservices,/bhg/patientservices,Patient Services,GL,DEV,2026-08-18T20:50:09.137Z,2026-08-18T20:50:09.137Z,SUCCESS,Pipeline,Fabric,0,0,0,1,0,1,2026-08-18T20:50:09.137Z,4a5926d2-fe5f-4ec8-a754-ef30410fa8d8
20260820070848,38,KnowBe4 Silver Pipeline,nb_knowbe4_brz_to_slv,/notebooks/nb_knowbe4_brz_to_slv,KNOWBE4,SL,DEV,2026-08-20T07:08:48.714Z,2026-08-20T07:09:27.768Z,SUCCESS,SCHEDULE,Fabric,1,1,0,0,0,1,2026-08-20T07:08:50.092Z,51c8df81-b91f-4be3-8810-59f3888974f0
20260820061053,38,KnowBe4 Silver Pipeline,nb_knowbe4_brz_to_slv,/notebooks/nb_knowbe4_brz_to_slv,KNOWBE4,SL,DEV,2026-08-20T06:10:53.294Z,2026-08-20T06:11:33.823Z,SUCCESS,SCHEDULE,Fabric,1,1,0,0,0,1,2026-08-20T06:10:54.451Z,6ebf4f86-a572-46b7-a0b9-e243ddff1ee4
20260820034520,38,KnowBe4 Silver Pipeline,nb_knowbe4_brz_to_slv,/notebooks/nb_knowbe4_brz_to_slv,KNOWBE4,SL,DEV,2026-08-20T03:45:20.239Z,2026-08-20T03:45:59.040Z,SUCCESS,SCHEDULE,Fabric,1,1,0,0,0,1,2026-08-20T03:45:21.725Z,10674be9-f2b1-4514-8872-e5284ac360a9
20260820031405,38,KnowBe4 Silver Pipeline,nb_knowbe4_brz_to_slv,/notebooks/nb_knowbe4_brz_to_slv,KNOWBE4,SL,DEV,2026-08-20T03:14:05.225Z,2026-08-20T03:14:21.733Z,SUCCESS,SCHEDULE,Fabric,1,0,0,1,0,1,2026-08-20T03:14:06.513Z,299963ea-dd68-481a-af88-cda028aad3c3
20260826041110,38,KnowBe4 Silver Pipeline,nb_knowbe4_brz_to_slv,/notebooks/nb_knowbe4_brz_to_slv,KNOWBE4,SL,DEV,2026-08-26T04:11:10.997Z,2026-08-26T04:11:52.398Z,SUCCESS,SCHEDULE,Fabric,1,1,0,0,0,1,2026-08-26T04:11:12.153Z,06bf1b3a-2ded-4e3b-ba7f-359214902c18
20260819175739,38,KnowBe4 Silver Pipeline,nb_knowbe4_brz_to_slv,/notebooks/nb_knowbe4_brz_to_slv,KNOWBE4,SL,DEV,2026-08-19T17:57:39.164Z,2026-08-19T17:57:59.254Z,SUCCESS,SCHEDULE,Fabric,1,0,0,1,0,1,2026-08-19T17:57:40.672Z,4e0529ac-08ae-47c7-bb84-8e2557f3e00d
20260819182223,38,KnowBe4 Silver Pipeline,nb_knowbe4_brz_to_slv,/notebooks/nb_knowbe4_brz_to_slv,KNOWBE4,SL,DEV,2026-08-19T18:22:23.470Z,2026-08-19T18:23:02.876Z,SUCCESS,SCHEDULE,Fabric,1,1,0,0,0,1,2026-08-19T18:22:25.102Z,4c3bb2ae-03a6-4a20-bd0c-9fdbe81d40ed
20260826030840,38,KnowBe4 Silver Pipeline,nb_knowbe4_brz_to_slv,/notebooks/nb_knowbe4_brz_to_slv,KNOWBE4,SL,DEV,2026-08-26T03:08:40.437Z,2026-08-26T03:09:56.183Z,SUCCESS,SCHEDULE,Fabric,1,1,0,0,0,1,2026-08-26T03:08:42.634Z,0afbc06c-50b9-46f2-b129-a534a963485d
20260812101448,102,QQ_GLTRAN Gold Pipeline,nb_qq_gltran_slv_to_gld,/notebooks/nb_qq_gltran_slv_to_gld,DRD,GL,DEV,2026-08-12T11:38:19.491Z,2026-08-12T11:42:35.134Z,SUCCESS,SCHEDULE,Fabric,1,1,0,0,1,3,2026-08-12T11:38:37.934Z,1b0f010c-6a14-4998-a93b-4f07f46b08c5
20260812093117,102,QQ_GLTRAN Gold Pipeline,nb_qq_gltran_slv_to_gld,/notebooks/nb_qq_gltran_slv_to_gld,DRD,GL,DEV,2026-08-12T09:31:19.673Z,2026-08-12T09:33:18.337Z,SUCCESS,SCHEDULE,Fabric,1,1,0,0,0,1,2026-08-12T09:31:23.114Z,3ceecaf4-5cab-4434-a477-f1d5d0d51483
20260812013759,102,QQ_GLTRAN Gold Pipeline,nb_qq_gltran_slv_to_gld,/notebooks/nb_qq_gltran_slv_to_gld,DRD,GL,DEV,2026-08-12T01:38:06.951Z,2026-08-12T01:40:14.893Z,SUCCESS,SCHEDULE,Fabric,1,1,0,0,0,1,2026-08-12T01:38:21.284Z,6cc434e9-f97e-4251-a21f-0d09ad221fad
20260812141956,102,QQ_GLTRAN Gold Pipeline,nb_qq_gltran_slv_to_gld,/notebooks/nb_qq_gltran_slv_to_gld,DRD,GL,DEV,2026-08-12T14:20:29.035Z,2026-08-12T14:25:05.257Z,SUCCESS,SCHEDULE,Fabric,1,1,0,0,0,1,2026-08-12T14:20:47.145Z,73cb27f3-e3a8-4a25-bf87-1cf2e3ca34d8
20260827043602,132,AzureSQL4 Workflows Gold Pipeline,nb_azuresql4_slv_to_gld,BHG-DATA-PLATFORM-CORE-DEV/2_Engineering/2_Transformation/AzureSQL4/nb_azuresql4_slv_to_gld,AzureSQL4 Workflows,GL,DEV,2026-08-27T10:46:57.811Z,2026-08-27T10:49:56.443Z,SUCCESS,SCHEDULED,Fabric,12,12,0,0,1,6,2026-08-27T10:46:57.811Z,9c98095d-0f6c-4ddc-995a-49dd3d71b166
20260827113412,132,AzureSQL4 Workflows Gold Pipeline,nb_azuresql4_slv_to_gld,BHG-DATA-PLATFORM-CORE-DEV/2_Engineering/2_Transformation/AzureSQL4/nb_azuresql4_slv_to_gld,AzureSQL4 Workflows,GL,DEV,2026-08-27T11:34:12.524Z,2026-08-27T11:48:51.329Z,SUCCESS,SCHEDULED,Fabric,12,12,0,0,0,1,2026-08-27T11:34:12.524Z,548cb8af-a2ae-442b-8193-6118f75471ea
20260826212318,132,AzureSQL4 Workflows Gold Pipeline,nb_azuresql4_slv_to_gld,BHG-DATA-PLATFORM-CORE-DEV/2_Engineering/2_Transformation/AzureSQL4/nb_azuresql4_slv_to_gld,AzureSQL4 Workflows,GL,DEV,2026-08-26T21:23:18.532Z,2026-08-26T21:25:44.041Z,SUCCESS,SCHEDULED,Fabric,12,0,0,12,0,1,2026-08-26T21:23:18.532Z,4b200449-8053-4691-81f7-bd43960e8882
20260827035959,132,AzureSQL4 Workflows Gold Pipeline,nb_azuresql4_slv_to_gld,BHG-DATA-PLATFORM-CORE-DEV/2_Engineering/2_Transformation/AzureSQL4/nb_azuresql4_slv_to_gld,AzureSQL4 Workflows,GL,DEV,2026-08-27T03:59:59.533Z,2026-08-27T04:02:38.954Z,SUCCESS,SCHEDULED,Fabric,12,0,0,12,0,1,2026-08-27T03:59:59.533Z,6c0dfbf2-4982-428b-b962-2d1ca5cf9e53
20260827043602,132,AzureSQL4 Workflows Gold Pipeline,nb_azuresql4_slv_to_gld,BHG-DATA-PLATFORM-CORE-DEV/2_Engineering/2_Transformation/AzureSQL4/nb_azuresql4_slv_to_gld,AzureSQL4 Workflows,GL,DEV,2026-08-27T06:46:20.650Z,2026-08-27T06:56:44.547Z,FAILED,SCHEDULED,Fabric,12,0,12,0,1,2,2026-08-27T06:46:20.650Z,475c3e58-0434-45d9-b3f8-9d768448de53
20260827043602,132,AzureSQL4 Workflows Gold Pipeline,nb_azuresql4_slv_to_gld,BHG-DATA-PLATFORM-CORE-DEV/2_Engineering/2_Transformation/AzureSQL4/nb_azuresql4_slv_to_gld,AzureSQL4 Workflows,GL,DEV,2026-08-27T07:29:47.971Z,2026-08-27T07:41:44.790Z,FAILED,SCHEDULED,Fabric,12,0,12,0,1,3,2026-08-27T07:29:47.971Z,67cdece8-9745-4c87-ab73-e4e58104b61d
20260827043602,132,AzureSQL4 Workflows Gold Pipeline,nb_azuresql4_slv_to_gld,BHG-DATA-PLATFORM-CORE-DEV/2_Engineering/2_Transformation/AzureSQL4/nb_azuresql4_slv_to_gld,AzureSQL4 Workflows,GL,DEV,2026-08-27T09:00:00.937Z,2026-08-27T09:11:54.943Z,FAILED,SCHEDULED,Fabric,12,8,4,0,1,4,2026-08-27T09:00:00.937Z,3fa64f84-15aa-45fb-9cca-2f2fe48cfae1
20260817042650,81,Absolute Gold Inventory Pipeline,nb_absolute_slv_to_gld,/notebooks/nb_absolute_execute,Absolute,GL,DEV,2026-08-17T04:26:50.328Z,2026-08-17T04:27:11.521Z,SUCCESS,SCHEDULED,Fabric,1,0,0,1,0,1,2026-08-17T04:26:51.742Z,917429b5-ff6b-44a1-95d5-5d35eb42c85f
20260814051206,81,Absolute Gold Inventory Pipeline,nb_absolute_slv_to_gld,/notebooks/nb_absolute_execute,Absolute,GL,DEV,2026-08-14T05:12:06.305Z,2026-08-14T05:12:49.988Z,SUCCESS,SCHEDULED,Fabric,1,1,0,0,0,1,2026-08-14T05:12:07.888Z,89bf3a37-8365-4f45-a835-64686a7b8b25
20260817082243,81,Absolute Gold Inventory Pipeline,nb_absolute_slv_to_gld,/notebooks/nb_absolute_execute,Absolute,GL,DEV,2026-08-17T08:22:43.822Z,2026-08-17T08:23:26.284Z,SUCCESS,SCHEDULED,Fabric,1,1,0,0,0,1,2026-08-17T08:22:45.739Z,46b84c02-c8f9-471f-bbfe-d9a13c18834a
20260814060243,81,Absolute Gold Inventory Pipeline,nb_absolute_slv_to_gld,/notebooks/nb_absolute_execute,Absolute,GL,DEV,2026-08-14T06:02:43.925Z,2026-08-14T06:03:41.635Z,SUCCESS,SCHEDULED,Fabric,1,1,0,0,0,1,2026-08-14T06:02:45.437Z,52069135-4356-4041-98cb-6a775e5416f1
20260817071402,81,Absolute Gold Inventory Pipeline,nb_absolute_slv_to_gld,/notebooks/nb_absolute_execute,Absolute,GL,DEV,2026-08-17T07:14:02.133Z,2026-08-17T07:14:28.605Z,SUCCESS,SCHEDULED,Fabric,1,0,0,1,0,1,2026-08-17T07:14:03.963Z,8f01a5e1-72f3-458c-9206-4e02ea561505
20260813100018,81,Absolute Gold Inventory Pipeline,nb_absolute_slv_to_gld,/notebooks/nb_absolute_execute,Absolute,GL,DEV,2026-08-13T10:00:18.172Z,2026-08-13T10:00:40.166Z,SUCCESS,SCHEDULED,Fabric,1,0,0,1,0,1,2026-08-13T10:00:19.330Z,494be37e-e82d-4d45-8f02-f9e0849ccd2a
20260812100827,101,QQ_GLTRAN Silver Pipeline,nb_qq_gltran_brz_to_slv,/notebooks/nb_qq_gltran_brz_to_slv,DRD,SL,DEV,2026-08-12T11:29:13.818Z,2026-08-12T11:34:17.908Z,SUCCESS,SCHEDULE,Fabric,1,1,0,0,1,2,2026-08-12T11:29:32.248Z,1b0f010c-6a14-4998-a93b-4f07f46b08c5
20260812085222,101,QQ_GLTRAN Silver Pipeline,nb_qq_gltran_brz_to_slv,/notebooks/nb_qq_gltran_brz_to_slv,DRD,SL,DEV,2026-08-12T08:52:27.203Z,2026-08-12T08:53:42.849Z,SUCCESS,SCHEDULE,Fabric,1,1,0,0,0,1,2026-08-12T08:52:29.347Z,1777159c-1729-4d77-aa0c-d0d3b59ccb19
20260812092753,101,QQ_GLTRAN Silver Pipeline,nb_qq_gltran_brz_to_slv,/notebooks/nb_qq_gltran_brz_to_slv,DRD,SL,DEV,2026-08-12T09:28:04.625Z,2026-08-12T09:29:26.737Z,SUCCESS,SCHEDULE,Fabric,1,1,0,0,0,1,2026-08-12T09:28:06.914Z,3ceecaf4-5cab-4434-a477-f1d5d0d51483
20260818204549,116,nb_patientservices_slv_to_slv1,pl_patientservices,/bhg/patientservices,Patient Services,SL,DEV,2026-08-18T20:45:49.639Z,2026-08-18T20:45:49.639Z,SUCCESS,Pipeline,Fabric,0,0,0,1,0,1,2026-08-18T20:45:49.639Z,4a5926d2-fe5f-4ec8-a754-ef30410fa8d8
20260824144338,130,Azure Sql Python Gold,pl_azure_sql_python,/pipelines/pl_Azure_Sql_Python,SILVER LAKEHOUSE,GL,DEV,2026-08-24T14:43:38.019Z,2026-08-24T14:47:35.552Z,SUCCESS,MANUAL,MANUAL,2,2,0,0,0,1,2026-08-24T14:43:38.019Z,31f76fca-6e67-4da9-bdde-70234da73bc2
20260812100827,101,QQ_GLTRAN Silver Pipeline,nb_qq_gltran_brz_to_slv,/notebooks/nb_qq_gltran_brz_to_slv,DRD,SL,DEV,2026-08-12T10:08:45.036Z,2026-08-12T10:12:10.893Z,FAILED,SCHEDULE,Fabric,1,0,1,0,0,1,2026-08-12T10:08:49.514Z,073a6fce-c9bc-479b-9176-987e7c40f23f
202608280435522011,114,CDC Bronze Pipeline,pl_inv,BHG-DATA-PLATFORM-CORE-DEV/2_Engineering/3_Orchestration/pl_inv,SAMMS,BR,DEV,2026-08-28T04:35:46.116Z,2026-08-28T04:46:24.250Z,SUCCESS,SCHEDULE,Fabric,3,3,0,0,0,1,2026-08-28T04:35:46.116Z,60ff5281-bdb1-466d-9e29-0c58e613d194
20260814111312,111,Cash Flow Gold Pipeline,nb_cashflow_slv_to_gld,/notebooks/nb_cashflow_slv_to_gld,Cash Flow,GL,DEV,2026-08-14T11:13:22.769Z,2026-08-14T11:13:22.769Z,SUCCESS,SCHEDULE,Fabric,1,0,0,1,0,1,2026-08-14T11:13:13.976Z,316e02be-3a9a-4c93-8ef8-ecca66ba18c5
20260819131952,111,Cash Flow Gold Pipeline,nb_cashflow_slv_to_gld,/notebooks/nb_cashflow_slv_to_gld,Cash Flow,GL,DEV,2026-08-19T13:19:52.603Z,2026-08-19T13:21:32.228Z,SUCCESS,SCHEDULE,Fabric,1,1,0,0,0,1,2026-08-19T13:19:52.603Z,033e2b9b-3e61-42eb-8a4a-6f9de454a9d1
20260814101434,111,Cash Flow Gold Pipeline,nb_cashflow_slv_to_gld,/notebooks/nb_cashflow_slv_to_gld,Cash Flow,GL,DEV,2026-08-14T10:14:50.174Z,2026-08-14T10:14:50.174Z,SUCCESS,SCHEDULE,Fabric,1,0,0,1,0,1,2026-08-14T10:14:36.737Z,06018e17-471e-496d-b3c3-22a4b000055f
20260817052008,111,Cash Flow Gold Pipeline,nb_cashflow_slv_to_gld,/notebooks/nb_cashflow_slv_to_gld,Cash Flow,GL,DEV,2026-08-17T05:20:38.380Z,2026-08-17T05:21:47.227Z,SUCCESS,SCHEDULE,Fabric,1,1,0,0,0,1,2026-08-17T05:20:13.196Z,519221b9-f777-4eef-a705-f54d38d423fd
202608190459200344,106,P1/P2 Clinical Domain Bronze,pl_execute_Clinical,/pipelines/pl_execute_Clinical,SAMMS,BR,DEV,2026-08-19T04:59:14.355Z,2026-08-19T05:32:54.534Z,SUCCESS,MANUAL,MANUAL,60,60,0,0,0,1,2026-08-19T04:59:14.355Z,05916e11-44cf-456b-ac26-991e7ff5d7aa
202608170608269015,106,P1/P2 Clinical Domain Bronze,pl_execute_Clinical,/pipelines/pl_execute_Clinical,SAMMS,BR,DEV,2026-08-17T06:08:20.894Z,2026-08-17T06:51:40.324Z,SUCCESS,MANUAL,MANUAL,48,48,0,0,0,1,2026-08-17T06:08:20.894Z,83c0f655-df7d-4ce0-a8e7-3e8120951bbc
202608171211598283,106,P1/P2 Clinical Domain Bronze,pl_execute_Clinical,/pipelines/pl_execute_Clinical,SAMMS,BR,DEV,2026-08-17T12:11:55.776Z,2026-08-17T12:41:28.856Z,SUCCESS,MANUAL,MANUAL,60,60,0,0,0,1,2026-08-17T12:11:55.776Z,71c4b27b-8df0-48dd-a1ee-a6ea3a63b852
202608170422215750,106,P1/P2 Clinical Domain Bronze,pl_execute_Clinical,/pipelines/pl_execute_Clinical,SAMMS,BR,DEV,2026-08-17T04:24:20.510Z,2026-08-17T05:07:38.730Z,SUCCESS,MANUAL,MANUAL,48,48,0,0,0,1,2026-08-17T04:24:20.510Z,0b53dc13-182d-4036-9b17-0891eca5f916
202608171031398593,106,P1/P2 Clinical Domain Bronze,pl_execute_Clinical,/pipelines/pl_execute_Clinical,SAMMS,BR,DEV,2026-08-17T10:31:35.703Z,2026-08-17T11:04:16.620Z,SUCCESS,MANUAL,MANUAL,48,48,0,0,0,1,2026-08-17T10:31:35.703Z,16b28601-46b7-41d7-bb6b-81142615d65b
20260820035127,39,KnowBe4 Gold Pipeline,nb_knowbe4_slv_to_gld,/notebooks/nb_knowbe4_slv_to_gld,KNOWBE4,GL,DEV,2026-08-20T06:16:46.427Z,2026-08-20T06:17:53.731Z,SUCCESS,SCHEDULE,Fabric,1,1,0,0,1,2,2026-08-20T06:16:47.757Z,6ebf4f86-a572-46b7-a0b9-e243ddff1ee4
20260826041646,39,KnowBe4 Gold Pipeline,nb_knowbe4_slv_to_gld,/notebooks/nb_knowbe4_slv_to_gld,KNOWBE4,GL,DEV,2026-08-26T04:16:46.139Z,2026-08-26T04:17:52.186Z,SUCCESS,SCHEDULE,Fabric,1,1,0,0,0,1,2026-08-26T04:16:47.708Z,06bf1b3a-2ded-4e3b-ba7f-359214902c18
202608181205621842,119,SAMMS P1/P2 Assessments Silver,pl_p1p2_assessments,BHG-DATA-PLATFORM-CORE-DEV/2_Engineering/3_Orchestration/pl_p1p2_assessments,Bronze Lakehouse,SL,DEV,2026-08-18T12:05:45.094Z,2026-08-18T12:33:42.381Z,SUCCESS,SCHEDULE,Fabric,12,12,0,0,1,1,2026-08-18T12:05:45.094Z,201d97b6-7f87-43f7-a098-fb002daf1faf
202608250343460390,119,SAMMS P1/P2 Assessments Silver,pl_p1p2_assessments,BHG-DATA-PLATFORM-CORE-DEV/2_Engineering/3_Orchestration/pl_p1p2_assessments,Bronze Lakehouse,SL,DEV,2026-08-25T03:43:29.460Z,2026-08-25T04:05:41.190Z,SUCCESS,SCHEDULE,Fabric,12,12,0,0,1,1,2026-08-25T03:43:29.460Z,8c969a39-95ec-4087-9ad3-4a9580887e34
202608171119687420,119,SAMMS P1/P2 Assessments Silver,pl_p1p2_assessments,BHG-DATA-PLATFORM-CORE-DEV/2_Engineering/3_Orchestration/pl_p1p2_assessments,Bronze Lakehouse,SL,DEV,2026-08-17T11:19:52.948Z,2026-08-17T11:48:31.807Z,SUCCESS,SCHEDULE,Fabric,12,12,0,0,1,1,2026-08-17T11:19:52.948Z,50b193b8-c8c8-41b3-8f69-a5e058560d7e
202608151417775641,119,SAMMS P1/P2 Assessments Silver,pl_p1p2_assessments,BHG-DATA-PLATFORM-CORE-DEV/2_Engineering/3_Orchestration/pl_p1p2_assessments,Bronze Lakehouse,SL,DEV,2026-08-15T14:18:02.696Z,2026-08-15T14:38:16.434Z,SKIPPED,SCHEDULE,Fabric,12,11,0,1,0,1,2026-08-15T14:18:02.696Z,556076c4-618a-4487-8b31-ba5017a3c197
202608140725314656,119,SAMMS P1/P2 Assessments Silver,pl_p1p2_assessments,BHG-DATA-PLATFORM-CORE-DEV/2_Engineering/3_Orchestration/pl_p1p2_assessments,Bronze Lakehouse,SL,DEV,2026-08-14T07:25:14.540Z,2026-08-14T07:48:18.310Z,SUCCESS,SCHEDULE,Fabric,12,12,0,0,0,1,2026-08-14T07:25:14.540Z,9e759780-91b7-4e4a-882b-cd4350ec70b7
202608141147762582,119,SAMMS P1/P2 Assessments Silver,pl_p1p2_assessments,BHG-DATA-PLATFORM-CORE-DEV/2_Engineering/3_Orchestration/pl_p1p2_assessments,Bronze Lakehouse,SL,DEV,2026-08-14T11:47:59.792Z,2026-08-14T11:57:32.067Z,SUCCESS,SCHEDULE,Fabric,12,12,0,0,0,1,2026-08-14T11:47:59.792Z,21f5cd31-796d-43ad-806e-67ead954f01a
202608140537510912,119,SAMMS P1/P2 Assessments Silver,pl_p1p2_assessments,BHG-DATA-PLATFORM-CORE-DEV/2_Engineering/3_Orchestration/pl_p1p2_assessments,Bronze Lakehouse,SL,DEV,2026-08-14T05:37:34.349Z,2026-08-14T05:54:31.517Z,SUCCESS,SCHEDULE,Fabric,12,12,0,0,0,1,2026-08-14T05:37:34.349Z,49a6a879-8aad-45bb-887e-905eab5ea9bb
202608150537502637,119,SAMMS P1/P2 Assessments Silver,pl_p1p2_assessments,BHG-DATA-PLATFORM-CORE-DEV/2_Engineering/3_Orchestration/pl_p1p2_assessments,Bronze Lakehouse,SL,DEV,2026-08-15T05:37:35.492Z,2026-08-15T05:57:26.619Z,SUCCESS,SCHEDULE,Fabric,12,12,0,0,0,1,2026-08-15T05:37:35.492Z,92fdec37-a7f1-4589-8ea2-af8b074ddb31
202608141505674909,119,SAMMS P1/P2 Assessments Silver,pl_p1p2_assessments,BHG-DATA-PLATFORM-CORE-DEV/2_Engineering/3_Orchestration/pl_p1p2_assessments,Bronze Lakehouse,SL,DEV,2026-08-14T15:06:25.384Z,2026-08-14T15:20:08.561Z,SUCCESS,SCHEDULE,Fabric,12,12,0,0,0,1,2026-08-14T15:06:25.384Z,7969362d-463a-4985-92c3-d629dd6d5c4e
202608170720464599,119,SAMMS P1/P2 Assessments Silver,pl_p1p2_assessments,BHG-DATA-PLATFORM-CORE-DEV/2_Engineering/3_Orchestration/pl_p1p2_assessments,Bronze Lakehouse,SL,DEV,2026-08-17T07:20:30.471Z,2026-08-17T07:51:54.673Z,SUCCESS,SCHEDULE,Fabric,12,12,0,0,0,1,2026-08-17T07:20:30.471Z,422b71cc-fe6c-4f30-846d-92fb5587d0e9
20260820071441,39,KnowBe4 Gold Pipeline,nb_knowbe4_slv_to_gld,/notebooks/nb_knowbe4_slv_to_gld,KNOWBE4,GL,DEV,2026-08-20T07:14:41.278Z,2026-08-20T07:15:57.134Z,SUCCESS,SCHEDULE,Fabric,1,1,0,0,0,1,2026-08-20T07:14:42.724Z,51c8df81-b91f-4be3-8810-59f3888974f0
20260820031933,39,KnowBe4 Gold Pipeline,nb_knowbe4_slv_to_gld,/notebooks/nb_knowbe4_slv_to_gld,KNOWBE4,GL,DEV,2026-08-20T03:19:33.196Z,2026-08-20T03:20:03.545Z,SUCCESS,SCHEDULE,Fabric,1,0,0,1,0,1,2026-08-20T03:19:34.690Z,299963ea-dd68-481a-af88-cda028aad3c3
20260819180230,39,KnowBe4 Gold Pipeline,nb_knowbe4_slv_to_gld,/notebooks/nb_knowbe4_slv_to_gld,KNOWBE4,GL,DEV,2026-08-19T18:02:30.108Z,2026-08-19T18:03:12.933Z,SUCCESS,SCHEDULE,Fabric,1,0,0,1,0,1,2026-08-19T18:02:36.896Z,4e0529ac-08ae-47c7-bb84-8e2557f3e00d
202608101650436551,25,SAMMS DartsSrv Bronze Pipeline,pl_execute_dartsrv,/pipelines/dartSRV_Pipeline,SAMMS,BR,DEV,2026-08-10T16:50:38.983Z,2026-08-10T17:04:08.335Z,SUCCESS,SCHEDULE,Fabric,1,1,0,0,0,1,2026-08-10T16:50:38.983Z,65578016-529d-4720-bf98-2c3312e01fed
202608241642210597,25,SAMMS DartsSrv Bronze Pipeline,pl_execute_dartsrv,/pipelines/dartSRV_Pipeline,SAMMS,BR,DEV,2026-08-24T16:42:14.936Z,2026-08-24T16:53:57.449Z,SUCCESS,SCHEDULE,Fabric,2,2,0,0,0,1,2026-08-24T16:42:14.936Z,5cf5e7e6-6128-4873-becd-173291142e4e
20260817041401,4,8x8 Bronze Pipeline,pl_8x8_bronze_custom_backfill,/notebooks/nb_8x8_execute,8X8,BR,DEV,2026-08-17T04:14:26.818Z,2026-08-17T04:23:13.657Z,SUCCESS,MANUAL,Developer/Ops,3,3,0,0,0,1,2026-08-17T04:14:14.349Z,05bfb3aa-4a65-44f5-8e9d-867f9caa849a
20260817073853,4,8x8 Bronze Pipeline,pl_8x8_bronze_custom_backfill,/notebooks/nb_8x8_execute,8X8,BR,DEV,2026-08-17T07:39:14.961Z,2026-08-17T07:47:28.692Z,SUCCESS,MANUAL,Developer/Ops,3,3,0,0,0,1,2026-08-17T07:39:04.810Z,3ff82efb-5627-4b07-90b6-91557ea1f939
20260815104057,4,8x8 Bronze Pipeline,pl_8x8_bronze_custom_backfill,/notebooks/nb_8x8_execute,8X8,BR,DEV,2026-08-15T10:41:21.386Z,2026-08-15T11:15:36.499Z,SUCCESS,MANUAL,Developer/Ops,3,3,0,0,0,1,2026-08-15T10:41:10.133Z,2898ad47-3f2c-4db5-b5fc-5329717fcc94
20260814080954,4,8x8 Bronze Pipeline,pl_8x8_bronze_custom_backfill,/notebooks/nb_8x8_execute,8X8,BR,DEV,2026-08-14T08:10:14.652Z,2026-08-14T08:52:44.152Z,SUCCESS,MANUAL,Developer/Ops,3,3,0,0,0,1,2026-08-14T08:10:04.806Z,36ebac0c-26de-4656-ae31-977cae255ad9
20260812104515,117,Patient Services Gold Pipeline,nb_patientservices_slv_to_gld,/notebooks/nb_patientservices_slv_to_gld,Patient Services,GL,DEV,2026-08-12T10:45:15.426Z,,RUNNING,SCHEDULE,Fabric,1,0,0,0,0,1,2026-08-12T10:45:34.093Z,06da4077-0581-4ada-895f-f1648e88cc4b
20260815162904,4,8x8 Bronze Pipeline,pl_8x8_bronze_custom_backfill,/notebooks/nb_8x8_execute,8X8,BR,DEV,2026-08-15T16:29:25.477Z,2026-08-15T17:10:26.758Z,SUCCESS,MANUAL,Developer/Ops,3,3,0,0,0,1,2026-08-15T16:29:15.868Z,4bfd62cb-cdb1-43b0-9906-0c9977c047bd
20260815044645,4,8x8 Bronze Pipeline,pl_8x8_bronze_custom_backfill,/notebooks/nb_8x8_execute,8X8,BR,DEV,2026-08-15T04:47:07.110Z,2026-08-15T05:28:29.504Z,SUCCESS,MANUAL,Developer/Ops,3,3,0,0,0,1,2026-08-15T04:46:56.375Z,6517d2eb-46fa-4d72-8ea4-8ae23e1d30a8
20260817044355,4,8x8 Bronze Pipeline,pl_8x8_bronze_custom_backfill,/notebooks/nb_8x8_execute,8X8,BR,DEV,2026-08-17T04:44:36.632Z,2026-08-17T04:52:38.042Z,SUCCESS,MANUAL,Developer/Ops,3,3,0,0,0,1,2026-08-17T04:44:17.251Z,52164ce0-edd4-4190-aa47-6fab94475a01
20260812090134,117,Patient Services Gold Pipeline,nb_patientservices_slv_to_gld,/notebooks/nb_patientservices_slv_to_gld,Patient Services,GL,DEV,2026-08-12T10:26:48.996Z,,RUNNING,SCHEDULE,Fabric,1,0,0,0,1,2,2026-08-12T10:26:55.486Z,70e97e1a-3a6b-47da-8e16-7a0b9c2ac95a
20260825025308,1,UKG Bronze Pipeline,nb_ukg_src_to_brz,BHG-DATA-PLATFORM-CORE-DEV/2_Engineering/2_Transformation/UKG/nb_ukg_src_to_brz,UKG,BR,DEV,2026-08-25T02:53:08.899Z,2026-08-25T02:57:46.357Z,SUCCESS,SCHEDULE,Fabric,8,8,0,0,0,1,2026-08-25T02:53:10.637Z,6ee9c1fc-1bc7-4a37-a063-1dfebdad8409
20260810052749,1,UKG Bronze Pipeline,nb_ukg_src_to_brz,BHG-DATA-PLATFORM-CORE-DEV/2_Engineering/2_Transformation/UKG/nb_ukg_src_to_brz,UKG,BR,DEV,2026-08-10T05:27:49.653Z,2026-08-10T05:33:23.483Z,SUCCESS,SCHEDULE,Fabric,8,8,0,0,0,1,2026-08-10T05:27:51.243Z,3848d083-d62d-4230-a484-06d335ca9baa
20260811084116,1,UKG Bronze Pipeline,nb_ukg_src_to_brz,BHG-DATA-PLATFORM-CORE-DEV/2_Engineering/2_Transformation/UKG/nb_ukg_src_to_brz,UKG,BR,DEV,2026-08-11T08:41:16.347Z,2026-08-11T08:51:11.467Z,SUCCESS,SCHEDULE,Fabric,8,8,0,0,0,1,2026-08-11T08:41:18.056Z,0fc9623f-ac58-4aee-8aa3-3afbc5271078
20260811085336,2,UKG Silver Pipeline,nb_ukg_brz_to_slv,BHG-DATA-PLATFORM-CORE-DEV/2_Engineering/2_Transformation/UKG/nb_ukg_brz_to_slv,UKG,SL,DEV,2026-08-11T08:53:36.961Z,2026-08-11T09:03:24.820Z,SUCCESS,SCHEDULE,Fabric,8,8,0,0,0,1,2026-08-11T08:53:46.930Z,0fc9623f-ac58-4aee-8aa3-3afbc5271078
20260810053454,2,UKG Silver Pipeline,nb_ukg_brz_to_slv,BHG-DATA-PLATFORM-CORE-DEV/2_Engineering/2_Transformation/UKG/nb_ukg_brz_to_slv,UKG,SL,DEV,2026-08-10T05:34:54.631Z,2026-08-10T05:40:33.128Z,SUCCESS,SCHEDULE,Fabric,8,8,0,0,0,1,2026-08-10T05:34:55.943Z,3848d083-d62d-4230-a484-06d335ca9baa
20260812041027,2,UKG Silver Pipeline,nb_ukg_brz_to_slv,BHG-DATA-PLATFORM-CORE-DEV/2_Engineering/2_Transformation/UKG/nb_ukg_brz_to_slv,UKG,SL,DEV,2026-08-12T04:10:27.866Z,2026-08-12T04:17:27.561Z,SUCCESS,SCHEDULE,Fabric,8,8,0,0,0,1,2026-08-12T04:10:43.578Z,5887a7ec-8e8e-4ea8-ac1e-92a68946509a
20260825025926,2,UKG Silver Pipeline,nb_ukg_brz_to_slv,BHG-DATA-PLATFORM-CORE-DEV/2_Engineering/2_Transformation/UKG/nb_ukg_brz_to_slv,UKG,SL,DEV,2026-08-25T02:59:26.486Z,2026-08-25T03:03:42.296Z,SUCCESS,SCHEDULE,Fabric,8,8,0,0,0,1,2026-08-25T02:59:31.309Z,6ee9c1fc-1bc7-4a37-a063-1dfebdad8409
20260812040001,1,UKG Bronze Pipeline,nb_ukg_src_to_brz,BHG-DATA-PLATFORM-CORE-DEV/2_Engineering/2_Transformation/UKG/nb_ukg_src_to_brz,UKG,BR,DEV,2026-08-12T04:00:01.431Z,2026-08-12T04:08:47.218Z,SUCCESS,SCHEDULE,Fabric,8,8,0,0,0,1,2026-08-12T04:00:04.594Z,5887a7ec-8e8e-4ea8-ac1e-92a68946509a
202608201258208173,47,SAMMS P1 Finance Silver Pipeline,nb_p1_finance_bronze_to_silver,/notebooks/nb_p1_finance_bronze_to_silver,SAMMS,SL,DEV,2026-08-20T12:58:05.156Z,2026-08-20T14:29:05.372Z,SUCCESS,SCHEDULE,Fabric,14,14,0,0,0,1,2026-08-20T12:58:05.156Z,5f0dd8ad-486e-4238-8933-2b89499a6e18
202608181250309442,47,SAMMS P1 Finance Silver Pipeline,nb_p1_finance_bronze_to_silver,/notebooks/nb_p1_finance_bronze_to_silver,SAMMS,SL,DEV,2026-08-18T12:50:14.441Z,2026-08-18T13:19:06.960Z,SUCCESS,SCHEDULE,Fabric,14,14,0,0,0,1,2026-08-18T12:50:14.441Z,03823c35-021d-4cc9-8374-59681a542f1d
202608181342362706,47,SAMMS P1 Finance Silver Pipeline,nb_p1_finance_bronze_to_silver,/notebooks/nb_p1_finance_bronze_to_silver,SAMMS,SL,DEV,2026-08-18T13:42:20.909Z,2026-08-18T14:12:20.441Z,SUCCESS,SCHEDULE,Fabric,14,14,0,0,0,1,2026-08-18T13:42:20.909Z,2b16abcf-416f-4fd8-80a9-0aa52ca66e5c
202608251428452600,47,SAMMS P1 Finance Silver Pipeline,nb_p1_finance_bronze_to_silver,/notebooks/nb_p1_finance_bronze_to_silver,SAMMS,SL,DEV,2026-08-25T14:28:29.680Z,2026-08-25T14:54:52.198Z,SUCCESS,SCHEDULE,Fabric,14,14,0,0,0,1,2026-08-25T14:28:29.680Z,5e789551-b18e-4745-8526-2b8db3ceeb01
202608141444243611,47,SAMMS P1 Finance Silver Pipeline,nb_p1_finance_bronze_to_silver,/notebooks/nb_p1_finance_bronze_to_silver,SAMMS,SL,DEV,2026-08-14T14:44:07.957Z,2026-08-14T15:10:07.184Z,SUCCESS,SCHEDULE,Fabric,14,14,0,0,0,1,2026-08-14T14:44:07.957Z,1c123384-c339-4954-be1f-3a8d150ebb14
202608261657310989,47,SAMMS P1 Finance Silver Pipeline,nb_p1_finance_bronze_to_silver,/notebooks/nb_p1_finance_bronze_to_silver,SAMMS,SL,DEV,2026-08-26T16:57:14.640Z,2026-08-26T17:29:23.845Z,SUCCESS,SCHEDULE,Fabric,14,14,0,0,0,1,2026-08-26T16:57:14.640Z,7a1b4484-4dc4-4e48-b51b-e78359ce9673
202608201013630447,47,SAMMS P1 Finance Silver Pipeline,nb_p1_finance_bronze_to_silver,/notebooks/nb_p1_finance_bronze_to_silver,SAMMS,SL,DEV,2026-08-20T10:13:46.508Z,2026-08-20T10:39:58.593Z,SKIPPED,SCHEDULE,Fabric,14,13,0,1,0,1,2026-08-20T10:13:46.508Z,069e8d01-766c-4679-b3df-c21f4d7bc3d1
202608170551356420,47,SAMMS P1 Finance Silver Pipeline,nb_p1_finance_bronze_to_silver,/notebooks/nb_p1_finance_bronze_to_silver,SAMMS,SL,DEV,2026-08-17T05:51:19.670Z,2026-08-17T06:18:16.923Z,SUCCESS,SCHEDULE,Fabric,14,14,0,0,0,1,2026-08-17T05:51:19.670Z,09d84bc7-e629-48a4-a32a-826b207e96d1
202608251517689120,47,SAMMS P1 Finance Silver Pipeline,nb_p1_finance_bronze_to_silver,/notebooks/nb_p1_finance_bronze_to_silver,SAMMS,SL,DEV,2026-08-25T15:17:54.085Z,2026-08-25T15:42:32.784Z,SUCCESS,SCHEDULE,Fabric,14,14,0,0,0,1,2026-08-25T15:17:54.085Z,04d587cb-fd28-4f28-a572-c158aa92fa98
202608200240773824,47,SAMMS P1 Finance Silver Pipeline,nb_p1_finance_bronze_to_silver,/notebooks/nb_p1_finance_bronze_to_silver,SAMMS,SL,DEV,2026-08-20T02:41:01.011Z,2026-08-20T03:07:47.624Z,SUCCESS,SCHEDULE,Fabric,14,14,0,0,0,1,2026-08-20T02:41:01.011Z,05c5c70e-2926-4311-8f49-65b9279948a3
202608221042112981,85,SAMMS INV Bronze Pipeline,pl_inv,BHG-DATA-PLATFORM-CORE-DEV/2_Engineering/3_Orchestration/pl_inv,SAMMS,BR,DEV,2026-08-22T10:42:04.638Z,2026-08-22T11:17:05.472Z,FAILED,SCHEDULE,Fabric,240,230,10,0,0,1,2026-08-22T10:42:04.638Z,28d7acf5-bc26-4be3-b390-775b9af3d980
202608210159223552,82,Salesforce Bronze Pipeline,nb_salesforce_src_to_brz,/notebooks/nb_salesforce_execute,SALESFORCE,BR,DEV,2026-08-21T01:59:22.355Z,2026-08-21T02:04:54.872Z,SUCCESS,SCHEDULE,Fabric,10,10,0,0,0,1,2026-08-21T01:59:23.744Z,6e633944-6270-4167-9c27-2b58aaa91b88
202608201542593057,82,Salesforce Bronze Pipeline,nb_salesforce_src_to_brz,/notebooks/nb_salesforce_execute,SALESFORCE,BR,DEV,2026-08-20T15:42:59.305Z,2026-08-20T15:48:15.467Z,SUCCESS,SCHEDULE,Fabric,10,10,0,0,0,1,2026-08-20T15:43:00.969Z,95538f17-9d82-404e-9e3f-d1777714a921
202608141102115386,82,Salesforce Bronze Pipeline,nb_salesforce_src_to_brz,/notebooks/nb_salesforce_execute,SALESFORCE,BR,DEV,2026-08-14T11:02:11.538Z,2026-08-14T11:07:46.006Z,SUCCESS,SCHEDULE,Fabric,10,10,0,0,0,1,2026-08-14T11:02:13.048Z,65af9a38-d304-499c-abe3-51037aa67f0b
202608171005421194,82,Salesforce Bronze Pipeline,nb_salesforce_src_to_brz,/notebooks/nb_salesforce_execute,SALESFORCE,BR,DEV,2026-08-17T13:23:49.329Z,2026-08-17T13:27:10.892Z,SUCCESS,SCHEDULE,Fabric,10,10,0,0,1,2,2026-08-17T13:23:51.462Z,1cdba2b7-2cc0-4832-97e7-304e1a700c17
202608201737362918,82,Salesforce Bronze Pipeline,nb_salesforce_src_to_brz,/notebooks/nb_salesforce_execute,SALESFORCE,BR,DEV,2026-08-20T17:37:36.292Z,2026-08-20T17:42:44.739Z,SUCCESS,SCHEDULE,Fabric,10,10,0,0,0,1,2026-08-20T17:37:39.003Z,635224f3-f193-4ab0-a06c-8d0fbf5d6c6d
202608201638083197,82,Salesforce Bronze Pipeline,nb_salesforce_src_to_brz,/notebooks/nb_salesforce_execute,SALESFORCE,BR,DEV,2026-08-20T16:38:08.319Z,2026-08-20T16:42:46.171Z,SUCCESS,SCHEDULE,Fabric,10,10,0,0,0,1,2026-08-20T16:38:09.935Z,4ed56315-bafe-4059-9903-76e756bd89c4
202608211031030755,82,Salesforce Bronze Pipeline,nb_salesforce_src_to_brz,/notebooks/nb_salesforce_execute,SALESFORCE,BR,DEV,2026-08-21T10:31:03.075Z,2026-08-21T10:35:48.404Z,SUCCESS,SCHEDULE,Fabric,10,10,0,0,0,1,2026-08-21T10:31:05.044Z,45603680-296f-4487-82f1-f8045d5f38e1
202608101650536551,26,SAMMS DartsSrv Silver Pipeline,pl_execute_dartsrv,/notebooks/nb_darts_bronze_to_silver,Lakehouse,SL,DEV,2026-08-10T16:50:38.983Z,2026-08-10T17:07:52.278Z,SUCCESS,SCHEDULE,Fabric,1,1,0,0,0,1,2026-08-10T16:50:38.983Z,65578016-529d-4720-bf98-2c3312e01fed
202608241642310597,26,SAMMS DartsSrv Silver Pipeline,pl_execute_dartsrv,/notebooks/nb_darts_bronze_to_silver,Lakehouse,SL,DEV,2026-08-24T16:42:14.936Z,2026-08-24T16:54:59.043Z,SUCCESS,SCHEDULE,Fabric,1,1,0,0,0,1,2026-08-24T16:42:14.936Z,5cf5e7e6-6128-4873-becd-173291142e4e
202608270434470866,114,CDC Bronze Pipeline,pl_inv,BHG-DATA-PLATFORM-CORE-DEV/2_Engineering/3_Orchestration/pl_inv,SAMMS,BR,DEV,2026-08-27T04:34:40.525Z,2026-08-27T04:49:26.007Z,SUCCESS,SCHEDULE,Fabric,3,3,0,0,0,1,2026-08-27T04:34:40.525Z,2e7c859c-0cb2-4a04-88a8-b5f0cad3f58f
202608260434246982,114,CDC Bronze Pipeline,pl_inv,BHG-DATA-PLATFORM-CORE-DEV/2_Engineering/3_Orchestration/pl_inv,SAMMS,BR,DEV,2026-08-26T04:34:18.331Z,2026-08-26T04:42:54.092Z,SUCCESS,SCHEDULE,Fabric,3,3,0,0,0,1,2026-08-26T04:34:18.331Z,5187609b-db66-42e3-9436-fcfeae3ae564
202608181856344656,114,CDC Bronze Pipeline,pl_inv,BHG-DATA-PLATFORM-CORE-DEV/2_Engineering/3_Orchestration/pl_inv,SAMMS,BR,DEV,2026-08-18T18:56:29.441Z,2026-08-18T19:08:28.742Z,SUCCESS,SCHEDULE,Fabric,3,3,0,0,0,1,2026-08-18T18:56:29.441Z,8b420868-3d73-418b-b30b-805fea2baba5
20260622101851,79,Absolute Bronze Inventory Pipeline,nb_absolute_src_to_brz,/notebooks/nb_absolute_execute,Absolute,BR,DEV,2026-08-17T04:42:00.435Z,2026-08-17T04:43:07.272Z,SUCCESS,SCHEDULED,Fabric,1,1,0,0,1,2,2026-08-17T04:42:01.723Z,1af9a41e-9125-485a-8041-26d6cee05acd
20260812112527,79,Absolute Bronze Inventory Pipeline,nb_absolute_src_to_brz,/notebooks/nb_absolute_execute,Absolute,BR,DEV,2026-08-12T11:25:27.027Z,2026-08-12T11:29:44.788Z,SUCCESS,SCHEDULED,Fabric,1,1,0,0,0,1,2026-08-12T11:25:31.768Z,3294ab87-05f1-4b6e-93e9-0049786e91cf
20260812113213,80,Absolute Silver Inventory Pipeline,nb_absolute_brz_to_slv,/notebooks/nb_absolute_execute,Absolute,SL,DEV,2026-08-12T11:32:13.771Z,2026-08-12T11:36:59.566Z,SUCCESS,SCHEDULED,Fabric,1,1,0,0,0,1,2026-08-12T11:32:32.711Z,3294ab87-05f1-4b6e-93e9-0049786e91cf
202608150818522823,83,Salesforce Silver Pipeline,nb_salesforce_brz_to_slv,/notebooks/nb_salesforce_brz_to_slv,SALESFORCE,SL,DEV,2026-08-15T08:18:52.282Z,2026-08-15T08:26:08.821Z,FAILED,SCHEDULE,Fabric,10,9,1,0,0,1,2026-08-15T08:18:55.689Z,749d5262-86ff-40e0-8a86-2235f2d6051c
202608201136586561,83,Salesforce Silver Pipeline,nb_salesforce_brz_to_slv,/notebooks/nb_salesforce_brz_to_slv,SALESFORCE,SL,DEV,2026-08-20T11:36:58.656Z,2026-08-20T11:39:32.949Z,FAILED,SCHEDULE,Fabric,10,1,0,9,0,1,2026-08-20T11:37:00.542Z,79156e84-8509-4e63-a064-b4b0873a2a40
202608171018106132,83,Salesforce Silver Pipeline,nb_salesforce_brz_to_slv,/notebooks/nb_salesforce_brz_to_slv,SALESFORCE,SL,DEV,2026-08-17T13:32:07.984Z,2026-08-17T13:36:26.817Z,FAILED,SCHEDULE,Fabric,10,9,1,0,1,2,2026-08-17T13:32:10.284Z,1cdba2b7-2cc0-4832-97e7-304e1a700c17
202608171018106132,83,Salesforce Silver Pipeline,nb_salesforce_brz_to_slv,/notebooks/nb_salesforce_brz_to_slv,SALESFORCE,SL,DEV,2026-08-17T10:18:10.613Z,2026-08-17T10:25:27.667Z,FAILED,SCHEDULE,Fabric,10,9,0,1,0,1,2026-08-17T10:18:14.105Z,7037e752-f6e1-4d8a-bc47-4e70a4e83a16
202608100934367074,85,SAMMS INV Bronze Pipeline,pl_inv,BHG-DATA-PLATFORM-CORE-DEV/2_Engineering/3_Orchestration/pl_inv,SAMMS,BR,DEV,2026-08-10T09:34:30.305Z,2026-08-10T09:52:45.931Z,SUCCESS,SCHEDULE,Fabric,48,48,0,0,0,1,2026-08-10T09:34:30.305Z,6ef3fd30-03b0-4dcd-9022-3df447f4d036
20260828070842,121,OffWeek Counseling Silver Pipeline,nb_offweekcounseling_slv_to_,/notebooks/nb_offweekcounseling_slv_to_,OffWeek Counseling,SL,DEV,2026-08-28T07:08:42.874Z,2026-08-28T07:08:42.874Z,FAILED,SCHEDULED,Fabric,1,0,1,0,0,1,2026-08-28T07:08:42.874Z,3712096e-e902-48ff-a2cc-1e6231386237
202608251925673776,86,SAMMS INV Silver Pipeline,pl_inv,BHG-DATA-PLATFORM-CORE-DEV/2_Engineering/3_Orchestration/pl_inv,Bronze Lakehouse,SL,DEV,2026-08-25T19:25:52.164Z,2026-08-25T21:24:39.404Z,FAILED,SCHEDULE,Fabric,24,23,1,0,0,1,2026-08-25T19:25:52.164Z,7eb7a049-5d17-4a23-bb2f-3b9c445afd32
202608261955398282,86,SAMMS INV Silver Pipeline,pl_inv,BHG-DATA-PLATFORM-CORE-DEV/2_Engineering/3_Orchestration/pl_inv,Bronze Lakehouse,SL,DEV,2026-08-26T19:55:24.180Z,2026-08-26T22:12:16.516Z,FAILED,SCHEDULE,Fabric,24,23,1,0,0,1,2026-08-26T19:55:24.180Z,20846baf-2fe5-403c-85d4-31520e88a3ce
202608232010468283,86,SAMMS INV Silver Pipeline,pl_inv,BHG-DATA-PLATFORM-CORE-DEV/2_Engineering/3_Orchestration/pl_inv,Bronze Lakehouse,SL,DEV,2026-08-23T20:10:31.203Z,2026-08-23T22:17:18.970Z,FAILED,SCHEDULE,Fabric,24,23,1,0,0,1,2026-08-23T20:10:31.203Z,955211d4-28b8-44a0-8023-2bfaa48d6721
20260819173753,92,Silver Conferdeploy,nb_conferdeploy_brz_to_slv,/notebooks/nb_conferdeploy_silver_transformations,Conferdeploy,SL,DEV,2026-08-19T17:38:04.068Z,2026-08-19T17:38:25.169Z,SUCCESS,SCHEDULED,Fabric,1,1,0,0,0,1,2026-08-19T17:37:55.396Z,524d77ff-a682-4916-9dc7-dd9b03654f88
20260819155726,92,Silver Conferdeploy,nb_conferdeploy_brz_to_slv,/notebooks/nb_conferdeploy_silver_transformations,Conferdeploy,SL,DEV,2026-08-19T15:57:26.890Z,2026-08-19T15:58:13.380Z,SUCCESS,SCHEDULED,Fabric,1,1,0,0,0,1,2026-08-19T15:57:28.122Z,70375d96-6ad0-4ecf-ab3c-8dd1fbb1f757
202608280435622011,115,CDC Silver Pipeline,pl_inv,BHG-DATA-PLATFORM-CORE-DEV/2_Engineering/3_Orchestration/pl_inv,Bronze Lakehouse,SL,DEV,2026-08-28T04:35:46.116Z,2026-08-28T04:49:07.009Z,SUCCESS,SCHEDULE,Fabric,1,1,0,0,0,1,2026-08-28T04:35:46.116Z,60ff5281-bdb1-466d-9e29-0c58e613d194
20260817051213,81,Absolute Gold Inventory Pipeline,nb_absolute_slv_to_gld,/notebooks/nb_absolute_execute,Absolute,GL,DEV,2026-08-17T05:12:13.992Z,2026-08-17T05:12:36.878Z,SUCCESS,SCHEDULED,Fabric,1,0,0,1,0,1,2026-08-17T05:12:15.776Z,4300b874-eb47-449c-9d38-f629beccfecd
20260817053232,81,Absolute Gold Inventory Pipeline,nb_absolute_slv_to_gld,/notebooks/nb_absolute_execute,Absolute,GL,DEV,2026-08-17T05:32:32.177Z,2026-08-17T05:33:25.676Z,SUCCESS,SCHEDULED,Fabric,1,1,0,0,0,1,2026-08-17T05:32:34.097Z,7df5bc5f-d487-47dc-af47-8642d74e8059
202608201140451356,84,Salesforce Gold Pipeline,nb_salesforce_slv_to_gld,/notebooks/nb_salesforce_slv_to_gld,SALESFORCE,GL,DEV,2026-08-20T11:40:45.135Z,2026-08-20T11:44:43.268Z,FAILED,SCHEDULE,Fabric,18,1,0,17,0,1,2026-08-20T11:40:46.774Z,79156e84-8509-4e63-a064-b4b0873a2a40
202608141121345444,84,Salesforce Gold Pipeline,nb_salesforce_slv_to_gld,/notebooks/nb_salesforce_slv_to_gld,SALESFORCE,GL,DEV,2026-08-15T06:46:54.856Z,2026-08-15T06:51:55.227Z,FAILED,SCHEDULE,Fabric,18,15,1,2,1,3,2026-08-15T06:46:56.302Z,4b120bb3-f1e6-442e-8114-0fadc28f6b49
202608141121345444,84,Salesforce Gold Pipeline,nb_salesforce_slv_to_gld,/notebooks/nb_salesforce_slv_to_gld,SALESFORCE,GL,DEV,2026-08-15T07:44:43.709Z,2026-08-15T07:49:50.632Z,FAILED,SCHEDULE,Fabric,18,15,1,2,1,4,2026-08-15T07:44:45.054Z,7aeef17f-6a83-4892-911d-f2c8473c9ddd
202608141121345444,84,Salesforce Gold Pipeline,nb_salesforce_slv_to_gld,/notebooks/nb_salesforce_slv_to_gld,SALESFORCE,GL,DEV,2026-08-14T11:21:34.544Z,2026-08-14T11:36:18.310Z,FAILED,SCHEDULE,Fabric,18,15,1,2,0,1,2026-08-14T11:21:38.347Z,65af9a38-d304-499c-abe3-51037aa67f0b
202608171026319654,84,Salesforce Gold Pipeline,nb_salesforce_slv_to_gld,/notebooks/nb_salesforce_slv_to_gld,SALESFORCE,GL,DEV,2026-08-17T10:26:31.965Z,2026-08-17T10:36:35.725Z,FAILED,SCHEDULE,Fabric,18,15,0,3,0,1,2026-08-17T10:26:34.488Z,7037e752-f6e1-4d8a-bc47-4e70a4e83a16
202608141121345444,84,Salesforce Gold Pipeline,nb_salesforce_slv_to_gld,/notebooks/nb_salesforce_slv_to_gld,SALESFORCE,GL,DEV,2026-08-15T08:27:41.047Z,2026-08-15T08:32:30.206Z,FAILED,SCHEDULE,Fabric,18,13,1,4,1,5,2026-08-15T08:27:42.143Z,749d5262-86ff-40e0-8a86-2235f2d6051c
202608211048467468,84,Salesforce Gold Pipeline,nb_salesforce_slv_to_gld,/notebooks/nb_salesforce_slv_to_gld,SALESFORCE,GL,DEV,2026-08-21T10:48:46.746Z,2026-08-21T10:58:14.272Z,FAILED,SCHEDULE,Fabric,18,17,1,0,0,1,2026-08-21T10:48:47.902Z,45603680-296f-4487-82f1-f8045d5f38e1
202608171026319654,84,Salesforce Gold Pipeline,nb_salesforce_slv_to_gld,/notebooks/nb_salesforce_slv_to_gld,SALESFORCE,GL,DEV,2026-08-17T13:37:48.593Z,2026-08-17T13:44:15.969Z,FAILED,SCHEDULE,Fabric,18,15,0,3,1,2,2026-08-17T13:37:50.137Z,1cdba2b7-2cc0-4832-97e7-304e1a700c17
202608171211698283,107,P1/P2 Clinical Domain Silver,pl_execute_Clinical,/pipelines/pl_execute_Clinical,BRONZE LAKEHOUSE,SL,DEV,2026-08-17T12:11:55.776Z,2026-08-17T12:45:40.941Z,SUCCESS,MANUAL,MANUAL,15,15,0,0,0,1,2026-08-17T12:11:55.776Z,71c4b27b-8df0-48dd-a1ee-a6ea3a63b852
202608180834632768,107,P1/P2 Clinical Domain Silver,pl_execute_Clinical,/pipelines/pl_execute_Clinical,BRONZE LAKEHOUSE,SL,DEV,2026-08-18T08:34:49.348Z,2026-08-18T09:09:15.046Z,SUCCESS,MANUAL,MANUAL,15,15,0,0,0,1,2026-08-18T08:34:49.348Z,08f45940-4fba-4d40-8013-5941939f8b2e
20260814031949,96,chatmeter Gold Pipeline,nb_chatmeter_slv_to_gld,/notebooks/nb_chatmeter_slv_to_gld,Chatmeter,GL,DEV,2026-08-14T03:19:49.000Z,2026-08-14T03:20:38.000Z,SUCCESS,SCHEDULE,Fabric,1,1,0,0,0,1,2026-08-14T03:19:50.497Z,8f130ade-f940-4ab7-88a3-def4adf9c0ce
20260814110100,109,Cash Flow Bronze Pipeline,nb_cashflow_src_to_brz,/notebooks/nb_cashflow_src_to_brz,Cash Flow,BR,DEV,2026-08-14T11:01:18.751Z,2026-08-14T11:11:02.166Z,FAILED,SCHEDULE,Fabric,4,3,1,0,0,1,2026-08-14T11:01:05.813Z,316e02be-3a9a-4c93-8ef8-ecca66ba18c5
20260814075328,110,Cash Flow Silver Pipeline,nb_cashflow_brz_to_slv,/notebooks/nb_cashflow_brz_to_slv,Cash Flow,SL,DEV,2026-08-14T07:53:49.867Z,2026-08-14T07:54:05.670Z,FAILED,SCHEDULE,Fabric,1,0,1,0,0,1,2026-08-14T07:53:31.782Z,2b76f80f-940a-42f8-ba7f-a8bff776f2f4
20260814075328,110,Cash Flow Silver Pipeline,nb_cashflow_brz_to_slv,/notebooks/nb_cashflow_brz_to_slv,Cash Flow,SL,DEV,2026-08-14T07:53:49.867Z,2026-08-14T10:28:27.660Z,FAILED,SCHEDULE,Fabric,1,0,1,0,1,4,2026-08-14T10:27:28.849Z,0a17833d-2f2d-4705-abc5-4f15042beb2c
20260814100213,109,Cash Flow Bronze Pipeline,nb_cashflow_src_to_brz,/notebooks/nb_cashflow_src_to_brz,Cash Flow,BR,DEV,2026-08-14T10:02:36.303Z,2026-08-14T10:11:47.625Z,FAILED,SCHEDULE,Fabric,4,3,1,0,0,1,2026-08-14T10:02:17.240Z,06018e17-471e-496d-b3c3-22a4b000055f
20260820054428,40,ZOOM API Bronze Pipeline,nb_zoom_src_to_brz,/notebooks/nb_zoomapi_bronze,Zoom,BR,DEV,2026-08-20T05:44:28.000Z,2026-08-20T05:51:03.000Z,SUCCESS,SCHEDULE,Fabric,6,6,0,0,0,1,2026-08-20T05:44:30.137Z,4af62a8a-1c5f-4dad-c48-dc1asdgh56098767899
20260824094126,129,Azure Sql Python Silver,pl_azure_sql_python,/pipelines/pl_Azure_Sql_Python,Azure_Sql,SL,DEV,2026-08-24T09:41:26.130Z,2026-08-24T09:43:41.277Z,FAILED,MANUAL,MANUAL,2,0,2,0,0,1,2026-08-24T09:41:26.130Z,713fae33-277e-44b8-ab5b-2c26174abb4c
20260820035135,40,ZOOM API Bronze Pipeline,nb_zoom_src_to_brz,/notebooks/nb_zoomapi_bronze,Zoom,BR,DEV,2026-08-20T03:51:35.000Z,2026-08-20T04:02:42.000Z,SUCCESS,SCHEDULE,Fabric,6,6,0,0,0,1,2026-08-20T03:51:37.236Z,4af62a8a-1c5f-4dad-c48-dc1asdgh56adr09
202608181250209442,46,SAMMS P1 Finance Bronze Pipeline,pl_p1_finance,/pipelines/pl_p1_finance,SAMMS,BR,DEV,2026-08-18T12:50:14.441Z,2026-08-18T13:14:57.082Z,SUCCESS,SCHEDULE,Fabric,56,56,0,0,0,1,2026-08-18T12:50:14.441Z,03823c35-021d-4cc9-8374-59681a542f1d
202608261657210989,46,SAMMS P1 Finance Bronze Pipeline,pl_p1_finance,/pipelines/pl_p1_finance,SAMMS,BR,DEV,2026-08-26T16:57:14.640Z,2026-08-26T17:25:32.850Z,SUCCESS,SCHEDULE,Fabric,14,14,0,0,0,1,2026-08-26T16:57:14.640Z,7a1b4484-4dc4-4e48-b51b-e78359ce9673
202608170551256420,46,SAMMS P1 Finance Bronze Pipeline,pl_p1_finance,/pipelines/pl_p1_finance,SAMMS,BR,DEV,2026-08-17T05:51:19.670Z,2026-08-17T06:14:37.707Z,SUCCESS,SCHEDULE,Fabric,56,56,0,0,0,1,2026-08-17T05:51:19.670Z,09d84bc7-e629-48a4-a32a-826b207e96d1
202608200240673824,46,SAMMS P1 Finance Bronze Pipeline,pl_p1_finance,/pipelines/pl_p1_finance,SAMMS,BR,DEV,2026-08-20T02:41:01.011Z,2026-08-20T03:03:05.647Z,SUCCESS,SCHEDULE,Fabric,56,56,0,0,0,1,2026-08-20T02:41:01.011Z,05c5c70e-2926-4311-8f49-65b9279948a3
202608251428352600,46,SAMMS P1 Finance Bronze Pipeline,pl_p1_finance,/pipelines/pl_p1_finance,SAMMS,BR,DEV,2026-08-25T14:28:29.680Z,2026-08-25T14:49:58.125Z,SUCCESS,SCHEDULE,Fabric,28,28,0,0,0,1,2026-08-25T14:28:29.680Z,5e789551-b18e-4745-8526-2b8db3ceeb01
202608251517589120,46,SAMMS P1 Finance Bronze Pipeline,pl_p1_finance,/pipelines/pl_p1_finance,SAMMS,BR,DEV,2026-08-25T15:17:54.085Z,2026-08-25T15:39:43.398Z,SUCCESS,SCHEDULE,Fabric,14,14,0,0,0,1,2026-08-25T15:17:54.085Z,04d587cb-fd28-4f28-a572-c158aa92fa98
202608181342262706,46,SAMMS P1 Finance Bronze Pipeline,pl_p1_finance,/pipelines/pl_p1_finance,SAMMS,BR,DEV,2026-08-18T13:42:20.909Z,2026-08-18T14:07:52.171Z,SUCCESS,SCHEDULE,Fabric,56,56,0,0,0,1,2026-08-18T13:42:20.909Z,2b16abcf-416f-4fd8-80a9-0aa52ca66e5c
202608201258108173,46,SAMMS P1 Finance Bronze Pipeline,pl_p1_finance,/pipelines/pl_p1_finance,SAMMS,BR,DEV,2026-08-20T12:58:05.156Z,2026-08-20T14:28:50.162Z,FAILED,SCHEDULE,Fabric,1616,1615,1,0,0,1,2026-08-20T12:58:05.156Z,5f0dd8ad-486e-4238-8933-2b89499a6e18
202608251629736804,89,SAMMS P1 Reference Silver Pipeline,nb_p1_reference_bronze_to_silver,/notebooks/nb_p1_reference_bronze_to_silver,SAMMS,SL,DEV,2026-08-25T16:29:57.483Z,2026-08-25T16:53:14.145Z,SUCCESS,SCHEDULE,Fabric,9,9,0,0,0,1,2026-08-25T16:29:57.483Z,6d78ce37-8c21-4519-a454-1e5ee4a84a47
202608212020790709,89,SAMMS P1 Reference Silver Pipeline,nb_p1_reference_bronze_to_silver,/notebooks/nb_p1_reference_bronze_to_silver,SAMMS,SL,DEV,2026-08-21T20:21:02.993Z,2026-08-21T21:05:02.453Z,SUCCESS,SCHEDULE,Fabric,9,9,0,0,0,1,2026-08-21T20:21:02.993Z,8488c727-7e26-424c-b4ea-f3ce6564dbed
202608241408271802,89,SAMMS P1 Reference Silver Pipeline,nb_p1_reference_bronze_to_silver,/notebooks/nb_p1_reference_bronze_to_silver,SAMMS,SL,DEV,2026-08-24T14:08:10.919Z,2026-08-24T15:04:09.386Z,SKIPPED,SCHEDULE,Fabric,9,1,0,8,0,1,2026-08-24T14:08:10.919Z,6c7532c9-dcb1-40a3-beaa-690039713dec
20260822071517,103,Active Directory Bronze Pipeline,nb_activedirectory_src_to_brz,BHG-DATA-PLATFORM-CORE-DEV/2_Engineering/2_Transformation/ActiveDirectory/nb_activedirectory_src_to_brz,Active Directory,BR,DEV,2026-08-22T07:15:17.083Z,2026-08-22T07:16:15.685Z,SUCCESS,SCHEDULE,Fabric,1,1,0,0,0,1,2026-08-22T07:15:17.083Z,95c2ec9d-55ec-443a-9357-986a8e625f38
20260823165024,103,Active Directory Bronze Pipeline,nb_activedirectory_src_to_brz,BHG-DATA-PLATFORM-CORE-DEV/2_Engineering/2_Transformation/ActiveDirectory/nb_activedirectory_src_to_brz,Active Directory,BR,DEV,2026-08-24T08:09:32.443Z,2026-08-24T08:10:30.879Z,SUCCESS,SCHEDULE,Fabric,1,1,0,0,1,2,2026-08-24T08:09:33.913Z,4c05c22a-72c8-4983-bd52-da6045984616
20260814091300,103,Active Directory Bronze Pipeline,nb_activedirectory_src_to_brz,BHG-DATA-PLATFORM-CORE-DEV/2_Engineering/2_Transformation/ActiveDirectory/nb_activedirectory_src_to_brz,Active Directory,BR,DEV,2026-08-14T09:13:00.108Z,2026-08-14T09:14:44.075Z,SUCCESS,SCHEDULE,Fabric,1,1,0,0,0,1,2026-08-14T09:13:01.892Z,78c00878-a295-4b82-b0d7-f3fcf0baa4d0
20260825035247,104,Active Directory Silver Pipeline,nb_activedirectory_brz_to_slv,BHG-DATA-PLATFORM-CORE-DEV/2_Engineering/2_Transformation/ActiveDirectory/nb_activedirectory_brz_to_slv,Active Directory,SL,DEV,2026-08-25T03:52:47.936Z,2026-08-25T03:53:55.141Z,SUCCESS,SCHEDULE,Fabric,1,1,0,0,0,1,2026-08-25T03:52:49.404Z,12130017-772e-4557-8a48-2b17fd46c3ad
20260814100410,104,Active Directory Silver Pipeline,nb_activedirectory_brz_to_slv,BHG-DATA-PLATFORM-CORE-DEV/2_Engineering/2_Transformation/ActiveDirectory/nb_activedirectory_brz_to_slv,Active Directory,SL,DEV,2026-08-14T10:04:10.073Z,2026-08-14T10:05:11.490Z,SUCCESS,SCHEDULE,Fabric,1,1,0,0,0,1,2026-08-14T10:04:13.836Z,86da3734-c4d3-4a01-9b94-6fc5fe6dd0dd
20260822091019,104,Active Directory Silver Pipeline,nb_activedirectory_brz_to_slv,BHG-DATA-PLATFORM-CORE-DEV/2_Engineering/2_Transformation/ActiveDirectory/nb_activedirectory_brz_to_slv,Active Directory,SL,DEV,2026-08-22T09:10:19.327Z,2026-08-22T09:11:21.507Z,SUCCESS,SCHEDULE,Fabric,1,1,0,0,0,1,2026-08-22T09:10:19.327Z,500ec76f-f267-4cf8-a531-6dc879d5ad80
20260823063902,103,Active Directory Bronze Pipeline,nb_activedirectory_src_to_brz,BHG-DATA-PLATFORM-CORE-DEV/2_Engineering/2_Transformation/ActiveDirectory/nb_activedirectory_src_to_brz,Active Directory,BR,DEV,2026-08-23T06:39:02.205Z,2026-08-23T06:39:58.185Z,SUCCESS,SCHEDULE,Fabric,1,1,0,0,0,1,2026-08-23T06:39:03.709Z,9ad7577b-a4ff-4904-b0db-db5c7c219a93
20260822072130,104,Active Directory Silver Pipeline,nb_activedirectory_brz_to_slv,BHG-DATA-PLATFORM-CORE-DEV/2_Engineering/2_Transformation/ActiveDirectory/nb_activedirectory_brz_to_slv,Active Directory,SL,DEV,2026-08-22T07:21:30.703Z,2026-08-22T07:22:29.080Z,SUCCESS,SCHEDULE,Fabric,1,1,0,0,0,1,2026-08-22T07:21:30.703Z,95c2ec9d-55ec-443a-9357-986a8e625f38
20260825034647,103,Active Directory Bronze Pipeline,nb_activedirectory_src_to_brz,BHG-DATA-PLATFORM-CORE-DEV/2_Engineering/2_Transformation/ActiveDirectory/nb_activedirectory_src_to_brz,Active Directory,BR,DEV,2026-08-25T03:46:47.122Z,2026-08-25T03:47:58.636Z,SUCCESS,SCHEDULE,Fabric,1,1,0,0,0,1,2026-08-25T03:46:48.783Z,12130017-772e-4557-8a48-2b17fd46c3ad
20260825094628,104,Active Directory Silver Pipeline,nb_activedirectory_brz_to_slv,BHG-DATA-PLATFORM-CORE-DEV/2_Engineering/2_Transformation/ActiveDirectory/nb_activedirectory_brz_to_slv,Active Directory,SL,DEV,2026-08-25T09:46:28.226Z,2026-08-25T09:47:42.186Z,SUCCESS,SCHEDULE,Fabric,1,1,0,0,0,1,2026-08-25T09:46:29.742Z,6d272a94-926b-43c5-9728-935779865922
20260822090411,103,Active Directory Bronze Pipeline,nb_activedirectory_src_to_brz,BHG-DATA-PLATFORM-CORE-DEV/2_Engineering/2_Transformation/ActiveDirectory/nb_activedirectory_src_to_brz,Active Directory,BR,DEV,2026-08-22T09:04:11.147Z,2026-08-22T09:05:05.997Z,SUCCESS,SCHEDULE,Fabric,1,1,0,0,0,1,2026-08-22T09:04:11.147Z,500ec76f-f267-4cf8-a531-6dc879d5ad80
20260810050907,103,Active Directory Bronze Pipeline,nb_activedirectory_src_to_brz,BHG-DATA-PLATFORM-CORE-DEV/2_Engineering/2_Transformation/ActiveDirectory/nb_activedirectory_src_to_brz,Active Directory,BR,DEV,2026-08-10T05:09:07.727Z,2026-08-10T05:10:43.787Z,SUCCESS,SCHEDULE,Fabric,1,1,0,0,0,1,2026-08-10T05:09:09.325Z,5269cbca-9ed6-4306-8532-018515919ecf
20260810051600,104,Active Directory Silver Pipeline,nb_activedirectory_brz_to_slv,BHG-DATA-PLATFORM-CORE-DEV/2_Engineering/2_Transformation/ActiveDirectory/nb_activedirectory_brz_to_slv,Active Directory,SL,DEV,2026-08-10T05:16:00.276Z,2026-08-10T05:17:11.437Z,SUCCESS,SCHEDULE,Fabric,1,1,0,0,0,1,2026-08-10T05:16:01.830Z,5269cbca-9ed6-4306-8532-018515919ecf
20260825094047,103,Active Directory Bronze Pipeline,nb_activedirectory_src_to_brz,BHG-DATA-PLATFORM-CORE-DEV/2_Engineering/2_Transformation/ActiveDirectory/nb_activedirectory_src_to_brz,Active Directory,BR,DEV,2026-08-25T09:40:47.364Z,2026-08-25T09:41:47.278Z,SUCCESS,SCHEDULE,Fabric,1,1,0,0,0,1,2026-08-25T09:40:49.042Z,6d272a94-926b-43c5-9728-935779865922
202608260654255519,85,SAMMS INV Bronze Pipeline,pl_inv,BHG-DATA-PLATFORM-CORE-DEV/2_Engineering/3_Orchestration/pl_inv,SAMMS,BR,DEV,2026-08-26T06:54:19.773Z,2026-08-26T08:57:34.936Z,SUCCESS,SCHEDULE,Fabric,2757,2757,0,0,0,1,2026-08-26T06:54:19.773Z,912d32aa-0b7f-4999-bf60-6670fe5985ea
202608261955298282,85,SAMMS INV Bronze Pipeline,pl_inv,BHG-DATA-PLATFORM-CORE-DEV/2_Engineering/3_Orchestration/pl_inv,SAMMS,BR,DEV,2026-08-26T19:55:24.180Z,2026-08-26T22:11:54.314Z,SUCCESS,SCHEDULE,Fabric,2757,2757,0,0,0,1,2026-08-26T19:55:24.180Z,20846baf-2fe5-403c-85d4-31520e88a3ce
202608232010368283,85,SAMMS INV Bronze Pipeline,pl_inv,BHG-DATA-PLATFORM-CORE-DEV/2_Engineering/3_Orchestration/pl_inv,SAMMS,BR,DEV,2026-08-23T20:10:31.203Z,2026-08-23T22:16:33.144Z,SUCCESS,SCHEDULE,Fabric,2757,2757,0,0,0,1,2026-08-23T20:10:31.203Z,955211d4-28b8-44a0-8023-2bfaa48d6721
20260817051041,80,Absolute Silver Inventory Pipeline,nb_absolute_brz_to_slv,/notebooks/nb_absolute_execute,Absolute,SL,DEV,2026-08-17T05:10:41.749Z,2026-08-17T05:11:06.198Z,SUCCESS,SCHEDULED,Fabric,1,0,0,1,0,1,2026-08-17T05:10:43.270Z,4300b874-eb47-449c-9d38-f629beccfecd
20260813095900,80,Absolute Silver Inventory Pipeline,nb_absolute_brz_to_slv,/notebooks/nb_absolute_execute,Absolute,SL,DEV,2026-08-13T09:59:00.002Z,2026-08-13T09:59:17.954Z,SUCCESS,SCHEDULED,Fabric,1,0,0,1,0,1,2026-08-13T09:59:01.289Z,494be37e-e82d-4d45-8f02-f9e0849ccd2a
20260622073819,79,Absolute Bronze Inventory Pipeline,nb_absolute_src_to_brz,/notebooks/nb_absolute_execute,Absolute,BR,DEV,2026-08-17T05:07:31.092Z,2026-08-17T05:08:47.638Z,SUCCESS,SCHEDULED,Fabric,1,1,0,0,1,2,2026-08-17T05:07:32.719Z,4300b874-eb47-449c-9d38-f629beccfecd
20260817042219,79,Absolute Bronze Inventory Pipeline,nb_absolute_src_to_brz,/notebooks/nb_absolute_execute,Absolute,BR,DEV,2026-08-17T04:22:19.905Z,2026-08-17T04:24:06.067Z,SUCCESS,SCHEDULED,Fabric,1,1,0,0,0,1,2026-08-17T04:22:21.950Z,917429b5-ff6b-44a1-95d5-5d35eb42c85f
20260813095649,79,Absolute Bronze Inventory Pipeline,nb_absolute_src_to_brz,/notebooks/nb_absolute_execute,Absolute,BR,DEV,2026-08-13T09:56:49.994Z,2026-08-13T09:57:48.519Z,SUCCESS,SCHEDULED,Fabric,1,1,0,0,0,1,2026-08-13T09:56:51.621Z,494be37e-e82d-4d45-8f02-f9e0849ccd2a
20260622064541,79,Absolute Bronze Inventory Pipeline,nb_absolute_src_to_brz,/notebooks/nb_absolute_execute,Absolute,BR,DEV,2026-08-17T08:18:19.859Z,2026-08-17T08:19:32.928Z,SUCCESS,SCHEDULED,Fabric,1,1,0,0,1,3,2026-08-17T08:18:21.736Z,46b84c02-c8f9-471f-bbfe-d9a13c18834a
20260622071303,79,Absolute Bronze Inventory Pipeline,nb_absolute_src_to_brz,/notebooks/nb_absolute_execute,Absolute,BR,DEV,2026-08-17T05:27:23.652Z,2026-08-17T05:28:46.161Z,SUCCESS,SCHEDULED,Fabric,1,1,0,0,1,2,2026-08-17T05:27:25.356Z,7df5bc5f-d487-47dc-af47-8642d74e8059
202608261733546733,98,SAMMS P1 Forms Silver Pipeline,pl_execute_forms,/pipelines/pl_execute_forms,SAMMS,SL,DEV,2026-08-26T17:33:37.870Z,2026-08-26T18:02:13.646Z,SUCCESS,SCHEDULE,Fabric,9,9,0,0,0,1,2026-08-26T17:33:37.870Z,4b416fe5-6f5c-4fb7-baa8-f0b32475e9c6
202608191519695710,98,SAMMS P1 Forms Silver Pipeline,pl_execute_forms,/pipelines/pl_execute_forms,SAMMS,SL,DEV,2026-08-19T15:19:52.831Z,2026-08-19T16:05:17.266Z,SUCCESS,SCHEDULE,Fabric,9,9,0,0,0,1,2026-08-19T15:19:52.831Z,0e774440-67e4-4817-8f97-24afdbb9d82f
202608261050367363,18,SAMMS Orders Bronze,pl_SaveOrders,/pipelines/pl_SaveOrders,SAMMS,BR,DEV,2026-08-26T10:50:30.378Z,2026-08-26T11:41:09.086Z,SUCCESS,MANUAL,MANUAL,115,115,0,0,0,1,2026-08-26T10:50:30.378Z,9f27ea6d-77e8-424b-b461-0bad838d803f
202608210217292236,84,Salesforce Gold Pipeline,nb_salesforce_slv_to_gld,/notebooks/nb_salesforce_slv_to_gld,SALESFORCE,GL,DEV,2026-08-21T02:17:29.223Z,,RUNNING,SCHEDULE,Fabric,18,0,0,0,0,1,2026-08-21T02:17:30.389Z,6e633944-6270-4167-9c27-2b58aaa91b88
202608201102737507,26,SAMMS DartsSrv Silver Pipeline,pl_execute_dartsrv,/notebooks/nb_darts_bronze_to_silver,Lakehouse,SL,DEV,2026-08-20T11:02:56.885Z,,RUNNING,SCHEDULE,Fabric,1,0,0,0,0,1,2026-08-20T11:02:56.885Z,9c091737-85c8-4a53-9f67-32e4662a6095
202608201113419422,82,Salesforce Bronze Pipeline,nb_salesforce_src_to_brz,/notebooks/nb_salesforce_execute,SALESFORCE,BR,DEV,2026-08-20T11:13:41.942Z,,RUNNING,SCHEDULE,Fabric,10,0,0,0,0,1,2026-08-20T11:13:43.697Z,24b7debe-0adc-4cb6-be28-91ef8aac1ac5
202608201054059107,82,Salesforce Bronze Pipeline,nb_salesforce_src_to_brz,/notebooks/nb_salesforce_execute,SALESFORCE,BR,DEV,2026-08-20T10:54:05.910Z,,RUNNING,SCHEDULE,Fabric,10,0,0,0,0,1,2026-08-20T10:54:07.593Z,3459d14e-1f82-48ad-9186-2439406a2844
202608201125599805,82,Salesforce Bronze Pipeline,nb_salesforce_src_to_brz,/notebooks/nb_salesforce_execute,SALESFORCE,BR,DEV,2026-08-20T13:39:17.320Z,,RUNNING,SCHEDULE,Fabric,10,0,0,0,1,2,2026-08-20T13:39:18.644Z,79156e84-8509-4e63-a064-b4b0873a2a40
20260817044634,81,Absolute Gold Inventory Pipeline,nb_absolute_slv_to_gld,/notebooks/nb_absolute_execute,Absolute,GL,DEV,2026-08-17T04:46:34.498Z,,RUNNING,SCHEDULED,Fabric,1,0,0,0,0,1,2026-08-17T04:46:35.905Z,1af9a41e-9125-485a-8041-26d6cee05acd
20260827092137,126,OneDrive - Overdue Course Bronze Pipeline,nb_overduecourses_src_to_brz,/notebooks/nb_overduecourses_src_to_brz,OneDrive - Overdue Course,BR,DEV,2026-08-27T10:02:05.458Z,2026-08-27T10:02:53.390Z,FAILED,SCHEDULE,Fabric,1,0,1,0,1,3,2026-08-27T10:02:05.458Z,8eb039aa-7a6f-4c9f-b071-197bf1311b4c
20260825061527,126,OneDrive - Overdue Course Bronze Pipeline,nb_overduecourses_src_to_brz,/notebooks/nb_overduecourses_src_to_brz,OneDrive - Overdue Course,BR,DEV,2026-08-25T06:15:27.090Z,2026-08-25T06:15:27.090Z,FAILED,SCHEDULE,Fabric,1,0,1,0,0,1,2026-08-25T06:15:27.090Z,2d88445e-ee1e-4727-9774-93309ac5bded
20260827092137,126,OneDrive - Overdue Course Bronze Pipeline,nb_overduecourses_src_to_brz,/notebooks/nb_overduecourses_src_to_brz,OneDrive - Overdue Course,BR,DEV,2026-08-28T05:18:46.536Z,2026-08-28T05:20:49.267Z,FAILED,SCHEDULE,Fabric,1,0,1,0,1,4,2026-08-28T05:18:46.536Z,23f81196-8027-4170-b23d-685f94710e9c
20260825070250,128,OneDrive - Overdue Course Gold Pipeline,nb_overduecourses_slv_to_gld,/notebooks/nb_overduecourses_slv_to_gld,OneDrive - Overdue Course,GL,DEV,2026-08-25T07:02:50.956Z,2026-08-25T07:02:50.956Z,SKIPPED,SCHEDULE,Fabric,0,0,0,1,0,1,2026-08-25T07:02:50.956Z,97633bcb-2c8a-4162-acd4-71253157a7a4
20260825060428,128,OneDrive - Overdue Course Gold Pipeline,nb_overduecourses_slv_to_gld,/notebooks/nb_overduecourses_slv_to_gld,OneDrive - Overdue Course,GL,DEV,2026-08-25T06:04:28.007Z,2026-08-25T06:05:17.778Z,SUCCESS,SCHEDULE,Fabric,1,1,0,0,0,1,2026-08-25T06:04:28.007Z,3129696d-6382-4e6f-9a07-281ff4c6c307
20260820181915,128,OneDrive - Overdue Course Gold Pipeline,nb_overduecourses_slv_to_gld,/notebooks/nb_overduecourses_slv_to_gld,OneDrive - Overdue Course,GL,DEV,2026-08-20T18:41:31.675Z,2026-08-20T18:42:12.545Z,SUCCESS,SCHEDULE,Fabric,1,1,0,0,1,2,2026-08-20T18:41:31.675Z,35f7c089-8d9e-4c6e-98a4-d95a69912ca1
20260825070429,128,OneDrive - Overdue Course Gold Pipeline,nb_overduecourses_slv_to_gld,/notebooks/nb_overduecourses_slv_to_gld,OneDrive - Overdue Course,GL,DEV,2026-08-25T07:04:29.636Z,2026-08-25T07:04:29.636Z,FAILED,SCHEDULE,Fabric,1,0,1,0,0,1,2026-08-25T07:04:29.636Z,97633bcb-2c8a-4162-acd4-71253157a7a4
20260820181915,128,OneDrive - Overdue Course Gold Pipeline,nb_overduecourses_slv_to_gld,/notebooks/nb_overduecourses_slv_to_gld,OneDrive - Overdue Course,GL,DEV,2026-08-20T18:19:15.419Z,2026-08-20T18:19:55.961Z,FAILED,SCHEDULE,Fabric,1,0,1,0,0,1,2026-08-20T18:19:15.419Z,693cfd70-4f2a-4d22-9e5a-9889207939bc
202608141444143611,46,SAMMS P1 Finance Bronze Pipeline,pl_p1_finance,/pipelines/pl_p1_finance,SAMMS,BR,DEV,2026-08-14T14:44:07.957Z,2026-08-14T15:09:44.488Z,FAILED,SCHEDULE,Fabric,28,27,1,0,0,1,2026-08-14T14:44:07.957Z,1c123384-c339-4954-be1f-3a8d150ebb14
202608201013530447,46,SAMMS P1 Finance Bronze Pipeline,pl_p1_finance,/pipelines/pl_p1_finance,SAMMS,BR,DEV,2026-08-20T10:13:46.508Z,2026-08-20T10:39:44.245Z,FAILED,SCHEDULE,Fabric,56,52,4,0,0,1,2026-08-20T10:13:46.508Z,069e8d01-766c-4679-b3df-c21f4d7bc3d1
202608170720564599,120,SAMMS P1/P2 Assessments Gold,pl_p1p2_assessments,BHG-DATA-PLATFORM-CORE-DEV/2_Engineering/3_Orchestration/pl_p1p2_assessments,Silver Lakehouse,GL,DEV,2026-08-17T07:20:30.471Z,2026-08-17T07:55:33.639Z,SUCCESS,SCHEDULE,Fabric,12,12,0,0,0,1,2026-08-17T07:20:30.471Z,422b71cc-fe6c-4f30-846d-92fb5587d0e9
202608250343560390,120,SAMMS P1/P2 Assessments Gold,pl_p1p2_assessments,BHG-DATA-PLATFORM-CORE-DEV/2_Engineering/3_Orchestration/pl_p1p2_assessments,Silver Lakehouse,GL,DEV,2026-08-25T03:43:29.460Z,2026-08-25T04:07:53.895Z,SUCCESS,SCHEDULE,Fabric,12,12,0,0,1,1,2026-08-25T03:43:29.460Z,8c969a39-95ec-4087-9ad3-4a9580887e34
202608171119787420,120,SAMMS P1/P2 Assessments Gold,pl_p1p2_assessments,BHG-DATA-PLATFORM-CORE-DEV/2_Engineering/3_Orchestration/pl_p1p2_assessments,Silver Lakehouse,GL,DEV,2026-08-17T11:19:52.948Z,2026-08-17T11:50:58.306Z,SUCCESS,SCHEDULE,Fabric,12,12,0,0,1,1,2026-08-17T11:19:52.948Z,50b193b8-c8c8-41b3-8f69-a5e058560d7e
202608181205721842,120,SAMMS P1/P2 Assessments Gold,pl_p1p2_assessments,BHG-DATA-PLATFORM-CORE-DEV/2_Engineering/3_Orchestration/pl_p1p2_assessments,Silver Lakehouse,GL,DEV,2026-08-18T12:05:45.094Z,2026-08-18T12:35:47.450Z,SUCCESS,SCHEDULE,Fabric,12,12,0,0,1,1,2026-08-18T12:05:45.094Z,201d97b6-7f87-43f7-a098-fb002daf1faf
20260814101048,105,Active Directory Gold Pipeline,nb_activedirectory_slv_to_gld,BHG-DATA-PLATFORM-CORE-DEV/2_Engineering/2_Transformation/ActiveDirectory/nb_activedirectory_slv_to_gld,Active Directory,GL,DEV,2026-08-14T10:10:48.951Z,,RUNNING,SCHEDULE,Fabric,1,0,0,0,0,1,2026-08-14T10:10:58.762Z,86da3734-c4d3-4a01-9b94-6fc5fe6dd0dd
20260812085635,112,AppointmentsReoccurringCounseling Silver Pipeline,nb_azuresql_slv_to_slv,BHG-DATA-PLATFORM-CORE-DEV/2_Engineering/2_Transformation/Azuresql/nb_azuresql_slv,Azure SQL,SL,DEV,2026-08-24T05:42:10.970Z,2026-08-24T05:42:33.949Z,FAILED,SCHEDULED,Fabric,1,5,2,0,1,6,2026-08-24T05:42:12.128Z,34avf62a8a-1c5f-4dad-c48-dc1asdgh56789
20260812085635,112,AppointmentsReoccurringCounseling Silver Pipeline,nb_azuresql_slv_to_slv,BHG-DATA-PLATFORM-CORE-DEV/2_Engineering/2_Transformation/Azuresql/nb_azuresql_slv,Azure SQL,SL,DEV,2026-08-24T05:05:14.453Z,2026-08-24T05:05:36.033Z,FAILED,SCHEDULED,Fabric,1,5,2,0,1,4,2026-08-24T05:05:15.723Z,34avf62a8a-1c5f-4dad-c48-dc1asdgh56789
20260812085635,112,AppointmentsReoccurringCounseling Silver Pipeline,nb_azuresql_slv_to_slv,BHG-DATA-PLATFORM-CORE-DEV/2_Engineering/2_Transformation/Azuresql/nb_azuresql_slv,Azure SQL,SL,DEV,2026-08-24T05:08:09.379Z,2026-08-24T05:08:39.467Z,FAILED,SCHEDULED,Fabric,1,5,2,0,1,5,2026-08-24T05:08:10.584Z,34avf62a8a-1c5f-4dad-c48-dc1asdgh56789
20260824100058,112,AppointmentsReoccurringCounseling Silver Pipeline,nb_azuresql_slv_to_slv,BHG-DATA-PLATFORM-CORE-DEV/2_Engineering/2_Transformation/Azuresql/nb_azuresql_slv,Azure SQL,SL,DEV,2026-08-24T10:00:58.547Z,2026-08-24T10:04:41.935Z,FAILED,SCHEDULED,Fabric,14,3,11,0,0,1,2026-08-24T10:00:59.982Z,0962als2a8a-1c5f-4dad-c48-dc1h56789
20260824113445,112,AppointmentsReoccurringCounseling Silver Pipeline,nb_azuresql_slv_to_slv,BHG-DATA-PLATFORM-CORE-DEV/2_Engineering/2_Transformation/Azuresql/nb_azuresql_slv,Azure SQL,SL,DEV,2026-08-24T12:24:16.000Z,2026-08-24T12:28:00.191Z,FAILED,SCHEDULED,Fabric,14,6,8,0,1,4,2026-08-24T12:24:18.087Z,09620987643sadgf_as255_d0988006789
20260824113445,112,AppointmentsReoccurringCounseling Silver Pipeline,nb_azuresql_slv_to_slv,BHG-DATA-PLATFORM-CORE-DEV/2_Engineering/2_Transformation/Azuresql/nb_azuresql_slv,Azure SQL,SL,DEV,2026-08-24T12:05:42.000Z,2026-08-24T12:08:46.556Z,FAILED,SCHEDULED,Fabric,14,6,8,0,1,3,2026-08-24T12:05:43.481Z,0962alssadgf_as255_d0988006789
20260824113445,112,AppointmentsReoccurringCounseling Silver Pipeline,nb_azuresql_slv_to_slv,BHG-DATA-PLATFORM-CORE-DEV/2_Engineering/2_Transformation/Azuresql/nb_azuresql_slv,Azure SQL,SL,DEV,2026-08-24T12:00:09.000Z,2026-08-24T12:03:09.300Z,FAILED,SCHEDULED,Fabric,14,6,8,0,1,2,2026-08-24T12:00:10.490Z,0962alssadgf_as255_d0988006789
20260824105559,112,AppointmentsReoccurringCounseling Silver Pipeline,nb_azuresql_slv_to_slv,BHG-DATA-PLATFORM-CORE-DEV/2_Engineering/2_Transformation/Azuresql/nb_azuresql_slv,Azure SQL,SL,DEV,2026-08-24T10:55:59.000Z,2026-08-24T11:04:19.083Z,FAILED,SCHEDULED,Fabric,14,5,9,0,0,1,2026-08-24T10:56:01.331Z,0962alssadgf_as255_d0988006789
20260824113445,112,AppointmentsReoccurringCounseling Silver Pipeline,nb_azuresql_slv_to_slv,BHG-DATA-PLATFORM-CORE-DEV/2_Engineering/2_Transformation/Azuresql/nb_azuresql_slv,Azure SQL,SL,DEV,2026-08-24T11:34:45.000Z,2026-08-24T11:41:54.757Z,FAILED,SCHEDULED,Fabric,14,6,8,0,0,1,2026-08-24T11:34:46.122Z,0962alssadgf_as255_d0988006789
202608210910201208,44,SAMMS Global Silver,pl_execute_samms_global,,LAKEHOUSE,SL,DEV,2026-08-21T09:10:03.467Z,2026-08-21T09:37:07.649Z,SUCCESS,MANUAL,MANUAL,13,13,0,0,0,1,2026-08-21T09:10:03.467Z,859bd6e7-8433-41b7-8f16-164cdd55063d
202608210227262448,44,SAMMS Global Silver,pl_execute_samms_global,,LAKEHOUSE,SL,DEV,2026-08-21T02:27:09.433Z,2026-08-21T02:42:32.352Z,SUCCESS,MANUAL,MANUAL,12,12,0,0,0,1,2026-08-21T02:27:09.433Z,37d39418-848b-43a3-aff1-182cc8bb7455
202608181207908120,124,P1/P2 Assessments Silver,pl_execute_Assessments_02,,BR,SL,DEV,2026-08-18T12:07:54.927Z,2026-08-18T12:43:09.723Z,SUCCESS,MANUAL,MANUAL,9,9,0,0,0,1,2026-08-18T12:07:54.927Z,6a9f8fe6-e2a7-49ab-8570-443c59873958
202608141439460325,124,P1/P2 Assessments Silver,pl_execute_Assessments_02,,BR,SL,DEV,2026-08-14T14:39:11.491Z,2026-08-14T15:21:23.224Z,SUCCESS,MANUAL,MANUAL,9,9,0,0,0,1,2026-08-14T14:39:11.491Z,58f20748-15b7-4a11-966c-9510b56c5310
202608181018508812,124,P1/P2 Assessments Silver,pl_execute_Assessments_02,,BR,SL,DEV,2026-08-18T10:18:15.075Z,2026-08-18T11:00:21.115Z,SUCCESS,MANUAL,MANUAL,9,9,0,0,0,1,2026-08-18T10:18:15.075Z,06767fa9-f980-4e92-a048-4dd43e2dbe98
20260817042608,5,8x8 Silver Pipeline,nb_8x8_brz_to_slv,/notebooks/nb_8x8_brz_to_slv,8X8,SL,DEV,2026-08-17T04:26:21.716Z,2026-08-17T07:50:54.813Z,SUCCESS,SCHEDULE,Fabric,3,3,5,0,1,6,2026-08-17T07:50:17.396Z,3ff82efb-5627-4b07-90b6-91557ea1f939
20260821110337,5,8x8 Silver Pipeline,nb_8x8_brz_to_slv,/notebooks/nb_8x8_brz_to_slv,8X8,SL,DEV,2026-08-21T11:03:40.173Z,2026-08-21T11:06:23.607Z,SUCCESS,SCHEDULE,Fabric,4,0,0,0,0,1,2026-08-21T11:03:40.173Z,5e6e216d-0b15-4087-bfb1-590a380bdb5c
20260813172024,5,8x8 Silver Pipeline,nb_8x8_brz_to_slv,/notebooks/nb_8x8_brz_to_slv,8X8,SL,DEV,2026-08-13T17:21:12.506Z,2026-08-13T17:23:09.167Z,SUCCESS,SCHEDULE,Fabric,3,3,0,0,0,1,2026-08-13T17:20:26.304Z,793a1d88-9a51-42e1-b67b-8a9da7bfcd79
20260813153844,5,8x8 Silver Pipeline,nb_8x8_brz_to_slv,/notebooks/nb_8x8_brz_to_slv,8X8,SL,DEV,2026-08-13T15:39:15.078Z,2026-08-13T15:40:58.521Z,SUCCESS,SCHEDULE,Fabric,3,3,0,0,0,1,2026-08-13T15:39:03.594Z,6cba3a07-87e1-4e5a-809c-65a43422107a
20260815111805,5,8x8 Silver Pipeline,nb_8x8_brz_to_slv,/notebooks/nb_8x8_brz_to_slv,8X8,SL,DEV,2026-08-15T11:18:19.619Z,2026-08-15T12:27:32.669Z,SUCCESS,SCHEDULE,Fabric,3,3,1,0,0,1,2026-08-15T11:18:07.807Z,2898ad47-3f2c-4db5-b5fc-5329717fcc94
20260810040549,5,8x8 Silver Pipeline,nb_8x8_brz_to_slv,/notebooks/nb_8x8_brz_to_slv,8X8,SL,DEV,2026-08-10T04:06:05.098Z,2026-08-10T04:07:41.659Z,SUCCESS,SCHEDULE,Fabric,3,2,0,1,0,1,2026-08-10T04:05:50.802Z,0c0b5e48-d053-4755-97ee-27a6c27d227e
20260828064524,5,8x8 Silver Pipeline,nb_8x8_brz_to_slv,/notebooks/nb_8x8_brz_to_slv,8X8,SL,DEV,2026-08-28T06:45:28.779Z,2026-08-28T06:47:36.119Z,SUCCESS,SCHEDULE,Fabric,4,4,0,0,0,1,2026-08-28T06:45:25.597Z,6f91deae-0832-4a56-ab71-80188798e1a1
20260814022839,5,8x8 Silver Pipeline,nb_8x8_brz_to_slv,/notebooks/nb_8x8_brz_to_slv,8X8,SL,DEV,2026-08-14T02:28:52.127Z,2026-08-14T02:30:06.703Z,SUCCESS,SCHEDULE,Fabric,3,3,0,0,0,1,2026-08-14T02:28:41.162Z,7582fe2a-ab67-4726-aa6a-73a8a3ff4bdb
202608201102637507,25,SAMMS DartsSrv Bronze Pipeline,pl_execute_dartsrv,/pipelines/dartSRV_Pipeline,SAMMS,BR,DEV,2026-08-20T11:02:56.885Z,,RUNNING,SCHEDULE,Fabric,116,0,0,0,0,1,2026-08-20T11:02:56.885Z,9c091737-85c8-4a53-9f67-32e4662a6095
202608170918553455,106,P1/P2 Clinical Domain Bronze,pl_execute_Clinical,/pipelines/pl_execute_Clinical,SAMMS,BR,DEV,2026-08-17T09:18:50.437Z,,RUNNING,MANUAL,MANUAL,48,0,0,0,0,1,2026-08-17T09:18:50.437Z,737d8938-1e45-48fd-8275-673f17c1a1e7
202608181207708120,123,P1/P2 Assessments Bronze,pl_ecxecute_Assessments_02,,SAMMS,BR,DEV,2026-08-18T12:07:54.927Z,2026-08-18T12:39:55.409Z,SUCCESS,MANUAL,MANUAL,27,27,0,0,0,1,2026-08-18T12:07:54.927Z,6a9f8fe6-e2a7-49ab-8570-443c59873958
202608181018308812,123,P1/P2 Assessments Bronze,pl_ecxecute_Assessments_02,,SAMMS,BR,DEV,2026-08-18T10:18:15.075Z,2026-08-18T10:55:37.702Z,SUCCESS,MANUAL,MANUAL,27,27,0,0,0,1,2026-08-18T10:18:15.075Z,06767fa9-f980-4e92-a048-4dd43e2dbe98
202608141439260325,123,P1/P2 Assessments Bronze,pl_ecxecute_Assessments_02,,SAMMS,BR,DEV,2026-08-14T14:39:11.491Z,2026-08-14T15:17:29.684Z,SUCCESS,MANUAL,MANUAL,27,27,0,0,0,1,2026-08-14T14:39:11.491Z,58f20748-15b7-4a11-966c-9510b56c5310
20260817065211,4,8x8 Bronze Pipeline,pl_8x8_bronze_custom_backfill,/notebooks/nb_8x8_execute,8X8,BR,DEV,2026-08-17T06:52:23.076Z,,RUNNING,MANUAL,Developer/Ops,3,0,0,0,0,1,2026-08-17T06:52:23.076Z,0927ad06-493a-45b5-9c03-2a52868bd0b5
20260814054613,110,Cash Flow Silver Pipeline,nb_cashflow_brz_to_slv,/notebooks/nb_cashflow_brz_to_slv,Cash Flow,SL,DEV,2026-08-14T05:46:13.326Z,,RUNNING,SCHEDULE,Fabric,1,0,0,0,0,1,2026-08-14T05:46:15.665Z,830c78f2-2c91-4be9-977a-e9ff0c1d8636
202608120822552528,107,P1/P2 Clinical Domain Silver,pl_execute_Clinical,,BRONZE LAKEHOUSE,SL,DEV,2026-08-12T08:22:46.760Z,2026-08-12T09:21:17.424Z,SUCCESS,MANUAL,MANUAL,15,15,0,0,0,1,2026-08-12T08:22:46.760Z,577435af-c452-4617-9a3c-7d2b03361707
202608130315300005,107,P1/P2 Clinical Domain Silver,pl_execute_Clinical,,BRONZE LAKEHOUSE,SL,DEV,2026-08-13T03:15:14.888Z,2026-08-13T04:15:25.942Z,SUCCESS,MANUAL,MANUAL,15,15,0,0,0,1,2026-08-13T03:15:14.888Z,11ed6329-841a-4e7a-bfb1-61191c79c28e
202608151310507803,107,P1/P2 Clinical Domain Silver,pl_execute_Clinical,,BRONZE LAKEHOUSE,SL,DEV,2026-08-15T13:10:36.847Z,2026-08-15T13:59:58.186Z,SUCCESS,MANUAL,MANUAL,15,15,0,0,0,1,2026-08-15T13:10:36.847Z,56214535-005b-4285-976b-e0172bc11b0b
202608140600263231,107,P1/P2 Clinical Domain Silver,pl_execute_Clinical,,BRONZE LAKEHOUSE,SL,DEV,2026-08-14T06:01:05.635Z,2026-08-14T06:16:57.524Z,SUCCESS,MANUAL,MANUAL,15,15,0,0,0,1,2026-08-14T06:01:05.635Z,9a6b8567-8347-49cb-b213-618351c5e21c
202608140700696541,107,P1/P2 Clinical Domain Silver,pl_execute_Clinical,,BRONZE LAKEHOUSE,SL,DEV,2026-08-14T07:00:54.267Z,2026-08-14T07:17:41.328Z,SUCCESS,MANUAL,MANUAL,15,15,0,0,0,1,2026-08-14T07:00:54.267Z,4f29b93d-8b22-445c-9466-6259e423edcc
202608121009460893,107,P1/P2 Clinical Domain Silver,pl_execute_Clinical,,BRONZE LAKEHOUSE,SL,DEV,2026-08-12T10:09:34.463Z,2026-08-12T10:54:22.549Z,SUCCESS,MANUAL,MANUAL,15,15,0,0,0,1,2026-08-12T10:09:34.463Z,1325a4eb-aa02-4bc9-9fae-d06e40a0cece
202608120259357369,107,P1/P2 Clinical Domain Silver,pl_execute_Clinical,,BRONZE LAKEHOUSE,SL,DEV,2026-08-12T02:59:20.414Z,2026-08-12T03:52:56.583Z,SUCCESS,MANUAL,MANUAL,15,15,0,0,0,1,2026-08-12T02:59:20.414Z,72952692-3a45-4fdd-be32-4592206c2867
202608151055524858,107,P1/P2 Clinical Domain Silver,pl_execute_Clinical,,BRONZE LAKEHOUSE,SL,DEV,2026-08-15T10:55:37.099Z,2026-08-15T11:46:34.931Z,SUCCESS,MANUAL,MANUAL,15,15,0,0,0,1,2026-08-15T10:55:37.099Z,09bdfa13-0c4c-4ca3-9dd3-abd349cbbab4
202608221137370305,44,SAMMS Global Silver,pl_execute_samms_global,,LAKEHOUSE,SL,DEV,2026-08-22T11:37:21.072Z,2026-08-22T12:00:40.568Z,FAILED,MANUAL,MANUAL,13,0,13,0,0,1,2026-08-22T11:37:21.072Z,17fb4855-5e12-4261-b216-b3f67dc16eb3
202608220903658026,44,SAMMS Global Silver,pl_execute_samms_global,,LAKEHOUSE,SL,DEV,2026-08-22T09:03:49.686Z,2026-08-22T09:16:06.316Z,FAILED,MANUAL,MANUAL,13,0,13,0,0,1,2026-08-22T09:03:49.686Z,797ee99c-6d86-4430-9ac7-afb34ef01ee1
20260820034440,40,ZOOM API Bronze Pipeline,nb_zoom_src_to_brz,/notebooks/nb_zoomapi_bronze,Zoom,BR,DEV,2026-08-20T03:44:40.000Z,,RUNNING,SCHEDULE,Fabric,6,0,0,0,0,1,2026-08-20T03:44:41.707Z,4af62a8a-1c5f-4dad-c48-dc1asdgh56adr09
202608221137470305,45,SAMMS Global Gold,pl_execute_samms_global,,LAKEHOUSE,GL,DEV,2026-08-22T11:37:21.072Z,2026-08-22T12:00:52.951Z,SKIPPED,MANUAL,MANUAL,13,0,0,13,0,1,2026-08-22T11:37:21.072Z,17fb4855-5e12-4261-b216-b3f67dc16eb3
202608170805168041,97,SAMMS P1 Forms Bronze Pipeline,pl_execute_forms,/pipelines/pl_execute_forms,SAMMS,BR,DEV,2026-08-17T08:05:11.103Z,2026-08-17T08:29:13.714Z,SUCCESS,SCHEDULE,Fabric,18,18,0,0,0,1,2026-08-17T08:05:11.103Z,760fb7f7-522d-45ef-ae35-70bd18d17fef
202608261733446733,97,SAMMS P1 Forms Bronze Pipeline,pl_execute_forms,/pipelines/pl_execute_forms,SAMMS,BR,DEV,2026-08-26T17:33:37.870Z,2026-08-26T17:59:05.591Z,SUCCESS,SCHEDULE,Fabric,18,18,0,0,0,1,2026-08-26T17:33:37.870Z,4b416fe5-6f5c-4fb7-baa8-f0b32475e9c6
202608170805268041,98,SAMMS P1 Forms Silver Pipeline,pl_execute_forms,/pipelines/pl_execute_forms,SAMMS,SL,DEV,2026-08-17T08:05:11.103Z,2026-08-17T08:31:46.222Z,SUCCESS,SCHEDULE,Fabric,9,9,0,0,0,1,2026-08-17T08:05:11.103Z,760fb7f7-522d-45ef-ae35-70bd18d17fef
202608140700596541,106,P1/P2 Clinical Domain Bronze,pl_execute_Clinical,,SAMMS,BR,DEV,2026-08-14T07:00:54.267Z,2026-08-14T07:17:26.075Z,SUCCESS,MANUAL,MANUAL,48,48,0,0,0,1,2026-08-14T07:00:54.267Z,4f29b93d-8b22-445c-9466-6259e423edcc
202608151310407803,106,P1/P2 Clinical Domain Bronze,pl_execute_Clinical,,SAMMS,BR,DEV,2026-08-15T13:10:36.847Z,2026-08-15T13:54:23.569Z,SUCCESS,MANUAL,MANUAL,48,48,0,0,0,1,2026-08-15T13:10:36.847Z,56214535-005b-4285-976b-e0172bc11b0b
202608242042110704,76,SAMMS PatientPreAdmission Bronze Pipeline,pl_ppa,,SAMMS,BR,DEV,2026-08-24T20:42:04.959Z,2026-08-24T20:49:07.409Z,SUCCESS,SCHEDULE,Fabric,10,10,0,0,0,1,2026-08-24T20:42:04.959Z,3493ae40-96b6-4051-9666-1f519a793994
202608121913698500,76,SAMMS PatientPreAdmission Bronze Pipeline,pl_ppa,,SAMMS,BR,DEV,2026-08-12T19:14:37.357Z,2026-08-12T19:27:11.458Z,SUCCESS,SCHEDULE,Fabric,8,8,0,0,0,1,2026-08-12T19:14:37.357Z,08d29c93-5d20-4cf2-aadc-bec1ce1bf79a
20260817042518,80,Absolute Silver Inventory Pipeline,nb_absolute_brz_to_slv,/notebooks/nb_absolute_execute,Absolute,SL,DEV,2026-08-17T04:25:18.949Z,2026-08-17T04:25:45.435Z,SUCCESS,SCHEDULED,Fabric,1,0,0,1,0,1,2026-08-17T04:25:20.752Z,917429b5-ff6b-44a1-95d5-5d35eb42c85f
20260817082057,80,Absolute Silver Inventory Pipeline,nb_absolute_brz_to_slv,/notebooks/nb_absolute_execute,Absolute,SL,DEV,2026-08-17T08:20:57.713Z,2026-08-17T08:21:44.276Z,SUCCESS,SCHEDULED,Fabric,1,1,0,0,0,1,2026-08-17T08:20:59.253Z,46b84c02-c8f9-471f-bbfe-d9a13c18834a
20260814050743,79,Absolute Bronze Inventory Pipeline,nb_absolute_src_to_brz,/notebooks/nb_absolute_execute,Absolute,BR,DEV,2026-08-14T05:07:43.147Z,2026-08-14T05:08:47.416Z,SUCCESS,SCHEDULED,Fabric,1,1,0,0,0,1,2026-08-14T05:07:44.825Z,89bf3a37-8365-4f45-a835-64686a7b8b25
20260814051016,80,Absolute Silver Inventory Pipeline,nb_absolute_brz_to_slv,/notebooks/nb_absolute_execute,Absolute,SL,DEV,2026-08-14T05:10:16.162Z,2026-08-14T05:10:55.781Z,SUCCESS,SCHEDULED,Fabric,1,1,0,0,0,1,2026-08-14T05:10:17.501Z,89bf3a37-8365-4f45-a835-64686a7b8b25
20260622070409,79,Absolute Bronze Inventory Pipeline,nb_absolute_src_to_brz,/notebooks/nb_absolute_execute,Absolute,BR,DEV,2026-08-17T07:09:29.011Z,2026-08-17T07:10:54.598Z,SUCCESS,SCHEDULED,Fabric,1,1,0,0,1,2,2026-08-17T07:09:43.131Z,8f01a5e1-72f3-458c-9206-4e02ea561505
20260826115914,79,Absolute Bronze Inventory Pipeline,nb_absolute_src_to_brz,/notebooks/nb_absolute_execute,Absolute,BR,DEV,2026-08-26T11:59:14.667Z,2026-08-26T12:00:14.222Z,SUCCESS,SCHEDULED,Fabric,1,1,0,0,0,1,2026-08-26T11:59:16.346Z,1b1a6fda-3898-4977-8293-4f6270f8ba38
20260814014832,4,8x8 Bronze Pipeline,nb_8x8_src_to_brz,/notebooks/nb_8x8_execute,8X8,BR,DEV,2026-08-14T01:48:46.770Z,2026-08-14T01:51:49.940Z,SUCCESS,SCHEDULE,Fabric,3,3,0,0,0,1,2026-08-14T01:48:35.112Z,9e209bf9-13e9-42f0-a8b8-cd3732c2d635
20260821105523,4,8x8 Bronze Pipeline,nb_8x8_src_to_brz,/notebooks/nb_8x8_execute,8X8,BR,DEV,2026-08-21T10:55:26.814Z,2026-08-21T10:59:23.260Z,SUCCESS,SCHEDULE,Fabric,4,0,0,0,0,1,2026-08-21T10:55:26.814Z,5e6e216d-0b15-4087-bfb1-590a380bdb5c
20260813144202,4,8x8 Bronze Pipeline,nb_8x8_src_to_brz,/notebooks/nb_8x8_execute,8X8,BR,DEV,2026-08-13T14:42:28.719Z,2026-08-13T14:45:59.025Z,SUCCESS,SCHEDULE,Fabric,3,3,0,0,0,1,2026-08-13T14:42:14.420Z,1ff2783f-65b1-4543-a347-ca96da33eb80
20260828063947,4,8x8 Bronze Pipeline,nb_8x8_src_to_brz,/notebooks/nb_8x8_execute,8X8,BR,DEV,2026-08-28T06:40:00.067Z,2026-08-28T06:44:06.575Z,SUCCESS,SCHEDULE,Fabric,4,4,0,0,0,1,2026-08-28T06:39:51.258Z,6f91deae-0832-4a56-ab71-80188798e1a1
20260813154932,4,8x8 Bronze Pipeline,nb_8x8_src_to_brz,/notebooks/nb_8x8_execute,8X8,BR,DEV,2026-08-13T15:49:46.702Z,2026-08-13T15:53:00.978Z,SUCCESS,SCHEDULE,Fabric,3,3,0,0,0,1,2026-08-13T15:49:35.802Z,7d21e877-f08c-42e0-946c-607108d10a5e
20260810040919,6,8x8 Gold Pipeline,nb_8x8_slv_to_gld,/notebooks/nb_8x8_slv_to_gld,8X8,GL,DEV,2026-08-10T04:09:40.859Z,2026-08-10T04:11:16.282Z,FAILED,SCHEDULE,Fabric,3,2,1,0,0,1,2026-08-10T04:09:21.236Z,0c0b5e48-d053-4755-97ee-27a6c27d227e
20260810040919,6,8x8 Gold Pipeline,nb_8x8_slv_to_gld,/notebooks/nb_8x8_slv_to_gld,8X8,GL,DEV,2026-08-10T04:09:40.859Z,2026-08-10T07:50:06.443Z,FAILED,SCHEDULE,Fabric,3,2,1,0,1,3,2026-08-10T07:49:42.004Z,16a75514-afc2-4aaf-9331-e34f7fb9f5b5
20260825133455,4,8x8 Bronze Pipeline,nb_8x8_src_to_brz,/notebooks/nb_8x8_execute,8X8,BR,DEV,2026-08-25T13:35:08.601Z,2026-08-25T13:39:52.631Z,SUCCESS,SCHEDULE,Fabric,4,4,0,0,0,1,2026-08-25T13:34:58.558Z,3475c8ff-ffdb-4323-a994-e16cd3be5d9b
20260814020609,4,8x8 Bronze Pipeline,nb_8x8_src_to_brz,/notebooks/nb_8x8_execute,8X8,BR,DEV,2026-08-14T02:07:08.498Z,2026-08-14T02:14:04.155Z,SUCCESS,SCHEDULE,Fabric,3,3,0,0,0,1,2026-08-14T02:06:12.589Z,7582fe2a-ab67-4726-aa6a-73a8a3ff4bdb
20260813172455,4,8x8 Bronze Pipeline,nb_8x8_src_to_brz,/notebooks/nb_8x8_execute,8X8,BR,DEV,2026-08-13T17:25:17.462Z,2026-08-13T17:37:55.975Z,SUCCESS,SCHEDULE,Fabric,3,3,0,0,1,2,2026-08-13T17:35:08.457Z,793a1d88-9a51-42e1-b67b-8a9da7bfcd79
20260813150749,4,8x8 Bronze Pipeline,nb_8x8_src_to_brz,/notebooks/nb_8x8_execute,8X8,BR,DEV,2026-08-13T15:08:09.214Z,2026-08-13T15:11:32.749Z,SUCCESS,SCHEDULE,Fabric,3,3,0,0,0,1,2026-08-13T15:07:55.449Z,6cba3a07-87e1-4e5a-809c-65a43422107a
20260813165003,4,8x8 Bronze Pipeline,nb_8x8_src_to_brz,/notebooks/nb_8x8_execute,8X8,BR,DEV,2026-08-13T16:50:19.258Z,2026-08-13T16:53:32.195Z,SUCCESS,SCHEDULE,Fabric,3,3,0,0,0,1,2026-08-13T16:50:06.889Z,793a1d88-9a51-42e1-b67b-8a9da7bfcd79
202608211456386305,77,SAMMS PatientPreAdmission Silver Pipeline,pl_ppa,,Fabric,SL,DEV,2026-08-21T14:56:21.751Z,2026-08-21T15:10:36.696Z,SUCCESS,SCHEDULE,Fabric,1,1,0,0,0,1,2026-08-21T14:56:21.751Z,0c589208-2221-4d68-8178-9fb813ab6d11
202608211456286305,76,SAMMS PatientPreAdmission Bronze Pipeline,pl_ppa,,SAMMS,BR,DEV,2026-08-21T14:56:21.751Z,2026-08-21T15:08:31.204Z,SUCCESS,SCHEDULE,Fabric,115,115,0,0,0,1,2026-08-21T14:56:21.751Z,0c589208-2221-4d68-8178-9fb813ab6d11
202608120822452528,106,P1/P2 Clinical Domain Bronze,pl_execute_Clinical,,SAMMS,BR,DEV,2026-08-12T08:22:46.760Z,2026-08-12T09:13:47.577Z,SUCCESS,MANUAL,MANUAL,73,73,0,0,0,1,2026-08-12T08:22:46.760Z,577435af-c452-4617-9a3c-7d2b03361707
202608110331629359,106,P1/P2 Clinical Domain Bronze,pl_execute_Clinical,,SAMMS,BR,DEV,2026-08-11T03:31:56.133Z,2026-08-11T04:09:53.063Z,SUCCESS,MANUAL,MANUAL,71,71,0,0,0,1,2026-08-11T03:31:56.133Z,6e36e3b5-c33e-4cc8-b6e2-dc5c3524428c
202608151055424858,106,P1/P2 Clinical Domain Bronze,pl_execute_Clinical,,SAMMS,BR,DEV,2026-08-15T10:55:37.099Z,2026-08-15T11:43:00.845Z,SUCCESS,MANUAL,MANUAL,48,48,0,0,0,1,2026-08-15T10:55:37.099Z,09bdfa13-0c4c-4ca3-9dd3-abd349cbbab4
202608120259257369,106,P1/P2 Clinical Domain Bronze,pl_execute_Clinical,,SAMMS,BR,DEV,2026-08-12T02:59:20.414Z,2026-08-12T03:47:16.646Z,SUCCESS,MANUAL,MANUAL,73,73,0,0,0,1,2026-08-12T02:59:20.414Z,72952692-3a45-4fdd-be32-4592206c2867
202608140600163231,106,P1/P2 Clinical Domain Bronze,pl_execute_Clinical,,SAMMS,BR,DEV,2026-08-14T06:01:05.635Z,2026-08-14T06:16:40.458Z,SUCCESS,MANUAL,MANUAL,48,48,0,0,0,1,2026-08-14T06:01:05.635Z,9a6b8567-8347-49cb-b213-618351c5e21c
202608121009360893,106,P1/P2 Clinical Domain Bronze,pl_execute_Clinical,,SAMMS,BR,DEV,2026-08-12T10:09:34.463Z,2026-08-12T10:45:50.634Z,SUCCESS,MANUAL,MANUAL,48,48,0,0,0,1,2026-08-12T10:09:34.463Z,1325a4eb-aa02-4bc9-9fae-d06e40a0cece
202608140519472937,106,P1/P2 Clinical Domain Bronze,pl_execute_Clinical,,SAMMS,BR,DEV,2026-08-14T05:19:41.707Z,2026-08-14T05:53:27.214Z,SUCCESS,MANUAL,MANUAL,48,48,0,0,0,1,2026-08-14T05:19:41.707Z,367e5368-81b8-4196-9731-5b3efc5e39d9
202608130315200005,106,P1/P2 Clinical Domain Bronze,pl_execute_Clinical,,SAMMS,BR,DEV,2026-08-13T03:15:14.888Z,2026-08-13T04:10:52.292Z,SUCCESS,MANUAL,MANUAL,48,48,0,0,0,1,2026-08-13T03:15:14.888Z,11ed6329-841a-4e7a-bfb1-61191c79c28e
202608181956174485,114,CDC Bronze Pipeline,pl_inv,BHG-DATA-PLATFORM-CORE-DEV/2_Engineering/3_Orchestration/pl_inv,SAMMS,BR,DEV,2026-08-18T19:56:11.467Z,2026-08-18T20:09:43.997Z,FAILED,SCHEDULE,Fabric,3,0,3,0,0,1,2026-08-18T19:56:11.467Z,8dab4cff-7612-4075-a975-28ce5920b57c
202608211214691000,114,CDC Bronze Pipeline,pl_inv,BHG-DATA-PLATFORM-CORE-DEV/2_Engineering/3_Orchestration/pl_inv,SAMMS,BR,DEV,2026-08-21T12:15:02.287Z,2026-08-21T12:20:33.053Z,FAILED,SCHEDULE,Fabric,3,0,3,0,0,1,2026-08-21T12:15:02.287Z,15c6503a-21fe-46db-b933-9c29c1ab1196
202608121554524207,7,SAMMS Dose Bronze Pipeline,pl_dose,/notebooks/nb_execute_pipeline,SAMMS,BR,DEV,2026-08-12T15:55:16.178Z,2026-08-12T16:06:41.383Z,SUCCESS,SCHEDULE,Fabric,2,2,0,0,0,1,2026-08-12T15:55:16.178Z,8f7980aa-1c89-4271-a743-cd3729c55733
20260824122517,129,Azure Sql Python Silver,pl_azure_sql_python,/pipelines/pl_Azure_Sql_Python,Azure_Sql,SL,DEV,2026-08-24T12:25:17.596Z,,RUNNING,MANUAL,MANUAL,2,0,0,0,0,1,2026-08-24T12:25:17.596Z,7ade6a39-0fff-44b0-81b5-2ce6b35adec0
202608242042210704,77,SAMMS PatientPreAdmission Silver Pipeline,pl_ppa,,Fabric,SL,DEV,2026-08-24T20:42:04.959Z,2026-08-24T20:51:05.455Z,SUCCESS,SCHEDULE,Fabric,1,1,0,0,0,1,2026-08-24T20:42:04.959Z,3493ae40-96b6-4051-9666-1f519a793994
202608121913798500,77,SAMMS PatientPreAdmission Silver Pipeline,pl_ppa,,Fabric,SL,DEV,2026-08-12T19:14:37.357Z,2026-08-12T19:29:29.193Z,SUCCESS,SCHEDULE,Fabric,1,1,0,0,0,1,2026-08-12T19:14:37.357Z,08d29c93-5d20-4cf2-aadc-bec1ce1bf79a
202608191654369970,77,SAMMS PatientPreAdmission Silver Pipeline,pl_ppa,,Fabric,SL,DEV,2026-08-19T16:54:29.376Z,2026-08-19T17:12:04.357Z,SKIPPED,SCHEDULE,Fabric,1,0,0,1,0,1,2026-08-19T16:54:29.376Z,4736cb14-987d-4509-b3d7-654790c2de16
202608241904401259,7,SAMMS Dose Bronze Pipeline,pl_dose,/notebooks/nb_execute_pipeline,SAMMS,BR,DEV,2026-08-24T19:04:33.617Z,2026-08-24T19:15:35.629Z,FAILED,SCHEDULE,Fabric,4,3,1,0,0,1,2026-08-24T19:04:33.617Z,0346ab63-a7c9-42d8-8f80-92ecf515f1ad
202608221237331665,88,SAMMS P1 Reference Bronze Pipeline,pl_execute_reference,/pipelines/pl_execute_reference,SAMMS,BR,DEV,2026-08-22T12:37:26.733Z,2026-08-22T13:23:19.788Z,FAILED,SCHEDULE,Fabric,1042,1041,1,0,0,1,2026-08-22T12:37:26.733Z,63818914-9c2b-4ff6-ac1c-35595835ab93
202608212020690709,88,SAMMS P1 Reference Bronze Pipeline,pl_execute_reference,/pipelines/pl_execute_reference,SAMMS,BR,DEV,2026-08-21T20:21:02.993Z,2026-08-21T21:04:13.203Z,FAILED,SCHEDULE,Fabric,1042,1041,1,0,0,1,2026-08-21T20:21:02.993Z,8488c727-7e26-424c-b4ea-f3ce6564dbed
20260814031459,94,chatmeter Bronze Pipeline,nb_chatmeter_src_to_brz,/notebooks/nb_chatmeter_src_to_brz,Chatmeter,BR,DEV,2026-08-14T03:14:59.000Z,2026-08-14T03:16:11.000Z,SUCCESS,SCHEDULE,Fabric,1,1,0,0,0,1,2026-08-14T03:15:01.603Z,8f130ade-f940-4ab7-88a3-def4adf9c0ce
202608210910301208,45,SAMMS Global Gold,pl_execute_samms_global,,LAKEHOUSE,GL,DEV,2026-08-21T09:10:03.467Z,2026-08-21T09:39:05.209Z,SUCCESS,MANUAL,MANUAL,13,13,0,0,0,1,2026-08-21T09:10:03.467Z,859bd6e7-8433-41b7-8f16-164cdd55063d
202608220903758026,45,SAMMS Global Gold,pl_execute_samms_global,,LAKEHOUSE,GL,DEV,2026-08-22T09:03:49.686Z,2026-08-22T09:17:11.919Z,SKIPPED,MANUAL,MANUAL,13,0,0,13,0,1,2026-08-22T09:03:49.686Z,797ee99c-6d86-4430-9ac7-afb34ef01ee1
202608210227362448,45,SAMMS Global Gold,pl_execute_samms_global,,LAKEHOUSE,GL,DEV,2026-08-21T02:27:09.433Z,2026-08-21T02:44:09.999Z,SUCCESS,MANUAL,MANUAL,12,12,0,0,0,1,2026-08-21T02:27:09.433Z,37d39418-848b-43a3-aff1-182cc8bb7455
20260812034005,100,QQ_GLTRAN Bronze Pipeline,pl_qq_gltran,"",DRD,BR,DEV,2026-08-12T03:51:45.383Z,2026-09-07T12:36:34.851Z,SUCCESS,SCHEDULE,Fabric,1,1,0,0,1,2,2026-08-12T03:51:47.305Z,8e37f056-242f-4c34-b401-ccc72997264b
20260824100058,112,AppointmentsReoccurringCounseling Silver Pipeline,nb_azuresql_slv_to_slv,BHG-DATA-PLATFORM-CORE-DEV/2_Engineering/2_Transformation/Azuresql/nb_azuresql_slv,Azure SQL,SL,DEV,2026-08-24T10:34:37.662Z,,RUNNING,SCHEDULED,Fabric,14,0,0,0,1,2,2026-08-24T10:34:39.399Z,0962alssadgf_as255_dc1h56789
20260824104049,112,AppointmentsReoccurringCounseling Silver Pipeline,nb_azuresql_slv_to_slv,BHG-DATA-PLATFORM-CORE-DEV/2_Engineering/2_Transformation/Azuresql/nb_azuresql_slv,Azure SQL,SL,DEV,2026-08-24T10:40:49.745Z,,RUNNING,SCHEDULED,Fabric,14,0,0,0,0,1,2026-08-24T10:40:51.263Z,0962alssadgf_as255_dc1h56789
20260810035611,4,8x8 Bronze Pipeline,nb_8x8_src_to_brz,/notebooks/nb_8x8_execute,8X8,BR,DEV,2026-08-10T03:56:38.782Z,2026-08-10T07:44:41.142Z,FAILED,SCHEDULE,Fabric,3,2,1,0,1,4,2026-08-10T07:43:54.579Z,16a75514-afc2-4aaf-9331-e34f7fb9f5b5
20260810035611,4,8x8 Bronze Pipeline,nb_8x8_src_to_brz,/notebooks/nb_8x8_execute,8X8,BR,DEV,2026-08-10T03:56:38.782Z,2026-08-10T04:03:53.056Z,FAILED,SCHEDULE,Fabric,3,2,1,0,0,1,2026-08-10T03:56:14.584Z,0c0b5e48-d053-4755-97ee-27a6c27d227e
202608201101054735,83,Salesforce Silver Pipeline,nb_salesforce_brz_to_slv,/notebooks/nb_salesforce_brz_to_slv,SALESFORCE,SL,DEV,2026-08-20T11:01:05.473Z,,RUNNING,SCHEDULE,Fabric,10,0,0,0,0,1,2026-08-20T11:01:07.096Z,3459d14e-1f82-48ad-9186-2439406a2844
20260820181526,126,OneDrive - Overdue Course Bronze Pipeline,nb_overduecourses_src_to_brz,/notebooks/nb_overduecourses_src_to_brz,OneDrive - Overdue Course,BR,DEV,2026-08-20T18:15:26.482Z,2026-08-20T18:16:16.432Z,SUCCESS,SCHEDULE,Fabric,1,1,0,0,0,1,2026-08-20T18:15:26.482Z,693cfd70-4f2a-4d22-9e5a-9889207939bc
20260825065850,126,OneDrive - Overdue Course Bronze Pipeline,nb_overduecourses_src_to_brz,/notebooks/nb_overduecourses_src_to_brz,OneDrive - Overdue Course,BR,DEV,2026-08-25T06:58:50.993Z,2026-08-25T06:59:40.222Z,SUCCESS,SCHEDULE,Fabric,1,1,0,0,0,1,2026-08-25T06:58:50.993Z,97633bcb-2c8a-4162-acd4-71253157a7a4
20260822125804,126,OneDrive - Overdue Course Bronze Pipeline,nb_overduecourses_src_to_brz,/notebooks/nb_overduecourses_src_to_brz,OneDrive - Overdue Course,BR,DEV,2026-08-25T06:00:13.851Z,2026-08-25T06:01:04.532Z,SUCCESS,SCHEDULE,Fabric,1,1,0,0,1,2,2026-08-25T06:00:13.851Z,3129696d-6382-4e6f-9a07-281ff4c6c307
20260820183941,127,OneDrive - Overdue Course Silver Pipeline,nb_overduecourses_brz_to_slv,/notebooks/nb_overduecourses_brz_to_slv,OneDrive - Overdue Course,SL,DEV,2026-08-20T18:39:41.376Z,2026-08-20T18:40:35.150Z,SUCCESS,SCHEDULE,Fabric,1,1,0,0,0,1,2026-08-20T18:39:41.376Z,35f7c089-8d9e-4c6e-98a4-d95a69912ca1
20260825060248,127,OneDrive - Overdue Course Silver Pipeline,nb_overduecourses_brz_to_slv,/notebooks/nb_overduecourses_brz_to_slv,OneDrive - Overdue Course,SL,DEV,2026-08-25T06:02:48.303Z,2026-08-25T06:03:35.335Z,SUCCESS,SCHEDULE,Fabric,1,1,0,0,0,1,2026-08-25T06:02:48.303Z,3129696d-6382-4e6f-9a07-281ff4c6c307
20260820181729,127,OneDrive - Overdue Course Silver Pipeline,nb_overduecourses_brz_to_slv,/notebooks/nb_overduecourses_brz_to_slv,OneDrive - Overdue Course,SL,DEV,2026-08-20T18:17:29.786Z,2026-08-20T18:18:20.085Z,SUCCESS,SCHEDULE,Fabric,1,1,0,0,0,1,2026-08-20T18:17:29.786Z,693cfd70-4f2a-4d22-9e5a-9889207939bc
20260816071655,121,OffWeek Counseling Silver Pipeline,nb_offweekcounseling_slv_to_slv,/notebooks/nb_offweekcounseling_slv_to_slv,OffWeek Counseling,SL,DEV,2026-08-16T07:16:55.323Z,2026-08-16T07:22:04.162Z,SUCCESS,SCHEDULE,Fabric,1,1,0,0,0,1,2026-08-16T07:16:56.895Z,3db0df33-cd84-477a-b507-80edcb2c2641
20260810111938,121,OffWeek Counseling Silver Pipeline,nb_offweekcounseling_slv_to_slv,/notebooks/nb_offweekcounseling_slv_to_slv,OffWeek Counseling,SL,DEV,2026-08-10T11:19:38.191Z,2026-08-10T11:22:37.305Z,SUCCESS,SCHEDULE,Fabric,1,1,0,0,0,1,2026-08-10T11:19:40.774Z,78bad054-c366-447f-a42f-4880b22834e3
20260818055637,121,OffWeek Counseling Silver Pipeline,nb_offweekcounseling_slv_to_slv,/notebooks/nb_offweekcounseling_slv_to_slv,OffWeek Counseling,SL,DEV,2026-08-18T05:56:37.109Z,2026-08-18T06:01:13.343Z,SUCCESS,SCHEDULE,Fabric,1,1,0,0,0,1,2026-08-18T05:56:38.625Z,0754271b-537b-4df2-8eea-828420187180
20260810090213,121,OffWeek Counseling Silver Pipeline,nb_offweekcounseling_slv_to_slv,/notebooks/nb_offweekcounseling_slv_to_slv,OffWeek Counseling,SL,DEV,2026-08-10T09:02:13.557Z,2026-08-10T09:04:23.818Z,SUCCESS,SCHEDULE,Fabric,1,1,0,0,0,1,2026-08-10T09:02:15.111Z,871fd4e7-f63f-43b0-a6b5-8655d4836508
20260810151125,121,OffWeek Counseling Silver Pipeline,nb_offweekcounseling_slv_to_slv,/notebooks/nb_offweekcounseling_slv_to_slv,OffWeek Counseling,SL,DEV,2026-08-10T15:11:25.601Z,2026-08-10T15:16:08.535Z,SUCCESS,SCHEDULE,Fabric,1,1,0,0,0,1,2026-08-10T15:11:43.006Z,67ac4554-40b9-4a4f-b42b-b07474e5e143
20260810065600,121,OffWeek Counseling Silver Pipeline,nb_offweekcounseling_slv_to_slv,/notebooks/nb_offweekcounseling_slv_to_slv,OffWeek Counseling,SL,DEV,2026-08-10T06:56:00.064Z,2026-08-10T07:00:02.421Z,SUCCESS,SCHEDULE,Fabric,1,1,0,0,0,1,2026-08-10T06:56:01.988Z,307bc68c-7b9d-4658-a771-a1adcfd3b965
20260818065101,121,OffWeek Counseling Silver Pipeline,nb_offweekcounseling_slv_to_slv,/notebooks/nb_offweekcounseling_slv_to_slv,OffWeek Counseling,SL,DEV,2026-08-18T06:51:01.051Z,2026-08-18T06:56:51.416Z,SUCCESS,SCHEDULE,Fabric,1,1,0,0,0,1,2026-08-18T06:51:02.538Z,401c9c1b-3971-44a9-a17e-46e79ae01eff
20260823131826,101,,nb_qq_gltran_brz_to_slv,,,,,2026-08-23T13:18:40.730Z,2026-08-23T13:19:44.650Z,SUCCESS,,,,1,0,0,,1,2026-08-23T13:18:40.730Z,508fe03b-0979-4394-b454-75fc1e5f3879
20260822095540,102,,nb_qq_gltran_slv_to_gld,,,,,2026-08-22T09:55:43.769Z,2026-08-22T09:56:40.691Z,SUCCESS,,,,1,0,0,,1,2026-08-22T09:55:43.769Z,8603ce7d-aa9e-47e1-a98a-6210d9a6660a
20260827074128,102,,nb_qq_gltran_slv_to_gld,,,,,2026-08-27T07:41:37.429Z,2026-08-27T07:44:42.172Z,SUCCESS,,,,1,0,0,,1,2026-08-27T07:41:37.429Z,172af47b-610a-4a99-aceb-e1a3ed168be6
20260823093943,101,,nb_qq_gltran_brz_to_slv,,,,,2026-08-23T09:39:50.673Z,2026-08-23T09:44:17.361Z,SUCCESS,,,,1,0,0,,1,2026-08-23T09:39:50.673Z,922c4db3-6c9b-48dc-bf47-8e055d393626
20260827073830,101,,nb_qq_gltran_brz_to_slv,,,,,2026-08-27T07:38:48.018Z,2026-08-27T07:40:19.791Z,SUCCESS,,,,1,0,0,,1,2026-08-27T07:38:48.018Z,172af47b-610a-4a99-aceb-e1a3ed168be6
20260823032745,101,,nb_qq_gltran_brz_to_slv,,,,,2026-08-23T03:27:51.805Z,2026-08-23T03:33:54.391Z,SUCCESS,,,,1,0,0,,1,2026-08-23T03:27:51.805Z,4a9a5f44-79e3-482a-86ae-6e1a0dee0d46
20260824062802,101,,nb_qq_gltran_brz_to_slv,,,,,2026-08-24T06:28:18.338Z,2026-08-24T06:29:50.004Z,SUCCESS,,,,1,0,0,,1,2026-08-24T06:28:18.338Z,25d2eaee-dfad-422c-bf93-c7d0a4c88cf3
20260813063659,102,,nb_qq_gltran_slv_to_gld,,,,,2026-08-13T06:37:05.399Z,2026-08-13T06:38:47.304Z,SUCCESS,,,,1,0,0,,1,2026-08-13T06:37:05.399Z,372a483b-7b54-40a3-8477-95b54a51c01d
20260822110440,101,,nb_qq_gltran_brz_to_slv,,,,,2026-08-22T11:04:47.394Z,2026-08-22T11:06:06.645Z,SUCCESS,,,,1,0,0,,1,2026-08-22T11:04:47.394Z,5e2d23d6-f118-4b39-83bf-fd492995fd47
20260823044337,101,,nb_qq_gltran_brz_to_slv,,,,,2026-08-23T04:43:43.570Z,2026-08-23T04:49:44.223Z,SUCCESS,,,,1,0,0,,1,2026-08-23T04:43:43.570Z,965977a7-6bfb-44ad-884a-eeae6dd5275c
20260822095309,101,,nb_qq_gltran_brz_to_slv,,,,,2026-08-22T09:53:15.661Z,2026-08-22T09:54:16.051Z,SUCCESS,,,,1,0,0,,1,2026-08-22T09:53:15.661Z,8603ce7d-aa9e-47e1-a98a-6210d9a6660a
20260822110717,102,,nb_qq_gltran_slv_to_gld,,,,,2026-08-22T11:07:21.302Z,2026-08-22T11:08:20.028Z,SUCCESS,,,,1,0,0,,1,2026-08-22T11:07:21.302Z,5e2d23d6-f118-4b39-83bf-fd492995fd47
20260824063025,102,,nb_qq_gltran_slv_to_gld,,,,,2026-08-24T06:30:34.162Z,2026-08-24T06:34:11.500Z,SUCCESS,,,,1,0,0,,1,2026-08-24T06:30:34.162Z,25d2eaee-dfad-422c-bf93-c7d0a4c88cf3
20260813052625,102,,nb_qq_gltran_slv_to_gld,,,,,2026-08-13T05:26:32.517Z,2026-08-13T05:29:17.986Z,SUCCESS,,,,1,0,0,,1,2026-08-13T05:26:32.517Z,77f1c571-5f94-48af-a2cd-48c65fe6d516
20260825110536,129,Azure Sql Python Silver,pl_azure_sql_python,/pipelines/pl_Azure_Sql_Python,Azure_Sql,SL,DEV,2026-08-25T11:05:36.553Z,2026-08-25T11:14:10.441Z,SUCCESS,MANUAL,MANUAL,2,2,0,0,0,1,2026-08-25T11:05:36.553Z,7a1565c7-58f3-4a52-a993-98b6f3cc1967
20260824112758,129,Azure Sql Python Silver,pl_azure_sql_python,/pipelines/pl_Azure_Sql_Python,Azure_Sql,SL,DEV,2026-08-24T11:27:58.935Z,2026-08-24T11:35:53.630Z,SUCCESS,MANUAL,MANUAL,2,2,0,0,0,1,2026-08-24T11:27:58.935Z,1dc7e0e5-7b10-47dd-ac59-24ffb1fd9982
20260818051859,5,8x8 Silver Pipeline,nb_8x8_brz_to_slv,/notebooks/nb_8x8_brz_to_slv,8X8,SL,DEV,2026-08-18T05:19:21.431Z,2026-08-18T12:19:22.268Z,SUCCESS,SCHEDULE,Fabric,3,1,9,0,0,1,2026-08-18T05:19:01.192Z,4723a883-9ff8-4a44-af41-2df7d0667204
20260810074649,5,8x8 Silver Pipeline,nb_8x8_brz_to_slv,/notebooks/nb_8x8_brz_to_slv,8X8,SL,DEV,2026-08-10T07:46:57.471Z,2026-08-10T07:48:00.306Z,SUCCESS,SCHEDULE,Fabric,3,2,0,1,0,1,2026-08-10T07:46:50.115Z,16a75514-afc2-4aaf-9331-e34f7fb9f5b5
20260815053049,5,8x8 Silver Pipeline,nb_8x8_brz_to_slv,/notebooks/nb_8x8_brz_to_slv,8X8,SL,DEV,2026-08-15T05:31:01.485Z,2026-08-15T05:32:48.679Z,SUCCESS,SCHEDULE,Fabric,3,3,0,0,0,1,2026-08-15T05:30:51.140Z,6517d2eb-46fa-4d72-8ea4-8ae23e1d30a8
20260825134116,5,8x8 Silver Pipeline,nb_8x8_brz_to_slv,/notebooks/nb_8x8_brz_to_slv,8X8,SL,DEV,2026-08-25T13:41:22.482Z,2026-08-25T13:43:02.406Z,SUCCESS,SCHEDULE,Fabric,4,4,0,0,0,1,2026-08-25T13:41:19.051Z,3475c8ff-ffdb-4323-a994-e16cd3be5d9b
20260817042608,5,8x8 Silver Pipeline,nb_8x8_brz_to_slv,/notebooks/nb_8x8_brz_to_slv,8X8,SL,DEV,2026-08-17T04:26:21.716Z,2026-08-17T07:50:54.813Z,SUCCESS,SCHEDULE,Fabric,3,3,5,0,1,2,2026-08-17T04:55:17.912Z,52164ce0-edd4-4190-aa47-6fab94475a01
20260817042608,5,8x8 Silver Pipeline,nb_8x8_brz_to_slv,/notebooks/nb_8x8_brz_to_slv,8X8,SL,DEV,2026-08-17T04:26:21.716Z,2026-08-17T07:50:54.813Z,SUCCESS,SCHEDULE,Fabric,3,3,5,0,0,1,2026-08-17T04:26:10.336Z,05bfb3aa-4a65-44f5-8e9d-867f9caa849a
20260814031729,95,chatmeter Silver Pipeline,nb_chatmeter_brz_to_slv,/notebooks/nb_chatmeter_brz_to_slv,Chatmeter,SL,DEV,2026-08-14T03:17:29.000Z,2026-08-14T03:18:48.000Z,SUCCESS,SCHEDULE,Fabric,1,1,0,0,0,1,2026-08-14T03:17:31.324Z,8f130ade-f940-4ab7-88a3-def4adf9c0ce
202608210910101208,43,SAMMS Global Bronze,pl_execute_samms_global,,SAMMS,BR,DEV,2026-08-21T09:10:03.467Z,2026-08-21T09:33:09.021Z,SUCCESS,MANUAL,MANUAL,12,12,0,0,0,1,2026-08-21T09:10:03.467Z,859bd6e7-8433-41b7-8f16-164cdd55063d
20260812051018,100,QQ_GLTRAN Bronze Pipeline,pl_qq_gltran,"",DRD,BR,DEV,2026-08-12T05:10:18.013Z,2026-08-12T05:13:08.420Z,SUCCESS,SCHEDULE,Fabric,1,1,0,0,0,1,2026-08-12T05:10:35.890Z,869f1a46-93ef-4f12-a49b-3bbeb426170a
20260812012448,100,QQ_GLTRAN Bronze Pipeline,pl_qq_gltran,"",DRD,BR,DEV,2026-08-12T01:24:48.998Z,2026-08-12T01:28:51.065Z,SUCCESS,SCHEDULE,Fabric,1,1,0,0,0,1,2026-08-12T01:25:08.436Z,6cc434e9-f97e-4251-a21f-0d09ad221fad
20260812092139,100,QQ_GLTRAN Bronze Pipeline,pl_qq_gltran,"",DRD,BR,DEV,2026-08-12T09:21:39.638Z,2026-08-12T09:23:38.409Z,SUCCESS,SCHEDULE,Fabric,1,1,0,0,0,1,2026-08-12T09:21:43.035Z,3ceecaf4-5cab-4434-a477-f1d5d0d51483
20260812084555,100,QQ_GLTRAN Bronze Pipeline,pl_qq_gltran,"",DRD,BR,DEV,2026-08-12T08:45:55.446Z,2026-08-12T08:48:05.602Z,SUCCESS,SCHEDULE,Fabric,1,1,0,0,0,1,2026-08-12T08:45:58.026Z,1777159c-1729-4d77-aa0c-d0d3b59ccb19
20260812054749,100,QQ_GLTRAN Bronze Pipeline,pl_qq_gltran,"",DRD,BR,DEV,2026-08-12T05:47:49.976Z,2026-08-12T05:49:58.853Z,SUCCESS,SCHEDULE,Fabric,1,1,0,0,0,1,2026-08-12T05:47:51.517Z,4d11fd15-9e7f-4c18-9ed8-d28ed5d51a62
202608241904501259,8,SAMMS Dose Silver Pipeline,pl_dose,/notebooks/nb_execute_pipeline,Bronze,SL,DEV,2026-08-24T19:04:33.617Z,2026-08-24T19:15:52.443Z,SUCCESS,SCHEDULE,Fabric,2,2,0,0,0,1,2026-08-24T19:04:33.617Z,0346ab63-a7c9-42d8-8f80-92ecf515f1ad
202608121554624207,8,SAMMS Dose Silver Pipeline,pl_dose,/notebooks/nb_execute_pipeline,Bronze,SL,DEV,2026-08-12T15:55:16.178Z,2026-08-12T16:12:39.852Z,SUCCESS,SCHEDULE,Fabric,2,2,0,0,0,1,2026-08-12T15:55:16.178Z,8f7980aa-1c89-4271-a743-cd3729c55733
20260811124748,100,QQ_GLTRAN Bronze Pipeline,pl_qq_gltran,"",DRD,BR,DEV,2026-08-11T12:47:48.497Z,2026-08-11T12:52:26.670Z,SUCCESS,SCHEDULE,Fabric,1,1,0,0,0,1,2026-08-11T12:47:50.477Z,07a568df-8fb2-477d-9bf7-93c7d3cf3953
20260812140831,100,QQ_GLTRAN Bronze Pipeline,pl_qq_gltran,"",DRD,BR,DEV,2026-08-12T14:08:31.793Z,2026-08-12T14:10:47.379Z,SUCCESS,SCHEDULE,Fabric,1,1,0,0,0,1,2026-08-12T14:08:35.447Z,73cb27f3-e3a8-4a25-bf87-1cf2e3ca34d8
20260812100043,100,QQ_GLTRAN Bronze Pipeline,pl_qq_gltran,"",DRD,BR,DEV,2026-08-12T10:00:43.646Z,2026-08-12T10:03:04.518Z,SUCCESS,SCHEDULE,Fabric,1,1,0,0,0,1,2026-08-12T10:00:45.404Z,073a6fce-c9bc-479b-9176-987e7c40f23f
20260812111118,100,QQ_GLTRAN Bronze Pipeline,pl_qq_gltran,"",DRD,BR,DEV,2026-08-12T11:11:18.692Z,2026-08-12T11:21:26.170Z,SUCCESS,SCHEDULE,Fabric,1,1,0,0,0,1,2026-08-12T11:11:31.847Z,1b0f010c-6a14-4998-a93b-4f07f46b08c5
20260812034005,100,QQ_GLTRAN Bronze Pipeline,pl_qq_gltran,"",DRD,BR,DEV,2026-08-12T03:40:05.134Z,2026-09-07T12:36:34.851Z,SUCCESS,SCHEDULE,Fabric,1,1,0,0,0,1,2026-08-12T03:40:08.280Z,13277167-7fb7-447e-9292-6a3b6529d4b3
20260818052236,6,8x8 Gold Pipeline,nb_8x8_slv_to_gld,/notebooks/nb_8x8_slv_to_gld,8X8,GL,DEV,2026-08-18T05:22:47.939Z,2026-08-18T05:23:15.860Z,SUCCESS,SCHEDULE,Fabric,3,0,0,3,0,1,2026-08-18T05:22:38.233Z,4723a883-9ff8-4a44-af41-2df7d0667204
20260813172437,6,8x8 Gold Pipeline,nb_8x8_slv_to_gld,/notebooks/nb_8x8_slv_to_gld,8X8,GL,DEV,2026-08-13T17:24:47.568Z,2026-08-13T17:26:30.524Z,SUCCESS,SCHEDULE,Fabric,3,3,0,0,0,1,2026-08-13T17:24:38.984Z,793a1d88-9a51-42e1-b67b-8a9da7bfcd79
20260817075249,6,8x8 Gold Pipeline,nb_8x8_slv_to_gld,/notebooks/nb_8x8_slv_to_gld,8X8,GL,DEV,2026-08-17T07:53:01.965Z,2026-08-17T07:54:29.778Z,SUCCESS,SCHEDULE,Fabric,3,3,0,0,0,1,2026-08-17T07:52:51.966Z,3ff82efb-5627-4b07-90b6-91557ea1f939
20260817214547,116,Patient Services Silver Pipeline,nb_patientservices_slv_to_slv,/notebooks/nb_patientservices_slv_to_slv,Patient Services,SL,DEV,2026-08-17T21:45:47.858Z,2026-08-17T21:50:05.189Z,SUCCESS,SCHEDULE,Fabric,1,1,0,0,0,1,2026-08-17T21:45:50.936Z,7160b631-f324-49a8-a346-021825c2e8d3
20260812085501,116,Patient Services Silver Pipeline,nb_patientservices_slv_to_slv,/notebooks/nb_patientservices_slv_to_slv,Patient Services,SL,DEV,2026-08-12T17:36:33.026Z,2026-08-12T17:42:07.978Z,SUCCESS,SCHEDULE,Fabric,1,1,0,0,1,8,2026-08-12T17:36:39.872Z,671a3bdd-f523-4ead-8f5c-38e46b083399
20260818080316,116,Patient Services Silver Pipeline,nb_patientservices_slv_to_slv,/notebooks/nb_patientservices_slv_to_slv,Patient Services,SL,DEV,2026-08-18T08:03:16.386Z,2026-08-18T08:07:48.065Z,SUCCESS,SCHEDULE,Fabric,1,1,0,0,0,1,2026-08-18T08:03:18.469Z,29373a40-37c1-4d75-982d-c5c47a764c32
20260817222025,116,Patient Services Silver Pipeline,nb_patientservices_slv_to_slv,/notebooks/nb_patientservices_slv_to_slv,Patient Services,SL,DEV,2026-08-17T22:20:25.598Z,2026-08-17T22:24:47.694Z,SUCCESS,SCHEDULE,Fabric,1,1,0,0,0,1,2026-08-17T22:20:28.206Z,9f3d1d7e-d037-4f1e-8d8f-a6326a1b4b90
20260818084213,116,Patient Services Silver Pipeline,nb_patientservices_slv_to_slv,/notebooks/nb_patientservices_slv_to_slv,Patient Services,SL,DEV,2026-08-18T08:42:13.101Z,2026-08-18T08:46:27.775Z,SUCCESS,SCHEDULE,Fabric,1,1,0,0,0,1,2026-08-18T08:42:15.805Z,28a72fa6-b0d1-481a-8c30-0de13fde3d77
20260813085630,116,Patient Services Silver Pipeline,nb_patientservices_slv_to_slv,/notebooks/nb_patientservices_slv_to_slv,Patient Services,SL,DEV,2026-08-13T08:56:45.825Z,2026-08-13T08:58:52.906Z,SUCCESS,SCHEDULE,Fabric,1,1,0,0,0,1,2026-08-13T08:56:33.816Z,68515acd-d42e-4d53-98a3-ea8ddd26175f
20260817054218,116,Patient Services Silver Pipeline,nb_patientservices_slv_to_slv,/notebooks/nb_patientservices_slv_to_slv,Patient Services,SL,DEV,2026-08-17T05:42:43.424Z,2026-08-17T05:44:31.157Z,SUCCESS,SCHEDULE,Fabric,1,1,0,0,0,1,2026-08-17T05:42:23.487Z,7d5ebbde-8708-475e-8b9b-47fa4c5e7a57
20260814045003,116,Patient Services Silver Pipeline,nb_patientservices_slv_to_slv,/notebooks/nb_patientservices_slv_to_slv,Patient Services,SL,DEV,2026-08-17T21:14:06.564Z,2026-08-17T21:18:18.544Z,SUCCESS,SCHEDULE,Fabric,1,1,0,0,1,2,2026-08-17T21:14:08.936Z,2303497c-bbf1-4033-9ae6-940348f197bc
20260813111331,116,Patient Services Silver Pipeline,nb_patientservices_slv_to_slv,/notebooks/nb_patientservices_slv_to_slv,Patient Services,SL,DEV,2026-08-13T11:13:52.516Z,2026-08-13T11:16:11.155Z,SUCCESS,SCHEDULE,Fabric,1,1,0,0,0,1,2026-08-13T11:13:34.592Z,971f0b89-0a2f-41c6-b8a9-d60aa59ce7d5
20260812181949,116,Patient Services Silver Pipeline,nb_patientservices_slv_to_slv,/notebooks/nb_patientservices_slv_to_slv,Patient Services,SL,DEV,2026-08-12T18:19:49.867Z,2026-08-12T18:24:47.717Z,SUCCESS,SCHEDULE,Fabric,1,1,0,0,0,1,2026-08-12T18:19:52.227Z,834aed09-160f-4574-8301-b233c796f637
20260810105024,116,Patient Services Silver Pipeline,nb_patientservices_slv_to_slv,/notebooks/nb_patientservices_slv_to_slv,Patient Services,SL,DEV,2026-08-10T10:50:24.502Z,2026-08-10T10:52:41.408Z,SUCCESS,SCHEDULE,Fabric,1,1,0,0,0,1,2026-08-10T10:50:26.034Z,27259250-b7b5-4760-b5ee-1ed8503d4111
20260817225447,116,Patient Services Silver Pipeline,nb_patientservices_slv_to_slv,/notebooks/nb_patientservices_slv_to_slv,Patient Services,SL,DEV,2026-08-18T04:12:01.388Z,2026-08-18T04:15:42.688Z,SUCCESS,SCHEDULE,Fabric,1,1,0,0,1,2,2026-08-18T04:12:03.110Z,8a9e0e01-d836-45d8-b32c-d2840ea54c41
20260810093636,121,OffWeek Counseling Silver Pipeline,nb_offweekcounseling_slv_to_slv,/notebooks/nb_offweekcounseling_slv_to_slv,OffWeek Counseling,SL,DEV,2026-08-10T09:36:36.509Z,,RUNNING,SCHEDULE,Fabric,1,0,0,0,0,1,2026-08-10T09:36:37.956Z,1453389c-d490-4676-bef1-3fe43090239f
20260819120920,110,Cash Flow Silver Pipeline,nb_cashflow_brz_to_slv,/notebooks/nb_cashflow_brz_to_slv,Cash Flow,SL,DEV,2026-08-19T12:09:20.940Z,2026-08-19T12:11:08.012Z,SUCCESS,SCHEDULE,Fabric,1,1,0,0,0,1,2026-08-19T12:09:20.940Z,490f9894-ca55-4752-92cd-6e0d41b12fb3
20260819163711,109,Cash Flow Bronze Pipeline,nb_cashflow_src_to_brz,/notebooks/nb_cashflow_src_to_brz,Cash Flow,BR,DEV,2026-08-19T16:37:11.821Z,2026-08-19T16:43:12.852Z,SUCCESS,SCHEDULE,Fabric,4,4,0,0,0,1,2026-08-19T16:37:11.821Z,971ee9a7-f79a-4b56-ae1e-aa39f692e592
20260819115722,109,Cash Flow Bronze Pipeline,nb_cashflow_src_to_brz,/notebooks/nb_cashflow_src_to_brz,Cash Flow,BR,DEV,2026-08-19T11:57:22.747Z,2026-08-19T12:03:47.584Z,SUCCESS,SCHEDULE,Fabric,4,4,0,0,0,1,2026-08-19T11:57:22.747Z,490f9894-ca55-4752-92cd-6e0d41b12fb3
20260822155510,101,,nb_qq_gltran_brz_to_slv,,,,,2026-08-22T15:55:16.381Z,2026-08-22T15:59:45.779Z,SUCCESS,,,,1,0,0,,1,2026-08-22T15:55:16.381Z,86dc8945-04f7-4dc3-82eb-5503b6ff4b72
20260823132048,102,,nb_qq_gltran_slv_to_gld,,,,,2026-08-23T13:20:58.201Z,2026-08-23T13:23:54.860Z,SUCCESS,,,,1,0,0,,1,2026-08-23T13:20:58.201Z,508fe03b-0979-4394-b454-75fc1e5f3879
20260813051406,102,,nb_qq_gltran_slv_to_gld,,,,,2026-08-13T05:14:16.769Z,2026-08-13T05:16:55.394Z,SUCCESS,,,,1,0,0,,1,2026-08-13T05:14:16.769Z,18585045-c0ca-4001-a812-fbd0cb09c50a
20260826075417,102,,nb_qq_gltran_slv_to_gld,,,,,2026-08-26T07:54:27.120Z,2026-08-26T07:58:01.413Z,SUCCESS,,,,1,0,0,,1,2026-08-26T07:54:27.120Z,21530b3b-0ec0-412a-ac81-2ac56361fe90
20260826075125,101,,nb_qq_gltran_brz_to_slv,,,,,2026-08-26T07:51:40.502Z,2026-08-26T07:53:17.573Z,SUCCESS,,,,1,0,0,,1,2026-08-26T07:51:40.502Z,21530b3b-0ec0-412a-ac81-2ac56361fe90
20260822160044,102,,nb_qq_gltran_slv_to_gld,,,,,2026-08-22T16:00:48.146Z,2026-08-22T16:02:04.041Z,SUCCESS,,,,1,0,0,,1,2026-08-22T16:00:48.146Z,86dc8945-04f7-4dc3-82eb-5503b6ff4b72
20260823033508,102,,nb_qq_gltran_slv_to_gld,,,,,2026-08-23T03:35:11.677Z,2026-08-23T03:36:36.428Z,SUCCESS,,,,1,0,0,,1,2026-08-23T03:35:11.677Z,4a9a5f44-79e3-482a-86ae-6e1a0dee0d46
202608220903558026,43,SAMMS Global Bronze,pl_execute_samms_global,,SAMMS,BR,DEV,2026-08-22T09:03:49.686Z,2026-08-22T09:15:39.095Z,SUCCESS,MANUAL,MANUAL,12,12,0,0,0,1,2026-08-22T09:03:49.686Z,797ee99c-6d86-4430-9ac7-afb34ef01ee1
202608210227162448,43,SAMMS Global Bronze,pl_execute_samms_global,,SAMMS,BR,DEV,2026-08-21T02:27:09.433Z,2026-08-21T02:39:46.725Z,SUCCESS,MANUAL,MANUAL,12,12,0,0,0,1,2026-08-21T02:27:09.433Z,37d39418-848b-43a3-aff1-182cc8bb7455
202608221137270305,43,SAMMS Global Bronze,pl_execute_samms_global,,SAMMS,BR,DEV,2026-08-22T11:37:21.072Z,2026-08-22T12:00:13.157Z,SUCCESS,MANUAL,MANUAL,12,12,0,0,0,1,2026-08-22T11:37:21.072Z,17fb4855-5e12-4261-b216-b3f67dc16eb3
202608201137385178,124,P1/P2 Assessments Silver,pl_execute_Assessments_02,/pipelines/pl_execute_Assessments_02,BR,SL,DEV,2026-08-20T11:37:22.286Z,,RUNNING,MANUAL,MANUAL,9,0,0,0,0,1,2026-08-20T11:37:22.286Z,6a85921a-665f-4cc7-b9c4-d81321a6d8fc
20260812080224,101,QQ_GLTRAN Silver Pipeline,nb_qq_gltran_brz_to_slv,/notebooks/nb_qq_gltran_brz_to_slv,DRD,SL,DEV,2026-08-12T08:02:33.698Z,,RUNNING,SCHEDULE,Fabric,1,0,0,0,0,1,2026-08-12T08:02:37.219Z,4a58dbb3-0c75-4e14-913a-c64e6b1076fa
20260817044446,80,Absolute Silver Inventory Pipeline,nb_absolute_brz_to_slv,/notebooks/nb_absolute_execute,Absolute,SL,DEV,2026-08-17T04:44:46.009Z,,RUNNING,SCHEDULED,Fabric,1,0,0,0,0,1,2026-08-17T04:45:01.708Z,1af9a41e-9125-485a-8041-26d6cee05acd
20260823174820,80,Absolute Silver Inventory Pipeline,nb_absolute_brz_to_slv,/notebooks/nb_absolute_execute,Absolute,SL,DEV,2026-08-23T17:48:20.436Z,,RUNNING,SCHEDULED,Fabric,1,0,0,0,0,1,2026-08-23T17:48:21.816Z,01421071-2900-43cb-aa90-fc9f216f1219
20260823174606,79,Absolute Bronze Inventory Pipeline,nb_absolute_src_to_brz,/notebooks/nb_absolute_execute,Absolute,BR,DEV,2026-08-23T17:46:06.782Z,,RUNNING,SCHEDULED,Fabric,1,0,0,0,0,1,2026-08-23T17:46:08.296Z,01421071-2900-43cb-aa90-fc9f216f1219
20260826120148,80,Absolute Silver Inventory Pipeline,nb_absolute_brz_to_slv,/notebooks/nb_absolute_execute,Absolute,SL,DEV,2026-08-26T12:01:48.556Z,,RUNNING,SCHEDULED,Fabric,1,0,0,0,0,1,2026-08-26T12:01:50.118Z,1b1a6fda-3898-4977-8293-4f6270f8ba38
202608181018708812,125,P1/P2 Assessments Gold,pl_execute_Assessments_02,,SL,GL,DEV,2026-08-18T10:18:15.075Z,2026-08-18T11:02:39.892Z,SUCCESS,MANUAL,MANUAL,9,9,0,0,0,1,2026-08-18T10:18:15.075Z,06767fa9-f980-4e92-a048-4dd43e2dbe98
202608201137285178,123,P1/P2 Assessments Bronze,pl_execute_Assessments_02,/pipelines/pl_execute_Assessments_02,SAMMS,BR,DEV,2026-08-20T11:37:22.286Z,,RUNNING,MANUAL,MANUAL,27,0,0,0,0,1,2026-08-20T11:37:22.286Z,6a85921a-665f-4cc7-b9c4-d81321a6d8fc
20260819121818,111,Cash Flow Gold Pipeline,nb_cashflow_slv_to_gld,/notebooks/nb_cashflow_slv_to_gld,Cash Flow,GL,DEV,2026-08-19T12:18:18.513Z,,RUNNING,SCHEDULE,Fabric,1,0,0,0,0,1,2026-08-19T12:18:18.513Z,490f9894-ca55-4752-92cd-6e0d41b12fb3
20260823113422,,Active Directory Silver Pipeline,nb_zoom_test,/notebooks/nb_zoom_test,Active Directory,SL,DEV,2026-08-23T11:34:34.598Z,2026-08-23T11:34:34.598Z,FAILED,SCHEDULE,Fabric,1,0,1,0,0,1,2026-08-23T11:34:34.598Z,928db245-0092-481d-aefd-e26d4e14bf2d
202608260338553141,18,SAMMS Orders Bronze,pl_SaveOrders,/pipelines/pl_SaveOrders,SAMMS,BR,DEV,2026-08-26T03:38:49.470Z,,RUNNING,MANUAL,MANUAL,115,0,0,0,0,1,2026-08-26T03:38:49.470Z,426a078d-08d3-467a-b080-c64ecd484f4d
202608260508555258,18,SAMMS Orders Bronze,pl_SaveOrders,/pipelines/pl_SaveOrders,SAMMS,BR,DEV,2026-08-26T05:08:49.245Z,,RUNNING,MANUAL,MANUAL,115,0,0,0,0,1,2026-08-26T05:08:49.245Z,221f2009-dac6-4afa-9ade-cadf0ca9cd98
202608260444506787,18,SAMMS Orders Bronze,pl_SaveOrders,/pipelines/pl_SaveOrders,SAMMS,BR,DEV,2026-08-26T04:44:45.343Z,,RUNNING,MANUAL,MANUAL,115,0,0,0,0,1,2026-08-26T04:44:45.343Z,2d5e9c55-38d7-440f-a68f-ebc2f3cdec7c
202608260712207900,18,SAMMS Orders Bronze,pl_SaveOrders,/pipelines/pl_SaveOrders,SAMMS,BR,DEV,2026-08-26T07:12:14.906Z,,RUNNING,MANUAL,MANUAL,115,0,0,0,0,1,2026-08-26T07:12:14.906Z,1c9b9d72-e4b8-45a7-bc59-8a13b33be61c
202608260953681529,18,SAMMS Orders Bronze,pl_SaveOrders,/pipelines/pl_SaveOrders,SAMMS,BR,DEV,2026-08-26T09:54:02.571Z,,RUNNING,MANUAL,MANUAL,115,0,0,0,0,1,2026-08-26T09:54:02.571Z,0bb2fd94-a697-410f-a1f5-f2ee27cb5b12
202608260633200054,18,SAMMS Orders Bronze,pl_SaveOrders,/pipelines/pl_SaveOrders,SAMMS,BR,DEV,2026-08-26T06:33:13.766Z,,RUNNING,MANUAL,MANUAL,115,0,0,0,0,1,2026-08-26T06:33:13.766Z,326b4dce-6e57-4d50-9094-e24e58dcad35
202608271004376098,18,SAMMS Orders Bronze,pl_SaveOrders,/pipelines/pl_SaveOrders,SAMMS,BR,DEV,2026-08-27T10:04:32.012Z,,RUNNING,MANUAL,MANUAL,2,0,0,0,0,1,2026-08-27T10:04:32.012Z,9ce9bb9c-4880-42dc-bdfb-f8eda9f61732
202608191654269970,76,SAMMS PatientPreAdmission Bronze Pipeline,pl_ppa,,SAMMS,BR,DEV,2026-08-19T16:54:29.376Z,2026-08-19T17:10:51.162Z,FAILED,SCHEDULE,Fabric,116,92,24,0,0,1,2026-08-19T16:54:29.376Z,4736cb14-987d-4509-b3d7-654790c2de16
20260815125659,5,8x8 Silver Pipeline,nb_8x8_brz_to_slv,/notebooks/nb_8x8_brz_to_slv,8X8,SL,DEV,2026-08-15T12:57:12.780Z,2026-08-15T17:13:44.580Z,FAILED,SCHEDULE,Fabric,3,2,3,0,1,3,2026-08-15T17:13:13.784Z,4bfd62cb-cdb1-43b0-9906-0c9977c047bd
202608130804191200,-1,UNKNOWN,nb_patientservices__to_slv,UNKNOWN,UNKNOWN,UNKNOWN,UNKNOWN,2026-08-13T08:04:19.120Z,2026-08-13T08:04:22.694Z,FAILED,UNKNOWN,UNKNOWN,0,0,1,0,0,1,2026-08-13T08:04:22.694Z,3898e622-e79b-4fcf-ab88-9be1506bf39f
202608261050467363,19,SAMMS Orders Silver,pl_SaveOrders,/pipelines/pl_SaveOrders,BR,SL,DEV,2026-08-26T10:50:30.378Z,2026-08-26T11:43:22.158Z,SUCCESS,MANUAL,MANUAL,1,1,0,0,0,1,2026-08-26T10:50:30.378Z,9f27ea6d-77e8-424b-b461-0bad838d803f
20260821110740,6,8x8 Gold Pipeline,nb_8x8_slv_to_gld,/notebooks/nb_8x8_slv_to_gld,8X8,GL,DEV,2026-08-21T11:07:41.698Z,2026-08-21T11:09:33.106Z,SUCCESS,SCHEDULE,Fabric,4,0,0,0,0,1,2026-08-21T11:07:41.698Z,5e6e216d-0b15-4087-bfb1-590a380bdb5c
20260814023150,6,8x8 Gold Pipeline,nb_8x8_slv_to_gld,/notebooks/nb_8x8_slv_to_gld,8X8,GL,DEV,2026-08-14T02:31:59.800Z,2026-08-14T02:33:35.039Z,SUCCESS,SCHEDULE,Fabric,3,3,0,0,0,1,2026-08-14T02:31:51.748Z,7582fe2a-ab67-4726-aa6a-73a8a3ff4bdb
20260815053441,6,8x8 Gold Pipeline,nb_8x8_slv_to_gld,/notebooks/nb_8x8_slv_to_gld,8X8,GL,DEV,2026-08-15T05:34:53.328Z,2026-08-15T12:30:26.144Z,SUCCESS,SCHEDULE,Fabric,3,3,2,0,0,1,2026-08-15T05:34:43.117Z,6517d2eb-46fa-4d72-8ea4-8ae23e1d30a8
202608170918653455,107,P1/P2 Clinical Domain Silver,pl_execute_Clinical,/pipelines/pl_execute_Clinical,BRONZE LAKEHOUSE,SL,DEV,2026-08-17T09:18:50.437Z,,RUNNING,MANUAL,MANUAL,15,0,0,0,0,1,2026-08-17T09:18:50.437Z,737d8938-1e45-48fd-8275-673f17c1a1e7
202608242001657422,35,SAMMS Notes Silver Pipeline,Execute_Notes,,Lakehouse,SL,DEV,2026-08-24T20:01:49.118Z,2026-08-24T20:12:46.280Z,SUCCESS,Manual,Manual,2,2,0,0,0,1,2026-08-24T20:01:49.118Z,4d8b4395-4229-458f-ac6c-24f28fa466d2
202608181208108120,125,P1/P2 Assessments Gold,pl_execute_Assessments_02,,SL,GL,DEV,2026-08-18T12:07:54.927Z,2026-08-18T12:45:36.653Z,SUCCESS,MANUAL,MANUAL,9,9,0,0,0,1,2026-08-18T12:07:54.927Z,6a9f8fe6-e2a7-49ab-8570-443c59873958
20260824034349,1,UKG Bronze Pipeline,nb_ukg_src_to_brz,BHG-DATA-PLATFORM-CORE-DEV/2_Engineering/2_Transformation/UKG/nb_ukg_src_to_brz,UKG,BR,DEV,2026-08-24T03:43:49.095Z,,RUNNING,SCHEDULE,Fabric,8,0,0,0,0,1,2026-08-24T03:43:59.121Z,51e7ad26-b2e6-46cb-a629-9109597f787d
20260826205225,131,AzureSQL4 Workflows Silver Pipeline,nb_azuresql4_slv_to_slv,BHG-DATA-PLATFORM-CORE-DEV/2_Engineering/2_Transformation/AzureSQL4/nb_azuresql4_slv_to_slv,AzureSQL4 Workflows,SL,DEV,2026-08-26T21:17:51.474Z,2026-08-26T21:22:03.696Z,SUCCESS,SCHEDULED,Fabric,12,12,0,0,1,2,2026-08-26T21:17:51.474Z,4b200449-8053-4691-81f7-bd43960e8882
20260827062944,131,AzureSQL4 Workflows Silver Pipeline,nb_azuresql4_slv_to_slv,BHG-DATA-PLATFORM-CORE-DEV/2_Engineering/2_Transformation/AzureSQL4/nb_azuresql4_slv_to_slv,AzureSQL4 Workflows,SL,DEV,2026-08-27T06:29:44.112Z,2026-08-27T06:45:16.384Z,SUCCESS,SCHEDULED,Fabric,12,12,0,0,0,1,2026-08-27T06:29:44.112Z,475c3e58-0434-45d9-b3f8-9d768448de53
20260827034338,131,AzureSQL4 Workflows Silver Pipeline,nb_azuresql4_slv_to_slv,BHG-DATA-PLATFORM-CORE-DEV/2_Engineering/2_Transformation/AzureSQL4/nb_azuresql4_slv_to_slv,AzureSQL4 Workflows,SL,DEV,2026-08-27T03:43:38.741Z,2026-08-27T03:58:59.629Z,SUCCESS,SCHEDULED,Fabric,12,12,0,0,0,1,2026-08-27T03:43:38.741Z,6c0dfbf2-4982-428b-b962-2d1ca5cf9e53
20260827103159,131,AzureSQL4 Workflows Silver Pipeline,nb_azuresql4_slv_to_slv,BHG-DATA-PLATFORM-CORE-DEV/2_Engineering/2_Transformation/AzureSQL4/nb_azuresql4_slv_to_slv,AzureSQL4 Workflows,SL,DEV,2026-08-27T10:31:59.819Z,2026-08-27T10:46:01.212Z,SUCCESS,SCHEDULED,Fabric,12,12,0,0,0,1,2026-08-27T10:31:59.819Z,9c98095d-0f6c-4ddc-995a-49dd3d71b166
20260827071414,131,AzureSQL4 Workflows Silver Pipeline,nb_azuresql4_slv_to_slv,BHG-DATA-PLATFORM-CORE-DEV/2_Engineering/2_Transformation/AzureSQL4/nb_azuresql4_slv_to_slv,AzureSQL4 Workflows,SL,DEV,2026-08-27T07:14:14.642Z,2026-08-27T07:28:33.431Z,SUCCESS,SCHEDULED,Fabric,12,12,0,0,0,1,2026-08-27T07:14:14.642Z,67cdece8-9745-4c87-ab73-e4e58104b61d
20260827084437,131,AzureSQL4 Workflows Silver Pipeline,nb_azuresql4_slv_to_slv,BHG-DATA-PLATFORM-CORE-DEV/2_Engineering/2_Transformation/AzureSQL4/nb_azuresql4_slv_to_slv,AzureSQL4 Workflows,SL,DEV,2026-08-27T08:44:37.924Z,2026-08-27T08:59:03.508Z,SUCCESS,SCHEDULED,Fabric,12,12,0,0,0,1,2026-08-27T08:44:37.924Z,3fa64f84-15aa-45fb-9cca-2f2fe48cfae1
20260827111830,131,AzureSQL4 Workflows Silver Pipeline,nb_azuresql4_slv_to_slv,BHG-DATA-PLATFORM-CORE-DEV/2_Engineering/2_Transformation/AzureSQL4/nb_azuresql4_slv_to_slv,AzureSQL4 Workflows,SL,DEV,2026-08-27T11:18:30.328Z,2026-08-27T11:33:17.932Z,SUCCESS,SCHEDULED,Fabric,12,12,0,0,0,1,2026-08-27T11:18:30.328Z,548cb8af-a2ae-442b-8193-6118f75471ea
20260826205225,131,AzureSQL4 Workflows Silver Pipeline,nb_azuresql4_slv_to_slv,BHG-DATA-PLATFORM-CORE-DEV/2_Engineering/2_Transformation/AzureSQL4/nb_azuresql4_slv_to_slv,AzureSQL4 Workflows,SL,DEV,2026-08-26T20:52:25.507Z,2026-08-26T21:05:23.046Z,FAILED,SCHEDULED,Fabric,12,10,2,0,0,1,2026-08-26T20:52:25.507Z,763548dd-f2e8-4b4a-babe-63409027873a
20260819172744,38,KnowBe4 Silver Pipeline,nb_knowbe4_brz_to_slv,/notebooks/nb_knowbe4_brz_to_slv,KNOWBE4,SL,DEV,2026-08-19T17:27:44.897Z,,RUNNING,SCHEDULE,Fabric,1,0,0,0,0,1,2026-08-19T17:27:47.153Z,08f8126a-7032-4be2-8f9e-7fa77178eb6e
20260812080526,102,QQ_GLTRAN Gold Pipeline,nb_qq_gltran_slv_to_gld,/notebooks/nb_qq_gltran_slv_to_gld,DRD,GL,DEV,2026-08-12T08:05:55.359Z,,RUNNING,SCHEDULE,Fabric,1,0,0,0,0,1,2026-08-12T08:05:59.820Z,4a58dbb3-0c75-4e14-913a-c64e6b1076fa
20260812044652,102,QQ_GLTRAN Gold Pipeline,nb_qq_gltran_slv_to_gld,/notebooks/nb_qq_gltran_slv_to_gld,DRD,GL,DEV,2026-08-12T04:46:57.809Z,,RUNNING,SCHEDULE,Fabric,1,0,0,0,0,1,2026-08-12T04:47:14.863Z,21484e3f-ead2-43b4-a3e1-c6cca025e09c
202608141626290505,123,P1/P2 Assessments Bronze,pl_ecxecute_Assessments_02,,SAMMS,BR,DEV,2026-08-14T16:26:12.850Z,,RUNNING,MANUAL,MANUAL,27,0,0,0,0,1,2026-08-14T16:26:12.850Z,4af24d7c-a59e-4c1d-ba07-a50bfdc103a0
202608141115654782,123,P1/P2 Assessments Bronze,pl_ecxecute_Assessments_02,,SAMMS,BR,DEV,2026-08-14T11:16:02.072Z,,RUNNING,MANUAL,MANUAL,27,0,0,0,0,1,2026-08-14T11:16:02.072Z,1f015171-6d49-4086-8c98-7e8c57ed40e0
202608141407595842,123,P1/P2 Assessments Bronze,pl_ecxecute_Assessments_02,,SAMMS,BR,DEV,2026-08-14T14:07:48.879Z,,RUNNING,MANUAL,MANUAL,27,0,0,0,0,1,2026-08-14T14:07:48.879Z,57720be3-8aef-4e88-b2b3-135e588b76b9
202608181207608120,123,P1/P2 Assessments Bronze,pl_ecxecute_Assessments_02,,SAMMS,BR,DEV,2026-08-18T12:07:54.927Z,,RUNNING,MANUAL,MANUAL,27,0,0,0,0,1,2026-08-18T12:07:54.927Z,6a9f8fe6-e2a7-49ab-8570-443c59873958
202608141002445016,123,P1/P2 Assessments Bronze,pl_ecxecute_Assessments_02,,SAMMS,BR,DEV,2026-08-14T10:02:40.192Z,,RUNNING,MANUAL,MANUAL,27,0,0,0,0,1,2026-08-14T10:02:40.192Z,161ebd56-ffd3-43a5-854e-7cdb944372dd
202608141002545016,123,P1/P2 Assessments Bronze,pl_ecxecute_Assessments_02,,SAMMS,BR,DEV,2026-08-14T10:02:40.192Z,,RUNNING,MANUAL,MANUAL,27,0,0,0,0,1,2026-08-14T10:02:40.192Z,161ebd56-ffd3-43a5-854e-7cdb944372dd
202608141014347731,123,P1/P2 Assessments Bronze,pl_ecxecute_Assessments_02,,SAMMS,BR,DEV,2026-08-14T10:15:47.603Z,,RUNNING,MANUAL,MANUAL,27,0,0,0,0,1,2026-08-14T10:15:47.603Z,19768968-aa29-427e-83b7-e1d1e6e9ba39
202608141014447731,123,P1/P2 Assessments Bronze,pl_ecxecute_Assessments_02,,SAMMS,BR,DEV,2026-08-14T10:15:47.603Z,,RUNNING,MANUAL,MANUAL,27,0,0,0,0,1,2026-08-14T10:15:47.603Z,19768968-aa29-427e-83b7-e1d1e6e9ba39
202608141651669587,123,P1/P2 Assessments Bronze,pl_ecxecute_Assessments_02,,SAMMS,BR,DEV,2026-08-14T16:51:51.172Z,,RUNNING,MANUAL,MANUAL,27,0,0,0,0,1,2026-08-14T16:51:51.172Z,53688378-6c62-4a30-b279-f87937f84dda
202608141407495842,123,P1/P2 Assessments Bronze,pl_ecxecute_Assessments_02,,SAMMS,BR,DEV,2026-08-14T14:07:48.879Z,,RUNNING,MANUAL,MANUAL,27,0,0,0,0,1,2026-08-14T14:07:48.879Z,57720be3-8aef-4e88-b2b3-135e588b76b9
202608141115754782,123,P1/P2 Assessments Bronze,pl_ecxecute_Assessments_02,,SAMMS,BR,DEV,2026-08-14T11:16:02.072Z,,RUNNING,MANUAL,MANUAL,27,0,0,0,0,1,2026-08-14T11:16:02.072Z,1f015171-6d49-4086-8c98-7e8c57ed40e0
202608140458261657,106,P1/P2 Clinical Domain Bronze,pl_execute_Clinical,,SAMMS,BR,DEV,2026-08-14T04:58:20.975Z,,RUNNING,MANUAL,MANUAL,48,0,0,0,0,1,2026-08-14T04:58:20.975Z,71a9c72f-d1aa-4655-8588-a8b721ed99b5
202608210519557846,44,SAMMS Global Silver,pl_execute_samms_global,,LAKEHOUSE,SL,DEV,2026-08-21T05:19:39.780Z,,RUNNING,MANUAL,MANUAL,12,0,0,0,0,1,2026-08-21T05:19:39.780Z,0662b24c-b212-4dda-8c06-7d267abe8279
202608210507390679,44,SAMMS Global Silver,pl_execute_samms_global,,LAKEHOUSE,SL,DEV,2026-08-21T05:07:22.222Z,,RUNNING,MANUAL,MANUAL,12,0,0,0,0,1,2026-08-21T05:07:22.222Z,8b0e0aac-8237-4148-be6b-aa1262f53fd5
202608201140375832,44,SAMMS Global Silver,pl_execute_samms_global,,LAKEHOUSE,SL,DEV,2026-08-20T11:40:20.981Z,,RUNNING,MANUAL,MANUAL,13,0,0,0,0,1,2026-08-20T11:40:20.981Z,72f7834d-57c4-4b7f-8ee8-0f257034f661
202608210843312200,44,SAMMS Global Silver,pl_execute_samms_global,,LAKEHOUSE,SL,DEV,2026-08-21T08:43:14.517Z,,RUNNING,MANUAL,MANUAL,12,0,0,0,0,1,2026-08-21T08:43:14.517Z,20ed3f43-9d3d-4069-88a4-8969629c0f13
202608201252755198,44,SAMMS Global Silver,pl_execute_samms_global,,LAKEHOUSE,SL,DEV,2026-08-20T12:52:58.885Z,,RUNNING,MANUAL,MANUAL,13,0,0,0,0,1,2026-08-20T12:52:58.885Z,0ce7d099-3d6c-4ea7-bc51-49568354824a
202608220710475599,44,SAMMS Global Silver,pl_execute_samms_global,,LAKEHOUSE,SL,DEV,2026-08-22T07:10:30.840Z,,RUNNING,MANUAL,MANUAL,13,0,0,0,0,1,2026-08-22T07:10:30.840Z,973695a7-094a-4603-9fca-349107feb970
202608201431390387,44,SAMMS Global Silver,pl_execute_samms_global,,LAKEHOUSE,SL,DEV,2026-08-20T14:31:22.563Z,,RUNNING,MANUAL,MANUAL,12,0,0,0,0,1,2026-08-20T14:31:22.563Z,66787d7a-f35f-4e80-bddd-284cf44b8981
202608210519457846,43,SAMMS Global Bronze,pl_execute_samms_global,,SAMMS,BR,DEV,2026-08-21T05:19:39.780Z,,RUNNING,MANUAL,MANUAL,12,0,0,0,0,1,2026-08-21T05:19:39.780Z,0662b24c-b212-4dda-8c06-7d267abe8279
202608220710375599,43,SAMMS Global Bronze,pl_execute_samms_global,,SAMMS,BR,DEV,2026-08-22T07:10:30.840Z,,RUNNING,MANUAL,MANUAL,12,0,0,0,0,1,2026-08-22T07:10:30.840Z,973695a7-094a-4603-9fca-349107feb970
20260812075447,100,QQ_GLTRAN Bronze Pipeline,pl_qq_gltran,"",DRD,BR,DEV,2026-08-12T07:54:47.380Z,,RUNNING,SCHEDULE,Fabric,1,0,0,0,0,1,2026-08-12T07:54:48.943Z,4a58dbb3-0c75-4e14-913a-c64e6b1076fa
20260812083651,100,QQ_GLTRAN Bronze Pipeline,pl_qq_gltran,"",DRD,BR,DEV,2026-08-12T08:36:51.111Z,,RUNNING,SCHEDULE,Fabric,1,0,0,0,0,1,2026-08-12T08:36:52.892Z,6ae3b4b8-0818-4e0f-b20f-7582b45e64e3
20260825104552,129,Azure Sql Python Silver,pl_azure_sql_python,/pipelines/pl_Azure_Sql_Python,Azure_Sql,SL,DEV,2026-08-25T10:45:52.305Z,2026-08-25T10:53:21.521Z,SUCCESS,MANUAL,MANUAL,2,2,0,0,0,1,2026-08-25T10:45:52.305Z,14acef57-a6d0-4d2d-8699-deeb4ca96c3c
20260825065115,129,Azure Sql Python Silver,pl_azure_sql_python,/pipelines/pl_Azure_Sql_Python,Azure_Sql,SL,DEV,2026-08-25T06:51:15.813Z,2026-08-25T07:00:56.060Z,SUCCESS,MANUAL,MANUAL,2,2,0,0,0,1,2026-08-25T06:51:15.813Z,2fa3e356-ae01-4dcd-b224-29975f3f4663
20260824134047,129,Azure Sql Python Silver,pl_azure_sql_python,/pipelines/pl_Azure_Sql_Python,Azure_Sql,SL,DEV,2026-08-24T13:40:47.353Z,2026-08-24T13:50:13.230Z,SUCCESS,MANUAL,MANUAL,2,2,0,0,0,1,2026-08-24T13:40:47.353Z,65ef2c78-6383-4fa0-b292-451fef5594ab
20260825062610,129,Azure Sql Python Silver,pl_azure_sql_python,/pipelines/pl_Azure_Sql_Python,Azure_Sql,SL,DEV,2026-08-25T06:26:10.139Z,2026-08-25T06:34:43.705Z,SUCCESS,MANUAL,MANUAL,2,2,0,0,0,1,2026-08-25T06:26:10.139Z,10463748-23f8-4ae2-b9e2-be0a0e43e58c
20260824143401,129,Azure Sql Python Silver,pl_azure_sql_python,/pipelines/pl_Azure_Sql_Python,Azure_Sql,SL,DEV,2026-08-24T14:34:01.486Z,2026-08-24T14:42:20.796Z,SUCCESS,MANUAL,MANUAL,2,2,0,0,0,1,2026-08-24T14:34:01.486Z,31f76fca-6e67-4da9-bdde-70234da73bc2
20260824094126,129,Azure Sql Python Silver,pl_azure_sql_python,/pipelines/pl_Azure_Sql_Python,Azure_Sql,SL,DEV,2026-08-24T10:09:04.758Z,2026-08-24T10:14:58.057Z,FAILED,MANUAL,MANUAL,2,1,1,0,1,2,2026-08-24T10:09:04.758Z,6a735722-6e76-450c-a96d-4ce695201a90
20260827073212,100,,pl_qq_gltran,,,,,2026-08-27T07:32:25.572Z,2026-08-27T07:34:37.660Z,SUCCESS,,,,1,0,0,,1,2026-08-27T07:32:25.572Z,172af47b-610a-4a99-aceb-e1a3ed168be6
20260824062148,100,,pl_qq_gltran,,,,,2026-08-24T06:22:00.643Z,2026-08-24T06:24:03.656Z,SUCCESS,,,,1,0,0,,1,2026-08-24T06:22:00.643Z,25d2eaee-dfad-422c-bf93-c7d0a4c88cf3
20260821132116,100,,pl_qq_gltran,,,,,2026-08-21T13:21:27.236Z,2026-08-21T13:23:37.208Z,SUCCESS,,,,1,0,0,,1,2026-08-21T13:21:27.236Z,5e6f0194-1515-43a7-be5c-eafd71bb2316
20260821141708,100,,pl_qq_gltran,,,,,2026-08-21T14:17:18.857Z,2026-08-21T14:19:55.763Z,SUCCESS,,,,1,0,0,,1,2026-08-21T14:17:18.857Z,78354c32-c95e-4764-aca9-7ab7024f591e
20260823030929,100,,pl_qq_gltran,,,,,2026-08-23T03:09:39.822Z,2026-08-23T03:23:31.491Z,SUCCESS,,,,1,0,0,,1,2026-08-23T03:09:39.822Z,4a9a5f44-79e3-482a-86ae-6e1a0dee0d46
20260821072815,100,,pl_qq_gltran,,,,,2026-08-21T07:28:25.482Z,2026-08-21T07:30:55.759Z,SUCCESS,,,,1,0,0,,1,2026-08-21T07:28:25.482Z,5dcbdf16-684e-4cfb-b8f1-a5d56858b4a4
202608141002945016,125,P1/P2 Assessments Gold,pl_execute_Assessments_02,,SL,GL,DEV,2026-08-14T10:02:40.192Z,,RUNNING,MANUAL,MANUAL,9,0,0,0,0,1,2026-08-14T10:02:40.192Z,161ebd56-ffd3-43a5-854e-7cdb944372dd
202608141651969587,125,P1/P2 Assessments Gold,pl_execute_Assessments_02,,SL,GL,DEV,2026-08-14T16:51:51.172Z,,RUNNING,MANUAL,MANUAL,9,0,0,0,0,1,2026-08-14T16:51:51.172Z,53688378-6c62-4a30-b279-f87937f84dda
202608141002845016,125,P1/P2 Assessments Gold,pl_execute_Assessments_02,,SL,GL,DEV,2026-08-14T10:02:40.192Z,,RUNNING,MANUAL,MANUAL,9,0,0,0,0,1,2026-08-14T10:02:40.192Z,161ebd56-ffd3-43a5-854e-7cdb944372dd
202608141407895842,125,P1/P2 Assessments Gold,pl_execute_Assessments_02,,SL,GL,DEV,2026-08-14T14:07:48.879Z,,RUNNING,MANUAL,MANUAL,9,0,0,0,0,1,2026-08-14T14:07:48.879Z,57720be3-8aef-4e88-b2b3-135e588b76b9
202608141047924197,125,P1/P2 Assessments Gold,pl_execute_Assessments_02,,SL,GL,DEV,2026-08-14T10:47:47.779Z,,RUNNING,MANUAL,MANUAL,9,0,0,0,0,1,2026-08-14T10:47:47.779Z,1547fce9-3dd6-448c-a50d-a0befd83c7da
202608181018608812,125,P1/P2 Assessments Gold,pl_execute_Assessments_02,,SL,GL,DEV,2026-08-18T10:18:15.075Z,,RUNNING,MANUAL,MANUAL,9,0,0,0,0,1,2026-08-18T10:18:15.075Z,06767fa9-f980-4e92-a048-4dd43e2dbe98
202608141048024197,125,P1/P2 Assessments Gold,pl_execute_Assessments_02,,SL,GL,DEV,2026-08-14T10:47:47.779Z,,RUNNING,MANUAL,MANUAL,9,0,0,0,0,1,2026-08-14T10:47:47.779Z,1547fce9-3dd6-448c-a50d-a0befd83c7da
202608141116154782,125,P1/P2 Assessments Gold,pl_execute_Assessments_02,,SL,GL,DEV,2026-08-14T11:16:02.072Z,,RUNNING,MANUAL,MANUAL,9,0,0,0,0,1,2026-08-14T11:16:02.072Z,1f015171-6d49-4086-8c98-7e8c57ed40e0
202608141116054782,125,P1/P2 Assessments Gold,pl_execute_Assessments_02,,SL,GL,DEV,2026-08-14T11:16:02.072Z,,RUNNING,MANUAL,MANUAL,9,0,0,0,0,1,2026-08-14T11:16:02.072Z,1f015171-6d49-4086-8c98-7e8c57ed40e0
202608141626690505,125,P1/P2 Assessments Gold,pl_execute_Assessments_02,,SL,GL,DEV,2026-08-14T16:26:12.850Z,,RUNNING,MANUAL,MANUAL,9,0,0,0,0,1,2026-08-14T16:26:12.850Z,4af24d7c-a59e-4c1d-ba07-a50bfdc103a0
202608141014847731,125,P1/P2 Assessments Gold,pl_execute_Assessments_02,,SL,GL,DEV,2026-08-14T10:15:47.603Z,,RUNNING,MANUAL,MANUAL,9,0,0,0,0,1,2026-08-14T10:15:47.603Z,19768968-aa29-427e-83b7-e1d1e6e9ba39
202608141652069587,125,P1/P2 Assessments Gold,pl_execute_Assessments_02,,SL,GL,DEV,2026-08-14T16:51:51.172Z,,RUNNING,MANUAL,MANUAL,9,0,0,0,0,1,2026-08-14T16:51:51.172Z,53688378-6c62-4a30-b279-f87937f84dda
202608141439660325,125,P1/P2 Assessments Gold,pl_execute_Assessments_02,,SL,GL,DEV,2026-08-14T14:39:11.491Z,,RUNNING,MANUAL,MANUAL,9,0,0,0,0,1,2026-08-14T14:39:11.491Z,58f20748-15b7-4a11-966c-9510b56c5310
202608141439560325,125,P1/P2 Assessments Gold,pl_execute_Assessments_02,,SL,GL,DEV,2026-08-14T14:39:11.491Z,,RUNNING,MANUAL,MANUAL,9,0,0,0,0,1,2026-08-14T14:39:11.491Z,58f20748-15b7-4a11-966c-9510b56c5310
202608260633300054,19,SAMMS Orders Silver,pl_SaveOrders,/pipelines/pl_SaveOrders,BR,SL,DEV,2026-08-26T06:33:13.766Z,,RUNNING,MANUAL,MANUAL,1,0,0,0,0,1,2026-08-26T06:33:13.766Z,326b4dce-6e57-4d50-9094-e24e58dcad35
202608260444606787,19,SAMMS Orders Silver,pl_SaveOrders,/pipelines/pl_SaveOrders,BR,SL,DEV,2026-08-26T04:44:45.343Z,,RUNNING,MANUAL,MANUAL,1,0,0,0,0,1,2026-08-26T04:44:45.343Z,2d5e9c55-38d7-440f-a68f-ebc2f3cdec7c
202608271004476098,19,SAMMS Orders Silver,pl_SaveOrders,/pipelines/pl_SaveOrders,BR,SL,DEV,2026-08-27T10:04:32.012Z,,RUNNING,MANUAL,MANUAL,1,0,0,0,0,1,2026-08-27T10:04:32.012Z,9ce9bb9c-4880-42dc-bdfb-f8eda9f61732
202608260953781529,19,SAMMS Orders Silver,pl_SaveOrders,/pipelines/pl_SaveOrders,BR,SL,DEV,2026-08-26T09:54:02.571Z,,RUNNING,MANUAL,MANUAL,1,0,0,0,0,1,2026-08-26T09:54:02.571Z,0bb2fd94-a697-410f-a1f5-f2ee27cb5b12
202608260508655258,19,SAMMS Orders Silver,pl_SaveOrders,/pipelines/pl_SaveOrders,BR,SL,DEV,2026-08-26T05:08:49.245Z,,RUNNING,MANUAL,MANUAL,1,0,0,0,0,1,2026-08-26T05:08:49.245Z,221f2009-dac6-4afa-9ade-cadf0ca9cd98
202608260338653141,19,SAMMS Orders Silver,pl_SaveOrders,/pipelines/pl_SaveOrders,BR,SL,DEV,2026-08-26T03:38:49.470Z,,RUNNING,MANUAL,MANUAL,1,0,0,0,0,1,2026-08-26T03:38:49.470Z,426a078d-08d3-467a-b080-c64ecd484f4d
202608260712307900,19,SAMMS Orders Silver,pl_SaveOrders,/pipelines/pl_SaveOrders,BR,SL,DEV,2026-08-26T07:12:14.906Z,,RUNNING,MANUAL,MANUAL,1,0,0,0,0,1,2026-08-26T07:12:14.906Z,1c9b9d72-e4b8-45a7-bc59-8a13b33be61c
202608140519572937,107,P1/P2 Clinical Domain Silver,pl_execute_Clinical,,BRONZE LAKEHOUSE,SL,DEV,2026-08-14T05:19:41.707Z,,RUNNING,MANUAL,MANUAL,15,0,0,0,0,1,2026-08-14T05:19:41.707Z,367e5368-81b8-4196-9731-5b3efc5e39d9
202608110331729359,107,P1/P2 Clinical Domain Silver,pl_execute_Clinical,,BRONZE LAKEHOUSE,SL,DEV,2026-08-11T03:31:56.133Z,,RUNNING,MANUAL,MANUAL,15,0,0,0,0,1,2026-08-11T03:31:56.133Z,6e36e3b5-c33e-4cc8-b6e2-dc5c3524428c
202608140458361657,107,P1/P2 Clinical Domain Silver,pl_execute_Clinical,,BRONZE LAKEHOUSE,SL,DEV,2026-08-14T04:58:20.975Z,,RUNNING,MANUAL,MANUAL,15,0,0,0,0,1,2026-08-14T04:58:20.975Z,71a9c72f-d1aa-4655-8588-a8b721ed99b5
20260818113853,116,Patient Services Silver Pipeline,nb_patientservices_slv_to_slv,/notebooks/nb_patientservices_slv_to_slv,Patient Services,SL,DEV,2026-08-18T11:38:53.567Z,2026-08-18T11:42:43.394Z,SUCCESS,SCHEDULE,Fabric,1,1,0,0,0,1,2026-08-18T11:38:55.683Z,9ee2965a-96a2-491f-b224-b21484510b3a
20260813115539,116,Patient Services Silver Pipeline,nb_patientservices_slv_to_slv,/notebooks/nb_patientservices_slv_to_slv,Patient Services,SL,DEV,2026-08-13T11:55:59.324Z,2026-08-13T11:58:18.308Z,SUCCESS,SCHEDULE,Fabric,1,1,0,0,0,1,2026-08-13T11:55:44.641Z,6014d6de-3d2c-4cd5-a4f4-e68917ec3897
20260818202709,116,Patient Services Silver Pipeline,nb_patientservices_slv_to_slv,/notebooks/nb_patientservices_slv_to_slv,Patient Services,SL,DEV,2026-08-18T20:27:09.295Z,2026-08-18T20:31:41.697Z,SUCCESS,SCHEDULE,Fabric,1,1,0,0,0,1,2026-08-18T20:27:09.295Z,2ccc55d2-080c-4909-8d6b-aa8830b36e3d
20260818045226,116,Patient Services Silver Pipeline,nb_patientservices_slv_to_slv,/notebooks/nb_patientservices_slv_to_slv,Patient Services,SL,DEV,2026-08-18T04:52:26.500Z,2026-08-18T04:55:54.687Z,SUCCESS,SCHEDULE,Fabric,1,1,0,0,0,1,2026-08-18T04:52:28.375Z,8076369b-5c47-43a5-9e26-32c6cb3412e5
20260813071508,116,Patient Services Silver Pipeline,nb_patientservices_slv_to_slv,/notebooks/nb_patientservices_slv_to_slv,Patient Services,SL,DEV,2026-08-13T07:15:08.807Z,2026-08-13T07:18:42.514Z,FAILED,SCHEDULE,Fabric,1,0,0,0,0,1,2026-08-13T07:15:11.183Z,39b38d63-d5cb-4eb4-967b-00c56a65af6d
20260817225447,116,Patient Services Silver Pipeline,nb_patientservices_slv_to_slv,/notebooks/nb_patientservices_slv_to_slv,Patient Services,SL,DEV,2026-08-17T22:54:47.853Z,2026-08-17T22:59:09.193Z,FAILED,SCHEDULE,Fabric,1,0,1,0,0,1,2026-08-17T22:54:50.142Z,9f78e754-387b-4612-ba13-559c517cf16b
20260814045003,116,Patient Services Silver Pipeline,nb_patientservices_slv_to_slv,/notebooks/nb_patientservices_slv_to_slv,Patient Services,SL,DEV,2026-08-14T04:50:18.957Z,2026-08-14T04:52:25.624Z,FAILED,SCHEDULE,Fabric,1,0,1,0,0,1,2026-08-14T04:50:05.998Z,8afeda11-72f5-4cc2-8e9a-e32799df0848
20260828070626,4,8x8 Bronze Pipeline,nb_8x8_src_to_brz,/notebooks/nb_8x8_execute,8X8,BR,DEV,2026-08-28T07:06:29.548Z,,RUNNING,SCHEDULE,Fabric,4,0,0,0,0,1,2026-08-28T07:06:29.548Z,8724712b-e96d-404b-bcce-bdd14c4c1c09
202608250305214356,19,SAMMS Orders Silver,pl_SaveOrders,/pipelines/pl_SaveOrders,Bronze,SL,DEV,2026-08-25T03:05:07.334Z,,RUNNING,SCHEDULE,Fabric,1,0,0,0,0,1,2026-08-25T03:05:07.334Z,3c26a9b4-ce44-4515-bf81-3e6918eec1ae
202608241116786070,19,SAMMS Orders Silver,pl_SaveOrders,/pipelines/pl_SaveOrders,Bronze,SL,DEV,2026-08-24T11:17:01.905Z,,RUNNING,SCHEDULE,Fabric,1,0,0,0,0,1,2026-08-24T11:17:01.905Z,14921896-a0cf-40d0-8a5e-4ae438311303
202608241116686070,18,SAMMS Orders Bronze,pl_SaveOrders,/pipelines/pl_SaveOrders,SAMMS,BR,DEV,2026-08-24T11:17:01.905Z,,RUNNING,SCHEDULE,Fabric,115,0,0,0,0,1,2026-08-24T11:17:01.905Z,14921896-a0cf-40d0-8a5e-4ae438311303
202608250305114356,18,SAMMS Orders Bronze,pl_SaveOrders,/pipelines/pl_SaveOrders,SAMMS,BR,DEV,2026-08-25T03:05:07.334Z,,RUNNING,SCHEDULE,Fabric,115,0,0,0,0,1,2026-08-25T03:05:07.334Z,3c26a9b4-ce44-4515-bf81-3e6918eec1ae
202608241116886070,20,SAMMS Orders Gold,pl_SaveOrders,/pipelines/pl_SaveOrders,Silver,GL,DEV,2026-08-24T11:17:01.905Z,,RUNNING,SCHEDULE,Fabric,1,0,0,0,0,1,2026-08-24T11:17:01.905Z,14921896-a0cf-40d0-8a5e-4ae438311303
202608250305314356,20,SAMMS Orders Gold,pl_SaveOrders,/pipelines/pl_SaveOrders,Silver,GL,DEV,2026-08-25T03:05:07.334Z,,RUNNING,SCHEDULE,Fabric,1,0,0,0,0,1,2026-08-25T03:05:07.334Z,3c26a9b4-ce44-4515-bf81-3e6918eec1ae
20260828064831,6,8x8 Gold Pipeline,nb_8x8_slv_to_gld,/notebooks/nb_8x8_slv_to_gld,8X8,GL,DEV,2026-08-28T06:48:32.729Z,,RUNNING,SCHEDULE,Fabric,4,0,0,0,0,1,2026-08-28T06:48:32.729Z,6f91deae-0832-4a56-ab71-80188798e1a1
202608210507290679,43,SAMMS Global Bronze,pl_execute_samms_global,,SAMMS,BR,DEV,2026-08-21T05:07:22.222Z,,RUNNING,MANUAL,MANUAL,12,0,0,0,0,1,2026-08-21T05:07:22.222Z,8b0e0aac-8237-4148-be6b-aa1262f53fd5
202608210843212200,43,SAMMS Global Bronze,pl_execute_samms_global,,SAMMS,BR,DEV,2026-08-21T08:43:14.517Z,,RUNNING,MANUAL,MANUAL,12,0,0,0,0,1,2026-08-21T08:43:14.517Z,20ed3f43-9d3d-4069-88a4-8969629c0f13
202608201431290387,43,SAMMS Global Bronze,pl_execute_samms_global,,SAMMS,BR,DEV,2026-08-20T14:31:22.563Z,,RUNNING,MANUAL,MANUAL,12,0,0,0,0,1,2026-08-20T14:31:22.563Z,66787d7a-f35f-4e80-bddd-284cf44b8981
202608201252655198,43,SAMMS Global Bronze,pl_execute_samms_global,,SAMMS,BR,DEV,2026-08-20T12:52:58.885Z,,RUNNING,MANUAL,MANUAL,13,0,0,0,0,1,2026-08-20T12:52:58.885Z,0ce7d099-3d6c-4ea7-bc51-49568354824a
202608201140275832,43,SAMMS Global Bronze,pl_execute_samms_global,,SAMMS,BR,DEV,2026-08-20T11:40:20.981Z,,RUNNING,MANUAL,MANUAL,13,0,0,0,0,1,2026-08-20T11:40:20.981Z,72f7834d-57c4-4b7f-8ee8-0f257034f661
202608141439360325,124,P1/P2 Assessments Silver,pl_execute_Assessments_02,,BR,SL,DEV,2026-08-14T14:39:11.491Z,,RUNNING,MANUAL,MANUAL,9,0,0,0,0,1,2026-08-14T14:39:11.491Z,58f20748-15b7-4a11-966c-9510b56c5310
202608141047824197,124,P1/P2 Assessments Silver,pl_execute_Assessments_02,,BR,SL,DEV,2026-08-14T10:47:47.779Z,,RUNNING,MANUAL,MANUAL,9,0,0,0,0,1,2026-08-14T10:47:47.779Z,1547fce9-3dd6-448c-a50d-a0befd83c7da
202608141626390505,124,P1/P2 Assessments Silver,pl_execute_Assessments_02,,BR,SL,DEV,2026-08-14T16:26:12.850Z,,RUNNING,MANUAL,MANUAL,9,0,0,0,0,1,2026-08-14T16:26:12.850Z,4af24d7c-a59e-4c1d-ba07-a50bfdc103a0
202608181207808120,124,P1/P2 Assessments Silver,pl_execute_Assessments_02,,BR,SL,DEV,2026-08-18T12:07:54.927Z,,RUNNING,MANUAL,MANUAL,9,0,0,0,0,1,2026-08-18T12:07:54.927Z,6a9f8fe6-e2a7-49ab-8570-443c59873958
202608141115854782,124,P1/P2 Assessments Silver,pl_execute_Assessments_02,,BR,SL,DEV,2026-08-14T11:16:02.072Z,,RUNNING,MANUAL,MANUAL,9,0,0,0,0,1,2026-08-14T11:16:02.072Z,1f015171-6d49-4086-8c98-7e8c57ed40e0
202608141002645016,124,P1/P2 Assessments Silver,pl_execute_Assessments_02,,BR,SL,DEV,2026-08-14T10:02:40.192Z,,RUNNING,MANUAL,MANUAL,9,0,0,0,0,1,2026-08-14T10:02:40.192Z,161ebd56-ffd3-43a5-854e-7cdb944372dd
202608141651769587,124,P1/P2 Assessments Silver,pl_execute_Assessments_02,,BR,SL,DEV,2026-08-14T16:51:51.172Z,,RUNNING,MANUAL,MANUAL,9,0,0,0,0,1,2026-08-14T16:51:51.172Z,53688378-6c62-4a30-b279-f87937f84dda
202608141115954782,124,P1/P2 Assessments Silver,pl_execute_Assessments_02,,BR,SL,DEV,2026-08-14T11:16:02.072Z,,RUNNING,MANUAL,MANUAL,9,0,0,0,0,1,2026-08-14T11:16:02.072Z,1f015171-6d49-4086-8c98-7e8c57ed40e0
202608141407695842,124,P1/P2 Assessments Silver,pl_execute_Assessments_02,,BR,SL,DEV,2026-08-14T14:07:48.879Z,,RUNNING,MANUAL,MANUAL,9,0,0,0,0,1,2026-08-14T14:07:48.879Z,57720be3-8aef-4e88-b2b3-135e588b76b9
202608141407795842,124,P1/P2 Assessments Silver,pl_execute_Assessments_02,,BR,SL,DEV,2026-08-14T14:07:48.879Z,,RUNNING,MANUAL,MANUAL,9,0,0,0,0,1,2026-08-14T14:07:48.879Z,57720be3-8aef-4e88-b2b3-135e588b76b9
202608141047724197,124,P1/P2 Assessments Silver,pl_execute_Assessments_02,,BR,SL,DEV,2026-08-14T10:47:47.779Z,,RUNNING,MANUAL,MANUAL,9,0,0,0,0,1,2026-08-14T10:47:47.779Z,1547fce9-3dd6-448c-a50d-a0befd83c7da
202608141002745016,124,P1/P2 Assessments Silver,pl_execute_Assessments_02,,BR,SL,DEV,2026-08-14T10:02:40.192Z,,RUNNING,MANUAL,MANUAL,9,0,0,0,0,1,2026-08-14T10:02:40.192Z,161ebd56-ffd3-43a5-854e-7cdb944372dd
202608141014547731,124,P1/P2 Assessments Silver,pl_execute_Assessments_02,,BR,SL,DEV,2026-08-14T10:15:47.603Z,,RUNNING,MANUAL,MANUAL,9,0,0,0,0,1,2026-08-14T10:15:47.603Z,19768968-aa29-427e-83b7-e1d1e6e9ba39
202608141626490505,124,P1/P2 Assessments Silver,pl_execute_Assessments_02,,BR,SL,DEV,2026-08-14T16:26:12.850Z,,RUNNING,MANUAL,MANUAL,9,0,0,0,0,1,2026-08-14T16:26:12.850Z,4af24d7c-a59e-4c1d-ba07-a50bfdc103a0
202608141014647731,124,P1/P2 Assessments Silver,pl_execute_Assessments_02,,BR,SL,DEV,2026-08-14T10:15:47.603Z,,RUNNING,MANUAL,MANUAL,9,0,0,0,0,1,2026-08-14T10:15:47.603Z,19768968-aa29-427e-83b7-e1d1e6e9ba39
202608181018408812,124,P1/P2 Assessments Silver,pl_execute_Assessments_02,,BR,SL,DEV,2026-08-18T10:18:15.075Z,,RUNNING,MANUAL,MANUAL,9,0,0,0,0,1,2026-08-18T10:18:15.075Z,06767fa9-f980-4e92-a048-4dd43e2dbe98
202608141651869587,124,P1/P2 Assessments Silver,pl_execute_Assessments_02,,BR,SL,DEV,2026-08-14T16:51:51.172Z,,RUNNING,MANUAL,MANUAL,9,0,0,0,0,1,2026-08-14T16:51:51.172Z,53688378-6c62-4a30-b279-f87937f84dda
202608201252855198,45,SAMMS Global Gold,pl_execute_samms_global,,LAKEHOUSE,GL,DEV,2026-08-20T12:52:58.885Z,,RUNNING,MANUAL,MANUAL,13,0,0,0,0,1,2026-08-20T12:52:58.885Z,0ce7d099-3d6c-4ea7-bc51-49568354824a
202608210507490679,45,SAMMS Global Gold,pl_execute_samms_global,,LAKEHOUSE,GL,DEV,2026-08-21T05:07:22.222Z,,RUNNING,MANUAL,MANUAL,12,0,0,0,0,1,2026-08-21T05:07:22.222Z,8b0e0aac-8237-4148-be6b-aa1262f53fd5
202608210843412200,45,SAMMS Global Gold,pl_execute_samms_global,,LAKEHOUSE,GL,DEV,2026-08-21T08:43:14.517Z,,RUNNING,MANUAL,MANUAL,12,0,0,0,0,1,2026-08-21T08:43:14.517Z,20ed3f43-9d3d-4069-88a4-8969629c0f13
202608210519657846,45,SAMMS Global Gold,pl_execute_samms_global,,LAKEHOUSE,GL,DEV,2026-08-21T05:19:39.780Z,,RUNNING,MANUAL,MANUAL,12,0,0,0,0,1,2026-08-21T05:19:39.780Z,0662b24c-b212-4dda-8c06-7d267abe8279
202608220710575599,45,SAMMS Global Gold,pl_execute_samms_global,,LAKEHOUSE,GL,DEV,2026-08-22T07:10:30.840Z,,RUNNING,MANUAL,MANUAL,13,0,0,0,0,1,2026-08-22T07:10:30.840Z,973695a7-094a-4603-9fca-349107feb970
202608201431490387,45,SAMMS Global Gold,pl_execute_samms_global,,LAKEHOUSE,GL,DEV,2026-08-20T14:31:22.563Z,,RUNNING,MANUAL,MANUAL,12,0,0,0,0,1,2026-08-20T14:31:22.563Z,66787d7a-f35f-4e80-bddd-284cf44b8981
202608201140475832,45,SAMMS Global Gold,pl_execute_samms_global,,LAKEHOUSE,GL,DEV,2026-08-20T11:40:20.981Z,,RUNNING,MANUAL,MANUAL,13,0,0,0,0,1,2026-08-20T11:40:20.981Z,72f7834d-57c4-4b7f-8ee8-0f257034f661
202608181208008120,125,P1/P2 Assessments Gold,pl_execute_Assessments_02,,SL,GL,DEV,2026-08-18T12:07:54.927Z,,RUNNING,MANUAL,MANUAL,9,0,0,0,0,1,2026-08-18T12:07:54.927Z,6a9f8fe6-e2a7-49ab-8570-443c59873958
202608141626590505,125,P1/P2 Assessments Gold,pl_execute_Assessments_02,,SL,GL,DEV,2026-08-14T16:26:12.850Z,,RUNNING,MANUAL,MANUAL,9,0,0,0,0,1,2026-08-14T16:26:12.850Z,4af24d7c-a59e-4c1d-ba07-a50bfdc103a0
202608141407995842,125,P1/P2 Assessments Gold,pl_execute_Assessments_02,,SL,GL,DEV,2026-08-14T14:07:48.879Z,,RUNNING,MANUAL,MANUAL,9,0,0,0,0,1,2026-08-14T14:07:48.879Z,57720be3-8aef-4e88-b2b3-135e588b76b9
202608141014747731,125,P1/P2 Assessments Gold,pl_execute_Assessments_02,,SL,GL,DEV,2026-08-14T10:15:47.603Z,,RUNNING,MANUAL,MANUAL,9,0,0,0,0,1,2026-08-14T10:15:47.603Z,19768968-aa29-427e-83b7-e1d1e6e9ba39
20260818051554,4,8x8 Bronze Pipeline,pl_8x8_bronze_custom_backfill,/notebooks/nb_8x8_execute,8X8,BR,DEV,2026-08-18T05:16:08.442Z,,RUNNING,MANUAL,Developer/Ops,3,0,0,0,0,1,2026-08-18T05:16:08.442Z,4723a883-9ff8-4a44-af41-2df7d0667204
202608141651569587,123,P1/P2 Assessments Bronze,pl_ecxecute_Assessments_02,,SAMMS,BR,DEV,2026-08-14T16:51:51.172Z,,RUNNING,MANUAL,MANUAL,27,0,0,0,0,1,2026-08-14T16:51:51.172Z,53688378-6c62-4a30-b279-f87937f84dda
202608141626190505,123,P1/P2 Assessments Bronze,pl_ecxecute_Assessments_02,,SAMMS,BR,DEV,2026-08-14T16:26:12.850Z,,RUNNING,MANUAL,MANUAL,27,0,0,0,0,1,2026-08-14T16:26:12.850Z,4af24d7c-a59e-4c1d-ba07-a50bfdc103a0
202608141047624197,123,P1/P2 Assessments Bronze,pl_ecxecute_Assessments_02,,SAMMS,BR,DEV,2026-08-14T10:47:47.779Z,,RUNNING,MANUAL,MANUAL,27,0,0,0,0,1,2026-08-14T10:47:47.779Z,1547fce9-3dd6-448c-a50d-a0befd83c7da
202608181018208812,123,P1/P2 Assessments Bronze,pl_ecxecute_Assessments_02,,SAMMS,BR,DEV,2026-08-18T10:18:15.075Z,,RUNNING,MANUAL,MANUAL,27,0,0,0,0,1,2026-08-18T10:18:15.075Z,06767fa9-f980-4e92-a048-4dd43e2dbe98
202608141439160325,123,P1/P2 Assessments Bronze,pl_ecxecute_Assessments_02,,SAMMS,BR,DEV,2026-08-14T14:39:11.491Z,,RUNNING,MANUAL,MANUAL,27,0,0,0,0,1,2026-08-14T14:39:11.491Z,58f20748-15b7-4a11-966c-9510b56c5310
202608141047524197,123,P1/P2 Assessments Bronze,pl_ecxecute_Assessments_02,,SAMMS,BR,DEV,2026-08-14T10:47:47.779Z,,RUNNING,MANUAL,MANUAL,27,0,0,0,0,1,2026-08-14T10:47:47.779Z,1547fce9-3dd6-448c-a50d-a0befd83c7da
20260821110108,100,,pl_qq_gltran,,,,,2026-08-21T11:01:19.216Z,2026-08-21T11:03:30.351Z,SUCCESS,,,,1,0,0,,1,2026-08-21T11:01:19.216Z,37e0e053-cd3f-49e8-8c93-e3deedc613de
20260826074145,100,,pl_qq_gltran,,,,,2026-08-26T07:41:59.524Z,2026-08-26T07:47:55.850Z,SUCCESS,,,,1,0,0,,1,2026-08-26T07:41:59.524Z,21530b3b-0ec0-412a-ac81-2ac56361fe90
20260813134723,100,,pl_qq_gltran,,,,,2026-08-13T13:47:32.762Z,2026-08-13T13:49:55.332Z,SUCCESS,,,,1,0,0,,1,2026-08-13T13:47:32.762Z,18a8bdd4-64d7-475c-ae36-22f089cffbdd
20260821123709,100,,pl_qq_gltran,,,,,2026-08-21T12:37:21.805Z,2026-08-21T12:40:03.853Z,SUCCESS,,,,1,0,0,,1,2026-08-21T12:37:21.805Z,28ab5356-fdba-4319-ba42-952a873bd8c4
20260823131005,100,,pl_qq_gltran,,,,,2026-08-23T13:10:18.173Z,2026-08-23T13:12:29.237Z,SUCCESS,,,,1,0,0,,1,2026-08-23T13:10:18.173Z,508fe03b-0979-4394-b454-75fc1e5f3879
20260822105851,100,,pl_qq_gltran,,,,,2026-08-22T10:59:02.368Z,2026-08-22T11:01:22.487Z,SUCCESS,,,,1,0,0,,1,2026-08-22T10:59:02.368Z,5e2d23d6-f118-4b39-83bf-fd492995fd47
20260822080030,100,,pl_qq_gltran,,,,,2026-08-22T08:00:39.831Z,2026-08-22T08:03:18.417Z,SUCCESS,,,,1,0,0,,1,2026-08-22T08:00:39.831Z,156d5f21-608b-4013-8823-60701561fa5c
20260813092406,100,,pl_qq_gltran,,,,,2026-08-13T09:24:17.501Z,2026-08-13T09:26:40.199Z,SUCCESS,,,,1,0,0,,1,2026-08-13T09:24:17.501Z,4234ec48-eb8e-4ef9-a9a6-7b79ac775c90
20260827065911,100,,pl_qq_gltran,,,,,2026-08-27T06:59:23.938Z,2026-08-27T07:01:38.655Z,SUCCESS,,,,1,0,0,,1,2026-08-27T06:59:23.938Z,434c0c00-c264-4a73-aac2-9dc5d7406fe8
20260813071822,100,,pl_qq_gltran,,,,,2026-08-13T07:18:33.902Z,2026-08-13T07:22:15.769Z,SUCCESS,,,,1,0,0,,1,2026-08-13T07:18:33.902Z,938c3b79-c6a2-4853-9eeb-af71ec6a1113
20260823092213,100,,pl_qq_gltran,,,,,2026-08-23T09:22:25.415Z,2026-08-23T09:35:46.641Z,SUCCESS,,,,1,0,0,,1,2026-08-23T09:22:25.415Z,922c4db3-6c9b-48dc-bf47-8e055d393626
20260823095436,100,,pl_qq_gltran,,,,,2026-08-23T09:54:47.918Z,2026-08-23T10:10:27.698Z,SUCCESS,,,,1,0,0,,1,2026-08-23T09:54:47.918Z,52164e12-ada1-4f55-a8c0-3c5bfe21d968
20260822153018,100,,pl_qq_gltran,,,,,2026-08-22T15:30:29.338Z,2026-08-22T15:32:23.718Z,SUCCESS,,,,1,0,0,,1,2026-08-22T15:30:29.338Z,32b975f7-8e0f-4170-af22-6cddf89ebc95
20260822094625,100,,pl_qq_gltran,,,,,2026-08-22T09:46:37.274Z,2026-08-22T09:49:15.101Z,SUCCESS,,,,1,0,0,,1,2026-08-22T09:46:37.274Z,8603ce7d-aa9e-47e1-a98a-6210d9a6660a
20260822083023,100,,pl_qq_gltran,,,,,2026-08-22T08:30:32.942Z,2026-08-22T08:32:55.735Z,SUCCESS,,,,1,0,0,,1,2026-08-22T08:30:32.942Z,2fe10170-ee9d-497b-896a-f9654af97885
20260822153632,100,,pl_qq_gltran,,,,,2026-08-22T15:36:43.370Z,2026-08-22T15:50:56.777Z,SUCCESS,,,,1,0,0,,1,2026-08-22T15:36:43.370Z,86dc8945-04f7-4dc3-82eb-5503b6ff4b72
20260821120648,100,,pl_qq_gltran,,,,,2026-08-21T12:06:59.486Z,2026-08-21T12:09:18.536Z,SUCCESS,,,,1,0,0,,1,2026-08-21T12:06:59.486Z,14146b7e-033f-4242-ae62-396792c4e1a2
20260825070056,127,OneDrive - Overdue Course Silver Pipeline,nb_overduecourses_brz_to_slv,/notebooks/nb_overduecourses_brz_to_slv,OneDrive - Overdue Course,SL,DEV,2026-08-25T07:00:56.487Z,2026-08-25T07:01:58.668Z,SUCCESS,SCHEDULE,Fabric,1,1,0,0,0,1,2026-08-25T07:00:56.487Z,97633bcb-2c8a-4162-acd4-71253157a7a4
20260820183735,126,OneDrive - Overdue Course Bronze Pipeline,nb_overduecourses_src_to_brz,/notebooks/nb_overduecourses_src_to_brz,OneDrive - Overdue Course,BR,DEV,2026-08-20T18:37:35.324Z,2026-08-20T18:38:24.552Z,SUCCESS,SCHEDULE,Fabric,1,1,0,0,0,1,2026-08-20T18:37:35.324Z,35f7c089-8d9e-4c6e-98a4-d95a69912ca1
20260828080528,1,UKG Bronze Pipeline,nb_ukg_src_to_brz,BHG-DATA-PLATFORM-CORE-DEV/2_Engineering/2_Transformation/UKG/nb_ukg_src_to_brz,UKG,BR,DEV,2026-08-28T08:05:28.812Z,,RUNNING,SCHEDULE,Fabric,8,0,0,0,0,1,2026-08-28T08:05:30.930Z,82780d1c-d786-427a-85db-52b75c050cbd
20260828093948,102,QQ_GLTRAN Gold Pipeline,nb_qq_gltran_slv_to_gld,"",LAKEHOUSE,GL,DEV,2026-08-28T09:40:15.168Z,2026-08-28T09:44:28.953Z,SUCCESS,SCHEDULE,Fabric,1,1,0,0,0,1,2026-08-28T09:40:08.242Z,35dadf52-8c37-4567-b9c2-2c0abc515c06
20260814030435,6,8x8 Gold Pipeline,nb_8x8_slv_to_gld,/notebooks/nb_8x8_slv_to_gld,8X8,GL,DEV,,,RUNNING,SCHEDULE,Fabric,3,0,0,0,0,1,2026-08-14T03:04:37.408Z,360959fd-08b4-465c-be75-1bdb70b33137
20260814085814,6,8x8 Gold Pipeline,nb_8x8_slv_to_gld,/notebooks/nb_8x8_slv_to_gld,8X8,GL,DEV,,,RUNNING,SCHEDULE,Fabric,3,0,0,0,0,1,2026-08-14T08:58:15.538Z,36ebac0c-26de-4656-ae31-977cae255ad9
20260814025704,4,8x8 Bronze Pipeline,nb_8x8_src_to_brz,/notebooks/nb_8x8_execute,8X8,BR,DEV,,,RUNNING,SCHEDULE,Fabric,3,0,0,0,0,1,2026-08-14T02:57:07.718Z,360959fd-08b4-465c-be75-1bdb70b33137
20260813172455,4,8x8 Bronze Pipeline,nb_8x8_src_to_brz,/notebooks/nb_8x8_execute,8X8,BR,DEV,,,RUNNING,SCHEDULE,Fabric,3,0,0,0,0,1,2026-08-13T17:24:58.812Z,793a1d88-9a51-42e1-b67b-8a9da7bfcd79
20260813135407,101,,nb_qq_gltran_brz_to_slv,,,,,2026-08-13T13:54:13.114Z,,RUNNING,,,,0,0,0,,1,2026-08-13T13:54:13.114Z,18a8bdd4-64d7-475c-ae36-22f089cffbdd
20260821073554,102,,nb_qq_gltran_slv_to_gld,,,,,2026-08-21T07:35:58.798Z,,RUNNING,,,,0,0,0,,1,2026-08-21T07:35:58.798Z,5dcbdf16-684e-4cfb-b8f1-a5d56858b4a4
20260821121433,102,,nb_qq_gltran_slv_to_gld,,,,,2026-08-21T12:14:38.229Z,,RUNNING,,,,0,0,0,,1,2026-08-21T12:14:38.229Z,14146b7e-033f-4242-ae62-396792c4e1a2
20260821132732,101,,nb_qq_gltran_brz_to_slv,,,,,2026-08-21T13:27:38.078Z,,RUNNING,,,,0,0,0,,1,2026-08-21T13:27:38.078Z,5e6f0194-1515-43a7-be5c-eafd71bb2316
20260822092729,102,,nb_qq_gltran_slv_to_gld,,,,,2026-08-22T09:27:34.358Z,,RUNNING,,,,0,0,0,,1,2026-08-22T09:27:34.358Z,011c83f1-b65e-48fb-bbb7-d67858daad24
20260822083659,101,,nb_qq_gltran_brz_to_slv,,,,,2026-08-22T08:37:14.863Z,,RUNNING,,,,0,0,0,,1,2026-08-22T08:37:14.863Z,2fe10170-ee9d-497b-896a-f9654af97885
20260823105104,101,,nb_qq_gltran_brz_to_slv,,,,,2026-08-23T10:51:20.954Z,,RUNNING,,,,0,0,0,,1,2026-08-23T10:51:20.954Z,6dfc38f1-3449-40ed-bfc0-14c1721f4a22
20260827070532,101,,nb_qq_gltran_brz_to_slv,,,,,2026-08-27T07:05:48.093Z,,RUNNING,,,,0,0,0,,1,2026-08-27T07:05:48.093Z,434c0c00-c264-4a73-aac2-9dc5d7406fe8
20260813133610,100,,pl_qq_gltran,,,,,2026-08-13T13:36:24.471Z,,RUNNING,,,,0,0,0,,1,2026-08-13T13:36:24.471Z,6ce1a7da-afbf-49aa-80dc-050e7dc6bda5
20260813063217,100,,pl_qq_gltran,,,,,2026-08-13T06:32:28.262Z,,RUNNING,,,,0,0,0,,1,2026-08-13T06:32:28.262Z,372a483b-7b54-40a3-8477-95b54a51c01d
20260812044126,100,,pl_qq_gltran,,,,,2026-08-12T04:41:51.482Z,,RUNNING,,,,0,0,0,,1,2026-08-12T04:41:51.482Z,21484e3f-ead2-43b4-a3e1-c6cca025e09c
20260822082209,100,,pl_qq_gltran,,,,,2026-08-22T08:22:20.022Z,,RUNNING,,,,0,0,0,,1,2026-08-22T08:22:20.022Z,8e87eb03-94d3-4b48-9261-b8c450c54f12
20260822091938,100,,pl_qq_gltran,,,,,2026-08-22T09:19:48.165Z,,RUNNING,,,,0,0,0,,1,2026-08-22T09:19:48.165Z,011c83f1-b65e-48fb-bbb7-d67858daad24
20260813052120,100,,pl_qq_gltran,,,,,2026-08-13T05:21:44.643Z,,RUNNING,,,,0,0,0,,1,2026-08-13T05:21:44.643Z,77f1c571-5f94-48af-a2cd-48c65fe6d516
20260813050813,100,,pl_qq_gltran,,,,,2026-08-13T05:08:38.517Z,,RUNNING,,,,0,0,0,,1,2026-08-13T05:08:38.517Z,18585045-c0ca-4001-a812-fbd0cb09c50a
20260823103424,100,,pl_qq_gltran,,,,,2026-08-23T10:34:36.163Z,,RUNNING,,,,0,0,0,,1,2026-08-23T10:34:36.163Z,6dfc38f1-3449-40ed-bfc0-14c1721f4a22
20260813060441,100,,pl_qq_gltran,,,,,2026-08-13T06:04:52.051Z,,RUNNING,,,,0,0,0,,1,2026-08-13T06:04:52.051Z,2f4c91e6-f000-4188-9ddf-7c904afc9ab1
20260813161958,5,8x8 Silver Pipeline,nb_8x8_brz_to_slv,/notebooks/nb_8x8_brz_to_slv,8X8,SL,DEV,,,RUNNING,SCHEDULE,Fabric,3,0,0,0,0,1,2026-08-13T16:19:59.763Z,7d21e877-f08c-42e0-946c-607108d10a5e
20260813145818,5,8x8 Silver Pipeline,nb_8x8_brz_to_slv,/notebooks/nb_8x8_brz_to_slv,8X8,SL,DEV,,,RUNNING,SCHEDULE,Fabric,3,0,0,0,0,1,2026-08-13T14:58:20.122Z,1ff2783f-65b1-4543-a347-ca96da33eb80
20260828093324,100,QQ_GLTRAN Bronze Pipeline,pl_qq_gltran,"",MYSQLSERVER,BR,DEV,2026-08-28T09:33:40.286Z,,RUNNING,SCHEDULE,Fabric,1,0,0,0,0,1,2026-08-28T09:33:40.286Z,35dadf52-8c37-4567-b9c2-2c0abc515c06
20260814030207,5,8x8 Silver Pipeline,nb_8x8_brz_to_slv,/notebooks/nb_8x8_brz_to_slv,8X8,SL,DEV,,,RUNNING,SCHEDULE,Fabric,3,0,0,0,0,1,2026-08-14T03:02:08.617Z,360959fd-08b4-465c-be75-1bdb70b33137
20260814085505,5,8x8 Silver Pipeline,nb_8x8_brz_to_slv,/notebooks/nb_8x8_brz_to_slv,8X8,SL,DEV,,,RUNNING,SCHEDULE,Fabric,3,0,0,0,0,1,2026-08-14T08:55:06.681Z,36ebac0c-26de-4656-ae31-977cae255ad9
20260828075551,101,,nb_qq_gltran_brz_to_slv,,,,,2026-08-28T07:56:12.519Z,2026-08-28T07:57:49.075Z,SUCCESS,,,,1,0,0,,1,2026-08-28T07:56:12.519Z,1f91b828-dff5-419f-8b17-af90444b8bf6
20260828075841,102,,nb_qq_gltran_slv_to_gld,,,,,2026-08-28T07:58:51.912Z,2026-08-28T08:01:58.290Z,SUCCESS,,,,1,0,0,,1,2026-08-28T07:58:51.912Z,1f91b828-dff5-419f-8b17-af90444b8bf6
20260828074858,100,,pl_qq_gltran,,,,,2026-08-28T07:49:15.675Z,2026-08-28T07:51:36.461Z,SUCCESS,,,,1,0,0,,1,2026-08-28T07:49:15.675Z,1f91b828-dff5-419f-8b17-af90444b8bf6
202608242001557422,34,SAMMS Notes Bronze Pipeline,Execute_Notes,,SAMMS,BR,DEV,2026-08-24T20:01:49.118Z,2026-08-24T20:10:44.534Z,SUCCESS,Manual,Manual,4,4,0,0,0,1,2026-08-24T20:01:49.118Z,4d8b4395-4229-458f-ac6c-24f28fa466d2
20260828072135,121,OffWeek Counseling Silver Pipeline,nb_offweekcounseling_slv_to_,/notebooks/nb_offweekcounseling_slv_to_,OffWeek Counseling,SL,DEV,2026-08-28T07:21:35.575Z,2026-08-28T07:22:53.588Z,FAILED,SCHEDULED,Fabric,1,0,1,0,0,1,2026-08-28T07:21:35.575Z,40203c83-adec-4b92-bbc1-e4b859bc779f
202608280915242913,83,Salesforce Silver Pipeline,nb_salesforce_brz_to_slv,/notebooks/nb_salesforce_brz_to_slv,SALESFORCE,SL,DEV,2026-08-28T09:15:24.291Z,2026-08-28T09:22:47.097Z,SUCCESS,SCHEDULE,Fabric,10,10,0,0,0,1,2026-08-28T09:15:26.016Z,7c51a91c-e88d-46eb-a3be-ecfc42fdd41e
202608211048467468,84,Salesforce Gold Pipeline,nb_salesforce_slv_to_gld,/notebooks/nb_salesforce_slv_to_gld,SALESFORCE,GL,DEV,2026-08-28T09:24:02.087Z,2026-08-28T09:30:24.019Z,SUCCESS,SCHEDULE,Fabric,18,18,0,0,1,2,2026-08-28T09:24:03.877Z,7c51a91c-e88d-46eb-a3be-ecfc42fdd41e
202608280903032652,82,Salesforce Bronze Pipeline,nb_salesforce_src_to_brz,/notebooks/nb_salesforce_execute,SALESFORCE,BR,DEV,2026-08-28T09:03:03.265Z,2026-08-28T09:09:24.606Z,SUCCESS,SCHEDULE,Fabric,10,10,0,0,0,1,2026-08-28T09:03:05.491Z,7c51a91c-e88d-46eb-a3be-ecfc42fdd41e
20260813141146,100,,pl_qq_gltran,,,,,2026-08-13T14:11:56.499Z,2026-08-13T14:14:22.985Z,SUCCESS,,,,1,0,0,,1,2026-08-13T14:11:56.499Z,5c6777a8-8be5-4857-80ff-f86426d0e712
20260813093100,101,,nb_qq_gltran_brz_to_slv,,,,,2026-08-13T09:31:15.473Z,,RUNNING,,,,0,0,0,,1,2026-08-13T09:31:15.473Z,4234ec48-eb8e-4ef9-a9a6-7b79ac775c90
20260821073500,101,,nb_qq_gltran_brz_to_slv,,,,,2026-08-21T07:35:05.853Z,,RUNNING,,,,0,0,0,,1,2026-08-21T07:35:05.853Z,5dcbdf16-684e-4cfb-b8f1-a5d56858b4a4
20260821110803,102,,nb_qq_gltran_slv_to_gld,,,,,2026-08-21T11:08:07.994Z,,RUNNING,,,,0,0,0,,1,2026-08-21T11:08:07.994Z,37e0e053-cd3f-49e8-8c93-e3deedc613de
20260813141908,102,,nb_qq_gltran_slv_to_gld,,,,,2026-08-13T14:19:26.769Z,,RUNNING,,,,0,0,0,,1,2026-08-13T14:19:26.769Z,5c6777a8-8be5-4857-80ff-f86426d0e712
20260813134248,102,,nb_qq_gltran_slv_to_gld,,,,,2026-08-13T13:42:53.791Z,,RUNNING,,,,0,0,0,,1,2026-08-13T13:42:53.791Z,6ce1a7da-afbf-49aa-80dc-050e7dc6bda5
20260822080833,102,,nb_qq_gltran_slv_to_gld,,,,,2026-08-22T08:08:55.391Z,,RUNNING,,,,0,0,0,,1,2026-08-22T08:08:55.391Z,156d5f21-608b-4013-8823-60701561fa5c
20260821121331,101,,nb_qq_gltran_brz_to_slv,,,,,2026-08-21T12:13:37.416Z,,RUNNING,,,,0,0,0,,1,2026-08-21T12:13:37.416Z,14146b7e-033f-4242-ae62-396792c4e1a2
20260822080729,101,,nb_qq_gltran_brz_to_slv,,,,,2026-08-22T08:07:36.165Z,,RUNNING,,,,0,0,0,,1,2026-08-22T08:07:36.165Z,156d5f21-608b-4013-8823-60701561fa5c
20260813135500,102,,nb_qq_gltran_slv_to_gld,,,,,2026-08-13T13:55:05.161Z,,RUNNING,,,,0,0,0,,1,2026-08-13T13:55:05.161Z,18a8bdd4-64d7-475c-ae36-22f089cffbdd
20260821124503,102,,nb_qq_gltran_slv_to_gld,,,,,2026-08-21T12:45:07.818Z,,RUNNING,,,,0,0,0,,1,2026-08-21T12:45:07.818Z,28ab5356-fdba-4319-ba42-952a873bd8c4
20260821110709,101,,nb_qq_gltran_brz_to_slv,,,,,2026-08-21T11:07:15.480Z,,RUNNING,,,,0,0,0,,1,2026-08-21T11:07:15.480Z,37e0e053-cd3f-49e8-8c93-e3deedc613de
20260822083811,102,,nb_qq_gltran_slv_to_gld,,,,,2026-08-22T08:38:15.962Z,,RUNNING,,,,0,0,0,,1,2026-08-22T08:38:15.962Z,2fe10170-ee9d-497b-896a-f9654af97885
20260813072602,101,,nb_qq_gltran_brz_to_slv,,,,,2026-08-13T07:26:08.288Z,,RUNNING,,,,0,0,0,,1,2026-08-13T07:26:08.288Z,938c3b79-c6a2-4853-9eeb-af71ec6a1113
20260821124406,101,,nb_qq_gltran_brz_to_slv,,,,,2026-08-21T12:44:12.174Z,,RUNNING,,,,0,0,0,,1,2026-08-21T12:44:12.174Z,28ab5356-fdba-4319-ba42-952a873bd8c4
20260813141751,101,,nb_qq_gltran_brz_to_slv,,,,,2026-08-13T14:17:57.367Z,,RUNNING,,,,0,0,0,,1,2026-08-13T14:17:57.367Z,5c6777a8-8be5-4857-80ff-f86426d0e712
20260821132830,102,,nb_qq_gltran_slv_to_gld,,,,,2026-08-21T13:28:35.597Z,,RUNNING,,,,0,0,0,,1,2026-08-21T13:28:35.597Z,5e6f0194-1515-43a7-be5c-eafd71bb2316
20260823105639,102,,nb_qq_gltran_slv_to_gld,,,,,2026-08-23T10:56:46.717Z,,RUNNING,,,,0,0,0,,1,2026-08-23T10:56:46.717Z,6dfc38f1-3449-40ed-bfc0-14c1721f4a22
20260823102021,102,,nb_qq_gltran_slv_to_gld,,,,,2026-08-23T10:20:27.760Z,,RUNNING,,,,0,0,0,,1,2026-08-23T10:20:27.760Z,52164e12-ada1-4f55-a8c0-3c5bfe21d968
20260823101441,101,,nb_qq_gltran_brz_to_slv,,,,,2026-08-23T10:14:55.426Z,,RUNNING,,,,0,0,0,,1,2026-08-23T10:14:55.426Z,52164e12-ada1-4f55-a8c0-3c5bfe21d968
20260822092635,101,,nb_qq_gltran_brz_to_slv,,,,,2026-08-22T09:26:42.569Z,,RUNNING,,,,0,0,0,,1,2026-08-22T09:26:42.569Z,011c83f1-b65e-48fb-bbb7-d67858daad24
202609021338468221,,Source_to_Bronze,pl_knowbe4,,KNOWBE4,,DEV,2026-09-02T13:31:44.583Z,2026-09-02T13:35:08.350Z,"{\"status\": \"FAILED\", \"error_message\": \"Notebook execution failed at Notebook service with http status code - 200, please check the Run logs on Notebook, additional details - {\"errorCode\":\"200\",\"errorName\":\"SyntaxError\",\"errorValue\":\"unterminated string literal (detected at line 1) (1728112143.py, line 1)\",\"message\":\"Notebook execution is in Failed state, runId: 66da221c-2cfc-4d8b-acb2-2d1ffc3e19c3\"} :\", \"error_code\": \"2451\"}",,,,,1,,,,2026-09-02T13:38:48.182Z,515cecb4-bf07-4ed3-9c8c-6801320615d9
20260903032750,103,Active Directory Bronze Pipeline,nb_activedirectory_src_to_brz,BHG-DATA-PLATFORM-CORE-DEV/2_Engineering/2_Transformation/ActiveDirectory/nb_activedirectory_src_to_brz,Active Directory,BR,DEV,2026-09-03T04:56:22.275Z,2026-09-03T04:57:34.740Z,SUCCESS,SCHEDULE,Fabric,1,1,0,0,1,5,2026-09-03T04:56:24.467Z,9e67ec21-258b-468c-adea-f34fc1dc4e110
20260822115917,104,Active Directory Silver Pipeline,nb_activedirectory_brz_to_slv,BHG-DATA-PLATFORM-CORE-DEV/2_Engineering/2_Transformation/ActiveDirectory/nb_activedirectory_brz_to_slv,Active Directory,SL,DEV,2026-08-31T16:57:37.863Z,2026-08-31T16:59:34.156Z,SUCCESS,SCHEDULE,Fabric,1,1,0,0,1,2,2026-08-31T16:57:39.762Z,2fa2e214-5583-4fca-8b7c-32713bbeec6c
20260903051547,103,Active Directory Bronze Pipeline,nb_activedirectory_src_to_brz,BHG-DATA-PLATFORM-CORE-DEV/2_Engineering/2_Transformation/ActiveDirectory/nb_activedirectory_src_to_brz,Active Directory,BR,DEV,2026-09-03T05:15:47.514Z,2026-09-03T05:16:39.385Z,SUCCESS,SCHEDULE,Fabric,1,1,0,0,0,1,2026-09-03T05:15:49.225Z,f61fb4c5-0d31-4954-8aac-d0c2d48f9dc3
20260831164950,103,Active Directory Bronze Pipeline,nb_activedirectory_src_to_brz,BHG-DATA-PLATFORM-CORE-DEV/2_Engineering/2_Transformation/ActiveDirectory/nb_activedirectory_src_to_brz,Active Directory,BR,DEV,2026-08-31T16:49:50.240Z,2026-08-31T16:51:34.012Z,SUCCESS,SCHEDULE,Fabric,1,1,0,0,0,1,2026-08-31T16:49:51.856Z,2fa2e214-5583-4fca-8b7c-32713bbeec6c
20260903032750,103,Active Directory Bronze Pipeline,nb_activedirectory_src_to_brz,BHG-DATA-PLATFORM-CORE-DEV/2_Engineering/2_Transformation/ActiveDirectory/nb_activedirectory_src_to_brz,Active Directory,BR,DEV,2026-09-03T03:55:43.386Z,2026-09-03T03:57:00.946Z,FAILED,SCHEDULE,Fabric,1,0,1,0,1,3,2026-09-03T03:55:45.055Z,9e67ec21-258b-468c-adea-f34fc1dc4e1f
20260903032750,103,Active Directory Bronze Pipeline,nb_activedirectory_src_to_brz,BHG-DATA-PLATFORM-CORE-DEV/2_Engineering/2_Transformation/ActiveDirectory/nb_activedirectory_src_to_brz,Active Directory,BR,DEV,2026-09-03T03:59:34.940Z,2026-09-03T04:00:24.909Z,FAILED,SCHEDULE,Fabric,1,0,1,0,1,4,2026-09-03T03:59:36.522Z,9e67ec21-258b-468c-adea-f34fc1dc4e19
20260903032750,103,Active Directory Bronze Pipeline,nb_activedirectory_src_to_brz,BHG-DATA-PLATFORM-CORE-DEV/2_Engineering/2_Transformation/ActiveDirectory/nb_activedirectory_src_to_brz,Active Directory,BR,DEV,2026-09-03T03:27:50.912Z,2026-09-03T03:28:37.600Z,FAILED,SCHEDULE,Fabric,1,0,1,0,0,1,2026-09-03T03:27:52.628Z,a681e930-baf4-41ef-8b08-f9cc56c68d4a
20260902190556,104,Active Directory Silver Pipeline,nb_activedirectory_brz_to_slv,BHG-DATA-PLATFORM-CORE-DEV/2_Engineering/2_Transformation/ActiveDirectory/nb_activedirectory_brz_to_slv,Active Directory,SL,DEV,2026-09-02T19:05:56.116Z,2026-09-02T19:06:33.485Z,FAILED,SCHEDULE,Fabric,1,0,1,0,0,1,2026-09-02T19:05:57.804Z,0e8d5b3d-15fb-4d15-a709-4bc42edc4508
20260903032750,103,Active Directory Bronze Pipeline,nb_activedirectory_src_to_brz,BHG-DATA-PLATFORM-CORE-DEV/2_Engineering/2_Transformation/ActiveDirectory/nb_activedirectory_src_to_brz,Active Directory,BR,DEV,2026-09-03T03:34:49.135Z,2026-09-03T03:35:41.640Z,FAILED,SCHEDULE,Fabric,1,0,1,0,1,2,2026-09-03T03:34:50.695Z,1f58675b-47d4-4d7c-aa48-733567df8724
20260831170349,105,Active Directory Gold Pipeline,nb_activedirectory_slv_to_gld,BHG-DATA-PLATFORM-CORE-DEV/2_Engineering/2_Transformation/ActiveDirectory/nb_activedirectory_slv_to_gld,Active Directory,GL,DEV,2026-08-31T17:03:49.084Z,2026-08-31T17:07:42.708Z,SUCCESS,SCHEDULE,Fabric,2,2,0,0,0,1,2026-08-31T17:03:50.860Z,2fa2e214-5583-4fca-8b7c-32713bbeec6c
20260902191008,105,Active Directory Gold Pipeline,nb_activedirectory_slv_to_gld,BHG-DATA-PLATFORM-CORE-DEV/2_Engineering/2_Transformation/ActiveDirectory/nb_activedirectory_slv_to_gld,Active Directory,GL,DEV,2026-09-02T19:10:08.835Z,2026-09-02T19:11:26.312Z,FAILED,SCHEDULE,Fabric,2,0,2,0,0,1,2026-09-02T19:10:10.412Z,0e8d5b3d-15fb-4d15-a709-4bc42edc4508
20260903065411,141,AzureSQL5 Workflows Silver Pipeline,nb_azuresql_05_slv_to_slv,BHG-DATA-PLATFORM-CORE-DEV/2_Engineering/2_Transformation/AzureSQL_05/nb_azuresql_05_slv_to_slv,AzureSQL5 Workflows,SL,DEV,2026-09-03T06:54:11.489Z,2026-09-03T06:58:25.943Z,FAILED,SCHEDULED,Fabric,7,5,2,0,0,1,2026-09-03T06:54:11.489Z,e509dc85-8900-4f7a-939b-cd9669a98c45
20260901102807,131,AzureSQL4 Workflows Silver Pipeline,nb_azuresql_04_slv_to_slv,BHG-DATA-PLATFORM-CORE-DEV/2_Engineering/2_Transformation/AzureSQL4/nb_azuresql4_slv_to_slv,AzureSQL4 Workflows,SL,DEV,2026-09-01T10:28:07.331Z,2026-09-01T10:28:07.331Z,FAILED,SCHEDULED,Fabric,1,0,1,0,0,1,2026-09-01T10:28:07.331Z,8c3676e8-d58d-437c-9023-2772832360f2
20260902075528,131,AzureSQL4 Workflows Silver Pipeline,nb_azuresql_04_slv_to_slv,BHG-DATA-PLATFORM-CORE-DEV/2_Engineering/2_Transformation/AzureSQL4/nb_azuresql4_slv_to_slv,AzureSQL4 Workflows,SL,DEV,2026-09-02T07:55:28.078Z,2026-09-02T07:55:28.078Z,FAILED,SCHEDULED,Fabric,1,0,1,0,0,1,2026-09-02T07:55:28.078Z,f562eee4-f86a-49c1-9861-ae5499704fc4
20260903075102,131,AzureSQL4 Workflows Silver Pipeline,nb_azuresql_04_slv_to_slv,BHG-DATA-PLATFORM-CORE-DEV/2_Engineering/2_Transformation/AzureSQL4/nb_azuresql4_slv_to_slv,AzureSQL4 Workflows,SL,DEV,2026-09-03T07:51:02.947Z,2026-09-03T07:51:02.947Z,FAILED,SCHEDULED,Fabric,1,0,1,0,0,1,2026-09-03T07:51:02.947Z,bd23d321-f401-48a2-b581-1977c23d9168
20260903065928,131,AzureSQL4 Workflows Silver Pipeline,nb_azuresql_04_slv_to_slv,BHG-DATA-PLATFORM-CORE-DEV/2_Engineering/2_Transformation/AzureSQL4/nb_azuresql4_slv_to_slv,AzureSQL4 Workflows,SL,DEV,2026-09-03T06:59:28.858Z,2026-09-03T06:59:28.858Z,FAILED,SCHEDULED,Fabric,1,0,1,0,0,1,2026-09-03T06:59:28.858Z,e509dc85-8900-4f7a-939b-cd9669a98c45
20260901101728,131,AzureSQL4 Workflows Silver Pipeline,nb_azuresql_04_slv_to_slv,BHG-DATA-PLATFORM-CORE-DEV/2_Engineering/2_Transformation/AzureSQL4/nb_azuresql4_slv_to_slv,AzureSQL4 Workflows,SL,DEV,2026-09-01T10:17:28.802Z,2026-09-01T10:17:28.802Z,FAILED,SCHEDULED,Fabric,1,0,1,0,0,1,2026-09-01T10:17:28.802Z,abfb3bca-646d-44bb-b5ec-08029aef4721
20260901064704,132,AzureSQL4 Workflows Gold Pipeline,nb_azuresql_04_slv_to_gld,BHG-DATA-PLATFORM-CORE-DEV/2_Engineering/2_Transformation/AzureSQL4/nb_azuresql4_slv_to_gld,AzureSQL4 Workflows,GL,DEV,2026-09-01T06:47:04.079Z,2026-09-01T07:02:14.936Z,SUCCESS,SCHEDULED,Fabric,12,12,0,0,0,1,2026-09-01T06:47:04.079Z,f386ddbf-c5af-4242-bf29-5f60b1e71ecf
20260830092444,132,AzureSQL4 Workflows Gold Pipeline,nb_azuresql_04_slv_to_gld,BHG-DATA-PLATFORM-CORE-DEV/2_Engineering/2_Transformation/AzureSQL4/nb_azuresql4_slv_to_gld,AzureSQL4 Workflows,GL,DEV,2026-08-30T09:24:44.603Z,2026-08-30T09:37:52.522Z,SUCCESS,SCHEDULED,Fabric,12,12,0,0,0,1,2026-08-30T09:24:44.603Z,d0826a4c-ff98-435d-adfd-e339a02d1b06
20260828120423,132,AzureSQL4 Workflows Gold Pipeline,nb_azuresql_04_slv_to_gld,BHG-DATA-PLATFORM-CORE-DEV/2_Engineering/2_Transformation/AzureSQL4/nb_azuresql4_slv_to_gld,AzureSQL4 Workflows,GL,DEV,2026-08-28T12:04:23.356Z,2026-08-28T12:17:11.301Z,SUCCESS,SCHEDULED,Fabric,12,12,0,0,0,1,2026-08-28T12:04:23.356Z,e752845a-2a63-48ca-b4ef-ba7a68ece0b6
20260830081340,132,AzureSQL4 Workflows Gold Pipeline,nb_azuresql_04_slv_to_gld,BHG-DATA-PLATFORM-CORE-DEV/2_Engineering/2_Transformation/AzureSQL4/nb_azuresql4_slv_to_gld,AzureSQL4 Workflows,GL,DEV,2026-08-30T08:13:40.490Z,2026-08-30T08:26:37.220Z,SUCCESS,SCHEDULED,Fabric,12,12,0,0,0,1,2026-08-30T08:13:40.490Z,8cf8f378-16db-4eda-8552-9c6ae683939d
20260830100529,131,AzureSQL4 Workflows Silver Pipeline,nb_azuresql_04_slv_to_,BHG-DATA-PLATFORM-CORE-DEV/2_Engineering/2_Transformation/AzureSQL4/nb_azuresql_04_slv_to_,AzureSQL4 Workflows,SL,DEV,2026-08-30T10:05:29.630Z,2026-08-30T10:07:48.361Z,FAILED,SCHEDULED,Fabric,12,0,1,0,0,1,2026-08-30T10:05:29.630Z,19daf117-b7cc-4cf4-8107-c3584ef9b50a
20260831072641,131,AzureSQL4 Workflows Silver Pipeline,nb_azuresql_04_slv_to_,BHG-DATA-PLATFORM-CORE-DEV/2_Engineering/2_Transformation/AzureSQL4/nb_azuresql_04_slv_to_,AzureSQL4 Workflows,SL,DEV,2026-08-31T07:26:41.298Z,2026-08-31T07:28:04.813Z,FAILED,SCHEDULED,Fabric,12,0,1,0,0,1,2026-08-31T07:26:41.298Z,75293d80-3b14-47a9-bc1f-8191f9cec2ad
20260903182409,142,Azure SQL Alteryx-03 Silver,nb_azuresql_03_slv_to_slv,BHG-DATA-PLATFORM-CORE-DEV/2_Engineering/2_Transformation/Azuresql_03/nb_azuresql_03_slv_to_slv,Silver Lakehouse,SL,DEV,2026-09-04T10:12:37.715Z,2026-09-04T10:13:54.844Z,SUCCESS,SCHEDULED,Fabric,2,2,0,0,1,12,2026-09-04T10:12:39.062Z,f61fb4c5-0d31-4954-8aac-d0c2d48f9dc90
20260908071753,142,Azure SQL Alteryx-03 Silver,nb_azuresql_03_slv_to_slv,BHG-DATA-PLATFORM-CORE-DEV/2_Engineering/2_Transformation/Azuresql_03/nb_azuresql_03_slv_to_slv,Silver Lakehouse,SL,DEV,2026-09-08T08:46:31.473Z,2026-09-08T08:47:56.815Z,SUCCESS,SCHEDULED,Fabric,1,1,0,0,1,11,2026-09-08T08:46:33.014Z,f61fb4c5-0d31-4954-8aac-d0c2d48f9dc90
20260908053054,142,Azure SQL Alteryx-03 Silver,nb_azuresql_03_slv_to_slv,BHG-DATA-PLATFORM-CORE-DEV/2_Engineering/2_Transformation/Azuresql_03/nb_azuresql_03_slv_to_slv,Silver Lakehouse,SL,DEV,2026-09-08T05:30:54.710Z,2026-09-08T05:31:45.125Z,SUCCESS,SCHEDULED,Fabric,1,1,0,0,0,1,2026-09-08T05:30:56.112Z,f61fb4c5-0d31-4954-8aac-d0c2d48f9dc90
20260903074316,142,Azure SQL Alteryx-03 Silver,nb_azuresql_03_slv_to_slv,BHG-DATA-PLATFORM-CORE-DEV/2_Engineering/2_Transformation/Azuresql_03/nb_azuresql_03_slv_to_slv,Silver Lakehouse,SL,DEV,2026-09-03T07:50:53.176Z,2026-09-03T07:53:19.479Z,SUCCESS,SCHEDULED,Fabric,1,1,0,0,1,3,2026-09-03T07:50:54.435Z,f61fb4c5-0d31-4954-8aac-d0c2d48f9dc90
20260907101332,142,Azure SQL Alteryx-03 Silver,nb_azuresql_03_slv_to_slv,BHG-DATA-PLATFORM-CORE-DEV/2_Engineering/2_Transformation/Azuresql_03/nb_azuresql_03_slv_to_slv,Silver Lakehouse,SL,DEV,2026-09-07T10:13:32.490Z,2026-09-07T10:14:16.461Z,SUCCESS,SCHEDULED,Fabric,1,1,0,0,0,1,2026-09-07T10:13:33.709Z,f61fb4c5-0d31-4954-8aac-d0c2d48f9dc90
20260908091138,142,Azure SQL Alteryx-03 Silver,nb_azuresql_03_slv_to_slv,BHG-DATA-PLATFORM-CORE-DEV/2_Engineering/2_Transformation/Azuresql_03/nb_azuresql_03_slv_to_slv,Silver Lakehouse,SL,DEV,2026-09-08T09:11:38.627Z,2026-09-08T09:13:51.198Z,SUCCESS,SCHEDULED,Fabric,1,1,0,0,0,1,2026-09-08T09:11:40.076Z,f61fb4c5-0d31-4954-8aac-d0c2d48f9dc90
20260907032220,142,Azure SQL Alteryx-03 Silver,nb_azuresql_03_slv_to_slv,BHG-DATA-PLATFORM-CORE-DEV/2_Engineering/2_Transformation/Azuresql_03/nb_azuresql_03_slv_to_slv,Silver Lakehouse,SL,DEV,2026-09-07T03:22:20.588Z,2026-09-07T03:43:50.300Z,SUCCESS,SCHEDULED,Fabric,1,1,0,0,0,1,2026-09-07T03:22:21.907Z,f61fb4c5-0d31-4954-8aac-d0c2d48f9dc90
20260908032056,142,Azure SQL Alteryx-03 Silver,nb_azuresql_03_slv_to_slv,BHG-DATA-PLATFORM-CORE-DEV/2_Engineering/2_Transformation/Azuresql_03/nb_azuresql_03_slv_to_slv,Silver Lakehouse,SL,DEV,2026-09-08T03:20:56.821Z,2026-09-08T03:22:19.648Z,SUCCESS,SCHEDULED,Fabric,2,2,0,0,0,1,2026-09-08T03:20:58.088Z,f61fb4c5-0d31-4954-8aac-d0c2d48f9dc90
20260903074032,142,Azure SQL Alteryx-03 Silver,nb_azuresql_03_slv_to_slv,BHG-DATA-PLATFORM-CORE-DEV/2_Engineering/2_Transformation/Azuresql_03/nb_azuresql_03_slv_to_slv,Silver Lakehouse,SL,DEV,2026-09-03T07:40:32.916Z,2026-09-03T07:40:55.161Z,SUCCESS,SCHEDULED,Fabric,1,0,0,0,0,1,2026-09-03T07:40:34.242Z,f61fb4c5-0d31-4954-8aac-d0c2d48f9dc90
20260907062021,142,Azure SQL Alteryx-03 Silver,nb_azuresql_03_slv_to_slv,BHG-DATA-PLATFORM-CORE-DEV/2_Engineering/2_Transformation/Azuresql_03/nb_azuresql_03_slv_to_slv,Silver Lakehouse,SL,DEV,2026-09-07T06:20:21.056Z,2026-09-07T06:24:44.711Z,SUCCESS,SCHEDULED,Fabric,1,1,0,0,0,1,2026-09-07T06:20:24.609Z,f61fb4c5-0d31-4954-8aac-d0c2d48f9dc90
20260907111432,142,Azure SQL Alteryx-03 Silver,nb_azuresql_03_slv_to_slv,BHG-DATA-PLATFORM-CORE-DEV/2_Engineering/2_Transformation/Azuresql_03/nb_azuresql_03_slv_to_slv,Silver Lakehouse,SL,DEV,2026-09-07T11:33:44.546Z,2026-09-07T11:34:41.612Z,SUCCESS,SCHEDULED,Fabric,1,1,0,0,1,5,2026-09-07T11:33:46.042Z,f61fb4c5-0d31-4954-8aac-d0c2d48f9dc90
20260903083358,142,Azure SQL Alteryx-03 Silver,nb_azuresql_03_slv_to_slv,BHG-DATA-PLATFORM-CORE-DEV/2_Engineering/2_Transformation/Azuresql_03/nb_azuresql_03_slv_to_slv,Silver Lakehouse,SL,DEV,2026-09-03T09:22:02.796Z,2026-09-03T09:23:19.733Z,SUCCESS,SCHEDULED,Fabric,1,1,0,0,1,7,2026-09-03T09:22:04.147Z,f61fb4c5-0d31-4954-8aac-d0c2d48f9dc90
20260903075545,142,Azure SQL Alteryx-03 Silver,nb_azuresql_03_slv_to_slv,BHG-DATA-PLATFORM-CORE-DEV/2_Engineering/2_Transformation/Azuresql_03/nb_azuresql_03_slv_to_slv,Silver Lakehouse,SL,DEV,2026-09-03T07:55:45.475Z,2026-09-03T07:58:06.610Z,SUCCESS,SCHEDULED,Fabric,1,1,0,0,0,1,2026-09-03T07:55:46.691Z,f61fb4c5-0d31-4954-8aac-d0c2d48f9dc90
20260907102030,142,Azure SQL Alteryx-03 Silver,nb_azuresql_03_slv_to_slv,BHG-DATA-PLATFORM-CORE-DEV/2_Engineering/2_Transformation/Azuresql_03/nb_azuresql_03_slv_to_slv,Silver Lakehouse,SL,DEV,2026-09-07T10:20:30.153Z,2026-09-07T10:20:49.250Z,SUCCESS,SCHEDULED,Fabric,1,0,0,0,0,1,2026-09-07T10:20:31.566Z,f61fb4c5-0d31-4954-8aac-d0c2d48f9dc90
20260907153110,142,Azure SQL Alteryx-03 Silver,nb_azuresql_03_slv_to_slv,BHG-DATA-PLATFORM-CORE-DEV/2_Engineering/2_Transformation/Azuresql_03/nb_azuresql_03_slv_to_slv,Silver Lakehouse,SL,DEV,2026-09-07T15:31:10.027Z,2026-09-07T15:32:46.285Z,SUCCESS,SCHEDULED,Fabric,2,2,0,0,0,1,2026-09-07T15:31:11.595Z,f61fb4c5-0d31-4954-8aac-d0c2d48f9dc90
20260907090808,142,Azure SQL Alteryx-03 Silver,nb_azuresql_03_slv_to_slv,BHG-DATA-PLATFORM-CORE-DEV/2_Engineering/2_Transformation/Azuresql_03/nb_azuresql_03_slv_to_slv,Silver Lakehouse,SL,DEV,2026-09-07T09:08:08.063Z,2026-09-07T09:12:30.688Z,SUCCESS,SCHEDULED,Fabric,1,1,0,0,0,1,2026-09-07T09:08:09.669Z,f61fb4c5-0d31-4954-8aac-d0c2d48f9dc90
20260907070616,142,Azure SQL Alteryx-03 Silver,nb_azuresql_03_slv_to_slv,BHG-DATA-PLATFORM-CORE-DEV/2_Engineering/2_Transformation/Azuresql_03/nb_azuresql_03_slv_to_slv,Silver Lakehouse,SL,DEV,2026-09-07T07:09:31.734Z,2026-09-07T07:10:59.282Z,SUCCESS,SCHEDULED,Fabric,1,1,0,0,1,2,2026-09-07T07:09:33.123Z,f61fb4c5-0d31-4954-8aac-d0c2d48f9dc90
20260907083629,142,Azure SQL Alteryx-03 Silver,nb_azuresql_03_slv_to_slv,BHG-DATA-PLATFORM-CORE-DEV/2_Engineering/2_Transformation/Azuresql_03/nb_azuresql_03_slv_to_slv,Silver Lakehouse,SL,DEV,2026-09-07T08:39:45.903Z,2026-09-07T08:40:51.523Z,SUCCESS,SCHEDULED,Fabric,1,1,0,0,1,2,2026-09-07T08:39:47.240Z,f61fb4c5-0d31-4954-8aac-d0c2d48f9dc90
20260907102143,142,Azure SQL Alteryx-03 Silver,nb_azuresql_03_slv_to_slv,BHG-DATA-PLATFORM-CORE-DEV/2_Engineering/2_Transformation/Azuresql_03/nb_azuresql_03_slv_to_slv,Silver Lakehouse,SL,DEV,2026-09-07T10:21:43.049Z,2026-09-07T10:22:29.680Z,SUCCESS,SCHEDULED,Fabric,1,1,0,0,0,1,2026-09-07T10:21:44.282Z,f61fb4c5-0d31-4954-8aac-d0c2d48f9dc90
20260907041332,142,Azure SQL Alteryx-03 Silver,nb_azuresql_03_slv_to_slv,BHG-DATA-PLATFORM-CORE-DEV/2_Engineering/2_Transformation/Azuresql_03/nb_azuresql_03_slv_to_slv,Silver Lakehouse,SL,DEV,2026-09-07T04:13:32.622Z,2026-09-07T04:35:29.117Z,SUCCESS,SCHEDULED,Fabric,1,1,0,0,0,1,2026-09-07T04:13:33.934Z,f61fb4c5-0d31-4954-8aac-d0c2d48f9dc90
20260907154240,142,Azure SQL Alteryx-03 Silver,nb_azuresql_03_slv_to_slv,BHG-DATA-PLATFORM-CORE-DEV/2_Engineering/2_Transformation/Azuresql_03/nb_azuresql_03_slv_to_slv,Silver Lakehouse,SL,DEV,2026-09-07T15:42:40.934Z,2026-09-07T15:49:57.476Z,SUCCESS,SCHEDULED,Fabric,1,1,0,0,0,1,2026-09-07T15:42:42.299Z,f61fb4c5-0d31-4954-8aac-d0c2d48f9dc90
20260903065931,142,Azure SQL Alteryx-03 Silver,nb_azuresql_03_slv_to_slv,BHG-DATA-PLATFORM-CORE-DEV/2_Engineering/2_Transformation/Azuresql_03/nb_azuresql_03_slv_to_slv,Silver Lakehouse,SL,DEV,2026-09-03T07:21:36.389Z,2026-09-03T07:25:39.101Z,SUCCESS,SCHEDULED,Fabric,1,1,0,0,1,4,2026-09-03T07:21:37.965Z,f61fb4c5-0d31-4954-8aac-d0c2d48f9dc90
20260908024505,142,Azure SQL Alteryx-03 Silver,nb_azuresql_03_slv_to_slv,BHG-DATA-PLATFORM-CORE-DEV/2_Engineering/2_Transformation/Azuresql_03/nb_azuresql_03_slv_to_slv,Silver Lakehouse,SL,DEV,2026-09-08T02:45:05.631Z,2026-09-08T02:47:16.816Z,SUCCESS,SCHEDULED,Fabric,2,2,0,0,0,1,2026-09-08T02:45:07.082Z,f61fb4c5-0d31-4954-8aac-d0c2d48f9dc90
20260908091045,142,Azure SQL Alteryx-03 Silver,nb_azuresql_03_slv_to_slv,BHG-DATA-PLATFORM-CORE-DEV/2_Engineering/2_Transformation/Azuresql_03/nb_azuresql_03_slv_to_slv,Silver Lakehouse,SL,DEV,2026-09-08T09:10:45.310Z,2026-09-08T09:11:13.531Z,SUCCESS,SCHEDULED,Fabric,1,0,0,0,0,1,2026-09-08T09:10:46.732Z,f61fb4c5-0d31-4954-8aac-d0c2d48f9dc90
20260903182409,142,Azure SQL Alteryx-03 Silver,nb_azuresql_03_slv_to_slv,BHG-DATA-PLATFORM-CORE-DEV/2_Engineering/2_Transformation/Azuresql_03/nb_azuresql_03_slv_to_slv,Silver Lakehouse,SL,DEV,2026-09-04T10:10:29.706Z,2026-09-04T10:11:43.614Z,FAILED,SCHEDULED,Fabric,2,0,2,0,1,11,2026-09-04T10:10:31.135Z,f61fb4c5-0d31-4954-8aac-d0c2d48f9dc90
20260903182409,142,Azure SQL Alteryx-03 Silver,nb_azuresql_03_slv_to_slv,BHG-DATA-PLATFORM-CORE-DEV/2_Engineering/2_Transformation/Azuresql_03/nb_azuresql_03_slv_to_slv,Silver Lakehouse,SL,DEV,2026-09-04T10:07:50.753Z,2026-09-04T10:09:19.703Z,FAILED,SCHEDULED,Fabric,2,0,2,0,1,10,2026-09-04T10:07:52.142Z,f61fb4c5-0d31-4954-8aac-d0c2d48f9dc90
20260908071753,142,Azure SQL Alteryx-03 Silver,nb_azuresql_03_slv_to_slv,BHG-DATA-PLATFORM-CORE-DEV/2_Engineering/2_Transformation/Azuresql_03/nb_azuresql_03_slv_to_slv,Silver Lakehouse,SL,DEV,2026-09-08T08:39:22.730Z,2026-09-08T08:40:07.724Z,FAILED,SCHEDULED,Fabric,1,0,1,0,1,10,2026-09-08T08:39:24.060Z,f61fb4c5-0d31-4954-8aac-d0c2d48f9dc90
20260903083358,142,Azure SQL Alteryx-03 Silver,nb_azuresql_03_slv_to_slv,BHG-DATA-PLATFORM-CORE-DEV/2_Engineering/2_Transformation/Azuresql_03/nb_azuresql_03_slv_to_slv,Silver Lakehouse,SL,DEV,2026-09-03T09:01:28.817Z,2026-09-03T09:02:05.988Z,FAILED,SCHEDULED,Fabric,1,0,1,0,1,3,2026-09-03T09:01:30.234Z,f61fb4c5-0d31-4954-8aac-d0c2d48f9dc90
20260903182409,142,Azure SQL Alteryx-03 Silver,nb_azuresql_03_slv_to_slv,BHG-DATA-PLATFORM-CORE-DEV/2_Engineering/2_Transformation/Azuresql_03/nb_azuresql_03_slv_to_slv,Silver Lakehouse,SL,DEV,2026-09-04T09:52:22.308Z,2026-09-04T09:53:40.096Z,FAILED,SCHEDULED,Fabric,2,0,2,0,1,9,2026-09-04T09:52:23.756Z,f61fb4c5-0d31-4954-8aac-d0c2d48f9dc90
20260908071753,142,Azure SQL Alteryx-03 Silver,nb_azuresql_03_slv_to_slv,BHG-DATA-PLATFORM-CORE-DEV/2_Engineering/2_Transformation/Azuresql_03/nb_azuresql_03_slv_to_slv,Silver Lakehouse,SL,DEV,2026-09-08T07:17:53.673Z,2026-09-08T07:18:39.877Z,FAILED,SCHEDULED,Fabric,1,0,1,0,0,1,2026-09-08T07:17:55.859Z,f61fb4c5-0d31-4954-8aac-d0c2d48f9dc90
20260903182409,142,Azure SQL Alteryx-03 Silver,nb_azuresql_03_slv_to_slv,BHG-DATA-PLATFORM-CORE-DEV/2_Engineering/2_Transformation/Azuresql_03/nb_azuresql_03_slv_to_slv,Silver Lakehouse,SL,DEV,2026-09-04T09:02:43.210Z,2026-09-04T09:04:32.582Z,FAILED,SCHEDULED,Fabric,2,0,2,0,1,7,2026-09-04T09:02:45.185Z,f61fb4c5-0d31-4954-8aac-d0c2d48f9dc90
20260903105226,142,Azure SQL Alteryx-03 Silver,nb_azuresql_03_slv_to_slv,BHG-DATA-PLATFORM-CORE-DEV/2_Engineering/2_Transformation/Azuresql_03/nb_azuresql_03_slv_to_slv,Silver Lakehouse,SL,DEV,2026-09-03T16:34:27.978Z,2026-09-03T16:35:42.965Z,FAILED,SCHEDULED,Fabric,2,0,2,0,1,3,2026-09-03T16:34:29.465Z,f61fb4c5-0d31-4954-8aac-d0c2d48f9dc90
20260908043859,142,Azure SQL Alteryx-03 Silver,nb_azuresql_03_slv_to_slv,BHG-DATA-PLATFORM-CORE-DEV/2_Engineering/2_Transformation/Azuresql_03/nb_azuresql_03_slv_to_slv,Silver Lakehouse,SL,DEV,2026-09-08T04:42:16.656Z,2026-09-08T04:43:15.745Z,FAILED,SCHEDULED,Fabric,1,1,1,0,1,2,2026-09-08T04:42:18.286Z,f61fb4c5-0d31-4954-8aac-d0c2d48f9dc90
20260903083358,142,Azure SQL Alteryx-03 Silver,nb_azuresql_03_slv_to_slv,BHG-DATA-PLATFORM-CORE-DEV/2_Engineering/2_Transformation/Azuresql_03/nb_azuresql_03_slv_to_slv,Silver Lakehouse,SL,DEV,2026-09-03T09:15:12.785Z,2026-09-03T09:16:11.152Z,FAILED,SCHEDULED,Fabric,1,0,1,0,1,5,2026-09-03T09:15:14.086Z,f61fb4c5-0d31-4954-8aac-d0c2d48f9dc90
20260903182409,142,Azure SQL Alteryx-03 Silver,nb_azuresql_03_slv_to_slv,BHG-DATA-PLATFORM-CORE-DEV/2_Engineering/2_Transformation/Azuresql_03/nb_azuresql_03_slv_to_slv,Silver Lakehouse,SL,DEV,2026-09-03T18:24:09.938Z,2026-09-03T18:25:35.129Z,FAILED,SCHEDULED,Fabric,2,0,2,0,0,1,2026-09-03T18:24:18.244Z,f61fb4c5-0d31-4954-8aac-d0c2d48f9dc90
20260908071753,142,Azure SQL Alteryx-03 Silver,nb_azuresql_03_slv_to_slv,BHG-DATA-PLATFORM-CORE-DEV/2_Engineering/2_Transformation/Azuresql_03/nb_azuresql_03_slv_to_slv,Silver Lakehouse,SL,DEV,2026-09-08T08:07:11.997Z,2026-09-08T08:08:13.655Z,FAILED,SCHEDULED,Fabric,1,0,1,0,1,6,2026-09-08T08:07:13.519Z,f61fb4c5-0d31-4954-8aac-d0c2d48f9dc90
20260907034559,142,Azure SQL Alteryx-03 Silver,nb_azuresql_03_slv_to_slv,BHG-DATA-PLATFORM-CORE-DEV/2_Engineering/2_Transformation/Azuresql_03/nb_azuresql_03_slv_to_slv,Silver Lakehouse,SL,DEV,2026-09-07T03:45:59.498Z,2026-09-07T03:46:42.599Z,FAILED,SCHEDULED,Fabric,1,0,1,0,0,1,2026-09-07T03:46:00.777Z,f61fb4c5-0d31-4954-8aac-d0c2d48f9dc90
20260903182409,142,Azure SQL Alteryx-03 Silver,nb_azuresql_03_slv_to_slv,BHG-DATA-PLATFORM-CORE-DEV/2_Engineering/2_Transformation/Azuresql_03/nb_azuresql_03_slv_to_slv,Silver Lakehouse,SL,DEV,2026-09-04T03:32:31.472Z,2026-09-04T03:34:02.314Z,FAILED,SCHEDULED,Fabric,2,0,2,0,1,5,2026-09-04T03:32:32.963Z,f61fb4c5-0d31-4954-8aac-d0c2d48f9dc90
20260907111432,142,Azure SQL Alteryx-03 Silver,nb_azuresql_03_slv_to_slv,BHG-DATA-PLATFORM-CORE-DEV/2_Engineering/2_Transformation/Azuresql_03/nb_azuresql_03_slv_to_slv,Silver Lakehouse,SL,DEV,2026-09-07T11:27:31.861Z,2026-09-07T11:28:17.305Z,FAILED,SCHEDULED,Fabric,1,0,1,0,1,3,2026-09-07T11:27:33.202Z,f61fb4c5-0d31-4954-8aac-d0c2d48f9dc90
20260903182409,142,Azure SQL Alteryx-03 Silver,nb_azuresql_03_slv_to_slv,BHG-DATA-PLATFORM-CORE-DEV/2_Engineering/2_Transformation/Azuresql_03/nb_azuresql_03_slv_to_slv,Silver Lakehouse,SL,DEV,2026-09-03T18:38:16.594Z,2026-09-03T18:39:26.609Z,FAILED,SCHEDULED,Fabric,2,0,2,0,1,3,2026-09-03T18:38:18.043Z,f61fb4c5-0d31-4954-8aac-d0c2d48f9dc90
20260903065931,142,Azure SQL Alteryx-03 Silver,nb_azuresql_03_slv_to_slv,BHG-DATA-PLATFORM-CORE-DEV/2_Engineering/2_Transformation/Azuresql_03/nb_azuresql_03_slv_to_slv,Silver Lakehouse,SL,DEV,2026-09-03T07:18:47.786Z,2026-09-03T07:19:34.524Z,FAILED,SCHEDULED,Fabric,1,0,1,0,1,3,2026-09-03T07:18:49.103Z,f61fb4c5-0d31-4954-8aac-d0c2d48f9dc90
20260903105226,142,Azure SQL Alteryx-03 Silver,nb_azuresql_03_slv_to_slv,BHG-DATA-PLATFORM-CORE-DEV/2_Engineering/2_Transformation/Azuresql_03/nb_azuresql_03_slv_to_slv,Silver Lakehouse,SL,DEV,2026-09-03T16:04:47.821Z,2026-09-03T16:06:07.268Z,FAILED,SCHEDULED,Fabric,2,0,2,0,1,2,2026-09-03T16:04:49.534Z,f61fb4c5-0d31-4954-8aac-d0c2d48f9dc90
20260903083358,142,Azure SQL Alteryx-03 Silver,nb_azuresql_03_slv_to_slv,BHG-DATA-PLATFORM-CORE-DEV/2_Engineering/2_Transformation/Azuresql_03/nb_azuresql_03_slv_to_slv,Silver Lakehouse,SL,DEV,2026-09-03T09:17:44.225Z,2026-09-03T09:18:36.461Z,FAILED,SCHEDULED,Fabric,1,0,1,0,1,6,2026-09-03T09:17:45.553Z,f61fb4c5-0d31-4954-8aac-d0c2d48f9dc90
20260903065931,142,Azure SQL Alteryx-03 Silver,nb_azuresql_03_slv_to_slv,BHG-DATA-PLATFORM-CORE-DEV/2_Engineering/2_Transformation/Azuresql_03/nb_azuresql_03_slv_to_slv,Silver Lakehouse,SL,DEV,2026-09-03T06:59:31.501Z,2026-09-03T07:00:16.076Z,FAILED,SCHEDULED,Fabric,1,0,1,0,0,1,2026-09-03T06:59:33.213Z,f61fb4c5-0d31-4954-8aac-d0c2d48f9dc90
20260908071753,142,Azure SQL Alteryx-03 Silver,nb_azuresql_03_slv_to_slv,BHG-DATA-PLATFORM-CORE-DEV/2_Engineering/2_Transformation/Azuresql_03/nb_azuresql_03_slv_to_slv,Silver Lakehouse,SL,DEV,2026-09-08T07:59:42.373Z,2026-09-08T08:00:29.546Z,FAILED,SCHEDULED,Fabric,1,0,1,0,1,5,2026-09-08T07:59:43.924Z,f61fb4c5-0d31-4954-8aac-d0c2d48f9dc90
20260907111432,142,Azure SQL Alteryx-03 Silver,nb_azuresql_03_slv_to_slv,BHG-DATA-PLATFORM-CORE-DEV/2_Engineering/2_Transformation/Azuresql_03/nb_azuresql_03_slv_to_slv,Silver Lakehouse,SL,DEV,2026-09-07T11:24:00.882Z,2026-09-07T11:24:45.883Z,FAILED,SCHEDULED,Fabric,1,0,1,0,1,2,2026-09-07T11:24:04.104Z,f61fb4c5-0d31-4954-8aac-d0c2d48f9dc90
20260907083629,142,Azure SQL Alteryx-03 Silver,nb_azuresql_03_slv_to_slv,BHG-DATA-PLATFORM-CORE-DEV/2_Engineering/2_Transformation/Azuresql_03/nb_azuresql_03_slv_to_slv,Silver Lakehouse,SL,DEV,2026-09-07T08:36:29.014Z,2026-09-07T08:37:54.860Z,FAILED,SCHEDULED,Fabric,1,0,1,0,0,1,2026-09-07T08:36:31.023Z,f61fb4c5-0d31-4954-8aac-d0c2d48f9dc90
20260903094350,142,Azure SQL Alteryx-03 Silver,nb_azuresql_03_slv_to_slv,BHG-DATA-PLATFORM-CORE-DEV/2_Engineering/2_Transformation/Azuresql_03/nb_azuresql_03_slv_to_slv,Silver Lakehouse,SL,DEV,2026-09-03T09:43:50.842Z,2026-09-03T09:44:26.693Z,FAILED,SCHEDULED,Fabric,1,0,1,0,0,1,2026-09-03T09:43:52.242Z,f61fb4c5-0d31-4954-8aac-d0c2d48f9dc90
20260908043859,142,Azure SQL Alteryx-03 Silver,nb_azuresql_03_slv_to_slv,BHG-DATA-PLATFORM-CORE-DEV/2_Engineering/2_Transformation/Azuresql_03/nb_azuresql_03_slv_to_slv,Silver Lakehouse,SL,DEV,2026-09-08T05:29:31.284Z,2026-09-08T05:29:53.120Z,FAILED,SCHEDULED,Fabric,1,1,1,0,1,4,2026-09-08T05:29:32.592Z,f61fb4c5-0d31-4954-8aac-d0c2d48f9dc90
20260907070616,142,Azure SQL Alteryx-03 Silver,nb_azuresql_03_slv_to_slv,BHG-DATA-PLATFORM-CORE-DEV/2_Engineering/2_Transformation/Azuresql_03/nb_azuresql_03_slv_to_slv,Silver Lakehouse,SL,DEV,2026-09-07T07:06:16.498Z,2026-09-07T07:07:38.349Z,FAILED,SCHEDULED,Fabric,1,0,1,0,0,1,2026-09-07T07:06:17.806Z,f61fb4c5-0d31-4954-8aac-d0c2d48f9dc90
20260903094350,142,Azure SQL Alteryx-03 Silver,nb_azuresql_03_slv_to_slv,BHG-DATA-PLATFORM-CORE-DEV/2_Engineering/2_Transformation/Azuresql_03/nb_azuresql_03_slv_to_slv,Silver Lakehouse,SL,DEV,2026-09-03T09:53:49.307Z,2026-09-03T09:54:33.231Z,FAILED,SCHEDULED,Fabric,1,0,1,0,1,2,2026-09-03T09:53:50.651Z,f61fb4c5-0d31-4954-8aac-d0c2d48f9dc90
20260903182409,142,Azure SQL Alteryx-03 Silver,nb_azuresql_03_slv_to_slv,BHG-DATA-PLATFORM-CORE-DEV/2_Engineering/2_Transformation/Azuresql_03/nb_azuresql_03_slv_to_slv,Silver Lakehouse,SL,DEV,2026-09-04T09:38:31.126Z,2026-09-04T09:40:32.987Z,FAILED,SCHEDULED,Fabric,2,0,2,0,1,8,2026-09-04T09:38:33.102Z,f61fb4c5-0d31-4954-8aac-d0c2d48f9dc90
20260908071753,142,Azure SQL Alteryx-03 Silver,nb_azuresql_03_slv_to_slv,BHG-DATA-PLATFORM-CORE-DEV/2_Engineering/2_Transformation/Azuresql_03/nb_azuresql_03_slv_to_slv,Silver Lakehouse,SL,DEV,2026-09-08T07:47:59.297Z,2026-09-08T07:49:11.060Z,FAILED,SCHEDULED,Fabric,1,0,1,0,1,2,2026-09-08T07:48:01.652Z,f61fb4c5-0d31-4954-8aac-d0c2d48f9dc90
20260903083358,142,Azure SQL Alteryx-03 Silver,nb_azuresql_03_slv_to_slv,BHG-DATA-PLATFORM-CORE-DEV/2_Engineering/2_Transformation/Azuresql_03/nb_azuresql_03_slv_to_slv,Silver Lakehouse,SL,DEV,2026-09-03T08:36:58.338Z,2026-09-03T08:37:42.874Z,FAILED,SCHEDULED,Fabric,1,0,1,0,1,2,2026-09-03T08:37:00.561Z,f61fb4c5-0d31-4954-8aac-d0c2d48f9dc90
20260907025942,142,Azure SQL Alteryx-03 Silver,nb_azuresql_03_slv_to_slv,BHG-DATA-PLATFORM-CORE-DEV/2_Engineering/2_Transformation/Azuresql_03/nb_azuresql_03_slv_to_slv,Silver Lakehouse,SL,DEV,2026-09-07T03:03:20.490Z,2026-09-07T03:04:18.441Z,FAILED,SCHEDULED,Fabric,1,0,1,0,1,2,2026-09-07T03:03:22.452Z,f61fb4c5-0d31-4954-8aac-d0c2d48f9dc90
20260903065931,142,Azure SQL Alteryx-03 Silver,nb_azuresql_03_slv_to_slv,BHG-DATA-PLATFORM-CORE-DEV/2_Engineering/2_Transformation/Azuresql_03/nb_azuresql_03_slv_to_slv,Silver Lakehouse,SL,DEV,2026-09-03T07:14:00.810Z,2026-09-03T07:14:47.008Z,FAILED,SCHEDULED,Fabric,1,0,1,0,1,2,2026-09-03T07:14:02.243Z,f61fb4c5-0d31-4954-8aac-d0c2d48f9dc90
20260908071753,142,Azure SQL Alteryx-03 Silver,nb_azuresql_03_slv_to_slv,BHG-DATA-PLATFORM-CORE-DEV/2_Engineering/2_Transformation/Azuresql_03/nb_azuresql_03_slv_to_slv,Silver Lakehouse,SL,DEV,2026-09-08T08:19:54.288Z,2026-09-08T08:20:57.077Z,FAILED,SCHEDULED,Fabric,1,0,1,0,1,9,2026-09-08T08:19:55.766Z,f61fb4c5-0d31-4954-8aac-d0c2d48f9dc90
20260903182409,142,Azure SQL Alteryx-03 Silver,nb_azuresql_03_slv_to_slv,BHG-DATA-PLATFORM-CORE-DEV/2_Engineering/2_Transformation/Azuresql_03/nb_azuresql_03_slv_to_slv,Silver Lakehouse,SL,DEV,2026-09-04T08:53:58.836Z,2026-09-04T08:55:28.299Z,FAILED,SCHEDULED,Fabric,2,0,2,0,1,6,2026-09-04T08:54:00.908Z,f61fb4c5-0d31-4954-8aac-d0c2d48f9dc90
20260903083358,142,Azure SQL Alteryx-03 Silver,nb_azuresql_03_slv_to_slv,BHG-DATA-PLATFORM-CORE-DEV/2_Engineering/2_Transformation/Azuresql_03/nb_azuresql_03_slv_to_slv,Silver Lakehouse,SL,DEV,2026-09-03T09:02:44.677Z,2026-09-03T09:04:04.756Z,FAILED,SCHEDULED,Fabric,1,0,1,0,1,4,2026-09-03T09:02:46.011Z,f61fb4c5-0d31-4954-8aac-d0c2d48f9dc90
20260903173037,142,Azure SQL Alteryx-03 Silver,nb_azuresql_03_slv_to_slv,BHG-DATA-PLATFORM-CORE-DEV/2_Engineering/2_Transformation/Azuresql_03/nb_azuresql_03_slv_to_slv,Silver Lakehouse,SL,DEV,2026-09-03T17:30:37.082Z,2026-09-03T17:31:28.765Z,FAILED,SCHEDULED,Fabric,2,0,1,0,0,1,2026-09-03T17:30:38.507Z,f61fb4c5-0d31-4954-8aac-d0c2d48f9dc90
20260907111432,142,Azure SQL Alteryx-03 Silver,nb_azuresql_03_slv_to_slv,BHG-DATA-PLATFORM-CORE-DEV/2_Engineering/2_Transformation/Azuresql_03/nb_azuresql_03_slv_to_slv,Silver Lakehouse,SL,DEV,2026-09-07T11:14:32.311Z,2026-09-07T11:15:27.714Z,FAILED,SCHEDULED,Fabric,1,0,1,0,0,1,2026-09-07T11:14:33.711Z,f61fb4c5-0d31-4954-8aac-d0c2d48f9dc90
20260907034559,142,Azure SQL Alteryx-03 Silver,nb_azuresql_03_slv_to_slv,BHG-DATA-PLATFORM-CORE-DEV/2_Engineering/2_Transformation/Azuresql_03/nb_azuresql_03_slv_to_slv,Silver Lakehouse,SL,DEV,2026-09-07T03:51:52.371Z,2026-09-07T03:52:35.289Z,FAILED,SCHEDULED,Fabric,1,0,1,0,1,2,2026-09-07T03:51:53.574Z,f61fb4c5-0d31-4954-8aac-d0c2d48f9dc90
20260907025942,142,Azure SQL Alteryx-03 Silver,nb_azuresql_03_slv_to_slv,BHG-DATA-PLATFORM-CORE-DEV/2_Engineering/2_Transformation/Azuresql_03/nb_azuresql_03_slv_to_slv,Silver Lakehouse,SL,DEV,2026-09-07T02:59:42.208Z,2026-09-07T03:00:25.501Z,FAILED,SCHEDULED,Fabric,1,0,1,0,0,1,2026-09-07T02:59:43.759Z,f61fb4c5-0d31-4954-8aac-d0c2d48f9dc90
20260903105226,142,Azure SQL Alteryx-03 Silver,nb_azuresql_03_slv_to_slv,BHG-DATA-PLATFORM-CORE-DEV/2_Engineering/2_Transformation/Azuresql_03/nb_azuresql_03_slv_to_slv,Silver Lakehouse,SL,DEV,2026-09-03T10:52:26.158Z,2026-09-03T10:53:15.186Z,FAILED,SCHEDULED,Fabric,1,0,1,0,0,1,2026-09-03T10:52:27.521Z,f61fb4c5-0d31-4954-8aac-d0c2d48f9dc90
20260908071753,142,Azure SQL Alteryx-03 Silver,nb_azuresql_03_slv_to_slv,BHG-DATA-PLATFORM-CORE-DEV/2_Engineering/2_Transformation/Azuresql_03/nb_azuresql_03_slv_to_slv,Silver Lakehouse,SL,DEV,2026-09-08T08:11:39.189Z,2026-09-08T08:12:33.991Z,FAILED,SCHEDULED,Fabric,1,0,1,0,1,8,2026-09-08T08:11:40.631Z,f61fb4c5-0d31-4954-8aac-d0c2d48f9dc90
20260907051232,142,Azure SQL Alteryx-03 Silver,nb_azuresql_03_slv_to_slv,BHG-DATA-PLATFORM-CORE-DEV/2_Engineering/2_Transformation/Azuresql_03/nb_azuresql_03_slv_to_slv,Silver Lakehouse,SL,DEV,2026-09-07T05:15:19.517Z,2026-09-07T05:16:08.912Z,FAILED,SCHEDULED,Fabric,1,0,2,0,1,2,2026-09-07T05:15:20.878Z,f61fb4c5-0d31-4954-8aac-d0c2d48f9dc90
20260903182409,142,Azure SQL Alteryx-03 Silver,nb_azuresql_03_slv_to_slv,BHG-DATA-PLATFORM-CORE-DEV/2_Engineering/2_Transformation/Azuresql_03/nb_azuresql_03_slv_to_slv,Silver Lakehouse,SL,DEV,2026-09-03T18:30:20.584Z,2026-09-03T18:31:38.047Z,FAILED,SCHEDULED,Fabric,2,0,2,0,1,2,2026-09-03T18:30:22.029Z,f61fb4c5-0d31-4954-8aac-d0c2d48f9dc90
20260903182409,142,Azure SQL Alteryx-03 Silver,nb_azuresql_03_slv_to_slv,BHG-DATA-PLATFORM-CORE-DEV/2_Engineering/2_Transformation/Azuresql_03/nb_azuresql_03_slv_to_slv,Silver Lakehouse,SL,DEV,2026-09-04T03:29:18.675Z,2026-09-04T03:30:42.009Z,FAILED,SCHEDULED,Fabric,2,0,2,0,1,4,2026-09-04T03:29:20.709Z,f61fb4c5-0d31-4954-8aac-d0c2d48f9dc90
20260903083358,142,Azure SQL Alteryx-03 Silver,nb_azuresql_03_slv_to_slv,BHG-DATA-PLATFORM-CORE-DEV/2_Engineering/2_Transformation/Azuresql_03/nb_azuresql_03_slv_to_slv,Silver Lakehouse,SL,DEV,2026-09-03T08:33:58.238Z,2026-09-03T08:34:42.326Z,FAILED,SCHEDULED,Fabric,1,0,1,0,0,1,2026-09-03T08:34:00.169Z,f61fb4c5-0d31-4954-8aac-d0c2d48f9dc90
20260908071753,142,Azure SQL Alteryx-03 Silver,nb_azuresql_03_slv_to_slv,BHG-DATA-PLATFORM-CORE-DEV/2_Engineering/2_Transformation/Azuresql_03/nb_azuresql_03_slv_to_slv,Silver Lakehouse,SL,DEV,2026-09-08T07:51:19.034Z,2026-09-08T07:52:11.157Z,FAILED,SCHEDULED,Fabric,1,0,1,0,1,3,2026-09-08T07:51:20.495Z,f61fb4c5-0d31-4954-8aac-d0c2d48f9dc90
20260903094350,142,Azure SQL Alteryx-03 Silver,nb_azuresql_03_slv_to_slv,BHG-DATA-PLATFORM-CORE-DEV/2_Engineering/2_Transformation/Azuresql_03/nb_azuresql_03_slv_to_slv,Silver Lakehouse,SL,DEV,2026-09-03T10:29:00.736Z,2026-09-03T10:29:43.593Z,FAILED,SCHEDULED,Fabric,1,0,2,0,1,3,2026-09-03T10:29:02.141Z,f61fb4c5-0d31-4954-8aac-d0c2d48f9dc90
20260908071753,142,Azure SQL Alteryx-03 Silver,nb_azuresql_03_slv_to_slv,BHG-DATA-PLATFORM-CORE-DEV/2_Engineering/2_Transformation/Azuresql_03/nb_azuresql_03_slv_to_slv,Silver Lakehouse,SL,DEV,2026-09-08T07:55:00.428Z,2026-09-08T07:55:37.083Z,FAILED,SCHEDULED,Fabric,1,0,1,0,1,4,2026-09-08T07:55:01.823Z,f61fb4c5-0d31-4954-8aac-d0c2d48f9dc90
20260908071753,142,Azure SQL Alteryx-03 Silver,nb_azuresql_03_slv_to_slv,BHG-DATA-PLATFORM-CORE-DEV/2_Engineering/2_Transformation/Azuresql_03/nb_azuresql_03_slv_to_slv,Silver Lakehouse,SL,DEV,2026-09-08T08:09:28.788Z,2026-09-08T08:10:12.724Z,FAILED,SCHEDULED,Fabric,1,0,1,0,1,7,2026-09-08T08:09:30.381Z,f61fb4c5-0d31-4954-8aac-d0c2d48f9dc90
20260907025942,142,Azure SQL Alteryx-03 Silver,nb_azuresql_03_slv_to_slv,BHG-DATA-PLATFORM-CORE-DEV/2_Engineering/2_Transformation/Azuresql_03/nb_azuresql_03_slv_to_slv,Silver Lakehouse,SL,DEV,2026-09-07T03:06:51.095Z,2026-09-07T03:08:15.569Z,FAILED,SCHEDULED,Fabric,1,0,1,0,1,3,2026-09-07T03:06:52.482Z,f61fb4c5-0d31-4954-8aac-d0c2d48f9dc90
20260903074316,142,Azure SQL Alteryx-03 Silver,nb_azuresql_03_slv_to_slv,BHG-DATA-PLATFORM-CORE-DEV/2_Engineering/2_Transformation/Azuresql_03/nb_azuresql_03_slv_to_slv,Silver Lakehouse,SL,DEV,2026-09-03T07:46:46.826Z,2026-09-03T07:47:34.976Z,FAILED,SCHEDULED,Fabric,1,0,1,0,1,2,2026-09-03T07:46:48.331Z,f61fb4c5-0d31-4954-8aac-d0c2d48f9dc90
20260907111432,142,Azure SQL Alteryx-03 Silver,nb_azuresql_03_slv_to_slv,BHG-DATA-PLATFORM-CORE-DEV/2_Engineering/2_Transformation/Azuresql_03/nb_azuresql_03_slv_to_slv,Silver Lakehouse,SL,DEV,2026-09-07T11:30:17.082Z,2026-09-07T11:31:02.693Z,FAILED,SCHEDULED,Fabric,1,0,1,0,1,4,2026-09-07T11:30:18.373Z,f61fb4c5-0d31-4954-8aac-d0c2d48f9dc90
20260903074316,142,Azure SQL Alteryx-03 Silver,nb_azuresql_03_slv_to_slv,BHG-DATA-PLATFORM-CORE-DEV/2_Engineering/2_Transformation/Azuresql_03/nb_azuresql_03_slv_to_slv,Silver Lakehouse,SL,DEV,2026-09-03T07:43:16.959Z,2026-09-03T07:44:01.691Z,FAILED,SCHEDULED,Fabric,1,0,1,0,0,1,2026-09-03T07:43:18.318Z,f61fb4c5-0d31-4954-8aac-d0c2d48f9dc90
20260908043859,142,Azure SQL Alteryx-03 Silver,nb_azuresql_03_slv_to_slv,BHG-DATA-PLATFORM-CORE-DEV/2_Engineering/2_Transformation/Azuresql_03/nb_azuresql_03_slv_to_slv,Silver Lakehouse,SL,DEV,2026-09-08T05:25:55.333Z,2026-09-08T05:26:15.399Z,FAILED,SCHEDULED,Fabric,1,1,1,0,1,3,2026-09-08T05:25:56.856Z,f61fb4c5-0d31-4954-8aac-d0c2d48f9dc90
20260908053317,143,Azure SQL Alteryx-03 Gold,nb_azuresql_03_slv_to_gld,BHG-DATA-PLATFORM-CORE-DEV/2_Engineering/2_Transformation/Azuresql_03/nb_azuresql_03_slv_to_gld,Silver Lakehouse,GL,DEV,2026-09-08T05:33:17.378Z,2026-09-08T05:34:11.336Z,SUCCESS,SCHEDULED,Fabric,1,1,0,0,0,1,2026-09-08T05:33:18.669Z,f61fb4c5-0d31-4954-8aac-d0c2d48f9dc90
20260907102942,143,Azure SQL Alteryx-03 Gold,nb_azuresql_03_slv_to_gld,BHG-DATA-PLATFORM-CORE-DEV/2_Engineering/2_Transformation/Azuresql_03/nb_azuresql_03_slv_to_gld,Silver Lakehouse,GL,DEV,2026-09-07T10:29:42.056Z,2026-09-07T10:30:03.123Z,SUCCESS,SCHEDULED,Fabric,1,0,0,0,0,1,2026-09-07T10:29:43.313Z,f61fb4c5-0d31-4954-8aac-d0c2d48f9dc90
20260903082529,143,Azure SQL Alteryx-03 Gold,nb_azuresql_03_slv_to_gld,BHG-DATA-PLATFORM-CORE-DEV/2_Engineering/2_Transformation/Azuresql_03/nb_azuresql_03_slv_to_gld,Silver Lakehouse,GL,DEV,2026-09-03T08:25:29.112Z,2026-09-03T08:29:17.127Z,SUCCESS,SCHEDULED,Fabric,1,1,0,0,0,1,2026-09-03T08:25:30.735Z,f61fb4c5-0d31-4954-8aac-d0c2d48f9dc90
20260907160435,143,Azure SQL Alteryx-03 Gold,nb_azuresql_03_slv_to_gld,BHG-DATA-PLATFORM-CORE-DEV/2_Engineering/2_Transformation/Azuresql_03/nb_azuresql_03_slv_to_gld,Silver Lakehouse,GL,DEV,2026-09-07T16:04:35.117Z,2026-09-07T16:05:40.828Z,SUCCESS,SCHEDULED,Fabric,1,1,0,0,0,1,2026-09-07T16:04:36.550Z,f61fb4c5-0d31-4954-8aac-d0c2d48f9dc90
20260908025830,143,Azure SQL Alteryx-03 Gold,nb_azuresql_03_slv_to_gld,BHG-DATA-PLATFORM-CORE-DEV/2_Engineering/2_Transformation/Azuresql_03/nb_azuresql_03_slv_to_gld,Silver Lakehouse,GL,DEV,2026-09-08T02:58:30.436Z,2026-09-08T02:59:42.510Z,SUCCESS,SCHEDULED,Fabric,2,2,0,0,0,1,2026-09-08T02:58:31.862Z,f61fb4c5-0d31-4954-8aac-d0c2d48f9dc90
20260907043858,143,Azure SQL Alteryx-03 Gold,nb_azuresql_03_slv_to_gld,BHG-DATA-PLATFORM-CORE-DEV/2_Engineering/2_Transformation/Azuresql_03/nb_azuresql_03_slv_to_gld,Silver Lakehouse,GL,DEV,2026-09-07T04:38:58.529Z,2026-09-07T04:39:57.042Z,SUCCESS,SCHEDULED,Fabric,1,1,0,0,0,1,2026-09-07T04:38:59.792Z,f61fb4c5-0d31-4954-8aac-d0c2d48f9dc90
20260907103041,143,Azure SQL Alteryx-03 Gold,nb_azuresql_03_slv_to_gld,BHG-DATA-PLATFORM-CORE-DEV/2_Engineering/2_Transformation/Azuresql_03/nb_azuresql_03_slv_to_gld,Silver Lakehouse,GL,DEV,2026-09-07T10:30:41.871Z,2026-09-07T10:31:34.799Z,SUCCESS,SCHEDULED,Fabric,1,1,0,0,0,1,2026-09-07T10:30:44.221Z,f61fb4c5-0d31-4954-8aac-d0c2d48f9dc90
20260908033902,143,Azure SQL Alteryx-03 Gold,nb_azuresql_03_slv_to_gld,BHG-DATA-PLATFORM-CORE-DEV/2_Engineering/2_Transformation/Azuresql_03/nb_azuresql_03_slv_to_gld,Silver Lakehouse,GL,DEV,2026-09-08T03:39:02.703Z,2026-09-08T03:40:16.316Z,SUCCESS,SCHEDULED,Fabric,2,2,0,0,0,1,2026-09-08T03:39:03.958Z,f61fb4c5-0d31-4954-8aac-d0c2d48f9dc90
20260907094039,143,Azure SQL Alteryx-03 Gold,nb_azuresql_03_slv_to_gld,BHG-DATA-PLATFORM-CORE-DEV/2_Engineering/2_Transformation/Azuresql_03/nb_azuresql_03_slv_to_gld,Silver Lakehouse,GL,DEV,2026-09-07T09:40:39.861Z,2026-09-07T09:41:25.462Z,SUCCESS,SCHEDULED,Fabric,1,1,0,0,0,1,2026-09-07T09:40:41.148Z,f61fb4c5-0d31-4954-8aac-d0c2d48f9dc90
20260907072608,143,Azure SQL Alteryx-03 Gold,nb_azuresql_03_slv_to_gld,BHG-DATA-PLATFORM-CORE-DEV/2_Engineering/2_Transformation/Azuresql_03/nb_azuresql_03_slv_to_gld,Silver Lakehouse,GL,DEV,2026-09-07T07:26:08.453Z,2026-09-07T07:29:31.506Z,SUCCESS,SCHEDULED,Fabric,1,1,0,0,0,1,2026-09-07T07:26:09.743Z,f61fb4c5-0d31-4954-8aac-d0c2d48f9dc90
20260907062600,143,Azure SQL Alteryx-03 Gold,nb_azuresql_03_slv_to_gld,BHG-DATA-PLATFORM-CORE-DEV/2_Engineering/2_Transformation/Azuresql_03/nb_azuresql_03_slv_to_gld,Silver Lakehouse,GL,DEV,2026-09-07T06:26:00.586Z,2026-09-07T06:27:17.002Z,SUCCESS,SCHEDULED,Fabric,1,1,0,0,0,1,2026-09-07T06:26:02.095Z,f61fb4c5-0d31-4954-8aac-d0c2d48f9dc90
20260907155930,143,Azure SQL Alteryx-03 Gold,nb_azuresql_03_slv_to_gld,BHG-DATA-PLATFORM-CORE-DEV/2_Engineering/2_Transformation/Azuresql_03/nb_azuresql_03_slv_to_gld,Silver Lakehouse,GL,DEV,2026-09-07T15:59:30.863Z,2026-09-07T16:00:28.714Z,SUCCESS,SCHEDULED,Fabric,1,1,0,0,0,1,2026-09-07T15:59:32.191Z,f61fb4c5-0d31-4954-8aac-d0c2d48f9dc90
20260907093610,143,Azure SQL Alteryx-03 Gold,nb_azuresql_03_slv_to_gld,BHG-DATA-PLATFORM-CORE-DEV/2_Engineering/2_Transformation/Azuresql_03/nb_azuresql_03_slv_to_gld,Silver Lakehouse,GL,DEV,2026-09-07T09:36:10.684Z,2026-09-07T09:36:33.673Z,SUCCESS,SCHEDULED,Fabric,1,0,0,0,0,1,2026-09-07T09:36:11.925Z,f61fb4c5-0d31-4954-8aac-d0c2d48f9dc90
20260907113503,143,Azure SQL Alteryx-03 Gold,nb_azuresql_03_slv_to_gld,BHG-DATA-PLATFORM-CORE-DEV/2_Engineering/2_Transformation/Azuresql_03/nb_azuresql_03_slv_to_gld,Silver Lakehouse,GL,DEV,2026-09-07T11:35:03.900Z,2026-09-07T11:36:00.449Z,SUCCESS,SCHEDULED,Fabric,1,1,0,0,0,1,2026-09-07T11:35:05.297Z,f61fb4c5-0d31-4954-8aac-d0c2d48f9dc90
20260907093801,143,Azure SQL Alteryx-03 Gold,nb_azuresql_03_slv_to_gld,BHG-DATA-PLATFORM-CORE-DEV/2_Engineering/2_Transformation/Azuresql_03/nb_azuresql_03_slv_to_gld,Silver Lakehouse,GL,DEV,2026-09-07T09:38:01.099Z,2026-09-07T09:38:49.160Z,SUCCESS,SCHEDULED,Fabric,1,1,0,0,0,1,2026-09-07T09:38:02.491Z,f61fb4c5-0d31-4954-8aac-d0c2d48f9dc90
20260907160949,143,Azure SQL Alteryx-03 Gold,nb_azuresql_03_slv_to_gld,BHG-DATA-PLATFORM-CORE-DEV/2_Engineering/2_Transformation/Azuresql_03/nb_azuresql_03_slv_to_gld,Silver Lakehouse,GL,DEV,2026-09-07T16:09:49.194Z,2026-09-07T16:10:37.365Z,SUCCESS,SCHEDULED,Fabric,1,1,0,0,0,1,2026-09-07T16:09:50.500Z,f61fb4c5-0d31-4954-8aac-d0c2d48f9dc90
20260907084112,143,Azure SQL Alteryx-03 Gold,nb_azuresql_03_slv_to_gld,BHG-DATA-PLATFORM-CORE-DEV/2_Engineering/2_Transformation/Azuresql_03/nb_azuresql_03_slv_to_gld,Silver Lakehouse,GL,DEV,2026-09-07T08:41:12.675Z,2026-09-07T08:42:15.122Z,SUCCESS,SCHEDULED,Fabric,1,1,0,0,0,1,2026-09-07T08:41:14.074Z,f61fb4c5-0d31-4954-8aac-d0c2d48f9dc90
20260907155024,143,Azure SQL Alteryx-03 Gold,nb_azuresql_03_slv_to_gld,BHG-DATA-PLATFORM-CORE-DEV/2_Engineering/2_Transformation/Azuresql_03/nb_azuresql_03_slv_to_gld,Silver Lakehouse,GL,DEV,2026-09-07T15:50:24.440Z,2026-09-07T15:51:26.285Z,SUCCESS,SCHEDULED,Fabric,1,1,0,0,0,1,2026-09-07T15:50:25.892Z,f61fb4c5-0d31-4954-8aac-d0c2d48f9dc90
20260903073204,143,Azure SQL Alteryx-03 Gold,nb_azuresql_03_slv_to_gld,BHG-DATA-PLATFORM-CORE-DEV/2_Engineering/2_Transformation/Azuresql_03/nb_azuresql_03_slv_to_gld,Silver Lakehouse,GL,DEV,2026-09-03T07:32:04.576Z,2026-09-03T07:35:08.309Z,SUCCESS,SCHEDULED,Fabric,1,1,0,0,0,1,2026-09-03T07:32:05.930Z,f61fb4c5-0d31-4954-8aac-d0c2d48f9dc90
20260907102440,143,Azure SQL Alteryx-03 Gold,nb_azuresql_03_slv_to_gld,BHG-DATA-PLATFORM-CORE-DEV/2_Engineering/2_Transformation/Azuresql_03/nb_azuresql_03_slv_to_gld,Silver Lakehouse,GL,DEV,2026-09-07T10:24:40.953Z,2026-09-07T10:25:36.169Z,SUCCESS,SCHEDULED,Fabric,1,1,0,0,0,1,2026-09-07T10:24:42.217Z,f61fb4c5-0d31-4954-8aac-d0c2d48f9dc90
20260903092456,143,Azure SQL Alteryx-03 Gold,nb_azuresql_03_slv_to_gld,BHG-DATA-PLATFORM-CORE-DEV/2_Engineering/2_Transformation/Azuresql_03/nb_azuresql_03_slv_to_gld,Silver Lakehouse,GL,DEV,2026-09-03T09:24:56.449Z,2026-09-03T09:26:02.043Z,SUCCESS,SCHEDULED,Fabric,1,1,0,0,0,1,2026-09-03T09:24:57.785Z,f61fb4c5-0d31-4954-8aac-d0c2d48f9dc90
20260907091252,143,Azure SQL Alteryx-03 Gold,nb_azuresql_03_slv_to_gld,BHG-DATA-PLATFORM-CORE-DEV/2_Engineering/2_Transformation/Azuresql_03/nb_azuresql_03_slv_to_gld,Silver Lakehouse,GL,DEV,2026-09-07T09:12:52.236Z,2026-09-07T09:13:40.647Z,SUCCESS,SCHEDULED,Fabric,1,1,0,0,0,1,2026-09-07T09:12:53.441Z,f61fb4c5-0d31-4954-8aac-d0c2d48f9dc90
20260908091757,143,Azure SQL Alteryx-03 Gold,nb_azuresql_03_slv_to_gld,BHG-DATA-PLATFORM-CORE-DEV/2_Engineering/2_Transformation/Azuresql_03/nb_azuresql_03_slv_to_gld,Silver Lakehouse,GL,DEV,2026-09-08T09:42:02.960Z,2026-09-08T09:43:13.984Z,SUCCESS,SCHEDULED,Fabric,1,1,0,0,1,5,2026-09-08T09:42:04.581Z,f61fb4c5-0d31-4954-8aac-d0c2d48f9dc90
20260908091757,143,Azure SQL Alteryx-03 Gold,nb_azuresql_03_slv_to_gld,BHG-DATA-PLATFORM-CORE-DEV/2_Engineering/2_Transformation/Azuresql_03/nb_azuresql_03_slv_to_gld,Silver Lakehouse,GL,DEV,2026-09-08T09:17:57.345Z,2026-09-08T09:18:42.238Z,FAILED,SCHEDULED,Fabric,1,0,1,0,0,1,2026-09-08T09:17:58.673Z,f61fb4c5-0d31-4954-8aac-d0c2d48f9dc90
20260908091757,143,Azure SQL Alteryx-03 Gold,nb_azuresql_03_slv_to_gld,BHG-DATA-PLATFORM-CORE-DEV/2_Engineering/2_Transformation/Azuresql_03/nb_azuresql_03_slv_to_gld,Silver Lakehouse,GL,DEV,2026-09-08T09:34:34.047Z,2026-09-08T09:35:21.876Z,FAILED,SCHEDULED,Fabric,1,0,1,0,1,3,2026-09-08T09:34:35.625Z,f61fb4c5-0d31-4954-8aac-d0c2d48f9dc90
20260908052120,143,Azure SQL Alteryx-03 Gold,nb_azuresql_03_slv_to_gld,BHG-DATA-PLATFORM-CORE-DEV/2_Engineering/2_Transformation/Azuresql_03/nb_azuresql_03_slv_to_gld,Silver Lakehouse,GL,DEV,2026-09-08T05:21:20.851Z,2026-09-08T05:22:18.704Z,FAILED,SCHEDULED,Fabric,1,0,1,0,0,1,2026-09-08T05:21:22.639Z,f61fb4c5-0d31-4954-8aac-d0c2d48f9dc90
20260908091757,143,Azure SQL Alteryx-03 Gold,nb_azuresql_03_slv_to_gld,BHG-DATA-PLATFORM-CORE-DEV/2_Engineering/2_Transformation/Azuresql_03/nb_azuresql_03_slv_to_gld,Silver Lakehouse,GL,DEV,2026-09-08T09:32:03.987Z,2026-09-08T09:32:56.454Z,FAILED,SCHEDULED,Fabric,1,0,1,0,1,2,2026-09-08T09:32:05.902Z,f61fb4c5-0d31-4954-8aac-d0c2d48f9dc90
20260908091757,143,Azure SQL Alteryx-03 Gold,nb_azuresql_03_slv_to_gld,BHG-DATA-PLATFORM-CORE-DEV/2_Engineering/2_Transformation/Azuresql_03/nb_azuresql_03_slv_to_gld,Silver Lakehouse,GL,DEV,2026-09-08T09:36:14.840Z,2026-09-08T09:37:03.596Z,FAILED,SCHEDULED,Fabric,1,0,1,0,1,4,2026-09-08T09:36:16.268Z,f61fb4c5-0d31-4954-8aac-d0c2d48f9dc90
20260831121208,133,Azure SQL Alteryx-2 Silver,nb_azuresql_02_slv_to_slv,BHG-DATA-PLATFORM-CORE-DEV/2_Engineering/2_Transformation/Azuresql-02/nb_azuresql_02_slv_to_slv,Azure SQL,SL,DEV,2026-09-02T08:39:13.554Z,2026-09-02T08:47:50.146Z,SUCCESS,SCHEDULED,Fabric,10,10,0,0,1,2,2026-09-02T08:39:15.256Z,a248cb53-4f30-44b6-ac15-5cdc6c387758
20260831034154,133,Azure SQL Alteryx-2 Silver,nb_azuresql_02_slv_to_slv,BHG-DATA-PLATFORM-CORE-DEV/2_Engineering/2_Transformation/Azuresql-02/nb_azuresql_02_slv_to_slv,Azure SQL,SL,DEV,2026-08-31T05:22:52.331Z,2026-08-31T05:29:05.815Z,SUCCESS,SCHEDULED,Fabric,10,8,0,0,1,2,2026-08-31T05:22:53.957Z,648551aa-4be1-43d5-9996-5e68064cace6
20260831083741,133,Azure SQL Alteryx-2 Silver,nb_azuresql_02_slv_to_slv,BHG-DATA-PLATFORM-CORE-DEV/2_Engineering/2_Transformation/Azuresql-02/nb_azuresql_02_slv_to_slv,Azure SQL,SL,DEV,2026-08-31T09:18:12.472Z,2026-08-31T09:20:06.132Z,SUCCESS,SCHEDULED,Fabric,2,2,0,0,1,2,2026-08-31T09:18:14.245Z,7cf15fc7-3164-41db-9237-c95ff39a8c98
20260831074924,133,Azure SQL Alteryx-2 Silver,nb_azuresql_02_slv_to_slv,BHG-DATA-PLATFORM-CORE-DEV/2_Engineering/2_Transformation/Azuresql-02/nb_azuresql_02_slv_to_slv,Azure SQL,SL,DEV,2026-08-31T07:49:24.508Z,2026-08-31T07:52:31.818Z,SUCCESS,SCHEDULED,Fabric,2,2,0,0,0,1,2026-08-31T07:49:26.056Z,0b4961d6-2cb3-40f0-b779-fb7af0beef8c
20260831095704,133,Azure SQL Alteryx-2 Silver,nb_azuresql_02_slv_to_slv,BHG-DATA-PLATFORM-CORE-DEV/2_Engineering/2_Transformation/Azuresql-02/nb_azuresql_02_slv_to_slv,Azure SQL,SL,DEV,2026-08-31T09:57:04.863Z,2026-08-31T10:00:27.055Z,SUCCESS,SCHEDULED,Fabric,2,2,0,0,0,1,2026-08-31T09:57:07.186Z,015058a2-4b17-4d2e-897e-f307d8a475b8
20260831102558,133,Azure SQL Alteryx-2 Silver,nb_azuresql_02_slv_to_slv,BHG-DATA-PLATFORM-CORE-DEV/2_Engineering/2_Transformation/Azuresql-02/nb_azuresql_02_slv_to_slv,Azure SQL,SL,DEV,2026-08-31T10:25:58.717Z,2026-08-31T10:29:15.026Z,SUCCESS,SCHEDULED,Fabric,2,2,0,0,0,1,2026-08-31T10:26:05.490Z,c53fd170-5a06-4556-ac6d-ed783acaee0b
20260831101337,133,Azure SQL Alteryx-2 Silver,nb_azuresql_02_slv_to_slv,BHG-DATA-PLATFORM-CORE-DEV/2_Engineering/2_Transformation/Azuresql-02/nb_azuresql_02_slv_to_slv,Azure SQL,SL,DEV,2026-08-31T10:13:37.382Z,2026-08-31T10:16:58.779Z,SUCCESS,SCHEDULED,Fabric,2,2,0,0,0,1,2026-08-31T10:13:38.937Z,570ed360-6755-403a-934d-8def39d2304e
20260831121208,133,Azure SQL Alteryx-2 Silver,nb_azuresql_02_slv_to_slv,BHG-DATA-PLATFORM-CORE-DEV/2_Engineering/2_Transformation/Azuresql-02/nb_azuresql_02_slv_to_slv,Azure SQL,SL,DEV,2026-08-31T12:12:08.858Z,2026-08-31T12:24:58.382Z,FAILED,SCHEDULED,Fabric,10,9,1,0,0,1,2026-08-31T12:12:12.812Z,73ab084e-6be8-4233-a81c-8f049414a380
20260902050830,135,CallBackList Bronze Pipeline,nb_callback_src_to_brz,BHG-DATA-PLATFORM-CORE-DEV/2_Engineering/2_Transformation/Callback_Lists/nb_callback_src_to_brz,Salesforce,BR,DEV,2026-09-02T05:08:30.522Z,2026-09-02T05:13:28.094Z,SUCCESS,SCHEDULE,Fabric,4,4,0,0,0,1,2026-09-02T05:08:32.144Z,26b335d6-f11c-41b2-ae31-e73c17de8489
20260831035706,135,CallBackList Bronze Pipeline,nb_callback_src_to_brz,BHG-DATA-PLATFORM-CORE-DEV/2_Engineering/2_Transformation/Callback_Lists/nb_callback_src_to_brz,Salesforce,BR,DEV,2026-08-31T03:57:06.282Z,2026-08-31T04:02:17.656Z,SUCCESS,SCHEDULE,Fabric,4,4,0,0,0,1,2026-08-31T03:57:07.889Z,6bc047e9-8b5b-4d85-a364-b2d6e542e315
20260831055942,135,CallBackList Bronze Pipeline,nb_callback_src_to_brz,BHG-DATA-PLATFORM-CORE-DEV/2_Engineering/2_Transformation/Callback_Lists/nb_callback_src_to_brz,Salesforce,BR,DEV,2026-08-31T06:28:35.886Z,2026-08-31T06:31:48.660Z,SUCCESS,SCHEDULE,Fabric,4,4,0,0,1,2,2026-08-31T06:28:37.449Z,a7cd751e-6e5d-4276-9b13-7268f73d8177
20260904085233,135,CallBackList Bronze Pipeline,nb_callback_src_to_brz,BHG-DATA-PLATFORM-CORE-DEV/2_Engineering/2_Transformation/Callback_Lists/nb_callback_src_to_brz,Salesforce,BR,DEV,2026-09-04T10:17:06.541Z,2026-09-04T10:20:39.629Z,SUCCESS,SCHEDULE,Fabric,4,4,0,0,1,2,2026-09-04T10:17:08.337Z,ed8b9765-c547-4373-9ec0-3b2a53aee49e
20260831060206,133,Azure SQL Alteryx-2 Silver,nb_azuresql_02_slv_to_slv,BHG-DATA-PLATFORM-CORE-DEV/2_Engineering/2_Transformation/Azuresql-02/nb_azuresql_02_slv_to_slv,Azure SQL,SL,DEV,2026-08-31T06:02:06.315Z,2026-08-31T06:14:37.088Z,FAILED,SCHEDULED,Fabric,10,7,1,0,0,1,2026-08-31T06:02:07.976Z,1de5cf99-6b82-4338-b3fe-396114f7957f
20260831082729,135,CallBackList Bronze Pipeline,nb_callback_src_to_brz,BHG-DATA-PLATFORM-CORE-DEV/2_Engineering/2_Transformation/Callback_Lists/nb_callback_src_to_brz,Salesforce,BR,DEV,2026-08-31T08:27:29.311Z,2026-08-31T08:31:09.116Z,SUCCESS,SCHEDULE,Fabric,4,4,0,0,0,1,2026-08-31T08:27:31.472Z,65e89789-39d8-4e46-be47-bcdfcc997be4
20260904072028,135,CallBackList Bronze Pipeline,nb_callback_src_to_brz,BHG-DATA-PLATFORM-CORE-DEV/2_Engineering/2_Transformation/Callback_Lists/nb_callback_src_to_brz,Salesforce,BR,DEV,2026-09-04T07:20:28.187Z,2026-09-04T07:24:31.329Z,SUCCESS,SCHEDULE,Fabric,4,4,0,0,0,1,2026-09-04T07:20:30.206Z,722942c7-46ba-4f9d-905b-23ebf29af444
20260904080608,136,CallBackList Silver Pipeline,nb_callback_brz_to_slv,BHG-DATA-PLATFORM-CORE-DEV/2_Engineering/2_Transformation/Callback_Lists/nb_callback_brz_to_slv,Salesforce,SL,DEV,2026-09-04T08:06:08.096Z,2026-09-04T08:08:48.087Z,SUCCESS,SCHEDULE,Fabric,1,1,0,0,0,1,2026-09-04T08:06:09.799Z,0149d2e2-407e-43d2-9524-079a665d6c9a
20260831051938,135,CallBackList Bronze Pipeline,nb_callback_src_to_brz,BHG-DATA-PLATFORM-CORE-DEV/2_Engineering/2_Transformation/Callback_Lists/nb_callback_src_to_brz,Salesforce,BR,DEV,2026-08-31T05:19:38.801Z,2026-08-31T05:23:07.293Z,SUCCESS,SCHEDULE,Fabric,4,4,0,0,0,1,2026-08-31T05:19:40.249Z,6bc047e9-8b5b-4d85-a364-b2d6e542e315
20260904045518,135,CallBackList Bronze Pipeline,nb_callback_src_to_brz,BHG-DATA-PLATFORM-CORE-DEV/2_Engineering/2_Transformation/Callback_Lists/nb_callback_src_to_brz,Salesforce,BR,DEV,2026-09-04T04:55:18.141Z,2026-09-04T04:59:05.659Z,SUCCESS,SCHEDULE,Fabric,4,4,0,0,0,1,2026-09-04T04:55:19.772Z,adf2b18f-e17c-4bcf-8911-7ab755997527
20260831034154,133,Azure SQL Alteryx-2 Silver,nb_azuresql_02_slv_to_slv,BHG-DATA-PLATFORM-CORE-DEV/2_Engineering/2_Transformation/Azuresql-02/nb_azuresql_02_slv_to_slv,Azure SQL,SL,DEV,2026-08-31T03:41:54.682Z,2026-08-31T03:55:36.181Z,FAILED,SCHEDULED,Fabric,10,7,1,0,0,1,2026-08-31T03:41:56.274Z,c3e41f3e-c233-4445-a786-d0d98a8613bd
20260831063255,136,CallBackList Silver Pipeline,nb_callback_brz_to_slv,BHG-DATA-PLATFORM-CORE-DEV/2_Engineering/2_Transformation/Callback_Lists/nb_callback_brz_to_slv,Salesforce,SL,DEV,2026-09-02T05:14:28.508Z,2026-09-02T05:16:12.412Z,SUCCESS,SCHEDULE,Fabric,1,1,0,0,1,5,2026-09-02T05:14:29.776Z,26b335d6-f11c-41b2-ae31-e73c17de8489
20260904072540,136,CallBackList Silver Pipeline,nb_callback_brz_to_slv,BHG-DATA-PLATFORM-CORE-DEV/2_Engineering/2_Transformation/Callback_Lists/nb_callback_brz_to_slv,Salesforce,SL,DEV,2026-09-04T07:25:40.462Z,2026-09-04T07:27:17.223Z,SUCCESS,SCHEDULE,Fabric,1,1,0,0,0,1,2026-09-04T07:25:42.060Z,722942c7-46ba-4f9d-905b-23ebf29af444
20260904085726,136,CallBackList Silver Pipeline,nb_callback_brz_to_slv,BHG-DATA-PLATFORM-CORE-DEV/2_Engineering/2_Transformation/Callback_Lists/nb_callback_brz_to_slv,Salesforce,SL,DEV,2026-09-04T10:21:49.010Z,2026-09-04T10:23:28.719Z,SUCCESS,SCHEDULE,Fabric,1,1,0,0,1,2,2026-09-04T10:21:50.342Z,ed8b9765-c547-4373-9ec0-3b2a53aee49e
20260831054430,135,CallBackList Bronze Pipeline,nb_callback_src_to_brz,BHG-DATA-PLATFORM-CORE-DEV/2_Engineering/2_Transformation/Callback_Lists/nb_callback_src_to_brz,Salesforce,BR,DEV,2026-08-31T05:44:30.093Z,2026-08-31T05:48:40.198Z,SUCCESS,SCHEDULE,Fabric,4,4,0,0,0,1,2026-08-31T05:44:32.459Z,6bc047e9-8b5b-4d85-a364-b2d6e542e315
20260831013215,135,CallBackList Bronze Pipeline,nb_callback_src_to_brz,BHG-DATA-PLATFORM-CORE-DEV/2_Engineering/2_Transformation/Callback_Lists/nb_callback_src_to_brz,Salesforce,BR,DEV,2026-08-31T01:32:15.485Z,2026-08-31T01:36:43.627Z,SUCCESS,SCHEDULE,Fabric,4,4,0,0,0,1,2026-08-31T01:32:17.084Z,61276f30-3167-4997-b3de-acb280a085cf
20260831015135,135,CallBackList Bronze Pipeline,nb_callback_src_to_brz,BHG-DATA-PLATFORM-CORE-DEV/2_Engineering/2_Transformation/Callback_Lists/nb_callback_src_to_brz,Salesforce,BR,DEV,2026-08-31T01:51:35.614Z,2026-08-31T01:55:35.748Z,SUCCESS,SCHEDULE,Fabric,4,4,0,0,0,1,2026-08-31T01:51:37.276Z,1114170a-bcf7-4d18-af4f-d9742f2fa1ce
20260904075911,135,CallBackList Bronze Pipeline,nb_callback_src_to_brz,BHG-DATA-PLATFORM-CORE-DEV/2_Engineering/2_Transformation/Callback_Lists/nb_callback_src_to_brz,Salesforce,BR,DEV,2026-09-04T07:59:11.134Z,2026-09-04T08:05:05.064Z,SUCCESS,SCHEDULE,Fabric,4,4,0,0,0,1,2026-09-04T07:59:13.050Z,0149d2e2-407e-43d2-9524-079a665d6c9a
20260830193506,136,CallBackList Silver Pipeline,nb_callback_brz_to_slv,BHG-DATA-PLATFORM-CORE-DEV/2_Engineering/2_Transformation/Callback_Lists/nb_callback_brz_to_slv,Salesforce,SL,DEV,2026-08-31T05:49:39.674Z,2026-08-31T05:50:18.757Z,SUCCESS,SCHEDULE,Fabric,1,0,0,1,1,5,2026-08-31T05:49:40.859Z,55e8470e-eef8-405f-913f-496e9257a972
20260904045958,136,CallBackList Silver Pipeline,nb_callback_brz_to_slv,BHG-DATA-PLATFORM-CORE-DEV/2_Engineering/2_Transformation/Callback_Lists/nb_callback_brz_to_slv,Salesforce,SL,DEV,2026-09-04T04:59:58.010Z,2026-09-04T05:01:29.209Z,SUCCESS,SCHEDULE,Fabric,1,1,0,0,0,1,2026-09-04T04:59:59.255Z,adf2b18f-e17c-4bcf-8911-7ab755997527
20260831060713,136,CallBackList Silver Pipeline,nb_callback_brz_to_slv,BHG-DATA-PLATFORM-CORE-DEV/2_Engineering/2_Transformation/Callback_Lists/nb_callback_brz_to_slv,Salesforce,SL,DEV,2026-08-31T06:07:13.086Z,2026-08-31T06:07:45.614Z,SUCCESS,SCHEDULE,Fabric,1,0,0,1,0,1,2026-08-31T06:07:14.415Z,0538d80f-65b9-49eb-8258-49cb5a77806b
20260903114054,133,Azure SQL Alteryx-2 Silver,nb_azuresql_02_slv_to_slv,BHG-DATA-PLATFORM-CORE-DEV/2_Engineering/2_Transformation/Azuresql-02/nb_azuresql_02_slv_to_slv,Azure SQL,SL,DEV,2026-09-03T11:40:54.029Z,2026-09-03T11:55:16.203Z,FAILED,SCHEDULED,Fabric,10,8,2,0,0,1,2026-09-03T11:40:55.929Z,1426a45f-7ba5-45f5-b808-280584111092
20260901202139,135,CallBackList Bronze Pipeline,nb_callback_src_to_brz,BHG-DATA-PLATFORM-CORE-DEV/2_Engineering/2_Transformation/Callback_Lists/nb_callback_src_to_brz,Salesforce,BR,DEV,2026-09-01T20:21:39.463Z,2026-09-01T20:25:54.762Z,SUCCESS,SCHEDULE,Fabric,4,4,0,0,0,1,2026-09-01T20:21:41.079Z,ab5acaf7-1ed7-4eac-85dd-5de9db0e1a11
20260831065039,135,CallBackList Bronze Pipeline,nb_callback_src_to_brz,BHG-DATA-PLATFORM-CORE-DEV/2_Engineering/2_Transformation/Callback_Lists/nb_callback_src_to_brz,Salesforce,BR,DEV,2026-08-31T06:50:39.910Z,2026-08-31T06:54:44.162Z,SUCCESS,SCHEDULE,Fabric,4,4,0,0,0,1,2026-08-31T06:50:41.790Z,4729d4a5-d6b5-4b39-bbc8-d700a19c5eac
20260830193043,135,CallBackList Bronze Pipeline,nb_callback_src_to_brz,BHG-DATA-PLATFORM-CORE-DEV/2_Engineering/2_Transformation/Callback_Lists/nb_callback_src_to_brz,Salesforce,BR,DEV,2026-08-30T19:30:43.242Z,2026-08-30T19:34:10.298Z,SUCCESS,SCHEDULE,Fabric,4,4,0,0,0,1,2026-08-30T19:30:44.803Z,e80a0bdf-4652-4e92-9468-284478a96962
20260831083741,133,Azure SQL Alteryx-2 Silver,nb_azuresql_02_slv_to_slv,BHG-DATA-PLATFORM-CORE-DEV/2_Engineering/2_Transformation/Azuresql-02/nb_azuresql_02_slv_to_slv,Azure SQL,SL,DEV,2026-08-31T08:37:41.602Z,2026-08-31T08:41:03.467Z,FAILED,SCHEDULED,Fabric,2,1,1,0,0,1,2026-08-31T08:37:43.563Z,37c02356-54c6-4ef5-9431-a8a2d170b0b0
20260831092127,134,Azure SQL Alteryx-2 Gold,nb_azuresql_02_slv_to_gld,BHG-DATA-PLATFORM-CORE-DEV/2_Engineering/2_Transformation/Azuresql-02/nb_azuresql_02_slv_to_gld,Azure SQL,GL,DEV,2026-09-02T08:49:14.025Z,2026-09-02T08:52:35.355Z,SUCCESS,SCHEDULED,Fabric,10,10,0,0,1,6,2026-09-02T08:49:15.455Z,a248cb53-4f30-44b6-ac15-5cdc6c387758
20260830193506,136,CallBackList Silver Pipeline,nb_callback_brz_to_slv,BHG-DATA-PLATFORM-CORE-DEV/2_Engineering/2_Transformation/Callback_Lists/nb_callback_brz_to_slv,Salesforce,SL,DEV,2026-08-31T01:56:44.294Z,2026-08-31T01:58:12.516Z,FAILED,SCHEDULE,Fabric,1,0,1,0,1,3,2026-08-31T01:56:45.513Z,1114170a-bcf7-4d18-af4f-d9742f2fa1ce
20260831055942,135,CallBackList Bronze Pipeline,nb_callback_src_to_brz,BHG-DATA-PLATFORM-CORE-DEV/2_Engineering/2_Transformation/Callback_Lists/nb_callback_src_to_brz,Salesforce,BR,DEV,2026-08-31T05:59:42.478Z,2026-08-31T06:06:13.996Z,FAILED,SCHEDULE,Fabric,4,3,1,0,0,1,2026-08-31T05:59:44.081Z,6bc047e9-8b5b-4d85-a364-b2d6e542e315
20260830193506,136,CallBackList Silver Pipeline,nb_callback_brz_to_slv,BHG-DATA-PLATFORM-CORE-DEV/2_Engineering/2_Transformation/Callback_Lists/nb_callback_brz_to_slv,Salesforce,SL,DEV,2026-08-31T04:03:28.911Z,2026-08-31T04:05:23.725Z,FAILED,SCHEDULE,Fabric,1,0,1,0,1,4,2026-08-31T04:03:30.069Z,6bc047e9-8b5b-4d85-a364-b2d6e542e315
20260830193506,136,CallBackList Silver Pipeline,nb_callback_brz_to_slv,BHG-DATA-PLATFORM-CORE-DEV/2_Engineering/2_Transformation/Callback_Lists/nb_callback_brz_to_slv,Salesforce,SL,DEV,2026-08-30T19:35:06.252Z,2026-08-30T19:36:26.047Z,FAILED,SCHEDULE,Fabric,1,0,1,0,0,1,2026-08-30T19:35:07.415Z,e80a0bdf-4652-4e92-9468-284478a96962
20260831063255,136,CallBackList Silver Pipeline,nb_callback_brz_to_slv,BHG-DATA-PLATFORM-CORE-DEV/2_Engineering/2_Transformation/Callback_Lists/nb_callback_brz_to_slv,Salesforce,SL,DEV,2026-08-31T06:55:48.743Z,2026-08-31T06:57:35.659Z,FAILED,SCHEDULE,Fabric,1,0,1,0,1,2,2026-08-31T06:55:50.051Z,4729d4a5-d6b5-4b39-bbc8-d700a19c5eac
20260831063255,136,CallBackList Silver Pipeline,nb_callback_brz_to_slv,BHG-DATA-PLATFORM-CORE-DEV/2_Engineering/2_Transformation/Callback_Lists/nb_callback_brz_to_slv,Salesforce,SL,DEV,2026-08-31T08:32:19.451Z,2026-08-31T08:33:51.643Z,FAILED,SCHEDULE,Fabric,1,0,1,0,1,3,2026-08-31T08:32:20.745Z,65e89789-39d8-4e46-be47-bcdfcc997be4
20260831063255,136,CallBackList Silver Pipeline,nb_callback_brz_to_slv,BHG-DATA-PLATFORM-CORE-DEV/2_Engineering/2_Transformation/Callback_Lists/nb_callback_brz_to_slv,Salesforce,SL,DEV,2026-08-31T06:32:55.030Z,2026-08-31T06:35:05.569Z,FAILED,SCHEDULE,Fabric,1,0,1,0,0,1,2026-08-31T06:32:56.315Z,a7cd751e-6e5d-4276-9b13-7268f73d8177
20260904085726,136,CallBackList Silver Pipeline,nb_callback_brz_to_slv,BHG-DATA-PLATFORM-CORE-DEV/2_Engineering/2_Transformation/Callback_Lists/nb_callback_brz_to_slv,Salesforce,SL,DEV,2026-09-04T08:57:26.522Z,2026-09-04T08:57:50.103Z,FAILED,SCHEDULE,Fabric,1,0,0,1,0,1,2026-09-04T08:57:28.070Z,7501b0da-7d11-4d30-821d-f187e882cb70
20260830193506,136,CallBackList Silver Pipeline,nb_callback_brz_to_slv,BHG-DATA-PLATFORM-CORE-DEV/2_Engineering/2_Transformation/Callback_Lists/nb_callback_brz_to_slv,Salesforce,SL,DEV,2026-08-31T01:37:56.153Z,2026-08-31T01:39:30.346Z,FAILED,SCHEDULE,Fabric,1,0,1,0,1,2,2026-08-31T01:37:57.266Z,61276f30-3167-4997-b3de-acb280a085cf
20260831063255,136,CallBackList Silver Pipeline,nb_callback_brz_to_slv,BHG-DATA-PLATFORM-CORE-DEV/2_Engineering/2_Transformation/Callback_Lists/nb_callback_brz_to_slv,Salesforce,SL,DEV,2026-09-01T20:26:57.593Z,2026-09-01T20:27:42.365Z,FAILED,SCHEDULE,Fabric,1,0,1,0,1,4,2026-09-01T20:26:58.844Z,ab5acaf7-1ed7-4eac-85dd-5de9db0e1a11
20260904085233,135,CallBackList Bronze Pipeline,nb_callback_src_to_brz,BHG-DATA-PLATFORM-CORE-DEV/2_Engineering/2_Transformation/Callback_Lists/nb_callback_src_to_brz,Salesforce,BR,DEV,2026-09-04T08:52:33.367Z,2026-09-04T08:56:26.378Z,FAILED,SCHEDULE,Fabric,4,2,2,0,0,1,2026-09-04T08:52:35.124Z,7501b0da-7d11-4d30-821d-f187e882cb70
20260831075339,134,Azure SQL Alteryx-2 Gold,nb_azuresql_02_slv_to_gld,BHG-DATA-PLATFORM-CORE-DEV/2_Engineering/2_Transformation/Azuresql-02/nb_azuresql_02_slv_to_gld,Azure SQL,GL,DEV,2026-08-31T08:41:56.469Z,2026-08-31T08:43:09.171Z,SUCCESS,SCHEDULED,Fabric,2,2,0,0,1,3,2026-08-31T08:42:09.589Z,37c02356-54c6-4ef5-9431-a8a2d170b0b0
20260903115613,134,Azure SQL Alteryx-2 Gold,nb_azuresql_02_slv_to_gld,BHG-DATA-PLATFORM-CORE-DEV/2_Engineering/2_Transformation/Azuresql-02/nb_azuresql_02_slv_to_gld,Azure SQL,GL,DEV,2026-09-03T11:56:13.840Z,2026-09-03T12:03:04.274Z,FAILED,SCHEDULED,Fabric,10,7,3,0,0,1,2026-09-03T11:56:15.184Z,1426a45f-7ba5-45f5-b808-280584111092
20260831061556,134,Azure SQL Alteryx-2 Gold,nb_azuresql_02_slv_to_gld,BHG-DATA-PLATFORM-CORE-DEV/2_Engineering/2_Transformation/Azuresql-02/nb_azuresql_02_slv_to_gld,Azure SQL,GL,DEV,2026-08-31T06:15:56.030Z,2026-08-31T06:23:25.471Z,FAILED,SCHEDULED,Fabric,10,6,4,0,0,1,2026-08-31T06:15:57.361Z,1de5cf99-6b82-4338-b3fe-396114f7957f
20260831092127,134,Azure SQL Alteryx-2 Gold,nb_azuresql_02_slv_to_gld,BHG-DATA-PLATFORM-CORE-DEV/2_Engineering/2_Transformation/Azuresql-02/nb_azuresql_02_slv_to_gld,Azure SQL,GL,DEV,2026-08-31T12:25:52.508Z,2026-08-31T12:33:58.997Z,FAILED,SCHEDULED,Fabric,10,9,1,0,1,5,2026-08-31T12:25:53.773Z,73ab084e-6be8-4233-a81c-8f049414a380
20260831035644,134,Azure SQL Alteryx-2 Gold,nb_azuresql_02_slv_to_gld,BHG-DATA-PLATFORM-CORE-DEV/2_Engineering/2_Transformation/Azuresql-02/nb_azuresql_02_slv_to_gld,Azure SQL,GL,DEV,2026-08-31T03:56:44.035Z,2026-08-31T04:07:10.849Z,FAILED,SCHEDULED,Fabric,10,7,3,0,0,1,2026-08-31T03:56:45.368Z,c3e41f3e-c233-4445-a786-d0d98a8613bd
20260831035644,134,Azure SQL Alteryx-2 Gold,nb_azuresql_02_slv_to_gld,BHG-DATA-PLATFORM-CORE-DEV/2_Engineering/2_Transformation/Azuresql-02/nb_azuresql_02_slv_to_gld,Azure SQL,GL,DEV,2026-08-31T05:30:00.191Z,2026-08-31T05:35:13.406Z,FAILED,SCHEDULED,Fabric,10,8,2,0,1,2,2026-08-31T05:30:01.399Z,648551aa-4be1-43d5-9996-5e68064cace6
20260831092127,134,Azure SQL Alteryx-2 Gold,nb_azuresql_02_slv_to_gld,BHG-DATA-PLATFORM-CORE-DEV/2_Engineering/2_Transformation/Azuresql-02/nb_azuresql_02_slv_to_gld,Azure SQL,GL,DEV,2026-08-31T09:21:27.215Z,2026-08-31T09:22:59.093Z,FAILED,SCHEDULED,Fabric,2,1,1,0,0,1,2026-08-31T09:21:28.839Z,7cf15fc7-3164-41db-9237-c95ff39a8c98
20260831075339,134,Azure SQL Alteryx-2 Gold,nb_azuresql_02_slv_to_gld,BHG-DATA-PLATFORM-CORE-DEV/2_Engineering/2_Transformation/Azuresql-02/nb_azuresql_02_slv_to_gld,Azure SQL,GL,DEV,2026-08-31T07:53:39.359Z,2026-08-31T07:54:43.111Z,FAILED,SCHEDULED,Fabric,2,1,1,0,0,1,2026-08-31T07:53:40.553Z,0b4961d6-2cb3-40f0-b779-fb7af0beef8c
20260831092127,134,Azure SQL Alteryx-2 Gold,nb_azuresql_02_slv_to_gld,BHG-DATA-PLATFORM-CORE-DEV/2_Engineering/2_Transformation/Azuresql-02/nb_azuresql_02_slv_to_gld,Azure SQL,GL,DEV,2026-08-31T10:30:46.599Z,2026-08-31T10:32:09.989Z,FAILED,SCHEDULED,Fabric,2,1,1,0,1,4,2026-08-31T10:30:47.895Z,c53fd170-5a06-4556-ac6d-ed783acaee0b
20260831092127,134,Azure SQL Alteryx-2 Gold,nb_azuresql_02_slv_to_gld,BHG-DATA-PLATFORM-CORE-DEV/2_Engineering/2_Transformation/Azuresql-02/nb_azuresql_02_slv_to_gld,Azure SQL,GL,DEV,2026-08-31T10:18:15.404Z,2026-08-31T10:19:03.558Z,FAILED,SCHEDULED,Fabric,2,1,1,0,1,3,2026-08-31T10:18:19.322Z,570ed360-6755-403a-934d-8def39d2304e
20260831092127,134,Azure SQL Alteryx-2 Gold,nb_azuresql_02_slv_to_gld,BHG-DATA-PLATFORM-CORE-DEV/2_Engineering/2_Transformation/Azuresql-02/nb_azuresql_02_slv_to_gld,Azure SQL,GL,DEV,2026-08-31T10:01:53.035Z,2026-08-31T10:02:50.285Z,FAILED,SCHEDULED,Fabric,2,1,1,0,1,2,2026-08-31T10:01:55.056Z,015058a2-4b17-4d2e-897e-f307d8a475b8
202609020507468034,119,SAMMS P1/P2 Assessments Silver,pl_p1p2_assessments,BHG-DATA-PLATFORM-CORE-DEV/2_Engineering/3_Orchestration/pl_p1p2_assessments,Bronze Lakehouse,SL,DEV,2026-09-02T05:07:30.436Z,2026-09-02T05:28:16.881Z,SUCCESS,SCHEDULE,Fabric,12,12,0,0,1,1,2026-09-02T05:07:30.436Z,2b09f1a0-2915-47dd-851e-cacf6613827d
202609021000293793,119,SAMMS P1/P2 Assessments Silver,pl_p1p2_assessments,BHG-DATA-PLATFORM-CORE-DEV/2_Engineering/3_Orchestration/pl_p1p2_assessments,Bronze Lakehouse,SL,DEV,2026-09-02T10:00:12.882Z,2026-09-02T10:21:19.611Z,SUCCESS,SCHEDULE,Fabric,12,12,0,0,1,1,2026-09-02T10:00:12.882Z,ebc2f5e5-b7e4-40cf-8b56-f009f5871937
202609021343788394,119,SAMMS P1/P2 Assessments Silver,pl_p1p2_assessments,BHG-DATA-PLATFORM-CORE-DEV/2_Engineering/3_Orchestration/pl_p1p2_assessments,Bronze Lakehouse,SL,DEV,2026-09-02T13:44:02.069Z,2026-09-02T14:05:51.379Z,SUCCESS,SCHEDULE,Fabric,12,12,0,0,1,1,2026-09-02T13:44:02.069Z,ab787989-353e-4d3f-8e29-103715871a85
202608310122245969,119,SAMMS P1/P2 Assessments Silver,pl_p1p2_assessments,BHG-DATA-PLATFORM-CORE-DEV/2_Engineering/3_Orchestration/pl_p1p2_assessments,Bronze Lakehouse,SL,DEV,2026-08-31T01:22:08.070Z,2026-08-31T01:41:52.967Z,SUCCESS,SCHEDULE,Fabric,12,12,0,0,1,1,2026-08-31T01:22:08.070Z,4b7273e0-0d54-485d-b4db-ed019a136434
202609021111516554,119,SAMMS P1/P2 Assessments Silver,pl_p1p2_assessments,BHG-DATA-PLATFORM-CORE-DEV/2_Engineering/3_Orchestration/pl_p1p2_assessments,Bronze Lakehouse,SL,DEV,2026-09-02T11:11:34.961Z,2026-09-02T11:30:33.303Z,SUCCESS,SCHEDULE,Fabric,12,12,0,0,1,1,2026-09-02T11:11:34.961Z,a7050713-a175-4eb1-950e-06e41274b859
20260902095739,127,OneDrive - Overdue Course Silver Pipeline,nb_overduecourses_brz_to_slv,/notebooks/nb_overduecourses_brz_to_slv,OneDrive - Overdue Course,SL,DEV,2026-09-02T11:38:29.739Z,2026-09-02T11:38:51.362Z,SUCCESS,SCHEDULE,Fabric,1,1,0,0,1,3,2026-09-02T11:38:29.739Z,3950b43b-427e-45ed-bc2d-f59ee8f737dd
20260902155256,105,Active Directory Gold Pipeline,nb_activedirectory_slv_to_gld,BHG-DATA-PLATFORM-CORE-DEV/2_Engineering/2_Transformation/ActiveDirectory/nb_activedirectory_slv_to_gld,Active Directory,GL,DEV,2026-09-02T15:52:56.668Z,,RUNNING,SCHEDULE,Fabric,2,0,0,0,0,1,2026-09-02T15:52:58.294Z,62b3125b-4331-48d0-95f8-3b91920ba498
20260902095617,126,OneDrive - Overdue Course Bronze Pipeline,nb_overduecourses_src_to_brz,/notebooks/nb_overduecourses_src_to_brz,OneDrive - Overdue Course,BR,DEV,2026-09-02T12:27:08.220Z,2026-09-02T12:28:23.881Z,SUCCESS,SCHEDULE,Fabric,1,1,0,0,1,5,2026-09-02T12:27:08.220Z,e58cdc23-1c07-48d5-825d-7c408c2e776b
20260903190517,126,OneDrive - Overdue Course Bronze Pipeline,nb_overduecourses_src_to_brz,/notebooks/nb_overduecourses_src_to_brz,OneDrive - Overdue Course,BR,DEV,2026-09-03T19:15:28.041Z,2026-09-03T19:16:11.151Z,SUCCESS,SCHEDULE,Fabric,1,1,0,0,1,2,2026-09-03T19:15:28.041Z,e43a8f33-1096-489d-9499-bf0c83753e23
20260902095617,126,OneDrive - Overdue Course Bronze Pipeline,nb_overduecourses_src_to_brz,/notebooks/nb_overduecourses_src_to_brz,OneDrive - Overdue Course,BR,DEV,2026-09-02T12:17:29.959Z,2026-09-02T12:18:59.075Z,SUCCESS,SCHEDULE,Fabric,1,1,0,0,1,4,2026-09-02T12:17:29.959Z,13697d4d-101f-4e29-bf2e-0e8fbc33643f
20260902095617,126,OneDrive - Overdue Course Bronze Pipeline,nb_overduecourses_src_to_brz,/notebooks/nb_overduecourses_src_to_brz,OneDrive - Overdue Course,BR,DEV,2026-09-02T11:37:01.346Z,2026-09-02T11:37:35.045Z,SUCCESS,SCHEDULE,Fabric,1,1,0,0,1,3,2026-09-02T11:37:01.346Z,3950b43b-427e-45ed-bc2d-f59ee8f737dd
20260902121950,127,OneDrive - Overdue Course Silver Pipeline,nb_overduecourses_brz_to_slv,/notebooks/nb_overduecourses_brz_to_slv,OneDrive - Overdue Course,SL,DEV,2026-09-02T12:29:49.580Z,2026-09-02T12:31:37.906Z,SUCCESS,SCHEDULE,Fabric,1,0,0,1,1,2,2026-09-02T12:29:49.580Z,e58cdc23-1c07-48d5-825d-7c408c2e776b
20260902101654,128,OneDrive - Overdue Course Gold Pipeline,nb_overduecourses_slv_to_gld,/notebooks/nb_overduecourses_slv_to_gld,OneDrive - Overdue Course,GL,DEV,2026-09-02T10:16:54.806Z,2026-09-02T10:16:54.806Z,SKIPPED,SCHEDULED,Fabric,1,0,0,1,0,1,2026-09-02T10:16:54.806Z,8a6f1e0c-6911-49b3-a6e2-a915b3060644
20260831100753,126,OneDrive - Overdue Course Bronze Pipeline,nb_overduecourses_src_to_brz,/notebooks/nb_overduecourses_src_to_brz,OneDrive - Overdue Course,BR,DEV,2026-08-31T10:20:01.179Z,2026-08-31T10:21:46.351Z,FAILED,SCHEDULE,Fabric,1,0,1,0,1,2,2026-08-31T10:20:01.179Z,958b6125-92d9-466f-b62e-adccd0a45f2f
20260902095739,127,OneDrive - Overdue Course Silver Pipeline,nb_overduecourses_brz_to_slv,/notebooks/nb_overduecourses_brz_to_slv,OneDrive - Overdue Course,SL,DEV,2026-09-02T09:57:39.313Z,2026-09-02T09:57:39.313Z,FAILED,SCHEDULE,Fabric,1,0,1,0,0,1,2026-09-02T09:57:39.313Z,46143f78-d0dd-4612-bc72-7509b4b9369c
20260831100753,126,OneDrive - Overdue Course Bronze Pipeline,nb_overduecourses_src_to_brz,/notebooks/nb_overduecourses_src_to_brz,OneDrive - Overdue Course,BR,DEV,2026-08-31T12:09:11.914Z,2026-08-31T12:10:34.154Z,FAILED,SCHEDULE,Fabric,1,0,1,0,1,5,2026-08-31T12:09:11.914Z,9e88df03-cf6e-4bca-99ec-d1d14ce06882
20260831100753,126,OneDrive - Overdue Course Bronze Pipeline,nb_overduecourses_src_to_brz,/notebooks/nb_overduecourses_src_to_brz,OneDrive - Overdue Course,BR,DEV,2026-08-31T10:07:53.335Z,2026-08-31T10:07:53.335Z,FAILED,SCHEDULE,Fabric,1,0,1,0,0,1,2026-08-31T10:07:53.335Z,100f0309-73a1-4956-97f9-8df20d738ec1
20260827092137,126,OneDrive - Overdue Course Bronze Pipeline,nb_overduecourses_src_to_brz,/notebooks/nb_overduecourses_src_to_brz,OneDrive - Overdue Course,BR,DEV,2026-08-28T10:38:25.785Z,2026-08-28T10:39:08.701Z,FAILED,SCHEDULE,Fabric,1,0,1,0,1,5,2026-08-28T10:38:25.785Z,54aa582f-2f43-4019-9729-3a01b4577fa8
20260831100753,126,OneDrive - Overdue Course Bronze Pipeline,nb_overduecourses_src_to_brz,/notebooks/nb_overduecourses_src_to_brz,OneDrive - Overdue Course,BR,DEV,2026-09-02T09:18:50.392Z,2026-09-02T09:19:29.385Z,FAILED,SCHEDULE,Fabric,1,0,1,0,1,7,2026-09-02T09:18:50.392Z,cbe17ebc-0399-4c51-9c1c-1142c87cb2d5
20260902093847,127,OneDrive - Overdue Course Silver Pipeline,nb_overduecourses_brz_to_slv,/notebooks/nb_overduecourses_brz_to_slv,OneDrive - Overdue Course,SL,DEV,2026-09-02T09:38:47.253Z,2026-09-02T09:38:47.253Z,FAILED,SCHEDULE,Fabric,1,0,1,0,0,1,2026-09-02T09:38:47.253Z,d2f0a918-4c32-4516-a936-7d0dfd6fe16f
20260831100753,126,OneDrive - Overdue Course Bronze Pipeline,nb_overduecourses_src_to_brz,/notebooks/nb_overduecourses_src_to_brz,OneDrive - Overdue Course,BR,DEV,2026-08-31T10:33:10.592Z,2026-08-31T10:35:10.572Z,FAILED,SCHEDULE,Fabric,1,0,1,0,1,3,2026-08-31T10:33:10.592Z,2477d503-ddda-4111-86e7-53d30d1b8245
20260831100753,126,OneDrive - Overdue Course Bronze Pipeline,nb_overduecourses_src_to_brz,/notebooks/nb_overduecourses_src_to_brz,OneDrive - Overdue Course,BR,DEV,2026-08-31T11:03:08.434Z,2026-08-31T11:04:08.781Z,FAILED,SCHEDULE,Fabric,1,0,1,0,1,4,2026-08-31T11:03:08.434Z,da1109ab-23fa-4fb3-ba31-a35e7ed47d48
20260831100753,126,OneDrive - Overdue Course Bronze Pipeline,nb_overduecourses_src_to_brz,/notebooks/nb_overduecourses_src_to_brz,OneDrive - Overdue Course,BR,DEV,2026-09-01T08:23:20.034Z,2026-09-01T08:24:09.724Z,FAILED,SCHEDULE,Fabric,1,0,1,0,1,6,2026-09-01T08:23:20.034Z,c46c9804-c079-4a92-bf2d-233a26f7d129
20260903191909,128,OneDrive - Overdue Course Gold Pipeline,nb_overduecourses_slv_to_gld,/notebooks/nb_overduecourses_slv_to_gld,OneDrive - Overdue Course,GL,DEV,2026-09-03T19:19:09.440Z,2026-09-03T19:20:11.409Z,SUCCESS,SCHEDULE,Fabric,1,1,0,0,0,1,2026-09-03T19:19:09.440Z,e43a8f33-1096-489d-9499-bf0c83753e23
20260902103545,128,OneDrive - Overdue Course Gold Pipeline,nb_overduecourses_slv_to_gld,/notebooks/nb_overduecourses_slv_to_gld,OneDrive - Overdue Course,GL,DEV,2026-09-02T11:40:16.402Z,2026-09-02T11:41:12.189Z,SUCCESS,SCHEDULE,Fabric,1,1,0,0,1,2,2026-09-02T11:40:16.402Z,3950b43b-427e-45ed-bc2d-f59ee8f737dd
20260902103545,128,OneDrive - Overdue Course Gold Pipeline,nb_overduecourses_slv_to_gld,/notebooks/nb_overduecourses_slv_to_gld,OneDrive - Overdue Course,GL,DEV,2026-09-02T12:32:28.634Z,2026-09-02T12:33:19.036Z,SUCCESS,SCHEDULE,Fabric,1,0,0,1,1,3,2026-09-02T12:32:28.634Z,e58cdc23-1c07-48d5-825d-7c408c2e776b
20260902103408,128,OneDrive - Overdue Course Gold Pipeline,nb_overduecourses_slv_to_gld,/notebooks/nb_overduecourses_slv_to_gld,OneDrive - Overdue Course,GL,DEV,2026-09-02T10:34:08.241Z,2026-09-02T10:34:57.883Z,SUCCESS,SCHEDULE,Fabric,1,1,0,0,0,1,2026-09-02T10:34:08.241Z,fae6f27e-61f7-4550-97cb-ae854acd3594
20260903193334,128,OneDrive - Overdue Course Gold Pipeline,nb_overduecourses_slv_to_gld,/notebooks/nb_overduecourses_slv_to_gld,OneDrive - Overdue Course,GL,DEV,2026-09-03T19:33:34.366Z,2026-09-03T19:34:22.875Z,SUCCESS,SCHEDULE,Fabric,1,1,0,0,0,1,2026-09-03T19:33:34.366Z,a5570b6d-ab4f-492f-a0f3-019ba8a0989c
20260903182417,128,OneDrive - Overdue Course Gold Pipeline,nb_overduecourses_slv_to_gld,/notebooks/nb_overduecourses_slv_to_gld,OneDrive - Overdue Course,GL,DEV,2026-09-03T18:24:17.061Z,2026-09-03T18:25:18.176Z,SUCCESS,SCHEDULE,Fabric,1,1,0,0,1,9,2026-09-03T18:24:17.061Z,5360e0f0-1b6e-453c-963d-303c626d47b0
20260902101749,128,OneDrive - Overdue Course Gold Pipeline,nb_overduecourses_slv_to_gld,/notebooks/nb_overduecourses_slv_to_gld,OneDrive - Overdue Course,GL,DEV,2026-09-02T10:17:49.326Z,2026-09-02T10:17:49.326Z,FAILED,SCHEDULE,Fabric,1,0,1,0,0,1,2026-09-02T10:17:49.326Z,8a6f1e0c-6911-49b3-a6e2-a915b3060644
20260902103545,128,OneDrive - Overdue Course Gold Pipeline,nb_overduecourses_slv_to_gld,/notebooks/nb_overduecourses_slv_to_gld,OneDrive - Overdue Course,GL,DEV,2026-09-02T10:35:45.706Z,2026-09-02T10:35:45.706Z,FAILED,SCHEDULE,Fabric,1,0,1,0,0,1,2026-09-02T10:35:45.706Z,fae6f27e-61f7-4550-97cb-ae854acd3594
20260831075339,134,Azure SQL Alteryx-2 Gold,nb_azuresql_02_slv_to_gld,BHG-DATA-PLATFORM-CORE-DEV/2_Engineering/2_Transformation/Azuresql-02/nb_azuresql_02_slv_to_gld,Azure SQL,GL,DEV,2026-08-31T08:17:51.156Z,2026-08-31T08:19:13.689Z,FAILED,SCHEDULED,Fabric,2,1,1,0,1,2,2026-08-31T08:18:04.659Z,afgs51-ases-aqm-09-sf21
20260903135142,122,OffWeek Counseling Gold Pipeline,nb_offweekcounseling_slv_to_gld123,/notebooks/nb_offweekcounseling_slv_to_gld123,OffWeek Counseling,GL,DEV,2026-09-03T13:51:42.967Z,2026-09-03T13:52:48.351Z,FAILED,SCHEDULED,Fabric,1,0,1,0,0,1,2026-09-03T13:51:42.967Z,139f1961-be70-4847-a8fc-297093dde165
20260907031553,122,OffWeek Counseling Gold Pipeline,nb_offweekcounseling_slv_to_gld123,/notebooks/nb_offweekcounseling_slv_to_gld123,OffWeek Counseling,GL,DEV,2026-09-07T03:15:53.567Z,2026-09-07T03:15:53.567Z,FAILED,SCHEDULE,Fabric,1,0,1,0,0,1,2026-09-07T03:15:53.567Z,32ebc41d-1616-4d5e-aeab-1fc3f7fe7d06
20260902095617,126,OneDrive - Overdue Course Bronze Pipeline,nb_overduecourses_brz_to_,/notebooks/nb_overduecourses_brz_to_,OneDrive - Overdue Course,BR,DEV,2026-09-02T09:56:17.321Z,2026-09-02T09:57:09.445Z,FAILED,SCHEDULED,Fabric,1,0,1,0,0,1,2026-09-02T09:56:17.321Z,46143f78-d0dd-4612-bc72-7509b4b9369c
20260828105004,126,OneDrive - Overdue Course Bronze Pipeline,nb_overduecourses_src_to_,/notebooks/nb_overduecourses_src_to_,OneDrive - Overdue Course,BR,DEV,2026-08-28T10:50:04.808Z,2026-08-28T10:51:16.219Z,FAILED,SCHEDULED,Fabric,1,0,1,0,0,1,2026-08-28T10:50:04.808Z,694aba88-1852-432a-b884-1fbed1da6953
20260902093644,126,OneDrive - Overdue Course Bronze Pipeline,nb_overduecourses_brz_to_,/notebooks/nb_overduecourses_brz_to_,OneDrive - Overdue Course,BR,DEV,2026-09-02T09:36:44.442Z,2026-09-02T09:38:10.600Z,FAILED,SCHEDULED,Fabric,1,0,1,0,0,1,2026-09-02T09:36:44.442Z,d2f0a918-4c32-4516-a936-7d0dfd6fe16f
20260903190517,127,OneDrive - Overdue Course Silver Pipeline,nb_overduecourses_brz_to_,/notebooks/nb_overduecourses_brz_to_,OneDrive - Overdue Course,SL,DEV,2026-09-03T19:05:17.057Z,2026-09-03T19:05:17.057Z,FAILED,SCHEDULE,Fabric,1,0,1,0,0,1,2026-09-03T19:05:17.057Z,94765793-67d3-4a98-afae-52065647e781
20260903181050,127,OneDrive - Overdue Course Silver Pipeline,nb_overduecourses_brz_to_,/notebooks/nb_overduecourses_brz_to_,OneDrive - Overdue Course,SL,DEV,2026-09-03T18:10:50.946Z,2026-09-03T18:10:50.946Z,FAILED,SCHEDULE,Fabric,1,0,1,0,0,1,2026-09-03T18:10:50.946Z,574a4698-b70b-461e-850c-a34d8f152509
20260902121950,127,OneDrive - Overdue Course Silver Pipeline,nb_overduecourses_brz_to_,/notebooks/nb_overduecourses_brz_to_,OneDrive - Overdue Course,SL,DEV,2026-09-02T12:19:50.649Z,2026-09-02T12:19:50.649Z,FAILED,SCHEDULE,Fabric,1,0,1,0,0,1,2026-09-02T12:19:50.649Z,13697d4d-101f-4e29-bf2e-0e8fbc33643f
20260830071538,131,AzureSQL4 Workflows Silver Pipeline,nb_azuresql_04_slv_to_slv,BHG-DATA-PLATFORM-CORE-DEV/2_Engineering/2_Transformation/AzureSQL4/nb_azuresql_04_slv_to_slv,AzureSQL4 Workflows,SL,DEV,2026-08-30T07:15:38.452Z,2026-08-30T07:15:38.452Z,FAILED,SCHEDULED,Fabric,12,0,1,0,0,1,2026-08-30T07:15:38.452Z,""
20260830064606,131,AzureSQL4 Workflows Silver Pipeline,nb_azuresql_04_slv_to_slv,BHG-DATA-PLATFORM-CORE-DEV/2_Engineering/2_Transformation/AzureSQL4/nb_azuresql_04_slv_to_slv,AzureSQL4 Workflows,SL,DEV,2026-08-30T06:46:06.543Z,2026-08-30T06:46:06.543Z,FAILED,SCHEDULED,Fabric,12,0,1,0,0,1,2026-08-30T06:46:06.543Z,""
20260830082705,131,AzureSQL4 Workflows Silver Pipeline,nb_azuresql_04_slv_to_slv,BHG-DATA-PLATFORM-CORE-DEV/2_Engineering/2_Transformation/AzureSQL4/nb_azuresql_04_slv_to_slv,AzureSQL4 Workflows,SL,DEV,2026-08-30T08:27:05.594Z,2026-08-30T08:27:05.594Z,FAILED,SCHEDULED,Fabric,12,0,1,0,0,1,2026-08-30T08:27:05.594Z,""
20260830094810,131,AzureSQL4 Workflows Silver Pipeline,nb_azuresql_04_slv_to_slv,BHG-DATA-PLATFORM-CORE-DEV/2_Engineering/2_Transformation/AzureSQL4/nb_azuresql_04_slv_to_slv,AzureSQL4 Workflows,SL,DEV,2026-08-30T09:48:10.828Z,2026-08-30T09:48:10.828Z,FAILED,SCHEDULED,Fabric,12,0,1,0,0,1,2026-08-30T09:48:10.828Z,""
20260830093841,131,AzureSQL4 Workflows Silver Pipeline,nb_azuresql_04_slv_to_slv,BHG-DATA-PLATFORM-CORE-DEV/2_Engineering/2_Transformation/AzureSQL4/nb_azuresql_04_slv_to_slv,AzureSQL4 Workflows,SL,DEV,2026-08-30T09:38:41.952Z,2026-08-30T09:38:41.952Z,FAILED,SCHEDULED,Fabric,12,0,1,0,0,1,2026-08-30T09:38:41.952Z,""
20260831072835,131,AzureSQL4 Workflows Silver Pipeline,nb_azuresql_04_slv_to_slv,BHG-DATA-PLATFORM-CORE-DEV/2_Engineering/2_Transformation/AzureSQL4/nb_azuresql_04_slv_to_slv,AzureSQL4 Workflows,SL,DEV,2026-08-31T07:28:35.584Z,2026-08-31T07:28:35.584Z,FAILED,SCHEDULED,Fabric,12,0,1,0,0,1,2026-08-31T07:28:35.584Z,""
20260907031553,121,OffWeek Counseling Silver Pipeline,nb_offweekcounseling_slv_to_slv,/notebooks/nb_offweekcounseling_slv_to_slv,OffWeek Counseling,SL,DEV,2026-09-07T03:34:19.862Z,2026-09-07T03:34:49.220Z,SUCCESS,SCHEDULE,Fabric,1,1,0,0,1,2,2026-09-07T03:34:19.862Z,081a3b58-0ae5-4e8b-91b1-828f1c3ba344
20260903170732,121,OffWeek Counseling Silver Pipeline,nb_offweekcounseling_slv_to_slv,/notebooks/nb_offweekcounseling_slv_to_slv,OffWeek Counseling,SL,DEV,2026-09-03T17:12:51.343Z,2026-09-03T17:13:29.611Z,SUCCESS,SCHEDULE,Fabric,1,1,0,0,1,2,2026-09-03T17:12:51.343Z,4d4a03e4-da5a-401c-8fce-6475310fb5c0
20260903151658,121,OffWeek Counseling Silver Pipeline,nb_offweekcounseling_slv_to_slv,/notebooks/nb_offweekcounseling_slv_to_slv,OffWeek Counseling,SL,DEV,2026-09-03T16:02:06.635Z,2026-09-03T16:02:47.213Z,SUCCESS,SCHEDULE,Fabric,1,1,0,0,1,3,2026-09-03T16:02:06.635Z,51d644ea-ed4f-4996-a685-f88279c7f2f7
20260903151658,121,OffWeek Counseling Silver Pipeline,nb_offweekcounseling_slv_to_slv,/notebooks/nb_offweekcounseling_slv_to_slv,OffWeek Counseling,SL,DEV,2026-09-03T16:11:54.485Z,2026-09-03T16:12:42.573Z,SUCCESS,SCHEDULE,Fabric,1,1,0,0,1,4,2026-09-03T16:11:54.485Z,1336837b-3577-426d-8d00-b94646f47105
202609021343688394,118,SAMMS P1/P2 Assessments Bronze,pl_p1p2_assessments,BHG-DATA-PLATFORM-CORE-DEV/2_Engineering/3_Orchestration/pl_p1p2_assessments,SAMMS,BR,DEV,2026-09-02T13:44:02.069Z,2026-09-02T14:04:04.430Z,SUCCESS,SCHEDULE,Fabric,24,24,0,0,1,1,2026-09-02T13:44:02.069Z,ab787989-353e-4d3f-8e29-103715871a85
202609020507368034,118,SAMMS P1/P2 Assessments Bronze,pl_p1p2_assessments,BHG-DATA-PLATFORM-CORE-DEV/2_Engineering/3_Orchestration/pl_p1p2_assessments,SAMMS,BR,DEV,2026-09-02T05:07:30.436Z,2026-09-02T05:26:59.760Z,SUCCESS,SCHEDULE,Fabric,24,24,0,0,1,1,2026-09-02T05:07:30.436Z,2b09f1a0-2915-47dd-851e-cacf6613827d
202609021111416554,118,SAMMS P1/P2 Assessments Bronze,pl_p1p2_assessments,BHG-DATA-PLATFORM-CORE-DEV/2_Engineering/3_Orchestration/pl_p1p2_assessments,SAMMS,BR,DEV,2026-09-02T11:11:34.961Z,2026-09-02T11:29:26.501Z,SUCCESS,SCHEDULE,Fabric,24,24,0,0,1,1,2026-09-02T11:11:34.961Z,a7050713-a175-4eb1-950e-06e41274b859
202608310122145969,118,SAMMS P1/P2 Assessments Bronze,pl_p1p2_assessments,BHG-DATA-PLATFORM-CORE-DEV/2_Engineering/3_Orchestration/pl_p1p2_assessments,SAMMS,BR,DEV,2026-08-31T01:22:08.070Z,2026-08-31T01:40:23.745Z,SUCCESS,SCHEDULE,Fabric,24,24,0,0,1,1,2026-08-31T01:22:08.070Z,4b7273e0-0d54-485d-b4db-ed019a136434
202609021000193793,118,SAMMS P1/P2 Assessments Bronze,pl_p1p2_assessments,BHG-DATA-PLATFORM-CORE-DEV/2_Engineering/3_Orchestration/pl_p1p2_assessments,SAMMS,BR,DEV,2026-09-02T10:00:12.882Z,2026-09-02T10:19:13.929Z,SUCCESS,SCHEDULE,Fabric,24,24,0,0,1,1,2026-09-02T10:00:12.882Z,ebc2f5e5-b7e4-40cf-8b56-f009f5871937
20260831062635,122,OffWeek Counseling Gold Pipeline,nb_offweekcounseling_slv_to_gld,/notebooks/nb_offweekcounseling_slv_to_gld,OffWeek Counseling,GL,DEV,2026-08-31T06:26:35.799Z,2026-08-31T06:26:35.799Z,SKIPPED,SCHEDULED,Fabric,1,0,0,1,0,1,2026-08-31T06:26:35.799Z,37c5b12d-f877-4498-bf21-95491b7fdee7
20260831071200,122,OffWeek Counseling Gold Pipeline,nb_offweekcounseling_slv_to_gld,/notebooks/nb_offweekcounseling_slv_to_gld,OffWeek Counseling,GL,DEV,2026-08-31T07:12:00.253Z,2026-08-31T07:12:00.253Z,SKIPPED,SCHEDULED,Fabric,1,0,0,1,0,1,2026-08-31T07:12:00.253Z,c109bed6-61e8-4611-8aec-6c6c13a8385b
20260828072135,121,OffWeek Counseling Silver Pipeline,nb_offweekcounseling_slv_to_slv,/notebooks/nb_offweekcounseling_slv_to_slv,OffWeek Counseling,SL,DEV,2026-08-31T03:12:30.182Z,2026-08-31T03:14:01.751Z,FAILED,SCHEDULE,Fabric,1,0,1,0,1,2,2026-08-31T03:12:30.182Z,5f9aa4d3-2b3e-45be-9758-c21d6e7598ee
20260901070304,131,AzureSQL4 Workflows Silver Pipeline,nb_azuresql_04_slv_to_slv,BHG-DATA-PLATFORM-CORE-DEV/2_Engineering/2_Transformation/AzureSQL4/nb_azuresql4_slv_to_slv,AzureSQL4 Workflows,SL,DEV,2026-09-01T07:03:04.239Z,2026-09-01T07:03:04.239Z,FAILED,SCHEDULED,Fabric,12,0,1,0,0,1,2026-09-01T07:03:04.239Z,""
20260901084542,131,AzureSQL4 Workflows Silver Pipeline,nb_azuresql_04_slv_to_slv,BHG-DATA-PLATFORM-CORE-DEV/2_Engineering/2_Transformation/AzureSQL4/nb_azuresql4_slv_to_slv,AzureSQL4 Workflows,SL,DEV,2026-09-01T08:45:42.754Z,2026-09-01T08:45:42.754Z,FAILED,SCHEDULED,Fabric,12,0,1,0,0,1,2026-09-01T08:45:42.754Z,""
20260903154234,122,OffWeek Counseling Gold Pipeline,nb_offweekcounseling_slv_to_gld,/notebooks/nb_offweekcounseling_slv_to_gld,OffWeek Counseling,GL,DEV,2026-09-03T16:04:08.344Z,2026-09-03T16:05:18.044Z,SUCCESS,SCHEDULE,Fabric,1,1,0,0,1,2,2026-09-03T16:04:08.344Z,51d644ea-ed4f-4996-a685-f88279c7f2f7
20260903154234,122,OffWeek Counseling Gold Pipeline,nb_offweekcounseling_slv_to_gld,/notebooks/nb_offweekcounseling_slv_to_gld,OffWeek Counseling,GL,DEV,2026-09-03T16:13:35.099Z,2026-09-03T16:14:43.284Z,SUCCESS,SCHEDULE,Fabric,1,1,0,0,1,3,2026-09-03T16:13:35.099Z,1336837b-3577-426d-8d00-b94646f47105
20260903163937,122,OffWeek Counseling Gold Pipeline,nb_offweekcounseling_slv_to_gld,/notebooks/nb_offweekcounseling_slv_to_gld,OffWeek Counseling,GL,DEV,2026-09-03T16:51:55.492Z,2026-09-03T16:52:42.420Z,SUCCESS,SCHEDULE,Fabric,1,1,0,0,1,2,2026-09-03T16:51:55.492Z,924c339f-a40c-4fa0-9746-4d59d8146524
20260907034713,122,OffWeek Counseling Gold Pipeline,nb_offweekcounseling_slv_to_gld,/notebooks/nb_offweekcounseling_slv_to_gld,OffWeek Counseling,GL,DEV,2026-09-07T03:47:13.987Z,2026-09-07T03:47:54.085Z,SUCCESS,SCHEDULE,Fabric,1,1,0,0,0,1,2026-09-07T03:47:13.987Z,5d2076cb-9eed-4560-8c54-92c47621dd72
20260903063515,122,OffWeek Counseling Gold Pipeline,nb_offweekcounseling_slv_to_gld,/notebooks/nb_offweekcounseling_slv_to_gld,OffWeek Counseling,GL,DEV,2026-09-03T06:57:36.126Z,2026-09-03T06:58:32.744Z,SUCCESS,SCHEDULE,Fabric,1,1,0,0,1,2,2026-09-03T06:57:36.126Z,99698447-e02c-478c-bc1e-40fdc49c170e
20260903135142,122,OffWeek Counseling Gold Pipeline,nb_offweekcounseling_slv_to_gld,/notebooks/nb_offweekcounseling_slv_to_gld,OffWeek Counseling,GL,DEV,2026-09-03T14:06:42.535Z,2026-09-03T14:07:57.709Z,SUCCESS,SCHEDULE,Fabric,1,1,0,0,1,2,2026-09-03T14:06:42.535Z,93171e05-6d5e-4b1a-8640-e486f2cee83d
20260907031553,122,OffWeek Counseling Gold Pipeline,nb_offweekcounseling_slv_to_gld,/notebooks/nb_offweekcounseling_slv_to_gld,OffWeek Counseling,GL,DEV,2026-09-07T03:35:27.397Z,2026-09-07T03:36:50.040Z,SUCCESS,SCHEDULE,Fabric,1,1,0,0,1,3,2026-09-07T03:35:27.397Z,081a3b58-0ae5-4e8b-91b1-828f1c3ba344
20260903132531,122,OffWeek Counseling Gold Pipeline,nb_offweekcounseling_slv_to_gld,/notebooks/nb_offweekcounseling_slv_to_gld,OffWeek Counseling,GL,DEV,2026-09-03T13:25:31.529Z,2026-09-03T13:26:33.751Z,SUCCESS,SCHEDULE,Fabric,1,1,0,0,0,1,2026-09-03T13:25:31.529Z,8354fe9a-a940-4119-ab8e-6c094f3224d7
20260903170732,122,OffWeek Counseling Gold Pipeline,nb_offweekcounseling_slv_to_gld,/notebooks/nb_offweekcounseling_slv_to_gld,OffWeek Counseling,GL,DEV,2026-09-03T17:14:44.395Z,2026-09-03T17:15:48.947Z,SUCCESS,SCHEDULE,Fabric,1,1,0,0,1,3,2026-09-03T17:14:44.395Z,4d4a03e4-da5a-401c-8fce-6475310fb5c0
20260903060947,122,OffWeek Counseling Gold Pipeline,nb_offweekcounseling_slv_to_gld,/notebooks/nb_offweekcounseling_slv_to_gld,OffWeek Counseling,GL,DEV,2026-09-03T06:34:00.178Z,2026-09-03T06:34:43.538Z,SUCCESS,SCHEDULE,Fabric,1,1,0,0,1,2,2026-09-03T06:34:00.178Z,f96f5b99-9d68-4178-8a83-78819af29a92
20260903172600,122,OffWeek Counseling Gold Pipeline,nb_offweekcounseling_slv_to_gld,/notebooks/nb_offweekcounseling_slv_to_gld,OffWeek Counseling,GL,DEV,2026-09-03T17:26:00.140Z,2026-09-03T17:26:47.545Z,SUCCESS,SCHEDULE,Fabric,1,1,0,0,0,1,2026-09-03T17:26:00.140Z,5a9c4813-8a98-491b-8ba0-773490315d42
20260903065909,122,OffWeek Counseling Gold Pipeline,nb_offweekcounseling_slv_to_gld,/notebooks/nb_offweekcounseling_slv_to_gld,OffWeek Counseling,GL,DEV,2026-09-03T10:01:59.197Z,2026-09-03T10:02:53.944Z,SUCCESS,SCHEDULE,Fabric,1,1,0,0,1,2,2026-09-03T10:01:59.197Z,c635a2b4-fd80-403f-957d-852c27b3649e
20260903065909,122,OffWeek Counseling Gold Pipeline,nb_offweekcounseling_slv_to_gld,/notebooks/nb_offweekcounseling_slv_to_gld,OffWeek Counseling,GL,DEV,2026-09-03T06:59:09.754Z,2026-09-03T06:59:09.754Z,FAILED,SCHEDULE,Fabric,1,0,1,0,0,1,2026-09-03T06:59:09.754Z,99698447-e02c-478c-bc1e-40fdc49c170e
20260903063515,122,OffWeek Counseling Gold Pipeline,nb_offweekcounseling_slv_to_gld,/notebooks/nb_offweekcounseling_slv_to_gld,OffWeek Counseling,GL,DEV,2026-09-03T06:35:15.126Z,2026-09-03T06:35:15.126Z,FAILED,SCHEDULE,Fabric,1,0,1,0,0,1,2026-09-03T06:35:15.126Z,f96f5b99-9d68-4178-8a83-78819af29a92
20260903060947,122,OffWeek Counseling Gold Pipeline,nb_offweekcounseling_slv_to_gld,/notebooks/nb_offweekcounseling_slv_to_gld,OffWeek Counseling,GL,DEV,2026-09-03T06:09:47.577Z,2026-09-03T06:10:35.620Z,FAILED,SCHEDULE,Fabric,1,0,1,0,0,1,2026-09-03T06:09:47.577Z,11b0f007-ed6d-4ee6-9a5c-040380b29931
20260831071301,122,OffWeek Counseling Gold Pipeline,nb_offweekcounseling_slv_to_gld,/notebooks/nb_offweekcounseling_slv_to_gld,OffWeek Counseling,GL,DEV,2026-08-31T07:13:01.507Z,2026-08-31T07:13:01.507Z,FAILED,SCHEDULE,Fabric,1,0,1,0,0,1,2026-08-31T07:13:01.507Z,c109bed6-61e8-4611-8aec-6c6c13a8385b
20260903151751,122,OffWeek Counseling Gold Pipeline,nb_offweekcounseling_slv_to_gld,/notebooks/nb_offweekcounseling_slv_to_gld,OffWeek Counseling,GL,DEV,2026-09-03T15:17:51.792Z,2026-09-03T15:17:51.792Z,FAILED,SCHEDULE,Fabric,1,0,1,0,0,1,2026-09-03T15:17:51.792Z,e922c4e4-ba62-4f6d-9b8c-63d0b5108629
20260903144041,122,OffWeek Counseling Gold Pipeline,nb_offweekcounseling_slv_to_gld,/notebooks/nb_offweekcounseling_slv_to_gld,OffWeek Counseling,GL,DEV,2026-09-03T14:40:41.975Z,2026-09-03T14:40:41.975Z,FAILED,SCHEDULE,Fabric,1,0,1,0,0,1,2026-09-03T14:40:41.975Z,f15cb285-b6b1-4860-8783-c75a284b7e30
20260903065526,142,Azure SQL Alteryx-03 Silver,nb_azuresql_03_slv_to_slv,BHG-DATA-PLATFORM-CORE-DEV/2_Engineering/2_Transformation/Azuresql_03/nb_azuresql_03_slv_to_slv,Silver Lakehouse,SL,DEV,2026-09-03T06:55:26.852Z,,RUNNING,SCHEDULED,Fabric,1,0,0,0,0,1,2026-09-03T06:55:28.223Z,f61fb4c5-0d31-4954-8aac-d0c2d48f9dc90
20260907051232,142,Azure SQL Alteryx-03 Silver,nb_azuresql_03_slv_to_slv,BHG-DATA-PLATFORM-CORE-DEV/2_Engineering/2_Transformation/Azuresql_03/nb_azuresql_03_slv_to_slv,Silver Lakehouse,SL,DEV,2026-09-07T06:16:51.391Z,,RUNNING,SCHEDULED,Fabric,1,0,0,0,1,3,2026-09-07T06:16:53.277Z,f61fb4c5-0d31-4954-8aac-d0c2d48f9dc90
20260907035913,142,Azure SQL Alteryx-03 Silver,nb_azuresql_03_slv_to_slv,BHG-DATA-PLATFORM-CORE-DEV/2_Engineering/2_Transformation/Azuresql_03/nb_azuresql_03_slv_to_slv,Silver Lakehouse,SL,DEV,2026-09-07T03:59:13.474Z,,RUNNING,SCHEDULED,Fabric,1,0,0,0,0,1,2026-09-07T03:59:14.887Z,f61fb4c5-0d31-4954-8aac-d0c2d48f9dc90
20260907034559,142,Azure SQL Alteryx-03 Silver,nb_azuresql_03_slv_to_slv,BHG-DATA-PLATFORM-CORE-DEV/2_Engineering/2_Transformation/Azuresql_03/nb_azuresql_03_slv_to_slv,Silver Lakehouse,SL,DEV,2026-09-07T03:53:33.878Z,,RUNNING,SCHEDULED,Fabric,1,0,0,0,1,3,2026-09-07T03:53:35.106Z,f61fb4c5-0d31-4954-8aac-d0c2d48f9dc90
20260907111327,142,Azure SQL Alteryx-03 Silver,nb_azuresql_03_slv_to_slv,BHG-DATA-PLATFORM-CORE-DEV/2_Engineering/2_Transformation/Azuresql_03/nb_azuresql_03_slv_to_slv,Silver Lakehouse,SL,DEV,2026-09-07T11:13:27.827Z,,RUNNING,SCHEDULED,Fabric,1,0,0,0,0,1,2026-09-07T11:13:29.438Z,f61fb4c5-0d31-4954-8aac-d0c2d48f9dc90
20260903105048,142,Azure SQL Alteryx-03 Silver,nb_azuresql_03_slv_to_slv,BHG-DATA-PLATFORM-CORE-DEV/2_Engineering/2_Transformation/Azuresql_03/nb_azuresql_03_slv_to_slv,Silver Lakehouse,SL,DEV,2026-09-03T10:50:48.520Z,,RUNNING,SCHEDULED,Fabric,2,0,0,0,0,1,2026-09-03T10:50:49.811Z,f61fb4c5-0d31-4954-8aac-d0c2d48f9dc90
20260903094350,142,Azure SQL Alteryx-03 Silver,nb_azuresql_03_slv_to_slv,BHG-DATA-PLATFORM-CORE-DEV/2_Engineering/2_Transformation/Azuresql_03/nb_azuresql_03_slv_to_slv,Silver Lakehouse,SL,DEV,2026-09-03T10:49:57.456Z,,RUNNING,SCHEDULED,Fabric,2,0,0,0,1,4,2026-09-03T10:49:58.792Z,f61fb4c5-0d31-4954-8aac-d0c2d48f9dc90
20260903105226,142,Azure SQL Alteryx-03 Silver,nb_azuresql_03_slv_to_slv,BHG-DATA-PLATFORM-CORE-DEV/2_Engineering/2_Transformation/Azuresql_03/nb_azuresql_03_slv_to_slv,Silver Lakehouse,SL,DEV,2026-09-03T17:06:16.631Z,,RUNNING,SCHEDULED,Fabric,2,0,0,0,1,4,2026-09-03T17:06:18.382Z,f61fb4c5-0d31-4954-8aac-d0c2d48f9dc90
20260903065400,142,Azure SQL Alteryx-03 Silver,nb_azuresql_03_slv_to_slv,BHG-DATA-PLATFORM-CORE-DEV/2_Engineering/2_Transformation/Azuresql_03/nb_azuresql_03_slv_to_slv,Silver Lakehouse,SL,DEV,2026-09-03T06:54:00.154Z,,RUNNING,SCHEDULED,Fabric,1,0,0,0,0,1,2026-09-03T06:54:01.571Z,f61fb4c5-0d31-4954-8aac-d0c2d48f9dc90
20260907025942,142,Azure SQL Alteryx-03 Silver,nb_azuresql_03_slv_to_slv,BHG-DATA-PLATFORM-CORE-DEV/2_Engineering/2_Transformation/Azuresql_03/nb_azuresql_03_slv_to_slv,Silver Lakehouse,SL,DEV,2026-09-07T03:17:09.899Z,,RUNNING,SCHEDULED,Fabric,1,0,0,0,1,4,2026-09-07T03:17:11.174Z,f61fb4c5-0d31-4954-8aac-d0c2d48f9dc90
20260903173037,142,Azure SQL Alteryx-03 Silver,nb_azuresql_03_slv_to_slv,BHG-DATA-PLATFORM-CORE-DEV/2_Engineering/2_Transformation/Azuresql_03/nb_azuresql_03_slv_to_slv,Silver Lakehouse,SL,DEV,2026-09-03T18:09:10.106Z,,RUNNING,SCHEDULED,Fabric,2,0,0,0,1,2,2026-09-03T18:09:14.321Z,f61fb4c5-0d31-4954-8aac-d0c2d48f9dc90
20260903143917,121,OffWeek Counseling Silver Pipeline,nb_offweekcounseling_slv_to_,/notebooks/nb_offweekcounseling_slv_to_,OffWeek Counseling,SL,DEV,2026-09-03T14:39:17.200Z,2026-09-03T14:40:11.059Z,FAILED,SCHEDULED,Fabric,1,0,1,0,0,1,2026-09-03T14:39:17.200Z,f15cb285-b6b1-4860-8783-c75a284b7e30
20260903151658,121,OffWeek Counseling Silver Pipeline,nb_offweekcounseling_slv_to_,/notebooks/nb_offweekcounseling_slv_to_,OffWeek Counseling,SL,DEV,2026-09-03T15:16:58.259Z,2026-09-03T15:16:58.259Z,FAILED,SCHEDULE,Fabric,1,0,1,0,0,1,2026-09-03T15:16:58.259Z,e922c4e4-ba62-4f6d-9b8c-63d0b5108629
20260908052120,143,Azure SQL Alteryx-03 Gold,nb_azuresql_03_slv_to_gld,BHG-DATA-PLATFORM-CORE-DEV/2_Engineering/2_Transformation/Azuresql_03/nb_azuresql_03_slv_to_gld,Silver Lakehouse,GL,DEV,2026-09-08T05:28:29.347Z,,RUNNING,SCHEDULED,Fabric,1,0,0,0,1,2,2026-09-08T05:28:30.796Z,f61fb4c5-0d31-4954-8aac-d0c2d48f9dc90
20260908091655,143,Azure SQL Alteryx-03 Gold,nb_azuresql_03_slv_to_gld,BHG-DATA-PLATFORM-CORE-DEV/2_Engineering/2_Transformation/Azuresql_03/nb_azuresql_03_slv_to_gld,Silver Lakehouse,GL,DEV,2026-09-08T09:16:55.587Z,,RUNNING,SCHEDULED,Fabric,1,0,0,0,0,1,2026-09-08T09:16:56.942Z,f61fb4c5-0d31-4954-8aac-d0c2d48f9dc90
20260902123137,116,Patient Services Silver Pipeline,nb_patientservices_slv_to_slv,/notebooks/nb_patientservices_slv_to_slv,Patient Services,SL,DEV,2026-09-03T08:45:46.215Z,2026-09-03T08:46:16.397Z,SUCCESS,SCHEDULE,Fabric,1,0,0,1,1,2,2026-09-03T08:45:46.215Z,ab9ed20c-53b7-40a4-a401-6c3a92d79c2c
20260908090408,116,Patient Services Silver Pipeline,nb_patientservices_slv_to_slv,/notebooks/nb_patientservices_slv_to_slv,Patient Services,SL,DEV,2026-09-08T09:35:59.402Z,2026-09-08T09:36:36.234Z,SUCCESS,SCHEDULE,Fabric,1,1,0,0,1,2,2026-09-08T09:35:59.402Z,45a7abd3-c10a-46e8-880e-96cd312a7d08
20260908080338,116,Patient Services Silver Pipeline,nb_patientservices_slv_to_slv,/notebooks/nb_patientservices_slv_to_slv,Patient Services,SL,DEV,2026-09-08T08:03:38.987Z,2026-09-08T08:04:34.408Z,SUCCESS,SCHEDULE,Fabric,1,0,0,1,0,1,2026-09-08T08:03:38.987Z,c3ba8c1f-eaf7-4257-a9c8-fe0890af5458
20260908094000,116,Patient Services Silver Pipeline,nb_patientservices_slv_to_slv,/notebooks/nb_patientservices_slv_to_slv,Patient Services,SL,DEV,2026-09-08T11:11:24.490Z,2026-09-08T11:12:03.909Z,SUCCESS,SCHEDULE,Fabric,1,1,0,0,1,3,2026-09-08T11:11:24.490Z,c851451b-db0c-409e-be91-8291abef3872
20260902123137,116,Patient Services Silver Pipeline,nb_patientservices_slv_to_slv,/notebooks/nb_patientservices_slv_to_slv,Patient Services,SL,DEV,2026-09-03T09:08:59.054Z,2026-09-03T09:09:30.179Z,SUCCESS,SCHEDULE,Fabric,1,0,0,1,1,3,2026-09-03T09:08:59.054Z,f2da5a98-42fb-4bd7-88da-5f3950e11e2a
20260903170732,122,OffWeek Counseling Gold Pipeline,nb_offweekcounseling_slv_to_,/notebooks/nb_offweekcounseling_slv_to_,OffWeek Counseling,GL,DEV,2026-09-03T17:07:32.904Z,2026-09-03T17:07:32.904Z,FAILED,SCHEDULE,Fabric,1,0,1,0,0,1,2026-09-03T17:07:32.904Z,79148fba-3b5b-4bd1-ba61-2fb3620a4279
20260903154234,122,OffWeek Counseling Gold Pipeline,nb_offweekcounseling_slv_to_,/notebooks/nb_offweekcounseling_slv_to_,OffWeek Counseling,GL,DEV,2026-09-03T15:42:34.042Z,2026-09-03T15:42:34.042Z,FAILED,SCHEDULE,Fabric,1,0,1,0,0,1,2026-09-03T15:42:34.042Z,4fde8a32-a568-463b-b92b-1366373b5ff5
20260903163937,122,OffWeek Counseling Gold Pipeline,nb_offweekcounseling_slv_to_,/notebooks/nb_offweekcounseling_slv_to_,OffWeek Counseling,GL,DEV,2026-09-03T16:39:37.184Z,2026-09-03T16:39:37.184Z,FAILED,SCHEDULE,Fabric,1,0,1,0,0,1,2026-09-03T16:39:37.184Z,c4aab6bd-7246-42a6-8543-50273d44cf3d
20260831113335,116,Patient Services Silver Pipeline,nb_patientservices_slv_to_slv,/notebooks/nb_patientservices_slv_to_slv,Patient Services,SL,DEV,2026-08-31T11:33:35.647Z,2026-08-31T11:33:35.647Z,FAILED,SCHEDULE,Fabric,1,0,1,0,0,1,2026-08-31T11:33:35.647Z,32d33118-3b87-427f-b8cc-5c7d76af4a15
20260902123137,116,Patient Services Silver Pipeline,nb_patientservices_slv_to_slv,/notebooks/nb_patientservices_slv_to_slv,Patient Services,SL,DEV,2026-09-02T12:31:37.263Z,2026-09-02T12:31:37.263Z,FAILED,SCHEDULE,Fabric,1,0,1,0,0,1,2026-09-02T12:31:37.263Z,442f0e51-6937-4a8b-9cf7-6ceb3d0e096a
20260812170829,117,Patient Services Gold Pipeline,nb_patientservices_slv_to_gld,/notebooks/nb_patientservices_slv_to_gld,Patient Services,GL,DEV,2026-09-03T08:49:58.147Z,2026-09-03T08:50:28.067Z,SUCCESS,SCHEDULE,Fabric,1,0,0,1,1,4,2026-09-03T08:49:58.147Z,ab9ed20c-53b7-40a4-a401-6c3a92d79c2c
20260908111550,117,Patient Services Gold Pipeline,nb_patientservices_slv_to_gld,/notebooks/nb_patientservices_slv_to_gld,Patient Services,GL,DEV,2026-09-08T11:15:50.617Z,2026-09-08T11:25:42.236Z,SUCCESS,SCHEDULE,Fabric,1,1,0,0,0,1,2026-09-08T11:15:50.617Z,c851451b-db0c-409e-be91-8291abef3872
20260908080842,117,Patient Services Gold Pipeline,nb_patientservices_slv_to_gld,/notebooks/nb_patientservices_slv_to_gld,Patient Services,GL,DEV,2026-09-08T08:08:42.660Z,2026-09-08T08:09:17.310Z,SUCCESS,SCHEDULE,Fabric,1,0,0,1,0,1,2026-09-08T08:08:42.660Z,c3ba8c1f-eaf7-4257-a9c8-fe0890af5458
20260812170829,117,Patient Services Gold Pipeline,nb_patientservices_slv_to_gld,/notebooks/nb_patientservices_slv_to_gld,Patient Services,GL,DEV,2026-09-03T09:13:48.707Z,2026-09-03T09:14:19.179Z,SUCCESS,SCHEDULE,Fabric,1,0,0,1,1,5,2026-09-03T09:13:48.707Z,f2da5a98-42fb-4bd7-88da-5f3950e11e2a
20260908090408,117,Patient Services Gold Pipeline,nb_patientservices_slv_to_gld,/notebooks/nb_patientservices_slv_to_gld,Patient Services,GL,DEV,2026-09-08T09:04:08.706Z,2026-09-08T09:05:35.105Z,FAILED,SCHEDULE,Fabric,1,0,1,0,0,1,2026-09-08T09:04:08.706Z,131a5d97-d8c6-4025-b83a-b72dccab3d72
20260908094000,117,Patient Services Gold Pipeline,nb_patientservices_slv_to_gld,/notebooks/nb_patientservices_slv_to_gld,Patient Services,GL,DEV,2026-09-08T09:40:00.001Z,2026-09-08T09:51:14.065Z,FAILED,SCHEDULE,Fabric,1,0,1,0,0,1,2026-09-08T09:40:00.001Z,45a7abd3-c10a-46e8-880e-96cd312a7d08
20260902103600,89,SAMMS P1 Reference Silver Pipeline,e0f74d9f-ac52-425a-96c9-1bdcb7a8f726,/notebooks/nb_p1_reference_bronze_to_silver,SAMMS,SL,DEV,2026-09-02T10:31:44.841Z,2026-09-02T10:34:09.396Z,FAILED,MANUAL,SYSTEM,1,0,1,0,0,1,2026-09-02T10:36:02.434Z,b0a68294-8f39-48cc-9f9e-4292e7c94d8f
20260831054419,133,Azure SQL Alteryx-2 Silver,nb_azuresql_02_slv_to_slv,BHG-DATA-PLATFORM-CORE-DEV/2_Engineering/2_Transformation/Azuresql-02/nb_azuresql_02_slv_to_slv,Azure SQL,SL,DEV,2026-08-31T05:44:19.677Z,,RUNNING,SCHEDULED,Fabric,10,0,0,0,0,1,2026-08-31T05:44:21.167Z,383740c2-6f30-4863-ada3-bc65376c1bc2
20260831060206,133,Azure SQL Alteryx-2 Silver,nb_azuresql_02_slv_to_slv,BHG-DATA-PLATFORM-CORE-DEV/2_Engineering/2_Transformation/Azuresql-02/nb_azuresql_02_slv_to_slv,Azure SQL,SL,DEV,2026-08-31T07:12:54.831Z,,RUNNING,SCHEDULED,Fabric,2,0,0,0,1,2,2026-08-31T07:12:56.534Z,686b20a1-fc55-41ce-bf56-edc22eac8a37
20260831115954,116,Patient Services Silver Pipeline,nb_patientservices_slv_to_,/notebooks/nb_patientservices_slv_to_,Patient Services,SL,DEV,2026-08-31T11:59:54.909Z,2026-08-31T11:59:54.909Z,FAILED,SCHEDULE,Fabric,1,0,1,0,0,1,2026-08-31T11:59:54.909Z,485f9471-b76a-4705-9b4d-61db0821e797
20260831011003,135,CallBackList Bronze Pipeline,nb_callback_src_to_brz,BHG-DATA-PLATFORM-CORE-DEV/2_Engineering/2_Transformation/Callback_Lists/nb_callback_src_to_brz,Salesforce,BR,DEV,2026-08-31T01:10:03.037Z,,RUNNING,SCHEDULE,Fabric,4,0,0,0,0,1,2026-08-31T01:10:04.548Z,c462429b-1fc7-482f-97b1-a0a9300e8f0d
20260830180336,135,CallBackList Bronze Pipeline,nb_callback_src_to_brz,BHG-DATA-PLATFORM-CORE-DEV/2_Engineering/2_Transformation/Callback_Lists/nb_callback_src_to_brz,Salesforce,BR,DEV,2026-08-30T18:03:36.624Z,,RUNNING,SCHEDULE,Fabric,4,0,0,0,0,1,2026-08-30T18:03:38.185Z,d477a5d1-6a25-43b3-a377-6f0525fd3f2c
20260831035644,134,Azure SQL Alteryx-2 Gold,nb_azuresql_02_slv_to_gld,BHG-DATA-PLATFORM-CORE-DEV/2_Engineering/2_Transformation/Azuresql-02/nb_azuresql_02_slv_to_gld,Azure SQL,GL,DEV,2026-08-31T05:47:22.870Z,,RUNNING,SCHEDULED,Fabric,10,0,0,0,1,3,2026-08-31T05:47:24.361Z,383740c2-6f30-4863-ada3-bc65376c1bc2
20260903092013,1,UKG Bronze Pipeline,nb_ukg_src_to_brz,BHG-DATA-PLATFORM-CORE-DEV/2_Engineering/2_Transformation/UKG/nb_ukg_src_to_brz,UKG,BR,DEV,2026-09-03T09:47:48.702Z,2026-09-03T09:50:53.981Z,SUCCESS,SCHEDULE,Fabric,8,8,0,0,1,2,2026-09-03T09:47:50.237Z,530f48fa-89c6-4a87-9867-195a73ec044d
20260903095139,2,UKG Silver Pipeline,nb_ukg_brz_to_slv,BHG-DATA-PLATFORM-CORE-DEV/2_Engineering/2_Transformation/UKG/nb_ukg_brz_to_slv,UKG,SL,DEV,2026-09-03T09:51:39.436Z,2026-09-03T09:56:53.082Z,SUCCESS,SCHEDULE,Fabric,8,8,0,0,0,1,2026-09-03T09:51:40.744Z,530f48fa-89c6-4a87-9867-195a73ec044d
20260901095008,2,UKG Silver Pipeline,nb_ukg_brz_to_slv,BHG-DATA-PLATFORM-CORE-DEV/2_Engineering/2_Transformation/UKG/nb_ukg_brz_to_slv,UKG,SL,DEV,2026-09-01T09:50:08.494Z,2026-09-01T09:55:12.235Z,SUCCESS,SCHEDULE,Fabric,8,8,0,0,0,1,2026-09-01T09:50:09.793Z,29dcaaf1-2b1e-4c19-b23c-1ba74b3b8d3d
20260904060200,1,UKG Bronze Pipeline,nb_ukg_src_to_brz,BHG-DATA-PLATFORM-CORE-DEV/2_Engineering/2_Transformation/UKG/nb_ukg_src_to_brz,UKG,BR,DEV,2026-09-04T06:02:00.309Z,2026-09-04T06:08:36.613Z,SUCCESS,SCHEDULE,Fabric,8,8,0,0,0,1,2026-09-04T06:02:03.138Z,d460889e-8832-4fc7-827e-e27003a5b114
20260901092721,2,UKG Silver Pipeline,nb_ukg_brz_to_slv,BHG-DATA-PLATFORM-CORE-DEV/2_Engineering/2_Transformation/UKG/nb_ukg_brz_to_slv,UKG,SL,DEV,2026-09-01T09:27:21.508Z,2026-09-01T09:30:41.941Z,SUCCESS,SCHEDULE,Fabric,8,5,0,3,0,1,2026-09-01T09:27:22.918Z,c46e47f1-7e0c-46c6-93e3-7d17cbc17d55
20260901092023,1,UKG Bronze Pipeline,nb_ukg_src_to_brz,BHG-DATA-PLATFORM-CORE-DEV/2_Engineering/2_Transformation/UKG/nb_ukg_src_to_brz,UKG,BR,DEV,2026-09-01T09:45:02.396Z,2026-09-01T09:48:55.897Z,SUCCESS,SCHEDULE,Fabric,8,8,0,0,1,2,2026-09-01T09:45:03.882Z,29dcaaf1-2b1e-4c19-b23c-1ba74b3b8d3d
20260831061556,134,Azure SQL Alteryx-2 Gold,nb_azuresql_02_slv_to_gld,BHG-DATA-PLATFORM-CORE-DEV/2_Engineering/2_Transformation/Azuresql-02/nb_azuresql_02_slv_to_gld,Azure SQL,GL,DEV,2026-08-31T07:14:57.390Z,,RUNNING,SCHEDULED,Fabric,2,0,0,0,1,2,2026-08-31T07:15:01.619Z,686b20a1-fc55-41ce-bf56-edc22eac8a37
202609010503373335,47,SAMMS P1 Finance Silver Pipeline,nb_p1_finance_bronze_to_silver,/notebooks/nb_p1_finance_bronze_to_silver,SAMMS,SL,DEV,2026-09-01T05:03:21.014Z,2026-09-01T05:29:24.867Z,SUCCESS,SCHEDULE,Fabric,14,14,0,0,0,1,2026-09-01T05:03:21.014Z,75a93e02-eb8a-4b20-981c-b48401997d72
20260907095614,1,UKG Bronze Pipeline,nb_ukg_src_to_brz,BHG-DATA-PLATFORM-CORE-DEV/2_Engineering/2_Transformation/UKG/nb_ukg_src_to_brz,UKG,BR,DEV,2026-09-07T09:41:59.904Z,2026-09-07T09:53:19.531Z,FAILED,SCHEDULE,Fabric,1,0,1,0,0,1,2026-09-07T09:56:16.558Z,11463ad2-ac17-44e2-883f-b7f86a42dcb9
20260904124800,1,UKG Bronze Pipeline,nb_ukg_src_to_brz,BHG-DATA-PLATFORM-CORE-DEV/2_Engineering/2_Transformation/UKG/nb_ukg_src_to_brz,UKG,BR,DEV,2026-09-04T12:27:26.792Z,2026-09-04T12:44:45.687Z,FAILED,SCHEDULE,Fabric,1,0,1,0,0,1,2026-09-04T12:48:02.951Z,3d506aa0-0269-43eb-aec3-b5d371469503
20260907124622,1,UKG Bronze Pipeline,nb_ukg_src_to_brz,BHG-DATA-PLATFORM-CORE-DEV/2_Engineering/2_Transformation/UKG/nb_ukg_src_to_brz,UKG,BR,DEV,2026-09-07T12:30:29.932Z,2026-09-07T12:42:57.250Z,FAILED,SCHEDULE,Fabric,1,0,1,0,0,1,2026-09-07T12:46:24.244Z,03d14284-f9c3-4d2e-9729-2e3083b8d33e
20260907062525,1,UKG Bronze Pipeline,nb_ukg_src_to_brz,BHG-DATA-PLATFORM-CORE-DEV/2_Engineering/2_Transformation/UKG/nb_ukg_src_to_brz,UKG,BR,DEV,2026-09-07T06:05:38.158Z,2026-09-07T06:21:48.279Z,FAILED,SCHEDULE,Fabric,1,0,1,0,0,1,2026-09-07T06:25:27.942Z,a75ae2d8-c139-4f27-be77-19ed5feecca1
20260908060220,2,UKG Silver Pipeline,nb_ukg_brz_to_slv,BHG-DATA-PLATFORM-CORE-DEV/2_Engineering/2_Transformation/UKG/nb_ukg_brz_to_slv,UKG,SL,DEV,2026-09-08T05:44:42.236Z,2026-09-08T05:57:53.178Z,FAILED,SCHEDULE,Fabric,1,0,1,0,0,1,2026-09-08T06:02:22.232Z,d21a22ed-079c-4197-be60-19877f0c18c0
20260907082454,1,UKG Bronze Pipeline,nb_ukg_src_to_brz,BHG-DATA-PLATFORM-CORE-DEV/2_Engineering/2_Transformation/UKG/nb_ukg_src_to_brz,UKG,BR,DEV,2026-09-07T08:08:38.679Z,2026-09-07T08:21:20.222Z,FAILED,SCHEDULE,Fabric,1,0,1,0,0,1,2026-09-07T08:24:56.529Z,f205c31d-a56d-4c82-909d-d1cc597f1efb
20260901092023,1,UKG Bronze Pipeline,nb_ukg_src_to_brz,BHG-DATA-PLATFORM-CORE-DEV/2_Engineering/2_Transformation/UKG/nb_ukg_src_to_brz,UKG,BR,DEV,2026-09-01T09:20:23.774Z,2026-09-01T09:26:14.197Z,FAILED,SCHEDULE,Fabric,8,5,3,0,0,1,2026-09-01T09:20:25.985Z,c46e47f1-7e0c-46c6-93e3-7d17cbc17d55
20260907154936,1,UKG Bronze Pipeline,nb_ukg_src_to_brz,BHG-DATA-PLATFORM-CORE-DEV/2_Engineering/2_Transformation/UKG/nb_ukg_src_to_brz,UKG,BR,DEV,2026-09-07T15:33:46.705Z,2026-09-07T15:46:24.550Z,FAILED,SCHEDULE,Fabric,1,0,1,0,0,1,2026-09-07T15:49:37.709Z,5697f28d-d34c-4ea1-97ba-86411f09cc26
20260907115713,1,UKG Bronze Pipeline,nb_ukg_src_to_brz,BHG-DATA-PLATFORM-CORE-DEV/2_Engineering/2_Transformation/UKG/nb_ukg_src_to_brz,UKG,BR,DEV,2026-09-07T11:41:17.288Z,2026-09-07T11:53:38.068Z,FAILED,SCHEDULE,Fabric,1,0,1,0,0,1,2026-09-07T11:57:15.619Z,174a6461-d193-4195-bf67-804ec5854ef1
20260907034436,1,UKG Bronze Pipeline,nb_ukg_src_to_brz,BHG-DATA-PLATFORM-CORE-DEV/2_Engineering/2_Transformation/UKG/nb_ukg_src_to_brz,UKG,BR,DEV,2026-09-07T03:44:37.602Z,2026-09-07T03:44:37.602Z,FAILED,SCHEDULE,Fabric,1,0,1,0,0,1,2026-09-07T03:44:37.602Z,16009df2-aca5-4ccb-8ac7-f50562640e02
20260907074800,1,UKG Bronze Pipeline,nb_ukg_src_to_brz,BHG-DATA-PLATFORM-CORE-DEV/2_Engineering/2_Transformation/UKG/nb_ukg_src_to_brz,UKG,BR,DEV,2026-09-07T07:34:47.010Z,2026-09-07T07:44:12.556Z,FAILED,SCHEDULE,Fabric,1,0,1,0,0,1,2026-09-07T07:48:02.597Z,9157f2d0-670d-4802-8929-0872c51356e9
20260907090008,1,UKG Bronze Pipeline,nb_ukg_src_to_brz,BHG-DATA-PLATFORM-CORE-DEV/2_Engineering/2_Transformation/UKG/nb_ukg_src_to_brz,UKG,BR,DEV,2026-09-07T08:40:27.959Z,2026-09-07T08:56:12.996Z,FAILED,SCHEDULE,Fabric,1,0,1,0,0,1,2026-09-07T09:00:10.326Z,49061cae-9c41-49bf-8a9d-5bcf8fc7e716
20260903092013,1,UKG Bronze Pipeline,nb_ukg_src_to_brz,BHG-DATA-PLATFORM-CORE-DEV/2_Engineering/2_Transformation/UKG/nb_ukg_src_to_brz,UKG,BR,DEV,2026-09-03T09:20:13.016Z,2026-09-03T09:26:12.534Z,FAILED,SCHEDULE,Fabric,8,7,1,0,0,1,2026-09-03T09:20:14.700Z,26f8b062-6777-48e7-8814-d84ed71c9ad6
20260907152723,1,UKG Bronze Pipeline,nb_ukg_src_to_brz,BHG-DATA-PLATFORM-CORE-DEV/2_Engineering/2_Transformation/UKG/nb_ukg_src_to_brz,UKG,BR,DEV,2026-09-07T15:12:34.516Z,2026-09-07T15:23:19.209Z,FAILED,SCHEDULE,Fabric,1,0,1,0,0,1,2026-09-07T15:27:25.047Z,0460ec9f-7fac-46d5-9e9b-69695287cfbb
20260907112742,1,UKG Bronze Pipeline,nb_ukg_src_to_brz,BHG-DATA-PLATFORM-CORE-DEV/2_Engineering/2_Transformation/UKG/nb_ukg_src_to_brz,UKG,BR,DEV,2026-09-07T11:04:22.200Z,2026-09-07T11:24:29.435Z,FAILED,SCHEDULE,Fabric,1,0,1,0,0,1,2026-09-07T11:27:44.662Z,febd9bc8-75c6-4368-a516-f0351188daa4
20260904121030,1,UKG Bronze Pipeline,nb_ukg_src_to_brz,BHG-DATA-PLATFORM-CORE-DEV/2_Engineering/2_Transformation/UKG/nb_ukg_src_to_brz,UKG,BR,DEV,2026-09-04T11:34:36.458Z,2026-09-04T12:06:13.222Z,FAILED,SCHEDULE,Fabric,1,0,1,0,0,1,2026-09-04T12:10:48.735Z,a32139d4-7f73-4d6a-9430-a52d8d74e9b7
20260908062007,1,UKG Bronze Pipeline,nb_ukg_src_to_brz,BHG-DATA-PLATFORM-CORE-DEV/2_Engineering/2_Transformation/UKG/nb_ukg_src_to_brz,UKG,BR,DEV,2026-09-08T06:05:51.672Z,2026-09-08T06:16:27.682Z,FAILED,SCHEDULE,Fabric,1,0,1,0,0,1,2026-09-08T06:20:09.243Z,c2aec021-343a-4386-9d16-76ad553ccc83
20260907071302,1,UKG Bronze Pipeline,nb_ukg_src_to_brz,BHG-DATA-PLATFORM-CORE-DEV/2_Engineering/2_Transformation/UKG/nb_ukg_src_to_brz,UKG,BR,DEV,2026-09-07T06:51:19.632Z,2026-09-07T07:08:42.518Z,FAILED,SCHEDULE,Fabric,1,0,1,0,0,1,2026-09-07T07:13:04.152Z,9f5bb09f-5148-427e-a670-091e051e6718
20260907150046,1,UKG Bronze Pipeline,nb_ukg_src_to_brz,BHG-DATA-PLATFORM-CORE-DEV/2_Engineering/2_Transformation/UKG/nb_ukg_src_to_brz,UKG,BR,DEV,2026-09-07T14:44:57.890Z,2026-09-07T14:56:48.450Z,FAILED,SCHEDULE,Fabric,1,0,1,0,0,1,2026-09-07T15:00:48.434Z,ac5b8015-db8f-42f7-a7bf-bc43167fdd7f
20260908064342,1,UKG Bronze Pipeline,nb_ukg_src_to_brz,BHG-DATA-PLATFORM-CORE-DEV/2_Engineering/2_Transformation/UKG/nb_ukg_src_to_brz,UKG,BR,DEV,2026-09-08T06:26:51.398Z,2026-09-08T06:40:35.431Z,FAILED,SCHEDULE,Fabric,1,0,1,0,0,1,2026-09-08T06:43:44.206Z,e403e9f6-1206-49ac-bede-045a2ed95a50
202609031332701326,86,SAMMS INV Silver Pipeline,pl_inv,BHG-DATA-PLATFORM-CORE-DEV/2_Engineering/3_Orchestration/pl_inv,Bronze Lakehouse,SL,DEV,2026-09-03T13:32:55.726Z,2026-09-03T14:03:44.542Z,SUCCESS,SCHEDULE,Fabric,24,24,0,0,0,1,2026-09-03T13:32:55.726Z,ef652adf-cab1-42cd-a0bf-1cd03c8c16e7
202609071904736230,86,SAMMS INV Silver Pipeline,pl_inv,BHG-DATA-PLATFORM-CORE-DEV/2_Engineering/3_Orchestration/pl_inv,Bronze Lakehouse,SL,DEV,2026-09-07T19:04:58.605Z,2026-09-07T19:32:02.961Z,SUCCESS,SCHEDULE,Fabric,24,24,0,0,0,1,2026-09-07T19:04:58.605Z,fc48ec9c-d1b8-4775-bd67-583e82846e52
202609051904209217,86,SAMMS INV Silver Pipeline,pl_inv,BHG-DATA-PLATFORM-CORE-DEV/2_Engineering/3_Orchestration/pl_inv,Bronze Lakehouse,SL,DEV,2026-09-05T19:04:05.786Z,2026-09-05T19:32:01.761Z,SUCCESS,SCHEDULE,Fabric,24,24,0,0,0,1,2026-09-05T19:04:05.786Z,a7cfa2a8-4e03-4cce-a64e-9a92e6e67f12
202609011903772005,86,SAMMS INV Silver Pipeline,pl_inv,BHG-DATA-PLATFORM-CORE-DEV/2_Engineering/3_Orchestration/pl_inv,Bronze Lakehouse,SL,DEV,2026-09-01T19:04:04.054Z,2026-09-01T21:20:42.146Z,SUCCESS,SCHEDULE,Fabric,24,24,0,0,0,1,2026-09-01T19:04:04.054Z,0e5f68b5-5669-4bb1-91ce-4b967b620e7d
202609021926396228,86,SAMMS INV Silver Pipeline,pl_inv,BHG-DATA-PLATFORM-CORE-DEV/2_Engineering/3_Orchestration/pl_inv,Bronze Lakehouse,SL,DEV,2026-09-02T19:26:24.153Z,2026-09-02T20:32:31.115Z,SUCCESS,SCHEDULE,Fabric,24,24,0,0,0,1,2026-09-02T19:26:24.153Z,aa9f49a8-9ff8-4a6e-a263-7617045dadde
202609061904381249,86,SAMMS INV Silver Pipeline,pl_inv,BHG-DATA-PLATFORM-CORE-DEV/2_Engineering/3_Orchestration/pl_inv,Bronze Lakehouse,SL,DEV,2026-09-06T19:04:22.497Z,2026-09-06T19:31:09.491Z,SUCCESS,SCHEDULE,Fabric,24,24,0,0,0,1,2026-09-06T19:04:22.497Z,5cce37fd-5f38-41c5-90e1-d9efeb3bd245
202608301904270791,86,SAMMS INV Silver Pipeline,pl_inv,BHG-DATA-PLATFORM-CORE-DEV/2_Engineering/3_Orchestration/pl_inv,Bronze Lakehouse,SL,DEV,2026-08-30T19:04:11.259Z,2026-08-30T21:10:18.044Z,SUCCESS,SCHEDULE,Fabric,24,24,0,0,0,1,2026-08-30T19:04:11.259Z,ba679216-ee2b-4344-afb9-134290faf502
202609021903306075,86,SAMMS INV Silver Pipeline,pl_inv,BHG-DATA-PLATFORM-CORE-DEV/2_Engineering/3_Orchestration/pl_inv,Bronze Lakehouse,SL,DEV,2026-09-02T19:03:15.063Z,2026-09-02T21:29:59.502Z,SUCCESS,SCHEDULE,Fabric,24,24,0,0,0,1,2026-09-02T19:03:15.063Z,c49685cc-3281-44bc-a1c2-3be5b1110999
202609031145501700,86,SAMMS INV Silver Pipeline,pl_inv,BHG-DATA-PLATFORM-CORE-DEV/2_Engineering/3_Orchestration/pl_inv,Bronze Lakehouse,SL,DEV,2026-09-03T11:45:34.506Z,2026-09-03T12:14:49.706Z,SUCCESS,SCHEDULE,Fabric,24,24,0,0,0,1,2026-09-03T11:45:34.506Z,8e54a6a2-7031-4831-b2c0-8c5ea7811246
202609041543473975,86,SAMMS INV Silver Pipeline,pl_inv,BHG-DATA-PLATFORM-CORE-DEV/2_Engineering/3_Orchestration/pl_inv,Bronze Lakehouse,SL,DEV,2026-09-04T15:43:31.632Z,2026-09-04T16:15:16.468Z,SUCCESS,SCHEDULE,Fabric,24,24,0,0,0,1,2026-09-04T15:43:31.632Z,66e9e433-72b0-4c30-b0ea-7611d9608923
202608291904534406,86,SAMMS INV Silver Pipeline,pl_inv,BHG-DATA-PLATFORM-CORE-DEV/2_Engineering/3_Orchestration/pl_inv,Bronze Lakehouse,SL,DEV,2026-08-29T19:04:37.465Z,2026-08-29T20:59:28.074Z,SUCCESS,SCHEDULE,Fabric,24,24,0,0,0,1,2026-08-29T19:04:37.465Z,dd7385f2-fbd4-41a4-afcd-7296aca5e198
202609041904319417,86,SAMMS INV Silver Pipeline,pl_inv,BHG-DATA-PLATFORM-CORE-DEV/2_Engineering/3_Orchestration/pl_inv,Bronze Lakehouse,SL,DEV,2026-09-04T19:04:17.090Z,2026-09-04T19:34:19.295Z,SUCCESS,SCHEDULE,Fabric,24,24,0,0,0,1,2026-09-04T19:04:17.090Z,b1302ebd-57a3-42bd-9029-9a66dda6727d
202609031904201105,86,SAMMS INV Silver Pipeline,pl_inv,BHG-DATA-PLATFORM-CORE-DEV/2_Engineering/3_Orchestration/pl_inv,Bronze Lakehouse,SL,DEV,2026-09-03T19:04:05.313Z,2026-09-03T20:59:48.952Z,SUCCESS,SCHEDULE,Fabric,24,24,0,0,0,1,2026-09-03T19:04:05.313Z,48b34b87-69c2-467d-a88c-67aac910c539
202609041706373944,86,SAMMS INV Silver Pipeline,pl_inv,BHG-DATA-PLATFORM-CORE-DEV/2_Engineering/3_Orchestration/pl_inv,Bronze Lakehouse,SL,DEV,2026-09-04T17:06:22.224Z,2026-09-04T17:35:42.358Z,SUCCESS,SCHEDULE,Fabric,24,24,0,0,0,1,2026-09-04T17:06:22.224Z,5652dc3b-8824-4606-a16d-f373dc1d2ada
202608311905752236,86,SAMMS INV Silver Pipeline,pl_inv,BHG-DATA-PLATFORM-CORE-DEV/2_Engineering/3_Orchestration/pl_inv,Bronze Lakehouse,SL,DEV,2026-08-31T19:06:01.136Z,2026-08-31T21:22:39.840Z,SUCCESS,SCHEDULE,Fabric,24,24,0,0,0,1,2026-08-31T19:06:01.136Z,79f5b39e-d314-4ad3-8050-3ace553d67de
202609081233579600,145,Clinical UA CDC Silver,pl_clinical_ua_cdc_brz_to_slv,/pipelines/pl_clinical_ua_cdc_brz_to_slv,Bronze Lakehouse,SL,DEV,2026-09-08T12:33:42.452Z,2026-09-08T12:51:50.157Z,SUCCESS,MANUAL,MANUAL,2,2,0,0,0,1,2026-09-08T12:33:42.452Z,c3383bb1-b723-4b3e-bec7-f60bc8b15ae7
20260907104151,145,Clinical UA CDC Silver,pl_clinical_ua_cdc_brz_to_slv,/pipelines/pl_clinical_ua_cdc_brz_to_slv,Bronze Lakehouse,SL,DEV,2026-09-07T10:27:08.228Z,2026-09-07T11:17:46.474Z,SUCCESS,MANUAL,MANUAL,1,1,1,0,0,1,2026-09-07T10:41:53.003Z,846d4ac3-7863-4b80-977d-629c9a3000f3
20260831080042,92,Silver Conferdeploy,nb_conferdeploy_brz_to_slv,/notebooks/nb_conferdeploy_silver_transformations,Conferdeploy,SL,DEV,2026-08-31T08:01:04.106Z,2026-08-31T08:01:38.138Z,SUCCESS,SCHEDULED,Fabric,1,1,0,0,0,1,2026-08-31T08:00:43.620Z,22061772-8118-40ff-82ce-daec1d26d93e
20260831083718,92,Silver Conferdeploy,nb_conferdeploy_brz_to_slv,/notebooks/nb_conferdeploy_silver_transformations,Conferdeploy,SL,DEV,2026-08-31T08:37:28.961Z,2026-08-31T08:37:59.330Z,SUCCESS,SCHEDULED,Fabric,1,1,0,0,0,1,2026-08-31T08:37:19.974Z,2eddf0ce-6b97-4c82-8bf9-ccbf21e2998e
20260902114636,47,SAMMS P1 Finance Silver Pipeline,nb_p1_finance_bronze_to_silver,/notebooks/nb_p1_finance_bronze_to_silver,SAMMS,SL,DEV,2026-09-02T11:41:41.604Z,2026-09-02T11:44:48.460Z,FAILED,MANUAL,SYSTEM,1,0,1,0,0,1,2026-09-02T11:46:38.011Z,4c4c075e-4dad-4233-8052-32fba0caf996
20260904102928,145,Clinical UA CDC Silver,pl_clinical_ua_cdc_brz_to_slv,/pipelines/pl_clinical_ua_cdc_brz_to_slv,Bronze Lakehouse,SL,DEV,2026-09-04T10:29:29.749Z,2026-09-04T10:29:29.749Z,FAILED,MANUAL,MANUAL,1,0,1,0,0,1,2026-09-04T10:29:29.749Z,a2b79122-a062-4ea8-a301-db2a1318199f
20260904111812,145,Clinical UA CDC Silver,pl_clinical_ua_cdc_brz_to_slv,/pipelines/pl_clinical_ua_cdc_brz_to_slv,Bronze Lakehouse,SL,DEV,2026-09-04T11:18:13.971Z,2026-09-04T11:18:13.971Z,FAILED,MANUAL,MANUAL,1,0,1,0,0,1,2026-09-04T11:18:13.971Z,4a18e739-62cb-4756-aa6f-1d8b3a292113
202608291411458116,139,CDC Orders Silver,pl_Orders,BHG-DATA-PLATFORM-CORE-DEV/2_Engineering/3_Orchestration/pl_Orders,Bronze Lakehouse,SL,DEV,2026-08-29T14:11:30.407Z,2026-08-29T14:27:12.234Z,SUCCESS,SCHEDULE,Fabric,1,1,0,0,0,1,2026-08-29T14:11:30.407Z,551cb7cb-a268-4bd7-90d9-8e186f18f04b
202608310319385376,139,CDC Orders Silver,pl_Orders,BHG-DATA-PLATFORM-CORE-DEV/2_Engineering/3_Orchestration/pl_Orders,Bronze Lakehouse,SL,DEV,2026-08-31T03:19:22.695Z,2026-08-31T03:35:31.771Z,SUCCESS,SCHEDULE,Fabric,1,1,0,0,0,1,2026-08-31T03:19:22.695Z,a6a1b08e-82df-4f99-a849-8253f3b4c81f
20260908035746,146,Clinical UA CDC Gold,pl_clinical_ua_cdc_brz_to_slv,/pipelines/pl_clinical_ua_cdc_brz_to_slv,Silver Lakehouse,GL,DEV,2026-09-08T03:43:30.518Z,2026-09-08T03:54:30.837Z,FAILED,MANUAL,MANUAL,1,0,1,0,0,1,2026-09-08T03:57:47.882Z,46a9a56e-0600-4598-9fca-db37b4a86652
20260908053940,146,Clinical UA CDC Gold,pl_clinical_ua_cdc_brz_to_slv,/pipelines/pl_clinical_ua_cdc_brz_to_slv,Silver Lakehouse,GL,DEV,2026-09-08T05:25:17.456Z,2026-09-08T05:36:20.566Z,FAILED,MANUAL,MANUAL,1,0,1,0,0,1,2026-09-08T05:39:42.070Z,1af6f9c0-de07-46ce-9d94-4a023d844ee9
20260907044512,146,Clinical UA CDC Gold,pl_clinical_ua_cdc_brz_to_slv,/pipelines/pl_clinical_ua_cdc_brz_to_slv,Silver Lakehouse,GL,DEV,2026-09-07T04:34:32.679Z,2026-09-07T04:42:01.170Z,FAILED,MANUAL,MANUAL,1,0,1,0,0,1,2026-09-07T04:45:14.409Z,acca3f49-8748-439d-815f-e2c1c6454e7e
20260907053835,146,Clinical UA CDC Gold,pl_clinical_ua_cdc_brz_to_slv,/pipelines/pl_clinical_ua_cdc_brz_to_slv,Silver Lakehouse,GL,DEV,2026-09-07T05:20:38.695Z,2026-09-07T05:34:54.550Z,FAILED,MANUAL,MANUAL,1,0,1,0,0,1,2026-09-07T05:38:37.244Z,11881138-e193-4401-91c9-28193ebd1a8a
202609081233479600,144,Clinical UA CDC Bronze,pl_clinical_ua_cdc_src_to_bronze,/pipelines/pl_clinical_ua_cdc_src_to_bronze,SAMMS,BR,DEV,2026-09-08T12:33:42.452Z,2026-09-08T12:50:27.240Z,SUCCESS,MANUAL,MANUAL,6,6,0,0,0,1,2026-09-08T12:33:42.452Z,c3383bb1-b723-4b3e-bec7-f60bc8b15ae7
20260901103730,74,Alloy Silver Incidents Pipeline,nb_alloy_brz_to_slv,/notebooks/nb_alloyapi_silver_transformations,ALLOY,SL,DEV,2026-09-02T10:56:09.000Z,2026-09-02T10:57:46.000Z,FAILED,SCHEDULED,Fabric,1,0,1,0,1,5,2026-09-02T10:56:11.641Z,bd88f562-ba05-4b73-8eef-2763d39e6551
20260901103730,74,Alloy Silver Incidents Pipeline,nb_alloy_brz_to_slv,/notebooks/nb_alloyapi_silver_transformations,ALLOY,SL,DEV,2026-09-02T11:47:26.000Z,2026-09-02T11:47:58.000Z,FAILED,SCHEDULED,Fabric,1,0,1,0,1,6,2026-09-02T11:47:28.241Z,1007c3cc-f056-4e74-81c3-68c6b23f1a96
20260901103730,74,Alloy Silver Incidents Pipeline,nb_alloy_brz_to_slv,/notebooks/nb_alloyapi_silver_transformations,ALLOY,SL,DEV,2026-09-01T10:37:30.000Z,2026-09-01T10:38:59.000Z,FAILED,SCHEDULED,Fabric,1,0,1,0,0,1,2026-09-01T10:37:31.367Z,c449f350-a1e9-4f35-b056-46c762cb8b9f
20260901103730,74,Alloy Silver Incidents Pipeline,nb_alloy_brz_to_slv,/notebooks/nb_alloyapi_silver_transformations,ALLOY,SL,DEV,2026-09-01T10:53:01.000Z,2026-09-01T10:54:34.000Z,FAILED,SCHEDULED,Fabric,1,0,1,0,1,2,2026-09-01T10:53:02.516Z,5765a90c-455c-4648-a83a-128e7cd6b6db
20260901103730,74,Alloy Silver Incidents Pipeline,nb_alloy_brz_to_slv,/notebooks/nb_alloyapi_silver_transformations,ALLOY,SL,DEV,2026-09-01T12:25:51.000Z,2026-09-01T12:27:44.000Z,FAILED,SCHEDULED,Fabric,1,0,1,0,1,4,2026-09-01T12:25:53.266Z,01062de6-159c-4953-9051-435ca199e63a
20260901103730,74,Alloy Silver Incidents Pipeline,nb_alloy_brz_to_slv,/notebooks/nb_alloyapi_silver_transformations,ALLOY,SL,DEV,2026-09-01T11:50:24.000Z,2026-09-01T11:52:00.000Z,FAILED,SCHEDULED,Fabric,1,0,1,0,1,3,2026-09-01T11:50:25.696Z,d5881c9a-cc97-48db-9be2-2e90c8ee25ee
20260908035537,4,8x8 Bronze Pipeline,pl_8x8_call_interactions_backfill,/notebooks/nb_8x8_src_to_brz,8X8,BR,DEV,2026-09-08T03:55:42.197Z,2026-09-08T04:49:10.759Z,SUCCESS,MANUAL_CUSTOM_BACKFILL,Fabric,1,1,0,0,0,1,2026-09-08T03:55:42.197Z,CALL_INTERACTIONS_LOAD_20260908035533
202608171018106132,83,Salesforce Silver Pipeline,nb_salesforce_brz_to_slv,/notebooks/nb_salesforce_brz_to_slv,SALESFORCE,SL,DEV,2026-09-03T11:39:32.046Z,2026-09-03T11:43:52.260Z,SUCCESS,SCHEDULE,Fabric,10,10,0,0,1,3,2026-09-03T11:39:33.707Z,b5204bb1-5640-4c52-9143-fe923aba5573
202608201136586561,83,Salesforce Silver Pipeline,nb_salesforce_brz_to_slv,/notebooks/nb_salesforce_brz_to_slv,SALESFORCE,SL,DEV,2026-09-02T17:34:44.393Z,2026-09-02T17:39:31.858Z,SUCCESS,SCHEDULE,Fabric,10,10,0,0,1,3,2026-09-02T17:34:46.097Z,0d5be434-3f1a-4f4b-ae90-f0c48a55ec54
202609041424498841,83,Salesforce Silver Pipeline,nb_salesforce_brz_to_slv,/notebooks/nb_salesforce_brz_to_slv,SALESFORCE,SL,DEV,2026-09-04T14:24:49.884Z,2026-09-04T14:33:15.186Z,SUCCESS,SCHEDULE,Fabric,10,10,0,0,0,1,2026-09-04T14:24:51.724Z,9d7b1c7e-8065-427d-99c7-89e3c8306b1f
202608150818522823,83,Salesforce Silver Pipeline,nb_salesforce_brz_to_slv,/notebooks/nb_salesforce_brz_to_slv,SALESFORCE,SL,DEV,2026-09-04T12:08:14.488Z,2026-09-04T12:15:58.544Z,SUCCESS,SCHEDULE,Fabric,10,10,0,0,1,2,2026-09-04T12:08:16.826Z,6ab129c1-fb62-4518-bfad-8f6d8d29c3ca
202607161857431812,83,Salesforce Silver Pipeline,nb_salesforce_brz_to_slv,/notebooks/nb_salesforce_brz_to_slv,SALESFORCE,SL,DEV,2026-09-04T13:31:48.759Z,2026-09-04T13:39:17.358Z,SUCCESS,SCHEDULE,Fabric,10,10,0,0,1,2,2026-09-04T13:31:56.909Z,bd9b2318-654e-4f3d-b09e-bcdf6b219232
20260904161800,83,Salesforce Silver Pipeline,nb_salesforce_brz_to_slv,/notebooks/nb_salesforce_brz_to_slv,SALESFORCE,SL,DEV,2026-09-04T16:18:03.198Z,2026-09-04T16:24:52.023Z,SUCCESS,SCHEDULE,Fabric,10,10,0,0,0,1,2026-09-04T16:18:03.198Z,7a604b07-1e27-4ff8-bd86-1860fd5608a2
202608291904434406,85,SAMMS INV Bronze Pipeline,pl_inv,BHG-DATA-PLATFORM-CORE-DEV/2_Engineering/3_Orchestration/pl_inv,SAMMS,BR,DEV,2026-08-29T19:04:37.465Z,2026-08-29T20:54:53.689Z,SUCCESS,SCHEDULE,Fabric,2757,2757,0,0,0,1,2026-08-29T19:04:37.465Z,dd7385f2-fbd4-41a4-afcd-7296aca5e198
202609021903206075,85,SAMMS INV Bronze Pipeline,pl_inv,BHG-DATA-PLATFORM-CORE-DEV/2_Engineering/3_Orchestration/pl_inv,SAMMS,BR,DEV,2026-09-02T19:03:15.063Z,2026-09-02T21:23:14.183Z,SUCCESS,SCHEDULE,Fabric,2757,2757,0,0,0,1,2026-09-02T19:03:15.063Z,c49685cc-3281-44bc-a1c2-3be5b1110999
202608301904170791,85,SAMMS INV Bronze Pipeline,pl_inv,BHG-DATA-PLATFORM-CORE-DEV/2_Engineering/3_Orchestration/pl_inv,SAMMS,BR,DEV,2026-08-30T19:04:11.259Z,2026-08-30T21:05:13.828Z,SUCCESS,SCHEDULE,Fabric,2757,2757,0,0,0,1,2026-08-30T19:04:11.259Z,ba679216-ee2b-4344-afb9-134290faf502
202608311905652236,85,SAMMS INV Bronze Pipeline,pl_inv,BHG-DATA-PLATFORM-CORE-DEV/2_Engineering/3_Orchestration/pl_inv,SAMMS,BR,DEV,2026-08-31T19:06:01.136Z,2026-08-31T21:16:53.307Z,SUCCESS,SCHEDULE,Fabric,2757,2757,0,0,0,1,2026-08-31T19:06:01.136Z,79f5b39e-d314-4ad3-8050-3ace553d67de
202609031904101105,85,SAMMS INV Bronze Pipeline,pl_inv,BHG-DATA-PLATFORM-CORE-DEV/2_Engineering/3_Orchestration/pl_inv,SAMMS,BR,DEV,2026-09-03T19:04:05.313Z,2026-09-03T20:54:18.377Z,SUCCESS,SCHEDULE,Fabric,2757,2757,0,0,0,1,2026-09-03T19:04:05.313Z,48b34b87-69c2-467d-a88c-67aac910c539
202609011903672005,85,SAMMS INV Bronze Pipeline,pl_inv,BHG-DATA-PLATFORM-CORE-DEV/2_Engineering/3_Orchestration/pl_inv,SAMMS,BR,DEV,2026-09-01T19:04:04.054Z,2026-09-01T21:15:12.435Z,SUCCESS,SCHEDULE,Fabric,2757,2757,0,0,0,1,2026-09-01T19:04:04.054Z,0e5f68b5-5669-4bb1-91ce-4b967b620e7d
20260902085943,80,Absolute Silver Inventory Pipeline,nb_absolute_brz_to_slv,/notebooks/nb_absolute_execute,Absolute,SL,DEV,2026-09-02T08:59:43.795Z,2026-09-02T09:00:32.378Z,SUCCESS,SCHEDULED,Fabric,1,1,0,0,0,1,2026-09-02T08:59:45.166Z,a41487d3-825d-466d-8054-29503c4fdfc8
20260901121141,79,Absolute Bronze Inventory Pipeline,nb_absolute_src_to_brz,/notebooks/nb_absolute_execute,Absolute,BR,DEV,2026-09-01T15:39:41.887Z,2026-09-01T15:41:00.912Z,SUCCESS,SCHEDULED,Fabric,1,1,0,0,1,3,2026-09-01T15:39:43.589Z,250e2d2e-9477-49d4-a4fd-4463274c368a
20260902070816,80,Absolute Silver Inventory Pipeline,nb_absolute_brz_to_slv,/notebooks/nb_absolute_execute,Absolute,SL,DEV,2026-09-02T07:08:16.099Z,2026-09-02T07:08:37.509Z,SUCCESS,SCHEDULED,Fabric,1,0,0,1,0,1,2026-09-02T07:08:17.502Z,85c6155e-96e1-4147-8377-4f45dcf420e9
20260902071945,80,Absolute Silver Inventory Pipeline,nb_absolute_brz_to_slv,/notebooks/nb_absolute_execute,Absolute,SL,DEV,2026-09-02T07:19:45.179Z,2026-09-02T07:20:06.604Z,SUCCESS,SCHEDULED,Fabric,1,0,0,1,0,1,2026-09-02T07:19:47.423Z,f8367c03-a66c-4c42-b205-a6ee3f57a017
20260902070542,79,Absolute Bronze Inventory Pipeline,nb_absolute_src_to_brz,/notebooks/nb_absolute_execute,Absolute,BR,DEV,2026-09-02T07:37:20.985Z,2026-09-02T07:38:54.068Z,SUCCESS,SCHEDULED,Fabric,1,1,0,0,1,3,2026-09-02T07:37:23.383Z,0c5d2630-65d9-4bd0-b930-19adbfb12b07
20260902062927,80,Absolute Silver Inventory Pipeline,nb_absolute_brz_to_slv,/notebooks/nb_absolute_execute,Absolute,SL,DEV,2026-09-02T06:29:27.128Z,2026-09-02T06:30:15.804Z,SUCCESS,SCHEDULED,Fabric,1,1,0,0,0,1,2026-09-02T06:29:28.626Z,626b70ca-41f2-40a1-87f3-bef3aa422ad8
20260902054938,79,Absolute Bronze Inventory Pipeline,nb_absolute_src_to_brz,/notebooks/nb_absolute_execute,Absolute,BR,DEV,2026-09-02T05:49:38.061Z,2026-09-02T05:50:35.750Z,SUCCESS,SCHEDULED,Fabric,1,1,0,0,0,1,2026-09-02T05:49:39.769Z,3315cd44-194b-4fe5-bd88-0bb25e9cfcfe
20260901115845,80,Absolute Silver Inventory Pipeline,nb_absolute_brz_to_slv,/notebooks/nb_absolute_execute,Absolute,SL,DEV,2026-09-01T11:58:45.164Z,2026-09-01T11:59:33.344Z,SUCCESS,SCHEDULED,Fabric,1,1,0,0,0,1,2026-09-01T11:58:46.883Z,0034eda5-0d9e-4094-9a3a-54d6e7d0dc65
20260901115544,79,Absolute Bronze Inventory Pipeline,nb_absolute_src_to_brz,/notebooks/nb_absolute_execute,Absolute,BR,DEV,2026-09-01T11:55:44.241Z,2026-09-01T11:57:24.321Z,SUCCESS,SCHEDULED,Fabric,1,1,0,0,0,1,2026-09-01T11:55:46.356Z,0034eda5-0d9e-4094-9a3a-54d6e7d0dc65
20260901154207,80,Absolute Silver Inventory Pipeline,nb_absolute_brz_to_slv,/notebooks/nb_absolute_execute,Absolute,SL,DEV,2026-09-01T15:42:07.516Z,2026-09-01T15:43:09.498Z,SUCCESS,SCHEDULED,Fabric,1,1,0,0,0,1,2026-09-01T15:42:08.761Z,250e2d2e-9477-49d4-a4fd-4463274c368a
20260902062710,79,Absolute Bronze Inventory Pipeline,nb_absolute_src_to_brz,/notebooks/nb_absolute_execute,Absolute,BR,DEV,2026-09-02T06:27:10.459Z,2026-09-02T06:28:28.086Z,SUCCESS,SCHEDULED,Fabric,1,1,0,0,0,1,2026-09-02T06:27:19.483Z,626b70ca-41f2-40a1-87f3-bef3aa422ad8
20260901121354,80,Absolute Silver Inventory Pipeline,nb_absolute_brz_to_slv,/notebooks/nb_absolute_execute,Absolute,SL,DEV,2026-09-01T12:13:54.135Z,2026-09-01T12:14:15.628Z,SUCCESS,SCHEDULED,Fabric,1,0,0,1,0,1,2026-09-01T12:13:55.638Z,fae008e4-7a94-46b5-a544-2fdaf8680be9
20260902085704,79,Absolute Bronze Inventory Pipeline,nb_absolute_src_to_brz,/notebooks/nb_absolute_execute,Absolute,BR,DEV,2026-09-02T08:57:04.404Z,2026-09-02T08:58:27.610Z,SUCCESS,SCHEDULED,Fabric,1,1,0,0,0,1,2026-09-02T08:57:06.904Z,a41487d3-825d-466d-8054-29503c4fdfc8
20260901123609,80,Absolute Silver Inventory Pipeline,nb_absolute_brz_to_slv,/notebooks/nb_absolute_execute,Absolute,SL,DEV,2026-09-01T12:36:09.426Z,2026-09-01T12:36:32.951Z,SUCCESS,SCHEDULED,Fabric,1,0,0,1,0,1,2026-09-01T12:36:10.825Z,a6d80463-5929-41ea-bad2-9a19381733e7
20260901155347,79,Absolute Bronze Inventory Pipeline,nb_absolute_src_to_brz,/notebooks/nb_absolute_execute,Absolute,BR,DEV,2026-09-01T15:53:47.636Z,2026-09-01T15:54:56.782Z,SUCCESS,SCHEDULED,Fabric,1,1,0,0,0,1,2026-09-01T15:53:49.350Z,b44694a1-5977-4c4f-ba31-2eb4c7cf57f2
20260901155614,80,Absolute Silver Inventory Pipeline,nb_absolute_brz_to_slv,/notebooks/nb_absolute_execute,Absolute,SL,DEV,2026-09-01T15:56:14.198Z,2026-09-01T15:56:55.399Z,SUCCESS,SCHEDULED,Fabric,1,1,0,0,0,1,2026-09-01T15:56:15.471Z,b44694a1-5977-4c4f-ba31-2eb4c7cf57f2
20260817053034,80,Absolute Silver Inventory Pipeline,nb_absolute_brz_to_slv,/notebooks/nb_absolute_execute,Absolute,SL,DEV,2026-09-01T07:39:05.647Z,2026-09-01T07:40:10.140Z,SUCCESS,SCHEDULED,Fabric,1,1,0,0,1,3,2026-09-01T07:39:11.785Z,029655eb-31ca-4ea0-a1fe-c5fb4d7f3669
20260729081120,79,Absolute Bronze Inventory Pipeline,nb_absolute_src_to_brz,/notebooks/nb_absolute_execute,Absolute,BR,DEV,2026-09-01T07:36:01.513Z,2026-09-01T07:37:53.903Z,SUCCESS,SCHEDULED,Fabric,1,1,0,0,1,2,2026-09-01T07:36:32.090Z,029655eb-31ca-4ea0-a1fe-c5fb4d7f3669
202608201136586561,83,Salesforce Silver Pipeline,nb_salesforce_brz_to_slv,/notebooks/nb_salesforce_brz_to_slv,SALESFORCE,SL,DEV,2026-09-02T11:41:28.479Z,2026-09-02T11:48:14.020Z,FAILED,SCHEDULE,Fabric,10,8,1,1,1,2,2026-09-02T11:41:30.143Z,0b5a27da-5d48-4ed3-a9f4-1a7052a3fcea
202609021926296228,85,SAMMS INV Bronze Pipeline,pl_inv,BHG-DATA-PLATFORM-CORE-DEV/2_Engineering/3_Orchestration/pl_inv,SAMMS,BR,DEV,2026-09-02T19:26:24.153Z,2026-09-02T20:31:45.598Z,SUCCESS,SCHEDULE,Fabric,115,115,0,0,0,1,2026-09-02T19:26:24.153Z,aa9f49a8-9ff8-4a6e-a263-7617045dadde
202609031145401700,85,SAMMS INV Bronze Pipeline,pl_inv,BHG-DATA-PLATFORM-CORE-DEV/2_Engineering/3_Orchestration/pl_inv,SAMMS,BR,DEV,2026-09-03T11:45:34.506Z,2026-09-03T12:12:49.002Z,SUCCESS,SCHEDULE,Fabric,115,115,0,0,0,1,2026-09-03T11:45:34.506Z,8e54a6a2-7031-4831-b2c0-8c5ea7811246
202609041543373975,85,SAMMS INV Bronze Pipeline,pl_inv,BHG-DATA-PLATFORM-CORE-DEV/2_Engineering/3_Orchestration/pl_inv,SAMMS,BR,DEV,2026-09-04T15:43:31.632Z,2026-09-04T16:14:15.373Z,SUCCESS,SCHEDULE,Fabric,227,227,0,0,0,1,2026-09-04T15:43:31.632Z,66e9e433-72b0-4c30-b0ea-7611d9608923
202609051904109217,85,SAMMS INV Bronze Pipeline,pl_inv,BHG-DATA-PLATFORM-CORE-DEV/2_Engineering/3_Orchestration/pl_inv,SAMMS,BR,DEV,2026-09-05T19:04:05.786Z,2026-09-05T19:31:04.387Z,SUCCESS,SCHEDULE,Fabric,115,115,0,0,0,1,2026-09-05T19:04:05.786Z,a7cfa2a8-4e03-4cce-a64e-9a92e6e67f12
202609061904281249,85,SAMMS INV Bronze Pipeline,pl_inv,BHG-DATA-PLATFORM-CORE-DEV/2_Engineering/3_Orchestration/pl_inv,SAMMS,BR,DEV,2026-09-06T19:04:22.497Z,2026-09-06T19:30:16.851Z,SUCCESS,SCHEDULE,Fabric,115,115,0,0,0,1,2026-09-06T19:04:22.497Z,5cce37fd-5f38-41c5-90e1-d9efeb3bd245
202609041706273944,85,SAMMS INV Bronze Pipeline,pl_inv,BHG-DATA-PLATFORM-CORE-DEV/2_Engineering/3_Orchestration/pl_inv,SAMMS,BR,DEV,2026-09-04T17:06:22.224Z,2026-09-04T17:34:32.389Z,SUCCESS,SCHEDULE,Fabric,115,115,0,0,0,1,2026-09-04T17:06:22.224Z,5652dc3b-8824-4606-a16d-f373dc1d2ada
202609031332601326,85,SAMMS INV Bronze Pipeline,pl_inv,BHG-DATA-PLATFORM-CORE-DEV/2_Engineering/3_Orchestration/pl_inv,SAMMS,BR,DEV,2026-09-03T13:32:55.726Z,2026-09-03T14:00:32.118Z,SUCCESS,SCHEDULE,Fabric,115,115,0,0,0,1,2026-09-03T13:32:55.726Z,ef652adf-cab1-42cd-a0bf-1cd03c8c16e7
202609041904219417,85,SAMMS INV Bronze Pipeline,pl_inv,BHG-DATA-PLATFORM-CORE-DEV/2_Engineering/3_Orchestration/pl_inv,SAMMS,BR,DEV,2026-09-04T19:04:17.090Z,2026-09-04T19:33:09.754Z,SUCCESS,SCHEDULE,Fabric,115,115,0,0,0,1,2026-09-04T19:04:17.090Z,b1302ebd-57a3-42bd-9029-9a66dda6727d
202609071904636230,85,SAMMS INV Bronze Pipeline,pl_inv,BHG-DATA-PLATFORM-CORE-DEV/2_Engineering/3_Orchestration/pl_inv,SAMMS,BR,DEV,2026-09-07T19:04:58.605Z,2026-09-07T19:31:02.070Z,SUCCESS,SCHEDULE,Fabric,115,115,0,0,0,1,2026-09-07T19:04:58.605Z,fc48ec9c-d1b8-4775-bd67-583e82846e52
20260907051232,142,Azure SQL Silver Pipeline,nb_azuresql_03_slv_to_slv,/notebooks/nb_azuresql_03_slv_to_slv,Azure SQL,SL,DEV,2026-09-07T05:12:45.496Z,2026-09-07T05:12:45.496Z,FAILED,SCHEDULE,Fabric,1,0,1,0,0,1,2026-09-07T05:12:45.496Z,f61fb4c5-0d31-4954-8aac-d0c2d48f9dc90
20260908043859,142,Azure SQL Silver Pipeline,nb_azuresql_03_slv_to_slv,/notebooks/nb_azuresql_03_slv_to_slv,Azure SQL,SL,DEV,2026-09-08T04:39:18.115Z,2026-09-08T04:39:18.115Z,FAILED,SCHEDULE,Fabric,1,0,1,0,0,1,2026-09-08T04:39:18.115Z,f61fb4c5-0d31-4954-8aac-d0c2d48f9dc90
20260901121141,79,Absolute Bronze Inventory Pipeline,nb_absolute_src_to_brz,/notebooks/nb_absolute_execute,Absolute,BR,DEV,2026-09-01T12:11:41.076Z,2026-09-01T12:12:28.437Z,FAILED,SCHEDULED,Fabric,1,0,1,0,0,1,2026-09-01T12:11:43.677Z,fae008e4-7a94-46b5-a544-2fdaf8680be9
20260902070542,79,Absolute Bronze Inventory Pipeline,nb_absolute_src_to_brz,/notebooks/nb_absolute_execute,Absolute,BR,DEV,2026-09-02T07:05:42.307Z,2026-09-02T07:07:03.701Z,FAILED,SCHEDULED,Fabric,1,0,1,0,0,1,2026-09-02T07:05:43.974Z,85c6155e-96e1-4147-8377-4f45dcf420e9
20260901121141,79,Absolute Bronze Inventory Pipeline,nb_absolute_src_to_brz,/notebooks/nb_absolute_execute,Absolute,BR,DEV,2026-09-01T12:33:53.720Z,2026-09-01T12:34:58.725Z,FAILED,SCHEDULED,Fabric,1,0,1,0,1,2,2026-09-01T12:33:56.190Z,a6d80463-5929-41ea-bad2-9a19381733e7
20260902070542,79,Absolute Bronze Inventory Pipeline,nb_absolute_src_to_brz,/notebooks/nb_absolute_execute,Absolute,BR,DEV,2026-09-02T07:17:41.521Z,2026-09-02T07:18:44.062Z,FAILED,SCHEDULED,Fabric,1,0,1,0,1,2,2026-09-02T07:17:43.359Z,f8367c03-a66c-4c42-b205-a6ee3f57a017
202609031127339423,82,Salesforce Bronze Pipeline,nb_salesforce_src_to_brz,/notebooks/nb_salesforce_execute,SALESFORCE,BR,DEV,2026-09-03T11:27:33.942Z,2026-09-03T11:34:48.230Z,SUCCESS,SCHEDULE,Fabric,10,10,0,0,0,1,2026-09-03T11:27:35.644Z,b5204bb1-5640-4c52-9143-fe923aba5573
202609041151367402,82,Salesforce Bronze Pipeline,nb_salesforce_src_to_brz,/notebooks/nb_salesforce_execute,SALESFORCE,BR,DEV,2026-09-04T11:51:36.740Z,2026-09-04T12:04:02.928Z,SUCCESS,SCHEDULE,Fabric,10,10,0,0,0,1,2026-09-04T11:51:38.634Z,6ab129c1-fb62-4518-bfad-8f6d8d29c3ca
202609041411364710,82,Salesforce Bronze Pipeline,nb_salesforce_src_to_brz,/notebooks/nb_salesforce_execute,SALESFORCE,BR,DEV,2026-09-04T14:11:36.471Z,2026-09-04T14:19:41.504Z,SUCCESS,SCHEDULE,Fabric,10,10,0,0,0,1,2026-09-04T14:11:39.311Z,9d7b1c7e-8065-427d-99c7-89e3c8306b1f
202609041317366179,82,Salesforce Bronze Pipeline,nb_salesforce_src_to_brz,/notebooks/nb_salesforce_execute,SALESFORCE,BR,DEV,2026-09-04T13:17:36.618Z,2026-09-04T13:26:31.009Z,SUCCESS,SCHEDULE,Fabric,10,10,0,0,0,1,2026-09-04T13:17:40.173Z,bd9b2318-654e-4f3d-b09e-bcdf6b219232
202609021132414060,82,Salesforce Bronze Pipeline,nb_salesforce_src_to_brz,/notebooks/nb_salesforce_execute,SALESFORCE,BR,DEV,2026-09-02T17:24:55.830Z,2026-09-02T17:29:58.929Z,SUCCESS,SCHEDULE,Fabric,10,10,0,0,1,2,2026-09-02T17:24:57.793Z,0d5be434-3f1a-4f4b-ae90-f0c48a55ec54
202609041344621464,26,SAMMS DartsSrv Silver Pipeline,pl_execute_dartsrv,/notebooks/nb_darts_bronze_to_silver,Lakehouse,SL,DEV,2026-09-04T13:44:46.919Z,2026-09-04T13:53:21.057Z,SUCCESS,SCHEDULE,Fabric,1,1,0,0,0,1,2026-09-04T13:44:46.919Z,cb9f45fe-59e4-4b23-966e-377c65c5ec2d
202609041408488763,26,SAMMS DartsSrv Silver Pipeline,pl_execute_dartsrv,/notebooks/nb_darts_bronze_to_silver,Lakehouse,SL,DEV,2026-09-04T14:08:50.841Z,2026-09-04T14:34:34.267Z,SUCCESS,SCHEDULE,Fabric,1,1,0,0,0,1,2026-09-04T14:08:50.841Z,d54f2858-d272-437f-a2a4-9fa2f90018e7
20260902063114,81,Absolute Gold Inventory Pipeline,nb_absolute_slv_to_gld,/notebooks/nb_absolute_execute,Absolute,GL,DEV,2026-09-02T06:31:14.284Z,2026-09-02T06:32:00.698Z,SUCCESS,SCHEDULED,Fabric,1,1,0,0,0,1,2026-09-02T06:31:15.597Z,626b70ca-41f2-40a1-87f3-bef3aa422ad8
20260901155748,81,Absolute Gold Inventory Pipeline,nb_absolute_slv_to_gld,/notebooks/nb_absolute_execute,Absolute,GL,DEV,2026-09-01T15:57:48.666Z,2026-09-01T15:58:36.502Z,SUCCESS,SCHEDULED,Fabric,1,1,0,0,0,1,2026-09-01T15:57:50.036Z,b44694a1-5977-4c4f-ba31-2eb4c7cf57f2
20260901074102,81,Absolute Gold Inventory Pipeline,nb_absolute_slv_to_gld,/notebooks/nb_absolute_execute,Absolute,GL,DEV,2026-09-01T07:41:02.905Z,2026-09-01T07:41:50.226Z,SUCCESS,SCHEDULED,Fabric,1,1,0,0,0,1,2026-09-01T07:41:04.203Z,029655eb-31ca-4ea0-a1fe-c5fb4d7f3669
20260902070921,81,Absolute Gold Inventory Pipeline,nb_absolute_slv_to_gld,/notebooks/nb_absolute_execute,Absolute,GL,DEV,2026-09-02T07:09:21.695Z,2026-09-02T07:09:44.001Z,SUCCESS,SCHEDULED,Fabric,1,0,0,1,0,1,2026-09-02T07:09:23.070Z,85c6155e-96e1-4147-8377-4f45dcf420e9
20260901120014,81,Absolute Gold Inventory Pipeline,nb_absolute_slv_to_gld,/notebooks/nb_absolute_execute,Absolute,GL,DEV,2026-09-01T12:00:14.628Z,2026-09-01T12:01:07.547Z,SUCCESS,SCHEDULED,Fabric,1,1,0,0,0,1,2026-09-01T12:00:15.906Z,0034eda5-0d9e-4094-9a3a-54d6e7d0dc65
20260902072051,81,Absolute Gold Inventory Pipeline,nb_absolute_slv_to_gld,/notebooks/nb_absolute_execute,Absolute,GL,DEV,2026-09-02T07:20:51.136Z,2026-09-02T07:21:11.430Z,SUCCESS,SCHEDULED,Fabric,1,0,0,1,0,1,2026-09-02T07:20:52.512Z,f8367c03-a66c-4c42-b205-a6ee3f57a017
20260901154358,81,Absolute Gold Inventory Pipeline,nb_absolute_slv_to_gld,/notebooks/nb_absolute_execute,Absolute,GL,DEV,2026-09-01T15:43:58.562Z,2026-09-01T15:44:52.738Z,SUCCESS,SCHEDULED,Fabric,1,1,0,0,0,1,2026-09-01T15:44:00.164Z,250e2d2e-9477-49d4-a4fd-4463274c368a
202608171026319654,84,Salesforce Gold Pipeline,nb_salesforce_slv_to_gld,/notebooks/nb_salesforce_slv_to_gld,SALESFORCE,GL,DEV,2026-09-04T16:26:19.145Z,2026-09-04T16:32:35.226Z,FAILED,SCHEDULE,Fabric,18,17,1,0,1,10,2026-09-04T16:26:19.145Z,7a604b07-1e27-4ff8-bd86-1860fd5608a2
20260902090122,81,Absolute Gold Inventory Pipeline,nb_absolute_slv_to_gld,/notebooks/nb_absolute_execute,Absolute,GL,DEV,2026-09-02T09:01:22.796Z,2026-09-02T09:02:11.008Z,SUCCESS,SCHEDULED,Fabric,1,1,0,0,0,1,2026-09-02T09:01:24.133Z,a41487d3-825d-466d-8054-29503c4fdfc8
202608171026319654,84,Salesforce Gold Pipeline,nb_salesforce_slv_to_gld,/notebooks/nb_salesforce_slv_to_gld,SALESFORCE,GL,DEV,2026-09-04T14:34:24.388Z,2026-09-04T14:44:23.705Z,FAILED,SCHEDULE,Fabric,18,17,1,0,1,9,2026-09-04T14:34:26.806Z,9d7b1c7e-8065-427d-99c7-89e3c8306b1f
202608171026319654,84,Salesforce Gold Pipeline,nb_salesforce_slv_to_gld,/notebooks/nb_salesforce_slv_to_gld,SALESFORCE,GL,DEV,2026-09-03T11:45:13.541Z,2026-09-03T11:51:02.853Z,FAILED,SCHEDULE,Fabric,18,17,1,0,1,6,2026-09-03T11:45:14.788Z,b5204bb1-5640-4c52-9143-fe923aba5573
202608171026319654,84,Salesforce Gold Pipeline,nb_salesforce_slv_to_gld,/notebooks/nb_salesforce_slv_to_gld,SALESFORCE,GL,DEV,2026-08-28T10:25:34.313Z,2026-08-28T10:32:26.332Z,FAILED,SCHEDULE,Fabric,18,17,1,0,1,3,2026-08-28T10:25:35.942Z,3d84b3b4-01e9-4004-b383-1c54ba72a558
202608171026319654,84,Salesforce Gold Pipeline,nb_salesforce_slv_to_gld,/notebooks/nb_salesforce_slv_to_gld,SALESFORCE,GL,DEV,2026-09-02T11:49:00.696Z,2026-09-02T11:53:37.589Z,FAILED,SCHEDULE,Fabric,18,10,0,8,1,4,2026-09-02T11:49:02.016Z,0b5a27da-5d48-4ed3-a9f4-1a7052a3fcea
202608171026319654,84,Salesforce Gold Pipeline,nb_salesforce_slv_to_gld,/notebooks/nb_salesforce_slv_to_gld,SALESFORCE,GL,DEV,2026-09-02T17:40:51.463Z,2026-09-02T17:54:18.882Z,FAILED,SCHEDULE,Fabric,18,17,1,0,1,5,2026-09-02T17:40:52.747Z,0d5be434-3f1a-4f4b-ae90-f0c48a55ec54
202608171026319654,84,Salesforce Gold Pipeline,nb_salesforce_slv_to_gld,/notebooks/nb_salesforce_slv_to_gld,SALESFORCE,GL,DEV,2026-09-04T12:18:00.394Z,2026-09-04T12:28:22.406Z,FAILED,SCHEDULE,Fabric,18,17,1,0,1,7,2026-09-04T12:18:01.990Z,6ab129c1-fb62-4518-bfad-8f6d8d29c3ca
202608171026319654,84,Salesforce Gold Pipeline,nb_salesforce_slv_to_gld,/notebooks/nb_salesforce_slv_to_gld,SALESFORCE,GL,DEV,2026-09-04T13:40:37.754Z,2026-09-04T13:46:56.135Z,FAILED,SCHEDULE,Fabric,18,17,1,0,1,8,2026-09-04T13:40:39.148Z,bd9b2318-654e-4f3d-b09e-bcdf6b219232
20260904160439,82,Salesforce Bronze Pipeline,nb_salesforce_src_to_brz,/notebooks/nb_salesforce_execute,SALESFORCE,BR,DEV,2026-09-04T16:04:49.741Z,2026-09-04T16:12:33.490Z,SUCCESS,SCHEDULE,Fabric,10,10,0,0,0,1,2026-09-04T16:04:49.741Z,7a604b07-1e27-4ff8-bd86-1860fd5608a2
202609021132414060,82,Salesforce Bronze Pipeline,nb_salesforce_src_to_brz,/notebooks/nb_salesforce_execute,SALESFORCE,BR,DEV,2026-09-02T11:32:41.406Z,2026-09-02T11:37:49.819Z,FAILED,SCHEDULE,Fabric,10,9,1,0,0,1,2026-09-02T11:32:43.069Z,0b5a27da-5d48-4ed3-a9f4-1a7052a3fcea
20260831075844,91,Bronze Conferdeploy,nb_conferdeploy_src_to_brz,/notebooks/nb_conferdeploy_execute,Conferdeploy,BR,DEV,2026-08-31T07:58:56.245Z,2026-08-31T07:59:03.842Z,SUCCESS,SCHEDULED,Fabric,1,1,0,0,0,1,2026-08-31T07:58:45.973Z,22061772-8118-40ff-82ce-daec1d26d93e
20260831083449,91,Bronze Conferdeploy,nb_conferdeploy_src_to_brz,/notebooks/nb_conferdeploy_execute,Conferdeploy,BR,DEV,2026-08-31T08:35:05.652Z,2026-08-31T08:35:21.478Z,SUCCESS,SCHEDULED,Fabric,1,1,0,0,0,1,2026-08-31T08:34:53.710Z,2eddf0ce-6b97-4c82-8bf9-ccbf21e2998e
202609010839594797,138,CDC Orders Bronze,pl_Orders,BHG-DATA-PLATFORM-CORE-DEV/2_Engineering/3_Orchestration/pl_Orders,SAMMS,BR,DEV,2026-09-01T08:39:53.059Z,2026-09-01T08:56:11.651Z,SUCCESS,SCHEDULE,Fabric,3,3,0,0,0,1,2026-09-01T08:39:53.059Z,4405edf1-fb7c-477f-9d58-d1b659522264
202609010807417355,138,CDC Orders Bronze,pl_Orders,BHG-DATA-PLATFORM-CORE-DEV/2_Engineering/3_Orchestration/pl_Orders,SAMMS,BR,DEV,2026-09-01T08:07:36.898Z,2026-09-01T08:25:51.730Z,SUCCESS,SCHEDULE,Fabric,3,3,0,0,0,1,2026-09-01T08:07:36.898Z,e564fb4a-d6e0-4a6d-87df-70b9aa4ef9a8
202608310842246107,138,CDC Orders Bronze,pl_Orders,BHG-DATA-PLATFORM-CORE-DEV/2_Engineering/3_Orchestration/pl_Orders,SAMMS,BR,DEV,2026-08-31T08:42:28.122Z,2026-08-31T08:58:51.683Z,SUCCESS,SCHEDULE,Fabric,3,3,0,0,0,1,2026-08-31T08:42:28.122Z,8d8f524e-53ff-42c5-927c-b9f025f3560d
202608310319285376,138,CDC Orders Bronze,pl_Orders,BHG-DATA-PLATFORM-CORE-DEV/2_Engineering/3_Orchestration/pl_Orders,SAMMS,BR,DEV,2026-08-31T03:19:22.695Z,2026-08-31T03:33:36.374Z,SUCCESS,SCHEDULE,Fabric,3,3,0,0,0,1,2026-08-31T03:19:22.695Z,a6a1b08e-82df-4f99-a849-8253f3b4c81f
202608310638405536,138,CDC Orders Bronze,pl_Orders,BHG-DATA-PLATFORM-CORE-DEV/2_Engineering/3_Orchestration/pl_Orders,SAMMS,BR,DEV,2026-08-31T06:38:34.872Z,2026-08-31T06:55:33.670Z,SUCCESS,SCHEDULE,Fabric,3,3,0,0,0,1,2026-08-31T06:38:34.872Z,09adc00b-372b-45c2-a069-ea5b68dd86d2
202608291411358116,138,CDC Orders Bronze,pl_Orders,BHG-DATA-PLATFORM-CORE-DEV/2_Engineering/3_Orchestration/pl_Orders,SAMMS,BR,DEV,2026-08-29T14:11:30.407Z,2026-08-29T14:26:02.750Z,SUCCESS,SCHEDULE,Fabric,3,3,0,0,0,1,2026-08-29T14:11:30.407Z,551cb7cb-a268-4bd7-90d9-8e186f18f04b
20260831051507,101,QQ_GLTRAN Silver Pipeline,nb_qq_gltran_brz_to_slv,/notebooks/nb_qq_qltran_brz_to_slv,LAKEHOUSE,SL,DEV,2026-08-31T05:15:56.573Z,2026-08-31T05:17:45.715Z,SUCCESS,SCHEDULE,Fabric,1,1,0,0,0,1,2026-08-31T05:15:39.068Z,1c008b8f-6986-49fb-8a1e-935c0f7c97b8
20260831142025,101,QQ_GLTRAN Silver Pipeline,nb_qq_gltran_brz_to_slv,/notebooks/nb_qq_qltran_brz_to_slv,LAKEHOUSE,SL,DEV,2026-08-31T14:20:45.318Z,2026-08-31T14:22:09.928Z,SUCCESS,SCHEDULE,Fabric,1,1,0,0,0,1,2026-08-31T14:20:45.318Z,a4313f80-ca41-4f61-a623-6667a2502fd6
20260908035222,101,QQ_GLTRAN Silver Pipeline,nb_qq_gltran_brz_to_slv,/notebooks/nb_qq_qltran_brz_to_slv,LAKEHOUSE,SL,DEV,2026-09-08T03:52:32.573Z,2026-09-08T03:53:30.709Z,SUCCESS,SCHEDULE,Fabric,1,1,0,0,0,1,2026-09-08T03:52:32.573Z,46a9a56e-0600-4598-9fca-db37b4a86652
20260904123719,101,QQ_GLTRAN Silver Pipeline,nb_qq_gltran_brz_to_slv,/notebooks/nb_qq_qltran_brz_to_slv,LAKEHOUSE,SL,DEV,2026-09-04T12:37:26.942Z,2026-09-04T12:39:15.978Z,SUCCESS,SCHEDULE,Fabric,1,1,0,0,0,1,2026-09-04T12:37:26.942Z,3d506aa0-0269-43eb-aec3-b5d371469503
20260831054027,101,QQ_GLTRAN Silver Pipeline,nb_qq_gltran_brz_to_slv,/notebooks/nb_qq_qltran_brz_to_slv,LAKEHOUSE,SL,DEV,2026-08-31T05:40:59.834Z,2026-08-31T05:42:33.291Z,SUCCESS,SCHEDULE,Fabric,1,1,0,0,0,1,2026-08-31T05:40:52.319Z,9256b474-7b69-4c66-a79f-19b103abc4c0
20260831110025,101,QQ_GLTRAN Silver Pipeline,nb_qq_gltran_brz_to_slv,/notebooks/nb_qq_qltran_brz_to_slv,LAKEHOUSE,SL,DEV,2026-08-31T11:00:35.490Z,2026-08-31T11:02:57.675Z,SUCCESS,SCHEDULE,Fabric,1,1,0,0,0,1,2026-08-31T11:00:35.490Z,cce5d437-9aff-454c-ac59-09fc8b76618b
20260908061517,101,QQ_GLTRAN Silver Pipeline,nb_qq_gltran_brz_to_slv,/notebooks/nb_qq_qltran_brz_to_slv,LAKEHOUSE,SL,DEV,2026-09-08T06:15:29.101Z,2026-09-08T06:39:40.149Z,SUCCESS,SCHEDULE,Fabric,1,1,0,0,1,2,2026-09-08T06:37:33.885Z,e403e9f6-1206-49ac-bede-045a2ed95a50
20260831100934,101,QQ_GLTRAN Silver Pipeline,nb_qq_gltran_brz_to_slv,/notebooks/nb_qq_qltran_brz_to_slv,LAKEHOUSE,SL,DEV,2026-08-31T10:09:43.407Z,2026-08-31T10:10:56.521Z,SUCCESS,SCHEDULE,Fabric,1,1,0,0,0,1,2026-08-31T10:09:43.407Z,9c46e6d2-bc29-486b-834a-5cb790eff166
20260908084202,101,QQ_GLTRAN Silver Pipeline,nb_qq_gltran_brz_to_slv,/notebooks/nb_qq_qltran_brz_to_slv,LAKEHOUSE,SL,DEV,2026-09-08T08:42:04.973Z,2026-09-08T08:43:22.216Z,SUCCESS,SCHEDULE,Fabric,1,1,0,0,0,1,2026-09-08T08:42:04.973Z,e6004494-8034-4769-8f72-2b7109c60495
20260831133905,101,QQ_GLTRAN Silver Pipeline,nb_qq_gltran_brz_to_slv,/notebooks/nb_qq_qltran_brz_to_slv,LAKEHOUSE,SL,DEV,2026-08-31T13:39:15.599Z,2026-08-31T13:41:00.300Z,SUCCESS,SCHEDULE,Fabric,1,1,0,0,0,1,2026-08-31T13:39:15.599Z,07dd075b-5bf5-472f-9e55-115a32dc1362
20260908092109,101,QQ_GLTRAN Silver Pipeline,nb_qq_gltran_brz_to_slv,/notebooks/nb_qq_qltran_brz_to_slv,LAKEHOUSE,SL,DEV,2026-09-08T09:21:11.373Z,2026-09-08T09:22:32.185Z,SUCCESS,SCHEDULE,Fabric,1,1,0,0,0,1,2026-09-08T09:21:11.373Z,6327b150-025b-4080-85da-54d58e3842cf
20260828135641,101,QQ_GLTRAN Silver Pipeline,nb_qq_gltran_brz_to_slv,/notebooks/nb_qq_qltran_brz_to_slv,LAKEHOUSE,SL,DEV,2026-08-28T13:56:59.567Z,2026-08-28T13:58:00.571Z,SUCCESS,SCHEDULE,Fabric,1,1,0,0,0,1,2026-08-28T13:56:52.774Z,47a89ced-7b86-4b2a-bd89-db372bb485ec
20260907070149,101,QQ_GLTRAN Silver Pipeline,nb_qq_gltran_brz_to_slv,/notebooks/nb_qq_qltran_brz_to_slv,LAKEHOUSE,SL,DEV,2026-09-07T07:01:49.342Z,2026-09-07T07:03:07.998Z,SUCCESS,SCHEDULE,Fabric,1,1,0,0,0,1,2026-09-07T07:01:51.084Z,9f5bb09f-5148-427e-a670-091e051e6718
20260828125343,101,QQ_GLTRAN Silver Pipeline,nb_qq_gltran_brz_to_slv,/notebooks/nb_qq_qltran_brz_to_slv,LAKEHOUSE,SL,DEV,2026-08-28T12:54:03.333Z,2026-08-28T12:55:04.760Z,SUCCESS,SCHEDULE,Fabric,1,1,0,0,0,1,2026-08-28T12:53:56.968Z,40ea0c42-ff24-4d7b-9f66-580dbb474a44
20260907061605,101,QQ_GLTRAN Silver Pipeline,nb_qq_gltran_brz_to_slv,/notebooks/nb_qq_qltran_brz_to_slv,LAKEHOUSE,SL,DEV,2026-09-07T06:16:05.436Z,2026-09-07T06:17:44.400Z,SUCCESS,SCHEDULE,Fabric,1,1,0,0,0,1,2026-09-07T06:16:07.123Z,a75ae2d8-c139-4f27-be77-19ed5feecca1
20260831095119,101,QQ_GLTRAN Silver Pipeline,nb_qq_gltran_brz_to_slv,/notebooks/nb_qq_qltran_brz_to_slv,LAKEHOUSE,SL,DEV,2026-08-31T09:51:31.162Z,2026-08-31T09:53:19.197Z,SUCCESS,SCHEDULE,Fabric,1,1,0,0,0,1,2026-08-31T09:51:31.162Z,99ee6f68-ff7d-4d6b-900e-e5e0d7f1a4b2
20260831143253,101,QQ_GLTRAN Silver Pipeline,nb_qq_gltran_brz_to_slv,/notebooks/nb_qq_qltran_brz_to_slv,LAKEHOUSE,SL,DEV,2026-08-31T14:33:03.566Z,2026-08-31T14:34:47.001Z,SUCCESS,SCHEDULE,Fabric,1,1,0,0,0,1,2026-08-31T14:33:03.566Z,fa4047d4-f27a-487b-936c-970d9787c3cb
20260831092322,101,QQ_GLTRAN Silver Pipeline,nb_qq_gltran_brz_to_slv,/notebooks/nb_qq_qltran_brz_to_slv,LAKEHOUSE,SL,DEV,2026-08-31T09:23:30.875Z,2026-08-31T09:25:06.690Z,SUCCESS,SCHEDULE,Fabric,1,1,0,0,0,1,2026-08-31T09:23:30.875Z,5c914870-1259-45db-8e01-071c49c2c48b
20260902120944,101,QQ_GLTRAN Silver Pipeline,nb_qq_gltran_brz_to_slv,/notebooks/nb_qq_qltran_brz_to_slv,LAKEHOUSE,SL,DEV,2026-09-02T12:09:55.040Z,2026-09-02T12:11:19.485Z,SUCCESS,SCHEDULE,Fabric,1,1,0,0,0,1,2026-09-02T12:09:55.040Z,8be66682-1794-4c68-b3dc-9ff94405c2fa
20260908090524,101,QQ_GLTRAN Silver Pipeline,nb_qq_gltran_brz_to_slv,/notebooks/nb_qq_qltran_brz_to_slv,LAKEHOUSE,SL,DEV,2026-09-08T09:05:27.314Z,2026-09-08T09:07:03.261Z,SUCCESS,SCHEDULE,Fabric,1,1,0,0,0,1,2026-09-08T09:05:27.314Z,a0114d93-3f82-4471-a6e0-a067ad105269
20260831112306,101,QQ_GLTRAN Silver Pipeline,nb_qq_gltran_brz_to_slv,/notebooks/nb_qq_qltran_brz_to_slv,LAKEHOUSE,SL,DEV,2026-08-31T11:23:14.677Z,2026-08-31T11:24:26.515Z,SUCCESS,SCHEDULE,Fabric,1,1,0,0,0,1,2026-08-31T11:23:14.677Z,27127f1f-7540-42fb-babc-8705f6188148
20260908103742,101,QQ_GLTRAN Silver Pipeline,nb_qq_gltran_brz_to_slv,/notebooks/nb_qq_qltran_brz_to_slv,LAKEHOUSE,SL,DEV,2026-09-08T10:37:43.618Z,2026-09-08T10:38:59.260Z,SUCCESS,SCHEDULE,Fabric,1,1,0,0,0,1,2026-09-08T10:37:43.618Z,844841fe-75a2-4a3b-b143-75357897be5e
20260831131429,101,QQ_GLTRAN Silver Pipeline,nb_qq_gltran_brz_to_slv,/notebooks/nb_qq_qltran_brz_to_slv,LAKEHOUSE,SL,DEV,2026-08-31T13:14:39.127Z,2026-08-31T13:15:55.441Z,SUCCESS,SCHEDULE,Fabric,1,1,0,0,0,1,2026-08-31T13:14:39.127Z,2ec586ea-689b-4d60-a32b-0ce26aadbc29
20260902094447,101,QQ_GLTRAN Silver Pipeline,nb_qq_gltran_brz_to_slv,/notebooks/nb_qq_qltran_brz_to_slv,LAKEHOUSE,SL,DEV,2026-09-02T09:44:56.700Z,2026-09-02T09:45:58.364Z,SUCCESS,SCHEDULE,Fabric,1,1,0,0,0,1,2026-09-02T09:44:56.700Z,37c478d0-9f56-4e8a-8c38-be79ba66e3f9
20260904115641,101,QQ_GLTRAN Silver Pipeline,nb_qq_gltran_brz_to_slv,/notebooks/nb_qq_qltran_brz_to_slv,LAKEHOUSE,SL,DEV,2026-09-04T11:56:49.614Z,2026-09-04T12:02:04.404Z,SUCCESS,SCHEDULE,Fabric,1,1,0,0,0,1,2026-09-04T11:56:49.614Z,a32139d4-7f73-4d6a-9430-a52d8d74e9b7
20260908061517,101,QQ_GLTRAN Silver Pipeline,nb_qq_gltran_brz_to_slv,/notebooks/nb_qq_qltran_brz_to_slv,LAKEHOUSE,SL,DEV,2026-09-08T06:15:29.101Z,2026-09-08T06:39:40.149Z,SUCCESS,SCHEDULE,Fabric,1,1,0,0,0,1,2026-09-08T06:15:19.152Z,c2aec021-343a-4386-9d16-76ad553ccc83
20260908053408,101,QQ_GLTRAN Silver Pipeline,nb_qq_gltran_brz_to_slv,/notebooks/nb_qq_qltran_brz_to_slv,LAKEHOUSE,SL,DEV,2026-09-08T05:34:19.391Z,2026-09-08T05:35:25.741Z,SUCCESS,SCHEDULE,Fabric,1,1,0,0,0,1,2026-09-08T05:34:19.391Z,1af6f9c0-de07-46ce-9d94-4a023d844ee9
20260908095827,101,QQ_GLTRAN Silver Pipeline,nb_qq_gltran_brz_to_slv,/notebooks/nb_qq_qltran_brz_to_slv,LAKEHOUSE,SL,DEV,2026-09-08T09:58:28.843Z,2026-09-08T09:59:32.760Z,SUCCESS,SCHEDULE,Fabric,1,1,0,0,0,1,2026-09-08T09:58:28.843Z,6350fe6e-e637-4eb4-aac4-015d68ccf3fe
20260907050518,101,QQ_GLTRAN Silver Pipeline,nb_qq_gltran_brz_to_slv,/notebooks/nb_qq_qltran_brz_to_slv,LAKEHOUSE,SL,DEV,2026-09-07T05:05:25.971Z,2026-09-07T05:06:45.236Z,SUCCESS,SCHEDULE,Fabric,1,1,0,0,0,1,2026-09-07T05:05:25.971Z,f74a5d25-bd7c-423d-be43-4d097b916c61
20260908111957,101,QQ_GLTRAN Silver Pipeline,nb_qq_gltran_brz_to_slv,/notebooks/nb_qq_qltran_brz_to_slv,LAKEHOUSE,SL,DEV,2026-09-08T11:19:58.808Z,2026-09-08T11:21:11.382Z,SUCCESS,SCHEDULE,Fabric,1,1,0,0,0,1,2026-09-08T11:19:58.808Z,d878edd4-f775-440e-b7a6-032bab37ea96
20260907152053,101,QQ_GLTRAN Silver Pipeline,nb_qq_gltran_brz_to_slv,/notebooks/nb_qq_qltran_brz_to_slv,LAKEHOUSE,SL,DEV,2026-09-07T15:21:07.183Z,2026-09-07T15:22:11.667Z,SUCCESS,SCHEDULE,Fabric,1,1,0,0,0,1,2026-09-07T15:20:57.572Z,0460ec9f-7fac-46d5-9e9b-69695287cfbb
20260831090050,101,QQ_GLTRAN Silver Pipeline,nb_qq_gltran_brz_to_slv,/notebooks/nb_qq_qltran_brz_to_slv,LAKEHOUSE,SL,DEV,2026-08-31T09:01:10.126Z,2026-08-31T09:02:17.925Z,SUCCESS,SCHEDULE,Fabric,1,1,0,0,0,1,2026-08-31T09:01:10.126Z,f9912f9a-df28-421c-976b-62650ae76af6
20260907154330,101,QQ_GLTRAN Silver Pipeline,nb_qq_gltran_brz_to_slv,/notebooks/nb_qq_qltran_brz_to_slv,LAKEHOUSE,SL,DEV,2026-09-07T15:43:42.601Z,2026-09-07T15:44:44.772Z,SUCCESS,SCHEDULE,Fabric,1,1,0,0,0,1,2026-09-07T15:43:33.765Z,5697f28d-d34c-4ea1-97ba-86411f09cc26
20260831135647,101,QQ_GLTRAN Silver Pipeline,nb_qq_gltran_brz_to_slv,/notebooks/nb_qq_qltran_brz_to_slv,LAKEHOUSE,SL,DEV,2026-08-31T13:56:57.000Z,2026-08-31T13:58:01.302Z,SUCCESS,SCHEDULE,Fabric,1,1,0,0,0,1,2026-08-31T13:56:57.000Z,e8e82550-ed4c-4021-936a-26d7edfe3122
20260828110440,101,QQ_GLTRAN Silver Pipeline,nb_qq_gltran_brz_to_slv,/notebooks/nb_qq_qltran_brz_to_slv,LAKEHOUSE,SL,DEV,2026-08-28T11:05:01.565Z,2026-08-28T11:06:32.530Z,SUCCESS,SCHEDULE,Fabric,1,1,0,0,0,1,2026-08-28T11:04:54.350Z,5f5824ef-55ad-442d-8665-a73e613ea2bc
20260907145410,101,QQ_GLTRAN Silver Pipeline,nb_qq_gltran_brz_to_slv,/notebooks/nb_qq_qltran_brz_to_slv,LAKEHOUSE,SL,DEV,2026-09-07T14:54:24.110Z,2026-09-07T14:55:27.717Z,SUCCESS,SCHEDULE,Fabric,1,1,0,0,0,1,2026-09-07T14:54:14.183Z,ac5b8015-db8f-42f7-a7bf-bc43167fdd7f
20260831103036,101,QQ_GLTRAN Silver Pipeline,nb_qq_gltran_brz_to_slv,/notebooks/nb_qq_qltran_brz_to_slv,LAKEHOUSE,SL,DEV,2026-08-31T10:30:46.284Z,2026-08-31T10:33:23.353Z,SUCCESS,SCHEDULE,Fabric,1,1,0,0,0,1,2026-08-31T10:30:46.284Z,09e49ee2-06d3-4d4e-bead-026bdae61ffd
20260831080015,101,QQ_GLTRAN Silver Pipeline,nb_qq_gltran_brz_to_slv,/notebooks/nb_qq_qltran_brz_to_slv,LAKEHOUSE,SL,DEV,2026-08-31T08:00:21.594Z,2026-08-31T08:02:17.064Z,SUCCESS,SCHEDULE,Fabric,1,1,0,0,0,1,2026-08-31T08:00:24.622Z,cd211bd8-5ba0-4029-bfb0-d15791bb4716
20260902085725,94,chatmeter Bronze Pipeline,nb_chatmeter_src_to_brz,/notebooks/nb_chatmeter_src_to_brz,Chatmeter,BR,DEV,2026-09-02T08:57:25.000Z,2026-09-02T08:58:16.000Z,FAILED,SCHEDULE,Fabric,1,0,1,0,0,1,2026-09-02T08:57:32.650Z,9cf4ff96-63a2-4e42-bc47-6e1888342768
20260831113956,109,Cash Flow Bronze Pipeline,nb_cashflow_src_to_brz,/notebooks/nb_cashflow_src_to_brz,Cash Flow,BR,DEV,2026-09-02T03:13:00.881Z,2026-09-02T03:14:33.266Z,SUCCESS,SCHEDULE,Fabric,4,4,0,0,1,7,2026-09-02T03:13:00.881Z,d1cfa5f7-c2fb-4a03-82f2-0e52df4ab49b
20260904075815,109,Cash Flow Bronze Pipeline,nb_cashflow_src_to_brz,/notebooks/nb_cashflow_src_to_brz,Cash Flow,BR,DEV,2026-09-04T08:43:09.493Z,2026-09-04T08:45:14.397Z,SUCCESS,SCHEDULE,Fabric,4,4,0,0,1,2,2026-09-04T08:43:09.493Z,d42c3a80-d402-47a6-9d0e-a2f670f0338a
20260831113956,109,Cash Flow Bronze Pipeline,nb_cashflow_src_to_brz,/notebooks/nb_cashflow_src_to_brz,Cash Flow,BR,DEV,2026-09-01T09:23:02.876Z,2026-09-01T09:24:03.737Z,SUCCESS,SCHEDULE,Fabric,4,4,0,0,1,5,2026-09-01T09:23:02.876Z,5aaa74e8-d238-46ba-b423-8f9ee83a71d3
20260902073656,109,Cash Flow Bronze Pipeline,nb_cashflow_src_to_brz,/notebooks/nb_cashflow_src_to_brz,Cash Flow,BR,DEV,2026-09-02T09:36:32.603Z,2026-09-02T09:37:34.391Z,SUCCESS,SCHEDULE,Fabric,4,4,0,0,1,4,2026-09-02T09:36:32.603Z,6e13f9c9-c1e3-4ae1-8bc9-f0c91263fbeb
20260902094154,110,Cash Flow Silver Pipeline,nb_cashflow_brz_to_slv,/notebooks/nb_cashflow_brz_to_slv,Cash Flow,SL,DEV,2026-09-03T05:21:19.209Z,2026-09-03T05:21:55.342Z,SUCCESS,SCHEDULE,Fabric,1,1,0,0,1,3,2026-09-03T05:21:19.209Z,bad2b052-b4fc-43dd-94ba-9fe5379aa410
20260901113449,110,Cash Flow Silver Pipeline,nb_cashflow_brz_to_slv,/notebooks/nb_cashflow_brz_to_slv,Cash Flow,SL,DEV,2026-09-02T03:53:32.768Z,2026-09-02T03:54:07.629Z,SUCCESS,SCHEDULE,Fabric,1,0,0,1,1,3,2026-09-02T03:53:32.768Z,d0354a1d-b115-4cc7-88f9-15c40e686970
20260903203732,109,Cash Flow Bronze Pipeline,nb_cashflow_src_to_brz,/notebooks/nb_cashflow_src_to_brz,Cash Flow,BR,DEV,2026-09-03T20:49:23.088Z,2026-09-03T20:50:47.957Z,SUCCESS,SCHEDULE,Fabric,4,4,0,0,1,3,2026-09-03T20:49:23.088Z,cf6c7c8f-6ed2-4b6a-8a3f-4a5233cb59d5
20260831113956,109,Cash Flow Bronze Pipeline,nb_cashflow_src_to_brz,/notebooks/nb_cashflow_src_to_brz,Cash Flow,BR,DEV,2026-09-01T11:27:29.993Z,2026-09-01T11:28:24.226Z,SUCCESS,SCHEDULE,Fabric,4,4,0,0,1,6,2026-09-01T11:27:29.993Z,0bb58acd-a1b3-42e8-9d42-ba51271ad64f
20260902073656,109,Cash Flow Bronze Pipeline,nb_cashflow_src_to_brz,/notebooks/nb_cashflow_src_to_brz,Cash Flow,BR,DEV,2026-09-02T09:54:26.030Z,2026-09-02T09:55:24.417Z,SUCCESS,SCHEDULE,Fabric,4,4,0,0,1,5,2026-09-02T09:54:26.030Z,c029585a-08e5-4f27-88c1-b279d1dfe21d
20260901113449,110,Cash Flow Silver Pipeline,nb_cashflow_brz_to_slv,/notebooks/nb_cashflow_brz_to_slv,Cash Flow,SL,DEV,2026-09-02T03:18:48.562Z,2026-09-02T03:19:17.564Z,SUCCESS,SCHEDULE,Fabric,1,0,0,1,1,2,2026-09-02T03:18:48.562Z,d1cfa5f7-c2fb-4a03-82f2-0e52df4ab49b
20260902073656,109,Cash Flow Bronze Pipeline,nb_cashflow_src_to_brz,/notebooks/nb_cashflow_src_to_brz,Cash Flow,BR,DEV,2026-09-03T05:13:51.067Z,2026-09-03T05:15:26.705Z,SUCCESS,SCHEDULE,Fabric,4,4,0,0,1,6,2026-09-03T05:13:51.067Z,bad2b052-b4fc-43dd-94ba-9fe5379aa410
20260831113956,109,Cash Flow Bronze Pipeline,nb_cashflow_src_to_brz,/notebooks/nb_cashflow_src_to_brz,Cash Flow,BR,DEV,2026-09-01T09:11:50.474Z,2026-09-01T09:12:47.559Z,SUCCESS,SCHEDULE,Fabric,4,4,0,0,1,4,2026-09-01T09:11:50.474Z,4ceb0bce-ea6d-4d2d-aca0-d9d53349d203
20260903052019,,Active Directory Bronze Pipeline,nb_activedirectory_brz_to_slv1,/notebooks/nb_activedirectory_brz_to_slv1,Active Directory,BR,DEV,2026-09-03T05:20:38.004Z,2026-09-03T05:20:38.004Z,FAILED,SCHEDULE,Fabric,1,0,1,0,0,1,2026-09-03T05:20:38.004Z,f61fb4c5-0d31-4954-8aac-d0c2d48f9dc3
20260901091825,110,Cash Flow Silver Pipeline,nb_cashflow_brz_to_slv,/notebooks/nb_cashflow_brz_to_slv,Cash Flow,SL,DEV,2026-09-01T09:18:25.631Z,2026-09-01T09:18:25.631Z,FAILED,SCHEDULE,Fabric,1,0,1,0,0,1,2026-09-01T09:18:25.631Z,4ceb0bce-ea6d-4d2d-aca0-d9d53349d203
20260904075815,110,Cash Flow Silver Pipeline,nb_cashflow_brz_to_slv,/notebooks/nb_cashflow_brz_to_slv,Cash Flow,SL,DEV,2026-09-04T07:58:15.387Z,2026-09-04T07:58:15.387Z,FAILED,SCHEDULE,Fabric,1,0,1,0,0,1,2026-09-04T07:58:15.387Z,714261ac-6ca6-4f7a-a1cc-65ca648efe73
20260903203732,110,Cash Flow Silver Pipeline,nb_cashflow_brz_to_slv,/notebooks/nb_cashflow_brz_to_slv,Cash Flow,SL,DEV,2026-09-03T20:37:32.447Z,2026-09-03T20:37:32.447Z,FAILED,SCHEDULE,Fabric,1,0,1,0,0,1,2026-09-03T20:37:32.447Z,7a57419a-bb25-4ef5-a179-dddc64ce8c4f
20260901070043,110,Cash Flow Silver Pipeline,nb_cashflow_brz_to_slv,/notebooks/nb_cashflow_brz_to_slv,Cash Flow,SL,DEV,2026-09-01T07:00:43.152Z,2026-09-01T07:00:43.152Z,FAILED,SCHEDULE,Fabric,1,0,1,0,0,1,2026-09-01T07:00:43.152Z,c494ff15-7c1e-47e5-8a0b-9b879ea70768
20260901113449,110,Cash Flow Silver Pipeline,nb_cashflow_brz_to_slv,/notebooks/nb_cashflow_brz_to_slv,Cash Flow,SL,DEV,2026-09-01T11:34:49.501Z,2026-09-01T11:34:49.501Z,FAILED,SCHEDULE,Fabric,1,0,1,0,0,1,2026-09-01T11:34:49.501Z,0bb58acd-a1b3-42e8-9d42-ba51271ad64f
20260902035827,110,Cash Flow Silver Pipeline,nb_cashflow_brz_to_slv,/notebooks/nb_cashflow_brz_to_slv,Cash Flow,SL,DEV,2026-09-02T03:58:27.108Z,2026-09-02T03:58:27.108Z,FAILED,SCHEDULE,Fabric,1,0,1,0,0,1,2026-09-02T03:58:27.108Z,d0354a1d-b115-4cc7-88f9-15c40e686970
20260902032359,109,Cash Flow Bronze Pipeline,nb_cashflow_src_to_brz,/notebooks/nb_cashflow_src_to_brz,Cash Flow,BR,DEV,2026-09-02T03:23:59.500Z,2026-09-02T03:23:59.500Z,FAILED,SCHEDULE,Fabric,4,0,1,0,0,1,2026-09-02T03:23:59.500Z,d1cfa5f7-c2fb-4a03-82f2-0e52df4ab49b
20260901093000,110,Cash Flow Silver Pipeline,nb_cashflow_brz_to_slv,/notebooks/nb_cashflow_brz_to_slv,Cash Flow,SL,DEV,2026-09-01T09:30:00.069Z,2026-09-01T09:30:00.069Z,FAILED,SCHEDULE,Fabric,1,0,1,0,0,1,2026-09-01T09:30:00.069Z,5aaa74e8-d238-46ba-b423-8f9ee83a71d3
20260903201615,109,Cash Flow Bronze Pipeline,nb_cashflow_src_to_brz,/notebooks/nb_cashflow_src_to_brz,Cash Flow,BR,DEV,2026-09-03T20:16:15.358Z,2026-09-03T20:16:15.358Z,FAILED,SCHEDULE,Fabric,1,0,1,0,0,1,2026-09-03T20:16:15.358Z,4e04fc78-0d8f-46b4-b4f2-5b7473a4d0e8
20260904064627,111,Cash Flow Gold Pipeline,nb_cashflow_slv_to_gld,/notebooks/nb_cashflow_slv_to_gld,Cash Flow,GL,DEV,2026-09-04T06:46:27.707Z,2026-09-04T06:46:27.707Z,SKIPPED,SCHEDULE,Fabric,1,0,0,1,0,1,2026-09-04T06:46:27.707Z,d40ce3b6-17a1-46ab-b12e-c683ffcad914
20260903052559,111,Cash Flow Gold Pipeline,nb_cashflow_slv_to_gld,/notebooks/nb_cashflow_slv_to_gld,Cash Flow,GL,DEV,2026-09-03T05:25:59.223Z,2026-09-03T05:25:59.223Z,SKIPPED,SCHEDULE,Fabric,1,0,0,1,0,1,2026-09-03T05:25:59.223Z,bad2b052-b4fc-43dd-94ba-9fe5379aa410
20260902035712,111,Cash Flow Gold Pipeline,nb_cashflow_slv_to_gld,/notebooks/nb_cashflow_slv_to_gld,Cash Flow,GL,DEV,2026-09-02T03:57:12.928Z,2026-09-02T03:57:12.928Z,SKIPPED,SCHEDULE,Fabric,1,0,0,1,0,1,2026-09-02T03:57:12.928Z,d0354a1d-b115-4cc7-88f9-15c40e686970
20260904085556,111,Cash Flow Gold Pipeline,nb_cashflow_slv_to_gld,/notebooks/nb_cashflow_slv_to_gld,Cash Flow,GL,DEV,2026-09-04T08:55:56.167Z,2026-09-04T08:55:56.167Z,SKIPPED,SCHEDULE,Fabric,1,0,0,1,0,1,2026-09-04T08:55:56.167Z,d42c3a80-d402-47a6-9d0e-a2f670f0338a
20260903210055,111,Cash Flow Gold Pipeline,nb_cashflow_slv_to_gld,/notebooks/nb_cashflow_slv_to_gld,Cash Flow,GL,DEV,2026-09-03T21:00:55.666Z,2026-09-03T21:00:55.666Z,SKIPPED,SCHEDULE,Fabric,1,0,0,1,0,1,2026-09-03T21:00:55.666Z,cf6c7c8f-6ed2-4b6a-8a3f-4a5233cb59d5
20260902032229,111,Cash Flow Gold Pipeline,nb_cashflow_slv_to_gld,/notebooks/nb_cashflow_slv_to_gld,Cash Flow,GL,DEV,2026-09-02T03:22:29.960Z,2026-09-02T03:22:29.960Z,SKIPPED,SCHEDULE,Fabric,1,0,0,1,0,1,2026-09-02T03:22:29.960Z,d1cfa5f7-c2fb-4a03-82f2-0e52df4ab49b
20260902090144,111,Cash Flow Gold Pipeline,nb_cashflow_slv_to_gld,/notebooks/nb_cashflow_slv_to_gld,Cash Flow,GL,DEV,2026-09-02T09:01:44.035Z,2026-09-02T09:01:44.035Z,SKIPPED,SCHEDULE,Fabric,1,0,0,1,0,1,2026-09-02T09:01:44.035Z,cc136ea8-572b-4137-a8c9-bc9ec64f83b6
20260902100555,111,Cash Flow Gold Pipeline,nb_cashflow_slv_to_gld,/notebooks/nb_cashflow_slv_to_gld,Cash Flow,GL,DEV,2026-09-02T10:05:55.222Z,2026-09-02T10:05:55.222Z,SKIPPED,SCHEDULE,Fabric,1,0,0,1,0,1,2026-09-02T10:05:55.222Z,c029585a-08e5-4f27-88c1-b279d1dfe21d
20260903212417,111,Cash Flow Gold Pipeline,nb_cashflow_slv_to_gld,/notebooks/nb_cashflow_slv_to_gld,Cash Flow,GL,DEV,2026-09-03T21:24:17.006Z,2026-09-03T21:24:17.006Z,SKIPPED,SCHEDULE,Fabric,1,0,0,1,0,1,2026-09-03T21:24:17.006Z,47074de9-d3a9-4b3d-b69c-7be5bb05cabc
20260903090652,130,Azure Sql Python Gold,pl_azure_sql_python,/pipelines/pl_Azure_Sql_Python,SILVER LAKEHOUSE,GL,DEV,2026-09-03T09:06:52.833Z,2026-09-03T09:06:52.833Z,SKIPPED,SCHEDULE,Fabric,0,0,0,1,0,1,2026-09-03T09:06:52.833Z,c8492d56-1821-4068-a9fe-b7dd40adbafa
20260619062413,73,Alloy Bronze Incidents Pipeline,nb_alloy_src_to_brz,/notebooks/nb_execute_alloyapi,ALLOY,BR,DEV,2026-09-01T11:48:21.000Z,2026-09-01T11:48:53.000Z,FAILED,SCHEDULED,Fabric,1,0,1,0,1,4,2026-09-01T11:48:23.478Z,d5881c9a-cc97-48db-9be2-2e90c8ee25ee
20260619062413,73,Alloy Bronze Incidents Pipeline,nb_alloy_src_to_brz,/notebooks/nb_execute_alloyapi,ALLOY,BR,DEV,2026-09-02T11:24:19.000Z,2026-09-02T11:45:48.000Z,FAILED,SCHEDULED,Fabric,1,0,1,0,1,7,2026-09-02T11:24:21.170Z,1007c3cc-f056-4e74-81c3-68c6b23f1a96
20260619062413,73,Alloy Bronze Incidents Pipeline,nb_alloy_src_to_brz,/notebooks/nb_execute_alloyapi,ALLOY,BR,DEV,2026-09-02T10:54:05.000Z,2026-09-02T10:54:40.000Z,FAILED,SCHEDULED,Fabric,1,0,1,0,1,6,2026-09-02T10:54:07.497Z,bd88f562-ba05-4b73-8eef-2763d39e6551
20260619062413,73,Alloy Bronze Incidents Pipeline,nb_alloy_src_to_brz,/notebooks/nb_execute_alloyapi,ALLOY,BR,DEV,2026-09-01T10:35:27.000Z,2026-09-01T10:35:58.000Z,FAILED,SCHEDULED,Fabric,1,0,1,0,1,2,2026-09-01T10:35:28.843Z,c449f350-a1e9-4f35-b056-46c762cb8b9f
20260619062413,73,Alloy Bronze Incidents Pipeline,nb_alloy_src_to_brz,/notebooks/nb_execute_alloyapi,ALLOY,BR,DEV,2026-09-01T10:50:56.000Z,2026-09-01T10:51:30.000Z,FAILED,SCHEDULED,Fabric,1,0,1,0,1,3,2026-09-01T10:50:58.028Z,5765a90c-455c-4648-a83a-128e7cd6b6db
20260619062413,73,Alloy Bronze Incidents Pipeline,nb_alloy_src_to_brz,/notebooks/nb_execute_alloyapi,ALLOY,BR,DEV,2026-09-01T12:06:22.000Z,2026-09-01T12:24:11.000Z,FAILED,SCHEDULED,Fabric,1,0,1,0,1,5,2026-09-01T12:06:27.240Z,01062de6-159c-4953-9051-435ca199e63a
20260902104313,130,Azure Sql Python Gold,pl_azure_sql_python,/pipelines/pl_Azure_Sql_Python,SILVER LAKEHOUSE,GL,DEV,2026-09-08T11:31:29.975Z,2026-09-08T11:33:56.731Z,SUCCESS,MANUAL,MANUAL,2,2,0,0,1,2,2026-09-08T11:31:29.975Z,3f9de54d-9a8f-4df0-8670-5ed7c25ab4cf
20260902141836,130,Azure Sql Python Gold,pl_azure_sql_python,/pipelines/pl_Azure_Sql_Python,SILVER LAKEHOUSE,GL,DEV,2026-09-02T14:18:36.802Z,2026-09-02T14:20:30.821Z,SUCCESS,MANUAL,MANUAL,2,2,0,0,0,1,2026-09-02T14:18:36.802Z,79833df3-66ae-4444-9ab7-5c0304d71f41
20260903052622,130,Azure Sql Python Gold,pl_azure_sql_python,/pipelines/pl_Azure_Sql_Python,SILVER LAKEHOUSE,GL,DEV,2026-09-03T05:26:22.023Z,2026-09-03T05:27:58.116Z,SUCCESS,MANUAL,MANUAL,2,2,0,0,0,1,2026-09-03T05:26:22.023Z,dfcc7090-6aed-405f-b6cd-6bb0271aee4d
20260902135948,130,Azure Sql Python Gold,pl_azure_sql_python,/pipelines/pl_Azure_Sql_Python,SILVER LAKEHOUSE,GL,DEV,2026-09-02T13:59:48.077Z,2026-09-02T14:01:23.537Z,SUCCESS,MANUAL,MANUAL,2,2,0,0,0,1,2026-09-02T13:59:48.077Z,45419c76-388a-4885-8a6e-e1a255f50e99
20260904121429,130,Azure Sql Python Gold,pl_azure_sql_python,/pipelines/pl_Azure_Sql_Python,SILVER LAKEHOUSE,GL,DEV,2026-09-04T12:14:29.908Z,2026-09-04T12:17:20.449Z,SUCCESS,MANUAL,MANUAL,2,2,0,0,0,1,2026-09-04T12:14:29.908Z,a3df7d89-3924-493c-b358-bb016a1b1833
20260902105924,130,Azure Sql Python Gold,pl_azure_sql_python,/pipelines/pl_Azure_Sql_Python,SILVER LAKEHOUSE,GL,DEV,2026-09-08T05:41:27.221Z,2026-09-08T05:43:07.582Z,SUCCESS,MANUAL,MANUAL,2,2,0,0,1,2,2026-09-08T05:41:27.221Z,5f4fa39c-2bfa-4433-b23d-f7983e8c1a2e
20260904090439,130,Azure Sql Python Gold,pl_azure_sql_python,/pipelines/pl_Azure_Sql_Python,SILVER LAKEHOUSE,GL,DEV,2026-09-04T09:04:39.842Z,2026-09-04T09:06:16.213Z,SUCCESS,MANUAL,MANUAL,2,2,0,0,0,1,2026-09-04T09:04:39.842Z,a7509d48-2072-4539-bbb5-3825d8741944
20260903071507,130,Azure Sql Python Gold,pl_azure_sql_python,/pipelines/pl_Azure_Sql_Python,SILVER LAKEHOUSE,GL,DEV,2026-09-03T07:15:07.694Z,2026-09-03T07:17:00.879Z,SUCCESS,MANUAL,MANUAL,2,2,0,0,0,1,2026-09-03T07:15:07.694Z,5d717f31-08a0-46d8-9f4f-a1e32d7e0c04
20260902120932,130,Azure Sql Python Gold,pl_azure_sql_python,/pipelines/pl_Azure_Sql_Python,SILVER LAKEHOUSE,GL,DEV,2026-09-02T12:09:32.907Z,2026-09-02T12:11:26.593Z,SUCCESS,MANUAL,MANUAL,2,2,0,0,0,1,2026-09-02T12:09:32.907Z,325dbe90-d834-46da-addb-cfdd40b210fa
20260908055844,130,Azure Sql Python Gold,pl_azure_sql_python,/pipelines/pl_Azure_Sql_Python,SILVER LAKEHOUSE,GL,DEV,2026-09-08T11:14:18.172Z,2026-09-08T11:16:13.643Z,SUCCESS,MANUAL,MANUAL,2,2,0,0,1,2,2026-09-08T11:14:18.172Z,fe654495-a612-4a17-9fd5-04bdafeff38b
20260908040529,130,Azure Sql Python Gold,pl_azure_sql_python,/pipelines/pl_Azure_Sql_Python,SILVER LAKEHOUSE,GL,DEV,2026-09-08T05:16:03.137Z,2026-09-08T05:18:38.502Z,SUCCESS,MANUAL,MANUAL,2,2,0,0,1,2,2026-09-08T05:16:03.137Z,a468a7ef-f4f0-4f75-9a4b-9f10041efb90
20260907102244,130,Azure Sql Python Gold,pl_azure_sql_python,/pipelines/pl_Azure_Sql_Python,SILVER LAKEHOUSE,GL,DEV,2026-09-07T10:39:29.517Z,2026-09-07T10:41:21.926Z,SUCCESS,MANUAL,MANUAL,2,2,0,0,1,2,2026-09-07T10:39:29.517Z,99033397-8470-4a39-91b2-99c27aed5089
20260831113956,109,Cash Flow Bronze Pipeline,nb_cashflow_src_to_,/notebooks/nb_cashflow_src_to_,Cash Flow,BRZ,DEV,2026-08-31T11:39:56.079Z,2026-08-31T11:39:56.079Z,FAILED,SCHEDULE,Fabric,1,0,1,0,0,1,2026-08-31T11:39:56.079Z,ddf9572b-0250-4244-a6a4-d8778e19d918
20260902073656,109,Cash Flow Bronze Pipeline,nb_cashflow_src_to_,/notebooks/nb_cashflow_src_to_,Cash Flow,BRZ,DEV,2026-09-02T07:36:56.356Z,2026-09-02T07:36:56.356Z,FAILED,SCHEDULE,Fabric,1,0,1,0,0,1,2026-09-02T07:36:56.356Z,3584a9a3-96dc-49b9-b632-14dbee6a19e8
20260902084237,130,Azure Sql Python Gold,pl_Azure_Sql_Python,/pipelines/pl_Azure_Sql_Python,SILVER LAKEHOUSE,GL,DEV,2026-09-02T08:42:37.949Z,2026-09-02T08:42:37.949Z,FAILED,MANUAL,MANUAL,1,0,1,0,0,1,2026-09-02T08:42:37.949Z,f3f50506-ab42-4017-a5e3-5d4c793aa0e6
20260902105924,130,Azure Sql Python Gold,pl_Azure_Sql_Python,/pipelines/pl_Azure_Sql_Python,SILVER LAKEHOUSE,GL,DEV,2026-09-02T10:59:24.774Z,2026-09-02T10:59:24.774Z,FAILED,MANUAL,MANUAL,1,0,1,0,0,1,2026-09-02T10:59:24.774Z,3506b852-499a-468c-8078-080e698457ef
20260902093208,130,Azure Sql Python Gold,pl_Azure_Sql_Python,/pipelines/pl_Azure_Sql_Python,SILVER LAKEHOUSE,GL,DEV,2026-09-02T09:32:08.075Z,2026-09-02T09:32:08.075Z,FAILED,MANUAL,MANUAL,1,0,1,0,0,1,2026-09-02T09:32:08.075Z,e382a313-3d19-4b82-9b57-fd2a0e196c56
20260902085926,130,Azure Sql Python Gold,pl_Azure_Sql_Python,/pipelines/pl_Azure_Sql_Python,SILVER LAKEHOUSE,GL,DEV,2026-09-02T08:59:26.621Z,2026-09-02T08:59:26.621Z,FAILED,MANUAL,MANUAL,1,0,1,0,0,1,2026-09-02T08:59:26.621Z,1a271d40-e925-4513-b84c-2f60ddb77cc5
20260902102040,130,Azure Sql Python Gold,pl_Azure_Sql_Python,/pipelines/pl_Azure_Sql_Python,SILVER LAKEHOUSE,GL,DEV,2026-09-02T10:20:40.782Z,2026-09-02T10:20:40.782Z,FAILED,MANUAL,MANUAL,1,0,1,0,0,1,2026-09-02T10:20:40.782Z,24cb0943-51a7-4a50-ab37-5fffed8584c8
20260902104313,130,Azure Sql Python Gold,pl_Azure_Sql_Python,/pipelines/pl_Azure_Sql_Python,SILVER LAKEHOUSE,GL,DEV,2026-09-02T10:43:13.539Z,2026-09-02T10:43:13.539Z,FAILED,MANUAL,MANUAL,1,0,1,0,0,1,2026-09-02T10:43:13.539Z,78a4ffb1-a727-4484-9bb3-a619e88004d4
20260907102244,130,Azure Sql Python Gold,pl_Azure_Sql_Python,/pipelines/pl_Azure_Sql_Python,SILVER LAKEHOUSE,GL,DEV,2026-09-07T10:22:44.038Z,2026-09-07T10:22:44.038Z,FAILED,MANUAL,MANUAL,1,0,1,0,0,1,2026-09-07T10:22:44.038Z,59e851e0-897f-4c3c-ab10-d7c44d4ebdc4
20260908055844,130,Azure Sql Python Gold,pl_Azure_Sql_Python,/pipelines/pl_Azure_Sql_Python,SILVER LAKEHOUSE,GL,DEV,2026-09-08T05:58:44.146Z,2026-09-08T05:58:44.146Z,FAILED,MANUAL,MANUAL,1,0,1,0,0,1,2026-09-08T05:58:44.146Z,2bc2c23e-4fff-4fcf-8329-7318fd2d456d
20260908040529,130,Azure Sql Python Gold,pl_Azure_Sql_Python,/pipelines/pl_Azure_Sql_Python,SILVER LAKEHOUSE,GL,DEV,2026-09-08T04:05:29.190Z,2026-09-08T04:05:29.190Z,FAILED,MANUAL,MANUAL,1,0,1,0,0,1,2026-09-08T04:05:29.190Z,6304a7b3-dc45-41d5-a589-785ca3248459
20260902074436,130,Azure Sql Python Gold,pl_Azure_Sql_Python,/pipelines/pl_Azure_Sql_Python,SILVER LAKEHOUSE,GL,DEV,2026-09-02T07:44:36.898Z,2026-09-02T07:44:36.898Z,FAILED,MANUAL,MANUAL,1,0,1,0,0,1,2026-09-02T07:44:36.898Z,391059bc-57e5-49c5-af48-252a2b55168c
20260902072834,130,Azure Sql Python Gold,pl_Azure_Sql_Python,/pipelines/pl_Azure_Sql_Python,SILVER LAKEHOUSE,GL,DEV,2026-09-02T07:28:34.145Z,2026-09-02T07:28:34.145Z,FAILED,MANUAL,MANUAL,1,0,1,0,0,1,2026-09-02T07:28:34.145Z,cfc73f64-c97a-42ba-92ba-46c5d817d8b9
20260903025712,38,KnowBe4 Silver Pipeline,nb_knowbe4_brz_to_slv,/notebooks/nb_knowbe4_brz_to_slv,KNOWBE4,SL,DEV,2026-09-03T15:07:04.950Z,2026-09-03T15:09:17.424Z,SUCCESS,SCHEDULE,Fabric,1,1,0,0,1,2,2026-09-03T15:07:07.317Z,922c1f84-e757-442e-9e5b-cf435170529f
20260831154107,38,KnowBe4 Silver Pipeline,nb_knowbe4_brz_to_slv,/notebooks/nb_knowbe4_brz_to_slv,KNOWBE4,SL,DEV,2026-08-31T15:41:07.661Z,2026-08-31T15:42:02.021Z,SUCCESS,SCHEDULE,Fabric,1,1,0,0,0,1,2026-08-31T15:41:09.162Z,a710157a-9874-439e-a5c5-b1f8550e13aa
20260901035911,38,KnowBe4 Silver Pipeline,nb_knowbe4_brz_to_slv,/notebooks/nb_knowbe4_brz_to_slv,KNOWBE4,SL,DEV,2026-09-01T03:59:11.823Z,2026-09-01T03:59:38.608Z,SUCCESS,SCHEDULE,Fabric,1,0,0,1,0,1,2026-09-01T03:59:13.621Z,89aa85db-7899-405b-952b-7efb5850e815
20260831164247,38,KnowBe4 Silver Pipeline,nb_knowbe4_brz_to_slv,/notebooks/nb_knowbe4_brz_to_slv,KNOWBE4,SL,DEV,2026-08-31T16:42:47.237Z,2026-08-31T16:44:42.552Z,SUCCESS,SCHEDULE,Fabric,1,1,0,0,0,1,2026-08-31T16:42:48.902Z,a58a3cc2-27a0-44ee-8cb6-4c66a0119242
20260831162258,38,KnowBe4 Silver Pipeline,nb_knowbe4_brz_to_slv,/notebooks/nb_knowbe4_brz_to_slv,KNOWBE4,SL,DEV,2026-08-31T16:22:58.177Z,2026-08-31T16:24:28.808Z,SUCCESS,SCHEDULE,Fabric,1,1,0,0,0,1,2026-08-31T16:22:59.789Z,88dc83e4-58c5-4cf9-9871-598faa41293b
20260901105537,38,KnowBe4 Silver Pipeline,nb_knowbe4_brz_to_slv,/notebooks/nb_knowbe4_brz_to_slv,KNOWBE4,SL,DEV,2026-09-01T10:55:37.295Z,2026-09-01T10:56:32.990Z,SUCCESS,SCHEDULE,Fabric,1,1,0,0,0,1,2026-09-01T10:55:39.619Z,325d4691-3681-440b-925e-1a15934da332
20260903153327,38,KnowBe4 Silver Pipeline,nb_knowbe4_brz_to_slv,/notebooks/nb_knowbe4_brz_to_slv,KNOWBE4,SL,DEV,2026-09-03T15:33:27.990Z,2026-09-03T15:34:28.471Z,SUCCESS,SCHEDULE,Fabric,1,1,0,0,0,1,2026-09-03T15:33:30.388Z,8ba6a4b7-c54f-4c4b-aa8f-710a0f7da5c7
20260907094512,38,KnowBe4 Silver Pipeline,nb_knowbe4_brz_to_slv,/notebooks/nb_knowbe4_brz_to_slv,KNOWBE4,SL,DEV,2026-09-07T09:45:12.645Z,2026-09-07T09:46:35.384Z,SUCCESS,SCHEDULE,Fabric,1,1,0,0,0,1,2026-09-07T09:45:14.506Z,4a819cd8-c6c0-4519-9ae0-3043187c2ed9
20260901033051,38,KnowBe4 Silver Pipeline,nb_knowbe4_brz_to_slv,/notebooks/nb_knowbe4_brz_to_slv,KNOWBE4,SL,DEV,2026-09-01T03:30:51.338Z,2026-09-01T03:31:22.084Z,SUCCESS,SCHEDULE,Fabric,1,0,0,1,0,1,2026-09-01T03:30:54.531Z,9aac98b8-cf63-44a3-9b92-06594ef0a146
20260904092833,38,KnowBe4 Silver Pipeline,nb_knowbe4_brz_to_slv,/notebooks/nb_knowbe4_brz_to_slv,KNOWBE4,SL,DEV,2026-09-04T09:28:33.545Z,2026-09-04T09:30:13.289Z,SUCCESS,SCHEDULE,Fabric,1,1,0,0,0,1,2026-09-04T09:28:35.423Z,f4aea0dd-d01c-4467-a718-f830a8d74578
20260901141429,38,KnowBe4 Silver Pipeline,nb_knowbe4_brz_to_slv,/notebooks/nb_knowbe4_brz_to_slv,KNOWBE4,SL,DEV,2026-09-01T14:14:29.411Z,2026-09-01T14:15:27.179Z,SUCCESS,SCHEDULE,Fabric,1,1,0,0,0,1,2026-09-01T14:14:31.289Z,b174e830-d541-4258-b1ec-a36dec9e0454
20260904054214,38,KnowBe4 Silver Pipeline,nb_knowbe4_brz_to_slv,/notebooks/nb_knowbe4_brz_to_slv,KNOWBE4,SL,DEV,2026-09-04T05:42:14.871Z,2026-09-04T05:42:53.844Z,SUCCESS,SCHEDULE,Fabric,1,0,0,1,0,1,2026-09-04T05:42:16.687Z,54721c87-e123-449f-8a99-037af910188a
20260903122718,38,KnowBe4 Silver Pipeline,nb_knowbe4_brz_to_slv,/notebooks/nb_knowbe4_brz_to_slv,KNOWBE4,SL,DEV,2026-09-03T13:22:07.686Z,2026-09-03T13:23:41.897Z,SUCCESS,SCHEDULE,Fabric,1,1,0,0,1,2,2026-09-03T13:22:09.438Z,d3464a5f-8db2-4298-9db0-b7422c4dab20
20260901091922,38,KnowBe4 Silver Pipeline,nb_knowbe4_brz_to_slv,/notebooks/nb_knowbe4_brz_to_slv,KNOWBE4,SL,DEV,2026-09-01T09:19:22.318Z,2026-09-01T09:20:15.290Z,SUCCESS,SCHEDULE,Fabric,1,1,0,0,0,1,2026-09-01T09:19:23.876Z,4cf40547-e391-4e76-bd7b-3e8f91b7eb2b
20260901082957,38,KnowBe4 Silver Pipeline,nb_knowbe4_brz_to_slv,/notebooks/nb_knowbe4_brz_to_slv,KNOWBE4,SL,DEV,2026-09-01T08:29:57.248Z,2026-09-01T08:31:23.146Z,SUCCESS,SCHEDULE,Fabric,1,1,0,0,0,1,2026-09-01T08:29:59.002Z,c7e29124-1e94-4997-8246-3c48b4268ad3
20260831061659,38,KnowBe4 Silver Pipeline,nb_knowbe4_brz_to_slv,/notebooks/nb_knowbe4_brz_to_slv,KNOWBE4,SL,DEV,2026-08-31T06:16:59.407Z,2026-08-31T06:17:21.137Z,SUCCESS,SCHEDULE,Fabric,1,0,0,1,0,1,2026-08-31T06:17:00.756Z,3082d21d-308b-4c9b-a5a5-ed329ac78114
20260903032203,38,KnowBe4 Silver Pipeline,nb_knowbe4_brz_to_slv,/notebooks/nb_knowbe4_brz_to_slv,KNOWBE4,SL,DEV,2026-09-03T14:43:46.176Z,2026-09-03T14:45:53.339Z,SUCCESS,SCHEDULE,Fabric,1,1,0,0,1,2,2026-09-03T14:43:48.373Z,11655967-1f0a-4878-9f07-67e216147efe
20260831064034,38,KnowBe4 Silver Pipeline,nb_knowbe4_brz_to_slv,/notebooks/nb_knowbe4_brz_to_slv,KNOWBE4,SL,DEV,2026-08-31T06:40:34.969Z,2026-08-31T06:42:19.127Z,SUCCESS,SCHEDULE,Fabric,1,0,0,1,0,1,2026-08-31T06:40:36.859Z,7831e131-4969-4fbe-b1a2-7280ef3a6fd5
20260902094154,110,Cash Flow Silver Pipeline,nb_cashflow_brz_to_,/notebooks/nb_cashflow_brz_to_,Cash Flow,SL,DEV,2026-09-02T09:41:54.544Z,2026-09-02T09:41:54.544Z,FAILED,SCHEDULE,Fabric,1,0,1,0,0,1,2026-09-02T09:41:54.544Z,6e13f9c9-c1e3-4ae1-8bc9-f0c91263fbeb
20260901140338,37,KnowBe4 Bronze Pipeline,nb_knowbe4_src_to_brz,/notebooks/nb_knowbe4_execution,KNOWBE4,BR,DEV,2026-09-01T14:03:38.635Z,2026-09-01T14:10:18.559Z,SUCCESS,SCHEDULE,Fabric,1,1,0,0,0,1,2026-09-01T14:03:46.376Z,b174e830-d541-4258-b1ec-a36dec9e0454
20260903054326,37,KnowBe4 Bronze Pipeline,nb_knowbe4_src_to_brz,/notebooks/nb_knowbe4_execution,KNOWBE4,BR,DEV,2026-09-07T09:33:45.616Z,2026-09-07T09:40:43.154Z,SUCCESS,SCHEDULE,Fabric,1,1,0,0,1,2,2026-09-07T09:33:47.283Z,4a819cd8-c6c0-4519-9ae0-3043187c2ed9
20260902050108,37,KnowBe4 Bronze Pipeline,nb_knowbe4_src_to_brz,/notebooks/nb_knowbe4_execution,KNOWBE4,BR,DEV,2026-09-02T05:01:08.058Z,2026-09-02T05:09:39.556Z,SUCCESS,SCHEDULE,Fabric,1,1,0,0,0,1,2026-09-02T05:01:09.829Z,af8eefa9-d142-4c7b-ad49-4c7bfef9728e
20260902090521,37,KnowBe4 Bronze Pipeline,nb_knowbe4_src_to_brz,/notebooks/nb_knowbe4_execution,KNOWBE4,BR,DEV,2026-09-02T09:05:21.156Z,2026-09-02T09:12:00.561Z,SUCCESS,SCHEDULE,Fabric,1,1,0,0,0,1,2026-09-02T09:05:22.967Z,2e7158b0-60a2-4762-badb-302e487561ad
20260901102042,37,KnowBe4 Bronze Pipeline,nb_knowbe4_src_to_brz,/notebooks/nb_knowbe4_execution,KNOWBE4,BR,DEV,2026-09-01T10:20:42.726Z,2026-09-01T10:28:13.378Z,SUCCESS,SCHEDULE,Fabric,1,1,0,0,0,1,2026-09-01T10:20:44.470Z,479c0ba1-76d2-4143-8421-ae6bfe16725f
20260903093341,37,KnowBe4 Bronze Pipeline,nb_knowbe4_src_to_brz,/notebooks/nb_knowbe4_execution,KNOWBE4,BR,DEV,2026-09-03T13:09:45.535Z,2026-09-03T13:18:14.245Z,SUCCESS,SCHEDULE,Fabric,1,1,0,0,1,2,2026-09-03T13:09:47.527Z,d3464a5f-8db2-4298-9db0-b7422c4dab20
20260902082424,37,KnowBe4 Bronze Pipeline,nb_knowbe4_src_to_brz,/notebooks/nb_knowbe4_execution,KNOWBE4,BR,DEV,2026-09-02T08:24:24.220Z,2026-09-02T08:32:15.571Z,SUCCESS,SCHEDULE,Fabric,1,1,0,0,0,1,2026-09-02T08:24:25.952Z,dc2c3c34-bb60-4561-8b5b-1e0701d8a546
20260903065905,37,KnowBe4 Bronze Pipeline,nb_knowbe4_src_to_brz,/notebooks/nb_knowbe4_execution,KNOWBE4,BR,DEV,2026-09-04T06:24:24.630Z,2026-09-04T06:30:29.164Z,SUCCESS,SCHEDULE,Fabric,1,1,0,0,1,3,2026-09-04T06:24:26.402Z,c3c33961-48a7-4ac5-b3da-1075a50af5fa
20260901032447,37,KnowBe4 Bronze Pipeline,nb_knowbe4_src_to_brz,/notebooks/nb_knowbe4_execution,KNOWBE4,BR,DEV,2026-09-01T08:18:22.171Z,2026-09-01T08:25:20.757Z,SUCCESS,SCHEDULE,Fabric,1,1,0,0,1,3,2026-09-01T08:18:23.865Z,c7e29124-1e94-4997-8246-3c48b4268ad3
20260902084325,37,KnowBe4 Bronze Pipeline,nb_knowbe4_src_to_brz,/notebooks/nb_knowbe4_execution,KNOWBE4,BR,DEV,2026-09-02T08:43:25.087Z,2026-09-02T08:50:22.878Z,SUCCESS,SCHEDULE,Fabric,1,1,0,0,0,1,2026-09-02T08:43:26.745Z,9a3a99b3-6117-43fd-86ce-609490905879
20260903075021,37,KnowBe4 Bronze Pipeline,nb_knowbe4_src_to_brz,/notebooks/nb_knowbe4_execution,KNOWBE4,BR,DEV,2026-09-03T15:20:56.922Z,2026-09-03T15:28:36.074Z,SUCCESS,SCHEDULE,Fabric,1,1,0,0,1,2,2026-09-03T15:21:00.268Z,8ba6a4b7-c54f-4c4b-aa8f-710a0f7da5c7
20260902051852,37,KnowBe4 Bronze Pipeline,nb_knowbe4_src_to_brz,/notebooks/nb_knowbe4_execution,KNOWBE4,BR,DEV,2026-09-02T05:18:52.248Z,2026-09-02T05:25:29.138Z,SUCCESS,SCHEDULE,Fabric,1,1,0,0,0,1,2026-09-02T05:18:54.318Z,d6c6cd2b-6c74-455f-a6f3-8f7f7ff987e7
20260902100040,37,KnowBe4 Bronze Pipeline,nb_knowbe4_src_to_brz,/notebooks/nb_knowbe4_execution,KNOWBE4,BR,DEV,2026-09-02T10:00:40.893Z,2026-09-02T10:09:48.396Z,SUCCESS,SCHEDULE,Fabric,1,1,0,0,0,1,2026-09-02T10:00:43.198Z,25a65c37-7f60-4ef6-9c4e-327da0d8a267
20260907102251,37,KnowBe4 Bronze Pipeline,nb_knowbe4_src_to_brz,/notebooks/nb_knowbe4_execution,KNOWBE4,BR,DEV,2026-09-07T10:14:45.544Z,2026-09-07T10:32:20.205Z,SUCCESS,SCHEDULE,Fabric,1,1,1,0,0,1,2026-09-07T10:22:53.291Z,171b16ba-55d2-4f17-b750-c569d49f4b15
20260902055654,37,KnowBe4 Bronze Pipeline,nb_knowbe4_src_to_brz,/notebooks/nb_knowbe4_execution,KNOWBE4,BR,DEV,2026-09-02T05:56:54.432Z,2026-09-02T06:04:57.179Z,SUCCESS,SCHEDULE,Fabric,1,1,0,0,0,1,2026-09-02T05:56:56.516Z,6e6ca944-176e-4e9f-9036-4e787264d96b
20260831083908,93,Gold Conferdeploy,nb_conferdeploy_slv_to_gld,/notebooks/nb_conferdeploy,Conferdeploy,GL,DEV,2026-08-31T08:39:21.916Z,2026-08-31T08:39:41.567Z,SUCCESS,SCHEDULED,Fabric,1,1,0,0,0,1,2026-08-31T08:39:11.470Z,2eddf0ce-6b97-4c82-8bf9-ccbf21e2998e
20260901090804,37,KnowBe4 Bronze Pipeline,nb_knowbe4_src_to_brz,/notebooks/nb_knowbe4_execution,KNOWBE4,BR,DEV,2026-09-01T09:08:04.448Z,2026-09-01T09:14:58.577Z,SUCCESS,SCHEDULE,Fabric,1,1,0,0,0,1,2026-09-01T09:08:06.188Z,4cf40547-e391-4e76-bd7b-3e8f91b7eb2b
20260903122718,38,KnowBe4 Silver Pipeline,nb_knowbe4_brz_to_slv,/notebooks/nb_knowbe4_brz_to_slv,KNOWBE4,SL,DEV,2026-09-03T12:22:48.317Z,2026-09-03T12:25:55.970Z,FAILED,SCHEDULE,Fabric,1,0,1,0,0,1,2026-09-03T12:27:20.730Z,6d2678a2-5070-462a-ab5b-fbefac17def7
20260902061500,37,KnowBe4 Bronze Pipeline,nb_knowbe4_src_to_brz,/notebooks/nb_knowbe4_execution,KNOWBE4,BR,DEV,2026-09-02T06:15:00.986Z,2026-09-02T06:21:44.500Z,SUCCESS,SCHEDULE,Fabric,1,1,0,0,0,1,2026-09-02T06:15:02.715Z,25cd1480-3015-4326-bd43-9a0ff88dfb50
20260902074022,37,KnowBe4 Bronze Pipeline,nb_knowbe4_src_to_brz,/notebooks/nb_knowbe4_execution,KNOWBE4,BR,DEV,2026-09-02T07:40:22.257Z,2026-09-02T07:47:35.769Z,SUCCESS,SCHEDULE,Fabric,1,1,0,0,0,1,2026-09-02T07:40:24.415Z,7a443b4c-9824-4256-ab04-6ecd70b3ff28
20260831080258,93,Gold Conferdeploy,nb_conferdeploy_slv_to_gld,/notebooks/nb_conferdeploy,Conferdeploy,GL,DEV,2026-08-31T08:03:16.816Z,2026-08-31T08:03:36.303Z,SUCCESS,SCHEDULED,Fabric,1,1,0,0,0,1,2026-08-31T08:03:00.494Z,22061772-8118-40ff-82ce-daec1d26d93e
20260902063056,37,KnowBe4 Bronze Pipeline,nb_knowbe4_src_to_brz,/notebooks/nb_knowbe4_execution,KNOWBE4,BR,DEV,2026-09-02T06:30:56.140Z,2026-09-02T06:37:41.109Z,SUCCESS,SCHEDULE,Fabric,1,1,0,0,0,1,2026-09-02T06:30:58.475Z,b715ef4e-dd40-4df9-a611-2d678bb3bff2
20260903094443,37,KnowBe4 Bronze Pipeline,nb_knowbe4_src_to_brz,/notebooks/nb_knowbe4_execution,KNOWBE4,BR,DEV,2026-09-03T12:13:48.862Z,2026-09-03T12:22:20.326Z,SUCCESS,SCHEDULE,Fabric,1,1,0,0,1,2,2026-09-03T12:13:53.469Z,6d2678a2-5070-462a-ab5b-fbefac17def7
20260901104440,37,KnowBe4 Bronze Pipeline,nb_knowbe4_src_to_brz,/notebooks/nb_knowbe4_execution,KNOWBE4,BR,DEV,2026-09-01T10:44:40.742Z,2026-09-01T10:51:38.960Z,SUCCESS,SCHEDULE,Fabric,1,1,0,0,0,1,2026-09-01T10:44:42.592Z,325d4691-3681-440b-925e-1a15934da332
20260903091347,37,KnowBe4 Bronze Pipeline,nb_knowbe4_src_to_brz,/notebooks/nb_knowbe4_execution,KNOWBE4,BR,DEV,2026-09-03T14:30:36.213Z,2026-09-03T14:39:10.811Z,SUCCESS,SCHEDULE,Fabric,1,1,0,0,1,2,2026-09-03T14:30:37.975Z,11655967-1f0a-4878-9f07-67e216147efe
20260903080416,37,KnowBe4 Bronze Pipeline,nb_knowbe4_src_to_brz,/notebooks/nb_knowbe4_execution,KNOWBE4,BR,DEV,2026-09-03T14:55:01.871Z,2026-09-03T15:02:25.653Z,SUCCESS,SCHEDULE,Fabric,1,1,0,0,1,2,2026-09-03T14:55:03.623Z,922c1f84-e757-442e-9e5b-cf435170529f
20260902145316,37,KnowBe4 Bronze Pipeline,nb_knowbe4_src_to_brz,/notebooks/nb_knowbe4_execution,KNOWBE4,BR,DEV,2026-09-03T02:44:33.059Z,2026-09-03T02:51:32.607Z,SUCCESS,SCHEDULE,Fabric,1,1,0,0,1,2,2026-09-03T02:44:34.908Z,6825445c-6c39-46db-a137-17ccd177bc49
20260902093943,37,KnowBe4 Bronze Pipeline,nb_knowbe4_src_to_brz,/notebooks/nb_knowbe4_execution,KNOWBE4,BR,DEV,2026-09-02T09:39:43.175Z,2026-09-02T09:46:31.443Z,SUCCESS,SCHEDULE,Fabric,1,1,0,0,0,1,2026-09-02T09:39:44.837Z,04a67665-cdad-484f-8c71-77ce27972b16
20260902111701,37,KnowBe4 Bronze Pipeline,nb_knowbe4_src_to_brz,/notebooks/nb_knowbe4_execution,KNOWBE4,BR,DEV,2026-09-02T11:33:41.249Z,2026-09-02T11:41:02.842Z,SUCCESS,SCHEDULE,Fabric,1,1,0,0,1,2,2026-09-02T11:33:42.817Z,4c4c075e-4dad-4233-8052-32fba0caf996
20260902065536,37,KnowBe4 Bronze Pipeline,nb_knowbe4_src_to_brz,/notebooks/nb_knowbe4_execution,KNOWBE4,BR,DEV,2026-09-02T06:55:36.153Z,2026-09-02T07:01:48.576Z,SUCCESS,SCHEDULE,Fabric,1,1,0,0,0,1,2026-09-02T06:55:37.788Z,78552c73-e57b-4b92-b870-865f2a03b8f6
20260902102448,37,KnowBe4 Bronze Pipeline,nb_knowbe4_src_to_brz,/notebooks/nb_knowbe4_execution,KNOWBE4,BR,DEV,2026-09-02T10:24:48.325Z,2026-09-02T10:31:04.547Z,SUCCESS,SCHEDULE,Fabric,1,1,0,0,0,1,2026-09-02T10:24:50.151Z,b0a68294-8f39-48cc-9f9e-4292e7c94d8f
20260903061749,37,KnowBe4 Bronze Pipeline,nb_knowbe4_src_to_brz,/notebooks/nb_knowbe4_execution,KNOWBE4,BR,DEV,2026-09-04T09:15:50.563Z,2026-09-04T09:23:23.446Z,SUCCESS,SCHEDULE,Fabric,1,1,0,0,1,2,2026-09-04T09:15:52.325Z,f4aea0dd-d01c-4467-a718-f830a8d74578
20260902110625,37,KnowBe4 Bronze Pipeline,nb_knowbe4_src_to_brz,/notebooks/nb_knowbe4_execution,KNOWBE4,BR,DEV,2026-09-02T11:06:25.772Z,2026-09-02T11:12:39.265Z,SUCCESS,SCHEDULE,Fabric,1,1,0,0,0,1,2026-09-02T11:06:27.496Z,6ac3fc2a-1443-47d0-911d-2a0a74587d29
20260902120044,37,KnowBe4 Bronze Pipeline,nb_knowbe4_src_to_brz,/notebooks/nb_knowbe4_execution,KNOWBE4,BR,DEV,2026-09-02T12:00:44.020Z,2026-09-02T12:08:25.416Z,SUCCESS,SCHEDULE,Fabric,1,1,0,0,0,1,2026-09-02T12:00:46.554Z,8389f9b8-5200-4049-978d-372d2b2d6538
20260831162955,37,KnowBe4 Bronze Pipeline,nb_knowbe4_src_to_brz,/notebooks/nb_knowbe4_execution,KNOWBE4,BR,DEV,2026-08-31T16:29:55.066Z,2026-08-31T16:38:10.479Z,SUCCESS,SCHEDULE,Fabric,1,1,0,0,0,1,2026-08-31T16:29:56.770Z,a58a3cc2-27a0-44ee-8cb6-4c66a0119242
20260902143652,37,KnowBe4 Bronze Pipeline,nb_knowbe4_src_to_brz,/notebooks/nb_knowbe4_execution,KNOWBE4,BR,DEV,2026-09-03T03:09:28.468Z,2026-09-03T03:16:20.997Z,SUCCESS,SCHEDULE,Fabric,1,1,0,0,1,2,2026-09-03T03:09:30.404Z,1066d6e5-305c-4662-a3fb-18d670070de9
20260831083433,137,CallBackList Gold Pipeline,nb_callback_gold,/notebooks/nb_callback_gold_f,Salesforce,GL,DEV,2026-08-31T08:34:33.510Z,2026-08-31T08:34:51.821Z,SUCCESS,SCHEDULE,Fabric,1,0,0,1,0,1,2026-08-31T08:34:34.778Z,65e89789-39d8-4e46-be47-bcdfcc997be4
20260831063621,137,CallBackList Gold Pipeline,nb_callback_gold,/notebooks/nb_callback_gold_f,Salesforce,GL,DEV,2026-08-31T06:36:21.383Z,2026-08-31T06:36:51.638Z,SUCCESS,SCHEDULE,Fabric,1,0,0,1,0,1,2026-08-31T06:36:22.612Z,a7cd751e-6e5d-4276-9b13-7268f73d8177
20260904072811,137,CallBackList Gold Pipeline,nb_callback_gold,/notebooks/nb_callback_gold_f,Salesforce,GL,DEV,2026-09-04T07:28:11.644Z,2026-09-04T07:29:19.657Z,SUCCESS,SCHEDULE,Fabric,1,1,0,0,0,1,2026-09-04T07:28:14.116Z,722942c7-46ba-4f9d-905b-23ebf29af444
20260904050230,137,CallBackList Gold Pipeline,nb_callback_gold,/notebooks/nb_callback_gold_f,Salesforce,GL,DEV,2026-09-04T05:02:30.362Z,2026-09-04T05:03:19.144Z,SUCCESS,SCHEDULE,Fabric,1,1,0,0,0,1,2026-09-04T05:02:31.804Z,adf2b18f-e17c-4bcf-8911-7ab755997527
20260831055100,137,CallBackList Gold Pipeline,nb_callback_gold,/notebooks/nb_callback_gold_f,Salesforce,GL,DEV,2026-08-31T05:51:00.159Z,2026-08-31T05:51:29.444Z,SUCCESS,SCHEDULE,Fabric,1,0,0,1,0,1,2026-08-31T05:51:01.383Z,55e8470e-eef8-405f-913f-496e9257a972
20260902051704,137,CallBackList Gold Pipeline,nb_callback_gold,/notebooks/nb_callback_gold_f,Salesforce,GL,DEV,2026-09-02T05:17:04.335Z,2026-09-02T05:18:23.380Z,SUCCESS,SCHEDULE,Fabric,1,1,0,0,0,1,2026-09-02T05:17:06.769Z,26b335d6-f11c-41b2-ae31-e73c17de8489
20260831065820,137,CallBackList Gold Pipeline,nb_callback_gold,/notebooks/nb_callback_gold_f,Salesforce,GL,DEV,2026-08-31T06:58:20.517Z,2026-08-31T06:58:46.258Z,SUCCESS,SCHEDULE,Fabric,1,0,0,1,0,1,2026-08-31T06:58:21.868Z,4729d4a5-d6b5-4b39-bbc8-d700a19c5eac
20260831040624,137,CallBackList Gold Pipeline,nb_callback_gold,/notebooks/nb_callback_gold_f,Salesforce,GL,DEV,2026-08-31T04:06:24.651Z,2026-08-31T04:06:56.696Z,SUCCESS,SCHEDULE,Fabric,1,0,0,1,0,1,2026-08-31T04:06:26.294Z,6bc047e9-8b5b-4d85-a364-b2d6e542e315
20260831060841,137,CallBackList Gold Pipeline,nb_callback_gold,/notebooks/nb_callback_gold_f,Salesforce,GL,DEV,2026-08-31T06:08:41.895Z,2026-08-31T06:09:22.895Z,SUCCESS,SCHEDULE,Fabric,1,0,0,1,0,1,2026-08-31T06:08:43.153Z,0538d80f-65b9-49eb-8258-49cb5a77806b
20260904080952,137,CallBackList Gold Pipeline,nb_callback_gold,/notebooks/nb_callback_gold_f,Salesforce,GL,DEV,2026-09-04T08:09:52.855Z,2026-09-04T08:11:06.881Z,SUCCESS,SCHEDULE,Fabric,1,1,0,0,0,1,2026-09-04T08:09:54.381Z,0149d2e2-407e-43d2-9524-079a665d6c9a
20260904085843,137,CallBackList Gold Pipeline,nb_callback_gold,/notebooks/nb_callback_gold_f,Salesforce,GL,DEV,2026-09-04T10:24:24.794Z,2026-09-04T10:26:15.069Z,SUCCESS,SCHEDULE,Fabric,1,1,0,0,1,2,2026-09-04T10:24:28.059Z,ed8b9765-c547-4373-9ec0-3b2a53aee49e
20260831154625,39,KnowBe4 Gold Pipeline,nb_knowbe4_slv_to_gld,/notebooks/nb_knowbe4_slv_to_gld,KNOWBE4,GL,DEV,2026-08-31T15:46:25.099Z,2026-08-31T15:48:08.524Z,SUCCESS,SCHEDULE,Fabric,1,1,0,0,0,1,2026-08-31T15:46:26.747Z,a710157a-9874-439e-a5c5-b1f8550e13aa
20260831064607,39,KnowBe4 Gold Pipeline,nb_knowbe4_slv_to_gld,/notebooks/nb_knowbe4_slv_to_gld,KNOWBE4,GL,DEV,2026-08-31T06:46:07.167Z,2026-08-31T06:46:50.615Z,SUCCESS,SCHEDULE,Fabric,1,0,0,1,0,1,2026-08-31T06:46:08.921Z,7831e131-4969-4fbe-b1a2-7280ef3a6fd5
20260901032447,37,KnowBe4 Bronze Pipeline,nb_knowbe4_src_to_brz,/notebooks/nb_knowbe4_execution,KNOWBE4,BR,DEV,2026-09-01T03:24:47.183Z,2026-09-01T03:26:16.235Z,FAILED,SCHEDULE,Fabric,1,0,1,0,0,1,2026-09-01T03:24:49.031Z,9aac98b8-cf63-44a3-9b92-06594ef0a146
20260831164925,39,KnowBe4 Gold Pipeline,nb_knowbe4_slv_to_gld,/notebooks/nb_knowbe4_slv_to_gld,KNOWBE4,GL,DEV,2026-09-01T03:35:02.203Z,2026-09-01T03:35:27.766Z,SUCCESS,SCHEDULE,Fabric,1,0,0,1,1,2,2026-09-01T03:35:03.873Z,9aac98b8-cf63-44a3-9b92-06594ef0a146
20260901032447,37,KnowBe4 Bronze Pipeline,nb_knowbe4_src_to_brz,/notebooks/nb_knowbe4_execution,KNOWBE4,BR,DEV,2026-09-01T03:54:02.469Z,2026-09-01T03:54:54.530Z,FAILED,SCHEDULE,Fabric,1,0,1,0,1,2,2026-09-01T03:54:04.255Z,89aa85db-7899-405b-952b-7efb5850e815
20260903102705,37,KnowBe4 Bronze Pipeline,nb_knowbe4_src_to_brz,/notebooks/nb_knowbe4_execution,KNOWBE4,BR,DEV,2026-09-03T10:19:23.100Z,2026-09-03T10:22:45.123Z,FAILED,SCHEDULE,Fabric,1,0,1,0,0,1,2026-09-03T10:27:07.122Z,f67fd9b9-e349-435e-ad6d-04b2e8c748bd
20260903065905,37,KnowBe4 Bronze Pipeline,nb_knowbe4_src_to_brz,/notebooks/nb_knowbe4_execution,KNOWBE4,BR,DEV,2026-09-04T05:36:15.958Z,2026-09-04T05:37:41.484Z,FAILED,SCHEDULE,Fabric,1,0,1,0,1,2,2026-09-04T05:36:17.797Z,54721c87-e123-449f-8a99-037af910188a
20260901040330,39,KnowBe4 Gold Pipeline,nb_knowbe4_slv_to_gld,/notebooks/nb_knowbe4_slv_to_gld,KNOWBE4,GL,DEV,2026-09-01T04:03:30.341Z,2026-09-01T04:04:00.931Z,SUCCESS,SCHEDULE,Fabric,1,0,0,1,0,1,2026-09-01T04:03:31.920Z,89aa85db-7899-405b-952b-7efb5850e815
202609041344521464,25,SAMMS DartsSrv Bronze Pipeline,pl_execute_dartsrv,/pipelines/dartSRV_Pipeline,SAMMS,BR,DEV,2026-09-04T13:44:46.919Z,2026-09-04T13:52:18.824Z,SUCCESS,SCHEDULE,Fabric,2,2,0,0,0,1,2026-09-04T13:44:46.919Z,cb9f45fe-59e4-4b23-966e-377c65c5ec2d
202609041408388763,25,SAMMS DartsSrv Bronze Pipeline,pl_execute_dartsrv,/pipelines/dartSRV_Pipeline,SAMMS,BR,DEV,2026-09-04T14:08:50.841Z,2026-09-04T14:33:36.357Z,FAILED,SCHEDULE,Fabric,116,112,4,0,0,1,2026-09-04T14:08:50.841Z,d54f2858-d272-437f-a2a4-9fa2f90018e7
202609031729277737,97,SAMMS P1 Forms Bronze Pipeline,pl_execute_forms,/pipelines/pl_execute_forms,SAMMS,BR,DEV,2026-09-03T17:29:21.620Z,2026-09-03T18:14:11.218Z,SUCCESS,SCHEDULE,Fabric,1035,1035,0,0,0,1,2026-09-03T17:29:21.620Z,94249231-24a1-492e-97bf-dcd504ea599a
20260904085843,137,CallBackList Gold Pipeline,nb_callback_gold,/notebooks/nb_callback_gold_f,Salesforce,GL,DEV,2026-09-04T08:58:43.904Z,2026-09-04T08:59:06.774Z,FAILED,SCHEDULE,Fabric,1,0,0,1,0,1,2026-09-04T08:58:45.414Z,7501b0da-7d11-4d30-821d-f187e882cb70
20260831164925,39,KnowBe4 Gold Pipeline,nb_knowbe4_slv_to_gld,/notebooks/nb_knowbe4_slv_to_gld,KNOWBE4,GL,DEV,2026-08-31T16:49:25.765Z,2026-08-31T16:51:05.498Z,FAILED,SCHEDULE,Fabric,1,0,1,0,0,1,2026-08-31T16:49:27.416Z,a58a3cc2-27a0-44ee-8cb6-4c66a0119242
20260903032203,38,KnowBe4 Silver Pipeline,nb_knowbe4_brz_to_slv,/notebooks/nb_knowbe4_brz_to_slv,KNOWBE4,SL,DEV,2026-09-03T03:16:46.977Z,2026-09-03T03:20:08.518Z,FAILED,MANUAL,SYSTEM,1,0,1,0,0,1,2026-09-03T03:22:04.920Z,1066d6e5-305c-4662-a3fb-18d670070de9
20260903025712,38,KnowBe4 Silver Pipeline,nb_knowbe4_brz_to_slv,/notebooks/nb_knowbe4_brz_to_slv,KNOWBE4,SL,DEV,2026-09-03T02:51:57.593Z,2026-09-03T02:55:19.755Z,FAILED,MANUAL,SYSTEM,1,0,1,0,0,1,2026-09-03T02:57:13.931Z,6825445c-6c39-46db-a137-17ccd177bc49
202609041316169212,25,SAMMS DartsSrv Bronze Pipeline,pl_execute_dartsrv,/pipelines/dartSRV_Pipeline,SAMMS,BR,DEV,2026-09-04T13:16:13.159Z,2026-09-04T13:20:13.347Z,FAILED,SCHEDULE,Fabric,2,0,2,0,0,1,2026-09-04T13:16:13.159Z,9b5eeb6a-42d4-430f-b98a-e42f462d949c
20260902111539,129,Azure Sql Python Silver,pl_azure_sql_python,/pipelines/pl_Azure_Sql_Python,Azure_Sql,SL,DEV,2026-09-02T11:15:39.449Z,2026-09-02T11:17:35.375Z,SUCCESS,MANUAL,MANUAL,2,2,0,0,0,1,2026-09-02T11:15:39.449Z,ac5fafbf-2002-499b-9ca0-d3ba19fc74c2
20260903093341,37,KnowBe4 Bronze Pipeline,nb_knowbe4_src_to_brz,/notebooks/nb_knowbe4_execution,KNOWBE4,BR,DEV,2026-09-03T09:26:42.027Z,2026-09-03T09:30:04.076Z,FAILED,MANUAL,SYSTEM,1,0,1,0,0,1,2026-09-03T09:33:43.216Z,2389f92b-83e5-4cf1-95f2-b2afa5697bb0
20260903080416,37,KnowBe4 Bronze Pipeline,nb_knowbe4_src_to_brz,/notebooks/nb_knowbe4_execution,KNOWBE4,BR,DEV,2026-09-03T07:57:21.737Z,2026-09-03T08:00:40.208Z,FAILED,MANUAL,SYSTEM,1,0,1,0,0,1,2026-09-03T08:04:18.562Z,1f769ae4-9bd0-427a-b4d7-1a21a000060d
20260902143652,37,KnowBe4 Bronze Pipeline,nb_knowbe4_src_to_brz,/notebooks/nb_knowbe4_execution,KNOWBE4,BR,DEV,2026-09-02T14:31:08.350Z,2026-09-02T14:33:15.170Z,FAILED,MANUAL,SYSTEM,1,0,1,0,0,1,2026-09-02T14:36:53.916Z,66917be0-9165-408b-8923-ddba1cac0ba1
20260902145316,37,KnowBe4 Bronze Pipeline,nb_knowbe4_src_to_brz,/notebooks/nb_knowbe4_execution,KNOWBE4,BR,DEV,2026-09-02T14:44:36.772Z,2026-09-02T14:48:13.539Z,FAILED,MANUAL,SYSTEM,1,0,1,0,0,1,2026-09-02T14:53:17.907Z,4a46d9ed-fd32-4855-98bb-c124498fb34f
20260902111701,37,KnowBe4 Bronze Pipeline,nb_knowbe4_src_to_brz,/notebooks/nb_knowbe4_execution,KNOWBE4,BR,DEV,2026-09-02T11:12:50.029Z,2026-09-02T11:15:13.659Z,FAILED,MANUAL,SYSTEM,1,0,1,0,0,1,2026-09-02T11:17:03.563Z,6ac3fc2a-1443-47d0-911d-2a0a74587d29
20260903091347,37,KnowBe4 Bronze Pipeline,nb_knowbe4_src_to_brz,/notebooks/nb_knowbe4_execution,KNOWBE4,BR,DEV,2026-09-03T09:06:01.759Z,2026-09-03T09:09:09.860Z,FAILED,MANUAL,SYSTEM,1,0,1,0,0,1,2026-09-03T09:13:49.068Z,499fc8cc-8ce0-48ff-a2a4-f4f4a22cb899
20260903054326,37,KnowBe4 Bronze Pipeline,nb_knowbe4_src_to_brz,/notebooks/nb_knowbe4_execution,KNOWBE4,BR,DEV,2026-09-03T05:36:57.410Z,2026-09-03T05:39:45.523Z,FAILED,MANUAL,SYSTEM,1,0,1,0,0,1,2026-09-03T05:43:27.513Z,0f722f5b-b5b0-43c8-b4d6-50f13b0d7a97
20260902135427,37,KnowBe4 Bronze Pipeline,nb_knowbe4_src_to_brz,/notebooks/nb_knowbe4_execution,KNOWBE4,BR,DEV,2026-09-02T13:46:41.509Z,2026-09-02T13:49:48.983Z,FAILED,MANUAL,SYSTEM,1,0,1,0,0,1,2026-09-02T13:54:29.815Z,6cd8d136-b3a9-42f4-bc48-ed8d25b0cfbf
20260903061749,37,KnowBe4 Bronze Pipeline,nb_knowbe4_src_to_brz,/notebooks/nb_knowbe4_execution,KNOWBE4,BR,DEV,2026-09-03T06:10:19.559Z,2026-09-03T06:13:29.405Z,FAILED,MANUAL,SYSTEM,1,0,1,0,0,1,2026-09-03T06:17:51.320Z,faaedb09-b98a-418c-8ab5-82169813d1cd
20260903075021,37,KnowBe4 Bronze Pipeline,nb_knowbe4_src_to_brz,/notebooks/nb_knowbe4_execution,KNOWBE4,BR,DEV,2026-09-03T07:42:19.486Z,2026-09-03T07:45:34.816Z,FAILED,MANUAL,SYSTEM,1,0,1,0,0,1,2026-09-03T07:50:22.937Z,422072cf-2083-4b69-8ab9-3203da42950b
20260903065905,37,KnowBe4 Bronze Pipeline,nb_knowbe4_src_to_brz,/notebooks/nb_knowbe4_execution,KNOWBE4,BR,DEV,2026-09-03T06:50:55.721Z,2026-09-03T06:54:21.510Z,FAILED,MANUAL,SYSTEM,1,0,1,0,0,1,2026-09-03T06:59:07.041Z,7c2a7d3f-ff95-4a86-b167-7809d5dd7911
20260902121427,37,KnowBe4 Bronze Pipeline,nb_knowbe4_src_to_brz,/notebooks/nb_knowbe4_execution,KNOWBE4,BR,DEV,2026-09-02T12:08:55.073Z,2026-09-02T12:12:34.091Z,FAILED,MANUAL,SYSTEM,1,0,1,0,0,1,2026-09-02T12:14:29.069Z,8389f9b8-5200-4049-978d-372d2b2d6538
20260902142641,37,KnowBe4 Bronze Pipeline,nb_knowbe4_src_to_brz,/notebooks/nb_knowbe4_execution,KNOWBE4,BR,DEV,2026-09-02T14:19:39.884Z,2026-09-02T14:22:04.228Z,FAILED,MANUAL,SYSTEM,1,0,1,0,0,1,2026-09-02T14:26:42.838Z,88a867e3-a58e-4467-b678-bfa254c034de
20260903094443,37,KnowBe4 Bronze Pipeline,nb_knowbe4_src_to_brz,/notebooks/nb_knowbe4_execution,KNOWBE4,BR,DEV,2026-09-03T09:38:58.378Z,2026-09-03T09:41:43.004Z,FAILED,MANUAL,SYSTEM,1,0,1,0,0,1,2026-09-03T09:44:44.639Z,085a2f63-ce60-49b3-94f4-ff48b0ed11fa
20260902141011,37,KnowBe4 Bronze Pipeline,nb_knowbe4_src_to_brz,/notebooks/nb_knowbe4_execution,KNOWBE4,BR,DEV,2026-09-02T14:03:40.580Z,2026-09-02T14:06:03.223Z,FAILED,MANUAL,SYSTEM,1,0,1,0,0,1,2026-09-02T14:10:13.025Z,342632ac-a427-4903-b63b-5501f9eda4e2
202609031729377737,98,SAMMS P1 Forms Silver Pipeline,pl_execute_forms,/pipelines/pl_execute_forms,SAMMS,SL,DEV,2026-09-03T17:29:21.620Z,2026-09-03T18:16:38.637Z,SUCCESS,SCHEDULE,Fabric,9,9,0,0,0,1,2026-09-03T17:29:21.620Z,94249231-24a1-492e-97bf-dcd504ea599a
20260902101853,129,Azure Sql Python Silver,pl_azure_sql_python,/pipelines/pl_Azure_Sql_Python,Azure_Sql,SL,DEV,2026-09-02T10:18:53.502Z,2026-09-02T10:20:19.042Z,FAILED,MANUAL,MANUAL,2,0,2,0,0,1,2026-09-02T10:18:53.502Z,24cb0943-51a7-4a50-ab37-5fffed8584c8
20260902093021,129,Azure Sql Python Silver,pl_azure_sql_python,/pipelines/pl_Azure_Sql_Python,Azure_Sql,SL,DEV,2026-09-02T09:30:21.109Z,2026-09-02T09:31:47.954Z,FAILED,MANUAL,MANUAL,2,0,2,0,0,1,2026-09-02T09:30:21.109Z,e382a313-3d19-4b82-9b57-fd2a0e196c56
20260904113454,129,Azure Sql Python Silver,pl_Azure_Sql_Python,/pipelines/pl_Azure_Sql_Python,Azure_Sql,SL,DEV,2026-09-04T11:34:54.710Z,2026-09-04T11:34:54.710Z,FAILED,MANUAL,MANUAL,1,0,1,0,0,1,2026-09-04T11:34:54.710Z,35e3d175-68e5-4864-86a4-67a2d101ed5b
20260904110122,129,Azure Sql Python Silver,pl_Azure_Sql_Python,/pipelines/pl_Azure_Sql_Python,Azure_Sql,SL,DEV,2026-09-04T11:01:22.915Z,2026-09-04T11:01:22.915Z,FAILED,MANUAL,MANUAL,1,0,1,0,0,1,2026-09-04T11:01:22.915Z,759de435-383c-4e56-9d6c-6935261c3349
20260902074253,129,Azure Sql Python Silver,pl_azure_sql_python,/pipelines/pl_Azure_Sql_Python,Azure_Sql,SL,DEV,2026-09-02T07:42:53.398Z,2026-09-02T07:44:16.756Z,FAILED,MANUAL,MANUAL,2,0,2,0,0,1,2026-09-02T07:42:53.398Z,391059bc-57e5-49c5-af48-252a2b55168c
20260903123136,129,Azure Sql Python Silver,pl_azure_sql_python,/pipelines/pl_Azure_Sql_Python,Azure_Sql,SL,DEV,2026-09-03T12:31:36.498Z,2026-09-03T12:34:15.125Z,FAILED,MANUAL,MANUAL,2,0,2,0,0,1,2026-09-03T12:31:36.498Z,e70805c1-331e-4300-8cc0-5c68ea96b08e
20260902085738,129,Azure Sql Python Silver,pl_azure_sql_python,/pipelines/pl_Azure_Sql_Python,Azure_Sql,SL,DEV,2026-09-02T08:57:38.848Z,2026-09-02T08:59:07.095Z,FAILED,MANUAL,MANUAL,2,0,2,0,0,1,2026-09-02T08:57:38.848Z,1a271d40-e925-4513-b84c-2f60ddb77cc5
20260902084030,129,Azure Sql Python Silver,pl_azure_sql_python,/pipelines/pl_Azure_Sql_Python,Azure_Sql,SL,DEV,2026-09-02T08:40:30.850Z,2026-09-02T08:41:59.217Z,FAILED,MANUAL,MANUAL,2,0,2,0,0,1,2026-09-02T08:40:30.850Z,f3f50506-ab42-4017-a5e3-5d4c793aa0e6
20260902105707,129,Azure Sql Python Silver,pl_azure_sql_python,/pipelines/pl_Azure_Sql_Python,Azure_Sql,SL,DEV,2026-09-02T10:57:07.890Z,2026-09-02T10:59:01.181Z,FAILED,MANUAL,MANUAL,2,0,2,0,0,1,2026-09-02T10:57:07.890Z,3506b852-499a-468c-8078-080e698457ef
20260902064503,129,Azure Sql Python Silver,pl_azure_sql_python,/pipelines/pl_Azure_Sql_Python,Azure_Sql,SL,DEV,2026-09-02T06:45:03.591Z,2026-09-02T06:46:32.498Z,FAILED,MANUAL,MANUAL,2,0,2,0,0,1,2026-09-02T06:45:03.591Z,432e1fd9-5757-4fbd-b5fe-306e7dd0feb7
20260902091053,129,Azure Sql Python Silver,pl_Azure_Sql_Python,/pipelines/pl_Azure_Sql_Python,Azure_Sql,SL,DEV,2026-09-02T09:10:53.978Z,2026-09-02T09:10:53.978Z,FAILED,MANUAL,MANUAL,1,0,1,0,0,1,2026-09-02T09:10:53.978Z,48a6e677-04fe-4e9b-873e-2e07ee6a32f8
20260903121340,129,Azure Sql Python Silver,pl_azure_sql_python,/pipelines/pl_Azure_Sql_Python,Azure_Sql,SL,DEV,2026-09-03T12:13:40.770Z,2026-09-03T12:16:16.870Z,FAILED,MANUAL,MANUAL,2,0,2,0,0,1,2026-09-03T12:13:40.770Z,35e97021-f510-4e41-9049-1e9fd07241be
20260908034159,129,Azure Sql Python Silver,pl_Azure_Sql_Python,/pipelines/pl_Azure_Sql_Python,Azure_Sql,SL,DEV,2026-09-08T03:41:59.908Z,2026-09-08T03:41:59.908Z,FAILED,MANUAL,MANUAL,1,0,1,0,0,1,2026-09-08T03:41:59.908Z,e50fe6ac-fb66-43cd-a237-857d720a753a
20260902104118,129,Azure Sql Python Silver,pl_azure_sql_python,/pipelines/pl_Azure_Sql_Python,Azure_Sql,SL,DEV,2026-09-02T10:41:18.312Z,2026-09-02T10:42:52.836Z,FAILED,MANUAL,MANUAL,2,0,2,0,0,1,2026-09-02T10:41:18.312Z,78a4ffb1-a727-4484-9bb3-a619e88004d4
20260903131413,129,Azure Sql Python Silver,pl_azure_sql_python,/pipelines/pl_Azure_Sql_Python,Azure_Sql,SL,DEV,2026-09-03T13:14:13.847Z,2026-09-03T13:17:17.800Z,FAILED,MANUAL,MANUAL,2,0,2,0,0,1,2026-09-03T13:14:13.847Z,349e7694-2105-4645-b2e6-35027dff3a22
20260903060025,129,Azure Sql Python Silver,pl_Azure_Sql_Python,/pipelines/pl_Azure_Sql_Python,Azure_Sql,SL,DEV,2026-09-03T06:00:25.093Z,2026-09-03T06:00:25.093Z,FAILED,MANUAL,MANUAL,1,0,1,0,0,1,2026-09-03T06:00:25.093Z,5938517a-ef43-4c65-8695-d5cf87dbd468
20260902072648,129,Azure Sql Python Silver,pl_azure_sql_python,/pipelines/pl_Azure_Sql_Python,Azure_Sql,SL,DEV,2026-09-02T07:26:48.708Z,2026-09-02T07:28:14.527Z,FAILED,MANUAL,MANUAL,2,0,2,0,0,1,2026-09-02T07:26:48.708Z,cfc73f64-c97a-42ba-92ba-46c5d817d8b9
202609010503273335,46,SAMMS P1 Finance Bronze Pipeline,pl_p1_finance,/pipelines/pl_p1_finance,SAMMS,BR,DEV,2026-09-01T05:03:21.014Z,2026-09-01T05:27:08.307Z,SUCCESS,SCHEDULE,Fabric,14,14,0,0,0,1,2026-09-01T05:03:21.014Z,75a93e02-eb8a-4b20-981c-b48401997d72
20260902145524,,Absolute Bronze Pipeline,nb_activedirectory_src_to_brz1,/notebooks/nb_activedirectory_src_to_brz1,Absolute,BR,DEV,2026-09-02T14:56:00.156Z,2026-09-02T14:56:00.156Z,FAILED,SCHEDULE,Fabric,1,0,1,0,0,1,2026-09-02T14:56:00.156Z,57c48eee-6ea9-4885-ae19-139dc4308358
20260903032204,,Absolute Bronze Pipeline,nb_activedirectory_src_to_brz1,/notebooks/nb_activedirectory_src_to_brz1,Absolute,BR,DEV,2026-09-03T03:22:25.088Z,2026-09-03T03:22:25.088Z,FAILED,SCHEDULE,Fabric,1,0,1,0,0,1,2026-09-03T03:22:25.088Z,12b9bcd7-0dc5-48e9-b4cb-7aebb35c5a30
20260902140359,,Absolute Bronze Pipeline,nb_activedirectory_src_to_brz1,/notebooks/nb_activedirectory_src_to_brz1,Absolute,BR,DEV,2026-09-02T14:04:21.565Z,2026-09-02T14:04:21.565Z,FAILED,SCHEDULE,Fabric,1,0,1,0,0,1,2026-09-02T14:04:21.565Z,abcda080-5149-47f8-a7a3-cf572d90e080
20260902161555,,Absolute Bronze Pipeline,nb_activedirectory_src_to_brz1,/notebooks/nb_activedirectory_src_to_brz1,Absolute,BR,DEV,2026-09-02T16:16:16.296Z,2026-09-02T16:16:16.296Z,FAILED,SCHEDULE,Fabric,1,0,1,0,0,1,2026-09-02T16:16:16.296Z,c56278cf-510b-4ee7-9abf-5e048d22cc9f
20260902142959,,Absolute Bronze Pipeline,nb_activedirectory_src_to_brz1,/notebooks/nb_activedirectory_src_to_brz1,Absolute,BR,DEV,2026-09-02T14:30:19.642Z,2026-09-02T14:30:19.642Z,FAILED,SCHEDULE,Fabric,1,0,1,0,0,1,2026-09-02T14:30:19.642Z,14895849-e352-49e6-b53f-806f2de6c190
20260907132422,147,SAMMS Batch Payments Bronze,pl_batchpayments,/pipelines/pl_batchpayments,SAMMS,BR,DEV,2026-09-07T13:05:36.828Z,2026-09-07T13:20:10.527Z,FAILED,MANUAL,MANUAL,1,0,1,0,0,1,2026-09-07T13:24:24.058Z,6100e949-2422-43aa-a662-97fffdd74ef1
20260902164439,,Absolute Bronze Pipeline,nb_activedirectory_src_to_brz1,/notebooks/nb_activedirectory_src_to_brz1,Absolute,BR,DEV,2026-09-02T16:45:22.828Z,2026-09-02T16:45:22.828Z,FAILED,SCHEDULE,Fabric,1,0,1,0,0,1,2026-09-02T16:45:22.828Z,05468fa4-94fe-4639-920f-953f30c387ac
20260902160429,,Absolute Bronze Pipeline,nb_activedirectory_src_to_brz1,/notebooks/nb_activedirectory_src_to_brz1,Absolute,BR,DEV,2026-09-02T16:04:54.312Z,2026-09-02T16:04:54.312Z,FAILED,SCHEDULE,Fabric,1,0,1,0,0,1,2026-09-02T16:04:54.312Z,d924d17b-9636-4c51-9eb5-3ad0370de98b
20260902190057,,Absolute Bronze Pipeline,nb_activedirectory_src_to_brz1,/notebooks/nb_activedirectory_src_to_brz1,Absolute,BR,DEV,2026-09-02T19:01:26.144Z,2026-09-02T19:01:26.144Z,FAILED,SCHEDULE,Fabric,1,0,1,0,0,1,2026-09-02T19:01:26.144Z,0e8d5b3d-15fb-4d15-a709-4bc42edc4508
20260902163220,,Absolute Bronze Pipeline,nb_activedirectory_src_to_brz1,/notebooks/nb_activedirectory_src_to_brz1,Absolute,BR,DEV,2026-09-02T16:33:14.237Z,2026-09-02T16:33:14.237Z,FAILED,SCHEDULE,Fabric,1,0,1,0,0,1,2026-09-02T16:33:14.237Z,d837cca1-7a90-46f2-8774-e2995e333223
20260902155124,,Absolute Bronze Pipeline,nb_activedirectory_src_to_brz1,/notebooks/nb_activedirectory_src_to_brz1,Absolute,BR,DEV,2026-09-02T15:51:49.018Z,2026-09-02T15:51:49.018Z,FAILED,SCHEDULE,Fabric,1,0,1,0,0,1,2026-09-02T15:51:49.018Z,62b3125b-4331-48d0-95f8-3b91920ba498
20260902144636,,Absolute Bronze Pipeline,nb_activedirectory_src_to_brz1,/notebooks/nb_activedirectory_src_to_brz1,Absolute,BR,DEV,2026-09-02T14:47:52.270Z,2026-09-02T14:47:52.270Z,FAILED,SCHEDULE,Fabric,1,0,1,0,0,1,2026-09-02T14:47:52.270Z,e3eab6fd-cb90-4185-82ba-f7c8b9b26263
20260907134644,147,SAMMS Batch Payments Bronze,pl_batchpayments,/pipelines/pl_batchpayments,SAMMS,BR,DEV,2026-09-07T13:30:21.103Z,2026-09-07T13:43:35.536Z,FAILED,MANUAL,MANUAL,1,0,1,0,0,1,2026-09-07T13:46:46.057Z,c9352ab0-1fbc-4096-bd90-9bcf656c46c4
202609081035491956,145,Clinical UA CDC Silver,pl_clinical_ua_cdc_brz_to_slv,/pipelines/pl_clinical_ua_cdc_brz_to_slv,Bronze Lakehouse,SL,DEV,2026-09-08T10:35:33.209Z,,RUNNING,MANUAL,MANUAL,2,0,0,0,0,1,2026-09-08T10:35:33.209Z,148fee6a-468a-4c12-85f0-5b6ffd2034b0
202609081157558491,145,Clinical UA CDC Silver,pl_clinical_ua_cdc_brz_to_slv,/pipelines/pl_clinical_ua_cdc_brz_to_slv,Bronze Lakehouse,SL,DEV,2026-09-08T11:57:40.664Z,,RUNNING,MANUAL,MANUAL,2,0,0,0,0,1,2026-09-08T11:57:40.664Z,ceb34ea5-2c4d-400b-88c0-a3e33b5d31d8
202609081212273120,145,Clinical UA CDC Silver,pl_clinical_ua_cdc_brz_to_slv,/pipelines/pl_clinical_ua_cdc_brz_to_slv,Bronze Lakehouse,SL,DEV,2026-09-08T12:13:14.067Z,,RUNNING,MANUAL,MANUAL,2,0,0,0,0,1,2026-09-08T12:13:14.067Z,2cc3b908-f953-4e20-a09b-da42cb14246e
202609080834393909,145,Clinical UA CDC Silver,pl_clinical_ua_cdc_brz_to_slv,/pipelines/pl_clinical_ua_cdc_brz_to_slv,Bronze Lakehouse,SL,DEV,2026-09-08T08:34:24.606Z,,RUNNING,MANUAL,MANUAL,2,0,0,0,0,1,2026-09-08T08:34:24.606Z,7b6a46f1-621b-4a4c-80a9-3930be100bf6
202609010839694797,139,CDC Orders Silver,pl_Orders,BHG-DATA-PLATFORM-CORE-DEV/2_Engineering/3_Orchestration/pl_Orders,Bronze Lakehouse,SL,DEV,2026-09-01T08:39:53.059Z,,RUNNING,SCHEDULE,Fabric,1,0,0,0,0,1,2026-09-01T08:39:53.059Z,4405edf1-fb7c-477f-9d58-d1b659522264
202608291209381098,139,CDC Orders Silver,pl_Orders,BHG-DATA-PLATFORM-CORE-DEV/2_Engineering/3_Orchestration/pl_Orders,Bronze Lakehouse,SL,DEV,2026-08-29T12:09:23.132Z,,RUNNING,SCHEDULE,Fabric,1,0,0,0,0,1,2026-08-29T12:09:23.132Z,a5a520af-eb61-4488-afb7-d321bfb4d61f
202608291226718124,139,CDC Orders Silver,pl_Orders,BHG-DATA-PLATFORM-CORE-DEV/2_Engineering/3_Orchestration/pl_Orders,Bronze Lakehouse,SL,DEV,2026-08-29T12:26:56.038Z,,RUNNING,SCHEDULE,Fabric,1,0,0,0,0,1,2026-08-29T12:26:56.038Z,dc23b4ba-2ce0-47ec-ab76-b99d4a09d211
202608291315286981,139,CDC Orders Silver,pl_Orders,BHG-DATA-PLATFORM-CORE-DEV/2_Engineering/3_Orchestration/pl_Orders,Bronze Lakehouse,SL,DEV,2026-08-29T13:15:13.544Z,,RUNNING,SCHEDULE,Fabric,1,0,0,0,0,1,2026-08-29T13:15:13.544Z,ef096080-d454-467e-a4bd-595a9d6d8014
202608291007434041,139,CDC Orders Silver,pl_Orders,BHG-DATA-PLATFORM-CORE-DEV/2_Engineering/3_Orchestration/pl_Orders,Bronze Lakehouse,SL,DEV,2026-08-29T10:07:27.385Z,,RUNNING,SCHEDULE,Fabric,1,0,0,0,0,1,2026-08-29T10:07:27.385Z,4e6bfb73-69bb-458d-aac4-f14e1e5ab525
202608291340619374,139,CDC Orders Silver,pl_Orders,BHG-DATA-PLATFORM-CORE-DEV/2_Engineering/3_Orchestration/pl_Orders,Bronze Lakehouse,SL,DEV,2026-08-29T13:40:46.315Z,,RUNNING,SCHEDULE,Fabric,1,0,0,0,0,1,2026-08-29T13:40:46.315Z,6b95750e-1e2a-4d67-b145-561cb34796e6
202608310638505536,139,CDC Orders Silver,pl_Orders,BHG-DATA-PLATFORM-CORE-DEV/2_Engineering/3_Orchestration/pl_Orders,Bronze Lakehouse,SL,DEV,2026-08-31T06:38:34.872Z,,RUNNING,SCHEDULE,Fabric,1,0,0,0,0,1,2026-08-31T06:38:34.872Z,09adc00b-372b-45c2-a069-ea5b68dd86d2
202608291055680707,139,CDC Orders Silver,pl_Orders,BHG-DATA-PLATFORM-CORE-DEV/2_Engineering/3_Orchestration/pl_Orders,Bronze Lakehouse,SL,DEV,2026-08-29T10:55:52.847Z,,RUNNING,SCHEDULE,Fabric,1,0,0,0,0,1,2026-08-29T10:55:52.847Z,d35ec2f7-0dfa-4a2b-9038-3b2432e9b372
202608310842346107,139,CDC Orders Silver,pl_Orders,BHG-DATA-PLATFORM-CORE-DEV/2_Engineering/3_Orchestration/pl_Orders,Bronze Lakehouse,SL,DEV,2026-08-31T08:42:28.122Z,,RUNNING,SCHEDULE,Fabric,1,0,0,0,0,1,2026-08-31T08:42:28.122Z,8d8f524e-53ff-42c5-927c-b9f025f3560d
20260901103042,42,ZOOM API Gold Pipeline,nb_zoom_slv_to_gld,/notebooks/nb_zoomapi_gold,Zoom,GL,DEV,2026-09-01T10:30:42.000Z,2026-09-01T10:33:26.000Z,FAILED,SCHEDULE,Fabric,3,0,3,0,0,1,2026-09-01T10:30:44.030Z,4d36e408-9b61-4c1b-b839-f62212168a8f
202608291129661210,139,CDC Orders Silver,pl_Orders,BHG-DATA-PLATFORM-CORE-DEV/2_Engineering/3_Orchestration/pl_Orders,Bronze Lakehouse,SL,DEV,2026-08-29T11:29:49.948Z,,RUNNING,SCHEDULE,Fabric,1,0,0,0,0,1,2026-08-29T11:29:49.948Z,02866ca0-860a-4e9f-8134-b92893c72dfb
202608291106602148,139,CDC Orders Silver,pl_Orders,BHG-DATA-PLATFORM-CORE-DEV/2_Engineering/3_Orchestration/pl_Orders,Bronze Lakehouse,SL,DEV,2026-08-29T11:06:44.200Z,,RUNNING,SCHEDULE,Fabric,1,0,0,0,0,1,2026-08-29T11:06:44.200Z,1592a1fb-22e4-4205-9288-926388ef63cd
202608291250644987,139,CDC Orders Silver,pl_Orders,BHG-DATA-PLATFORM-CORE-DEV/2_Engineering/3_Orchestration/pl_Orders,Bronze Lakehouse,SL,DEV,2026-08-29T12:50:48.421Z,,RUNNING,SCHEDULE,Fabric,1,0,0,0,0,1,2026-08-29T12:50:48.421Z,c52a003d-b50f-4815-ad8f-03863584bc4b
202608291028477595,139,CDC Orders Silver,pl_Orders,BHG-DATA-PLATFORM-CORE-DEV/2_Engineering/3_Orchestration/pl_Orders,Bronze Lakehouse,SL,DEV,2026-08-29T10:28:31.724Z,,RUNNING,SCHEDULE,Fabric,1,0,0,0,0,1,2026-08-29T10:28:31.724Z,94ef01c5-03a1-46bd-a390-5db343d71b93
202609010807517355,139,CDC Orders Silver,pl_Orders,BHG-DATA-PLATFORM-CORE-DEV/2_Engineering/3_Orchestration/pl_Orders,Bronze Lakehouse,SL,DEV,2026-09-01T08:07:36.898Z,,RUNNING,SCHEDULE,Fabric,1,0,0,0,0,1,2026-09-01T08:07:36.898Z,e564fb4a-d6e0-4a6d-87df-70b9aa4ef9a8
202608291151417918,139,CDC Orders Silver,pl_Orders,BHG-DATA-PLATFORM-CORE-DEV/2_Engineering/3_Orchestration/pl_Orders,Bronze Lakehouse,SL,DEV,2026-08-29T11:51:25.756Z,,RUNNING,SCHEDULE,Fabric,1,0,0,0,0,1,2026-08-29T11:51:25.756Z,fb499d6c-a550-45fe-82f0-e453ac2a136f
20260907055229,5,8x8 Silver Pipeline,nb_8x8_brz_to_slv,/notebooks/nb_8x8_brz_to_slv,8X8,SL,DEV,2026-09-07T05:52:43.685Z,2026-09-07T05:55:02.213Z,SUCCESS,SCHEDULE,Fabric,4,4,0,0,0,1,2026-09-07T05:52:30.439Z,3f0f0a05-879c-4e22-8cc2-b9ae0748727e
20260903103347,5,8x8 Silver Pipeline,nb_8x8_brz_to_slv,/notebooks/nb_8x8_brz_to_slv,8X8,SL,DEV,2026-09-03T10:34:00.160Z,2026-09-03T10:36:07.212Z,SUCCESS,SCHEDULE,Fabric,4,4,0,0,0,1,2026-09-03T10:33:50.503Z,96a98cf2-5c7e-485f-a552-00977e127934
20260903105849,5,8x8 Silver Pipeline,nb_8x8_brz_to_slv,/notebooks/nb_8x8_brz_to_slv,8X8,SL,DEV,2026-09-03T10:59:00.645Z,2026-09-03T11:01:07.116Z,SUCCESS,SCHEDULE,Fabric,4,4,0,0,0,1,2026-09-03T10:58:50.929Z,b1e5c4ea-7b6d-4d5e-afa2-eb79e1fc8e31
20260904050651,5,8x8 Silver Pipeline,nb_8x8_brz_to_slv,/notebooks/nb_8x8_brz_to_slv,8X8,SL,DEV,2026-09-04T05:07:19.786Z,2026-09-04T05:09:25.969Z,SUCCESS,SCHEDULE,Fabric,4,3,0,1,0,1,2026-09-04T05:06:55.408Z,e11ef06b-c1de-441e-a960-c4d69538ddc8
20260904044625,5,8x8 Silver Pipeline,nb_8x8_brz_to_slv,/notebooks/nb_8x8_brz_to_slv,8X8,SL,DEV,2026-09-04T04:46:51.244Z,2026-09-04T04:48:49.499Z,SUCCESS,SCHEDULE,Fabric,4,3,0,1,0,1,2026-09-04T04:46:28.356Z,3c46989a-54ba-4803-b6fb-36a771acc2ba
20260907082613,5,8x8 Silver Pipeline,nb_8x8_brz_to_slv,/notebooks/nb_8x8_brz_to_slv,8X8,SL,DEV,2026-09-07T08:26:48.989Z,2026-09-07T08:29:03.478Z,SUCCESS,SCHEDULE,Fabric,4,4,0,0,0,1,2026-09-07T08:26:20.493Z,9f92c221-d408-4dd5-be42-4448e89cdc8e
20260901033026,5,8x8 Silver Pipeline,nb_8x8_brz_to_slv,/notebooks/nb_8x8_brz_to_slv,8X8,SL,DEV,2026-09-01T03:30:27.325Z,2026-09-01T03:32:00.105Z,SUCCESS,SCHEDULE,Fabric,4,0,0,0,0,1,2026-09-01T03:30:27.325Z,c8a5efd8-1123-48ea-8575-8e8ee1ef61f7
20260907111135,5,8x8 Silver Pipeline,nb_8x8_brz_to_slv,/notebooks/nb_8x8_brz_to_slv,8X8,SL,DEV,2026-09-07T11:11:58.875Z,2026-09-07T11:15:57.250Z,SUCCESS,SCHEDULE,Fabric,4,4,0,0,0,1,2026-09-07T11:11:38.662Z,027bd594-9340-457f-99dc-6a9fea5cf33a
20260904032635,5,8x8 Silver Pipeline,nb_8x8_brz_to_slv,/notebooks/nb_8x8_brz_to_slv,8X8,SL,DEV,2026-09-04T03:26:55.729Z,2026-09-04T03:28:49.498Z,SUCCESS,SCHEDULE,Fabric,4,3,0,1,0,1,2026-09-04T03:26:37.127Z,12b3c6ab-e5be-412c-b011-b57e8d0c6fc9
20260903092633,5,8x8 Silver Pipeline,nb_8x8_brz_to_slv,/notebooks/nb_8x8_brz_to_slv,8X8,SL,DEV,2026-09-03T09:26:43.858Z,2026-09-03T09:28:46.589Z,SUCCESS,SCHEDULE,Fabric,4,4,0,0,0,1,2026-09-03T09:26:35.139Z,cf1e9d57-f844-4f2d-9009-5cc5d296754c
20260903095459,5,8x8 Silver Pipeline,nb_8x8_brz_to_slv,/notebooks/nb_8x8_brz_to_slv,8X8,SL,DEV,2026-09-03T09:55:12.293Z,2026-09-03T09:57:20.616Z,SUCCESS,SCHEDULE,Fabric,4,4,0,0,0,1,2026-09-03T09:55:01.598Z,ca12e9c4-4a93-49c2-9c07-d2cc84daa28e
20260907103602,5,8x8 Silver Pipeline,nb_8x8_brz_to_slv,/notebooks/nb_8x8_brz_to_slv,8X8,SL,DEV,2026-09-07T10:36:34.087Z,2026-09-07T10:38:56.183Z,SUCCESS,SCHEDULE,Fabric,4,4,0,0,0,1,2026-09-07T10:36:13.532Z,c4acfd08-71e9-4988-a88c-bd601c12a9c9
20260904033033,5,8x8 Silver Pipeline,nb_8x8_brz_to_slv,/notebooks/nb_8x8_brz_to_slv,8X8,SL,DEV,2026-09-04T03:31:05.859Z,2026-09-04T03:33:10.199Z,SUCCESS,SCHEDULE,Fabric,4,3,0,1,0,1,2026-09-04T03:30:45.101Z,b24cabb8-10e7-4f71-8dfa-a5afc839e4b1
20260903112332,5,8x8 Silver Pipeline,nb_8x8_brz_to_slv,/notebooks/nb_8x8_brz_to_slv,8X8,SL,DEV,2026-09-03T11:23:44.047Z,2026-09-03T11:25:44.197Z,SUCCESS,SCHEDULE,Fabric,4,4,0,0,0,1,2026-09-03T11:23:34.332Z,c4ca1c69-cc05-4d3c-afe4-e43ce3ff741a
20260907114237,5,8x8 Silver Pipeline,nb_8x8_brz_to_slv,/notebooks/nb_8x8_brz_to_slv,8X8,SL,DEV,2026-09-07T11:43:12.674Z,2026-09-07T11:45:27.981Z,SUCCESS,SCHEDULE,Fabric,4,4,0,0,0,1,2026-09-07T11:42:45.984Z,fad71b32-32ff-4d58-a1b8-e4782a9be879
20260904035918,5,8x8 Silver Pipeline,nb_8x8_brz_to_slv,/notebooks/nb_8x8_brz_to_slv,8X8,SL,DEV,2026-09-04T03:59:28.665Z,2026-09-04T04:01:10.491Z,SUCCESS,SCHEDULE,Fabric,4,3,0,1,0,1,2026-09-04T03:59:19.845Z,31e1b716-f62d-4ff3-bba9-694a795445be
202609081035391956,144,Clinical UA CDC Bronze,pl_clinical_ua_cdc_src_to_bronze,/pipelines/pl_clinical_ua_cdc_src_to_bronze,SAMMS,BR,DEV,2026-09-08T10:35:33.209Z,,RUNNING,MANUAL,MANUAL,6,0,0,0,0,1,2026-09-08T10:35:33.209Z,148fee6a-468a-4c12-85f0-5b6ffd2034b0
202609080834293909,144,Clinical UA CDC Bronze,pl_clinical_ua_cdc_src_to_bronze,/pipelines/pl_clinical_ua_cdc_src_to_bronze,SAMMS,BR,DEV,2026-09-08T08:34:24.606Z,,RUNNING,MANUAL,MANUAL,6,0,0,0,0,1,2026-09-08T08:34:24.606Z,7b6a46f1-621b-4a4c-80a9-3930be100bf6
202609081212173120,144,Clinical UA CDC Bronze,pl_clinical_ua_cdc_src_to_bronze,/pipelines/pl_clinical_ua_cdc_src_to_bronze,SAMMS,BR,DEV,2026-09-08T12:13:14.067Z,,RUNNING,MANUAL,MANUAL,6,0,0,0,0,1,2026-09-08T12:13:14.067Z,2cc3b908-f953-4e20-a09b-da42cb14246e
202609081157458491,144,Clinical UA CDC Bronze,pl_clinical_ua_cdc_src_to_bronze,/pipelines/pl_clinical_ua_cdc_src_to_bronze,SAMMS,BR,DEV,2026-09-08T11:57:40.664Z,,RUNNING,MANUAL,MANUAL,6,0,0,0,0,1,2026-09-08T11:57:40.664Z,ceb34ea5-2c4d-400b-88c0-a3e33b5d31d8
20260907123143,5,8x8 Silver Pipeline,nb_8x8_brz_to_slv,/notebooks/nb_8x8_brz_to_slv,8X8,SL,DEV,2026-09-07T12:31:45.168Z,2026-09-07T12:31:45.168Z,FAILED,SCHEDULE,Fabric,4,0,4,0,0,1,2026-09-07T12:31:45.168Z,0833bc45-7cf8-42ce-be71-c454f3197277
20260904055158,5,8x8 Silver Pipeline,nb_8x8_brz_to_slv,/notebooks/nb_8x8_brz_to_slv,8X8,SL,DEV,2026-09-04T05:52:38.448Z,2026-09-04T05:53:31.373Z,FAILED,SCHEDULE,Fabric,4,0,0,4,0,1,2026-09-04T05:52:06.397Z,94f281af-b5e9-4290-9702-d563799a6bd2
20260904052822,5,8x8 Silver Pipeline,nb_8x8_brz_to_slv,/notebooks/nb_8x8_brz_to_slv,8X8,SL,DEV,2026-09-04T05:28:54.774Z,2026-09-04T05:32:31.629Z,FAILED,SCHEDULE,Fabric,4,3,0,1,0,1,2026-09-04T05:28:25.530Z,3f57caf8-008d-4dfc-9f5c-86252efb5d87
20260907114711,4,8x8 Bronze Pipeline,nb_8x8_src_to_brz,/notebooks/nb_8x8_src_to_brz,8X8,BR,DEV,2026-09-07T11:37:50.619Z,2026-09-07T11:41:37.226Z,FAILED,SCHEDULE,Fabric,1,0,1,0,0,1,2026-09-07T11:47:13.272Z,fad71b32-32ff-4d58-a1b8-e4782a9be879
20260904061714,5,8x8 Silver Pipeline,nb_8x8_brz_to_slv,/notebooks/nb_8x8_brz_to_slv,8X8,SL,DEV,2026-09-04T06:15:39.730Z,2026-09-04T06:36:06.743Z,FAILED,SCHEDULE,Fabric,4,0,1,4,1,2,2026-09-04T06:34:51.633Z,5c90ec33-5130-4875-a415-66abc3f2b4d7
20260904061714,5,8x8 Silver Pipeline,nb_8x8_brz_to_slv,/notebooks/nb_8x8_brz_to_slv,8X8,SL,DEV,2026-09-04T06:15:39.730Z,2026-09-04T06:36:06.743Z,FAILED,SCHEDULE,Fabric,1,0,1,4,0,1,2026-09-04T06:17:16.347Z,963356ac-0db4-498c-8882-cac150b60200
20260907123426,4,8x8 Bronze Pipeline,nb_8x8_src_to_brz,/notebooks/nb_8x8_src_to_brz,8X8,BR,DEV,2026-09-07T12:27:00.480Z,2026-09-07T12:30:59.971Z,FAILED,SCHEDULE,Fabric,1,0,1,0,0,1,2026-09-07T12:34:28.188Z,0833bc45-7cf8-42ce-be71-c454f3197277
20260907120036,5,8x8 Silver Pipeline,nb_8x8_brz_to_slv,/notebooks/nb_8x8_brz_to_slv,8X8,SL,DEV,2026-09-07T12:00:38.060Z,2026-09-07T12:00:38.060Z,FAILED,SCHEDULE,Fabric,4,0,0,4,0,1,2026-09-07T12:00:38.060Z,d92f30f4-baa0-42e7-bdb1-9b4266ebe2ed
20260907120245,4,8x8 Bronze Pipeline,nb_8x8_src_to_brz,/notebooks/nb_8x8_src_to_brz,8X8,BR,DEV,2026-09-07T11:56:20.252Z,2026-09-07T11:59:41.807Z,FAILED,SCHEDULE,Fabric,1,0,1,0,0,1,2026-09-07T12:02:47.022Z,d92f30f4-baa0-42e7-bdb1-9b4266ebe2ed
20260904055509,4,8x8 Bronze Pipeline,nb_8x8_src_to_brz,/notebooks/nb_8x8_execute,8X8,BR,DEV,2026-09-04T05:47:28.897Z,2026-09-04T06:15:05.209Z,SUCCESS,SCHEDULE,Fabric,4,4,1,0,1,2,2026-09-04T06:10:03.858Z,963356ac-0db4-498c-8882-cac150b60200
20260904053449,4,8x8 Bronze Pipeline,nb_8x8_src_to_brz,/notebooks/nb_8x8_execute,8X8,BR,DEV,2026-09-04T05:22:58.194Z,2026-09-04T06:33:17.802Z,SUCCESS,SCHEDULE,Fabric,1,4,1,0,0,1,2026-09-04T05:34:51.515Z,3f57caf8-008d-4dfc-9f5c-86252efb5d87
20260904053449,4,8x8 Bronze Pipeline,nb_8x8_src_to_brz,/notebooks/nb_8x8_execute,8X8,BR,DEV,2026-09-04T05:22:58.194Z,2026-09-04T06:33:17.802Z,SUCCESS,SCHEDULE,Fabric,4,4,1,0,1,2,2026-09-04T06:28:09.850Z,5c90ec33-5130-4875-a415-66abc3f2b4d7
20260903111712,4,8x8 Bronze Pipeline,nb_8x8_src_to_brz,/notebooks/nb_8x8_execute,8X8,BR,DEV,2026-09-03T11:17:24.256Z,2026-09-03T11:21:53.660Z,SUCCESS,SCHEDULE,Fabric,4,4,0,0,0,1,2026-09-03T11:17:14.924Z,c4ca1c69-cc05-4d3c-afe4-e43ce3ff741a
20260903105209,4,8x8 Bronze Pipeline,nb_8x8_src_to_brz,/notebooks/nb_8x8_execute,8X8,BR,DEV,2026-09-03T10:52:22.140Z,2026-09-03T10:57:18.635Z,SUCCESS,SCHEDULE,Fabric,4,4,0,0,0,1,2026-09-03T10:52:12.206Z,b1e5c4ea-7b6d-4d5e-afa2-eb79e1fc8e31
20260907054602,4,8x8 Bronze Pipeline,nb_8x8_src_to_brz,/notebooks/nb_8x8_execute,8X8,BR,DEV,2026-09-07T05:46:15.207Z,2026-09-07T05:50:58.974Z,SUCCESS,SCHEDULE,Fabric,4,4,0,0,0,1,2026-09-07T05:46:05.530Z,3f0f0a05-879c-4e22-8cc2-b9ae0748727e
20260904055509,4,8x8 Bronze Pipeline,nb_8x8_src_to_brz,/notebooks/nb_8x8_execute,8X8,BR,DEV,2026-09-04T05:47:28.897Z,2026-09-04T06:15:05.209Z,SUCCESS,SCHEDULE,Fabric,1,4,1,0,0,1,2026-09-04T05:55:11.323Z,94f281af-b5e9-4290-9702-d563799a6bd2
20260903102736,4,8x8 Bronze Pipeline,nb_8x8_src_to_brz,/notebooks/nb_8x8_execute,8X8,BR,DEV,2026-09-03T10:27:57.280Z,2026-09-03T10:32:30.813Z,SUCCESS,SCHEDULE,Fabric,4,4,0,0,0,1,2026-09-03T10:27:39.304Z,96a98cf2-5c7e-485f-a552-00977e127934
20260903094815,4,8x8 Bronze Pipeline,nb_8x8_src_to_brz,/notebooks/nb_8x8_execute,8X8,BR,DEV,2026-09-03T09:48:30.258Z,2026-09-03T09:53:38.010Z,SUCCESS,SCHEDULE,Fabric,4,4,0,0,0,1,2026-09-03T09:48:17.855Z,ca12e9c4-4a93-49c2-9c07-d2cc84daa28e
20260903092015,4,8x8 Bronze Pipeline,nb_8x8_src_to_brz,/notebooks/nb_8x8_execute,8X8,BR,DEV,2026-09-03T09:20:30.154Z,2026-09-03T09:25:06.246Z,SUCCESS,SCHEDULE,Fabric,4,4,0,0,0,1,2026-09-03T09:20:19.139Z,cf1e9d57-f844-4f2d-9009-5cc5d296754c
20260903062457,5,8x8 Silver Pipeline,nb_8x8_brz_to_slv,/notebooks/nb_8x8_brz_to_slv,8X8,SL,DEV,2026-09-03T06:25:12.255Z,2026-09-03T06:27:05.842Z,SUCCESS,SCHEDULE,Fabric,4,3,0,1,0,1,2026-09-03T06:24:58.711Z,1066d6e5-305c-4662-a3fb-18d67007
20260903063600,5,8x8 Silver Pipeline,nb_8x8_brz_to_slv,/notebooks/nb_8x8_brz_to_slv,8X8,SL,DEV,2026-09-03T06:36:10.819Z,2026-09-03T06:37:42.534Z,SUCCESS,SCHEDULE,Fabric,4,3,0,1,0,1,2026-09-03T06:36:02.038Z,1066d6e5-305c-4662-a3fb-18d67007
20260903080209,5,8x8 Silver Pipeline,nb_8x8_brz_to_slv,/notebooks/nb_8x8_brz_to_slv,8X8,SL,DEV,2026-09-03T08:02:25.419Z,2026-09-03T08:04:43.023Z,SUCCESS,SCHEDULE,Fabric,4,4,0,0,0,1,2026-09-03T08:02:12.142Z,1066d6e5-305c-4662-a3fb-18d67007
20260619125206,10,Verity Bronze Pipeline,nb_veritystream_src_to_brz,/notebooks/nb_veritystream_src_to_brz,VerityStream,BR,DEV,2026-09-02T10:25:08.000Z,,RUNNING,SCHEDULE,Fabric,21,0,0,0,1,2,2026-09-02T10:25:10.819Z,722aad57-e246-4117-9d30-2dda465b85d4
20260904033502,4,8x8 Bronze Pipeline,nb_8x8_src_to_brz,/notebooks/nb_8x8_execute,8X8,BR,DEV,2026-09-04T03:26:00.717Z,2026-09-04T03:57:50.371Z,FAILED,SCHEDULE,Fabric,1,3,2,0,0,1,2026-09-04T03:35:03.395Z,b24cabb8-10e7-4f71-8dfa-a5afc839e4b1
20260902185305,4,8x8 Bronze Pipeline,nb_8x8_src_to_brz,/notebooks/nb_8x8_execute,8X8,BR,DEV,2026-09-02T18:53:08.658Z,2026-09-02T18:57:10.265Z,FAILED,SCHEDULE,Fabric,4,0,0,0,0,1,2026-09-02T18:53:08.658Z,d150ca77-b960-476b-836f-c250b91ab963
20260904045027,4,8x8 Bronze Pipeline,nb_8x8_src_to_brz,/notebooks/nb_8x8_execute,8X8,BR,DEV,2026-09-04T04:42:32.609Z,2026-09-04T04:45:02.398Z,FAILED,SCHEDULE,Fabric,1,0,1,0,0,1,2026-09-04T04:50:28.824Z,3c46989a-54ba-4803-b6fb-36a771acc2ba
20260904033502,4,8x8 Bronze Pipeline,nb_8x8_src_to_brz,/notebooks/nb_8x8_execute,8X8,BR,DEV,2026-09-04T03:26:00.717Z,2026-09-04T03:57:50.371Z,FAILED,SCHEDULE,Fabric,4,3,2,0,1,2,2026-09-04T03:53:22.697Z,31e1b716-f62d-4ff3-bba9-694a795445be
20260901032711,4,8x8 Bronze Pipeline,nb_8x8_src_to_brz,/notebooks/nb_8x8_execute,8X8,BR,DEV,2026-09-01T03:27:14.980Z,2026-09-01T03:29:27.502Z,FAILED,SCHEDULE,Fabric,4,0,0,0,0,1,2026-09-01T03:27:14.980Z,c8a5efd8-1123-48ea-8575-8e8ee1ef61f7
20260904032024,4,8x8 Bronze Pipeline,nb_8x8_src_to_brz,/notebooks/nb_8x8_execute,8X8,BR,DEV,2026-09-04T03:20:48.202Z,2026-09-04T03:24:55.376Z,FAILED,SCHEDULE,Fabric,4,3,1,0,0,1,2026-09-04T03:20:33.430Z,12b3c6ab-e5be-412c-b011-b57e8d0c6fc9
20260904051116,4,8x8 Bronze Pipeline,nb_8x8_src_to_brz,/notebooks/nb_8x8_execute,8X8,BR,DEV,2026-09-04T05:01:46.326Z,2026-09-04T05:05:15.959Z,FAILED,SCHEDULE,Fabric,1,0,1,0,0,1,2026-09-04T05:11:18.477Z,e11ef06b-c1de-441e-a960-c4d69538ddc8
20260902114910,75,Alloy Gold Incidents Pipeline,nb_alloy_slv_to_gld,/notebooks/nb_alloyapi_gold_transformations,ALLOY,GL,DEV,2026-09-02T11:49:10.000Z,,RUNNING,SCHEDULED,Fabric,1,0,0,0,0,1,2026-09-02T11:49:12.024Z,1007c3cc-f056-4e74-81c3-68c6b23f1a96
20260901122853,75,Alloy Gold Incidents Pipeline,nb_alloy_slv_to_gld,/notebooks/nb_alloyapi_gold_transformations,ALLOY,GL,DEV,2026-09-01T12:28:53.000Z,,RUNNING,SCHEDULED,Fabric,1,0,0,0,0,1,2026-09-01T12:28:54.669Z,01062de6-159c-4953-9051-435ca199e63a
20260901115259,75,Alloy Gold Incidents Pipeline,nb_alloy_slv_to_gld,/notebooks/nb_alloyapi_gold_transformations,ALLOY,GL,DEV,2026-09-01T11:52:59.000Z,,RUNNING,SCHEDULED,Fabric,1,0,0,0,0,1,2026-09-01T11:53:00.446Z,d5881c9a-cc97-48db-9be2-2e90c8ee25ee
20260901104000,75,Alloy Gold Incidents Pipeline,nb_alloy_slv_to_gld,/notebooks/nb_alloyapi_gold_transformations,ALLOY,GL,DEV,2026-09-01T10:40:00.000Z,,RUNNING,SCHEDULED,Fabric,1,0,0,0,0,1,2026-09-01T10:40:01.353Z,c449f350-a1e9-4f35-b056-46c762cb8b9f
20260901105536,75,Alloy Gold Incidents Pipeline,nb_alloy_slv_to_gld,/notebooks/nb_alloyapi_gold_transformations,ALLOY,GL,DEV,2026-09-01T10:55:36.000Z,,RUNNING,SCHEDULED,Fabric,1,0,0,0,0,1,2026-09-01T10:55:37.709Z,5765a90c-455c-4648-a83a-128e7cd6b6db
20260902105852,75,Alloy Gold Incidents Pipeline,nb_alloy_slv_to_gld,/notebooks/nb_alloyapi_gold_transformations,ALLOY,GL,DEV,2026-09-02T10:58:52.000Z,,RUNNING,SCHEDULED,Fabric,1,0,0,0,0,1,2026-09-02T10:58:54.056Z,bd88f562-ba05-4b73-8eef-2763d39e6551
20260619132316,12,Verity Gold Pipeline,nb_veritystream_slv_to_gld,/notebooks/nb_veritystream_slv_to_gld,VerityStream,GL,DEV,2026-09-02T11:25:49.000Z,,RUNNING,SCHEDULE,Fabric,18,0,0,0,1,2,2026-09-02T11:25:51.161Z,722aad57-e246-4117-9d30-2dda465b85d4
20260903054547,4,8x8 Bronze Pipeline,nb_8x8_src_to_brz,/notebooks/nb_8x8_execute,8X8,BR,DEV,2026-09-03T05:46:00.546Z,2026-09-03T07:14:08.476Z,SUCCESS,SCHEDULE,Fabric,4,4,3,0,1,4,2026-09-03T07:13:39.005Z,1066d6e5-305c-4662-a3fb-18d67007
20260903054547,4,8x8 Bronze Pipeline,nb_8x8_src_to_brz,/notebooks/nb_8x8_execute,8X8,BR,DEV,2026-09-03T05:46:00.546Z,2026-09-03T07:14:08.476Z,SUCCESS,SCHEDULE,Fabric,4,4,3,0,0,1,2026-09-03T05:45:50.151Z,1066d6e5-305c-4662-a3fb-18d67007
20260903075113,4,8x8 Bronze Pipeline,nb_8x8_src_to_brz,/notebooks/nb_8x8_execute,8X8,BR,DEV,2026-09-03T07:51:21.535Z,2026-09-03T07:55:09.107Z,SUCCESS,SCHEDULE,Fabric,4,4,0,0,0,1,2026-09-03T07:51:14.693Z,1066d6e5-305c-4662-a3fb-18d67007
20260903073021,4,8x8 Bronze Pipeline,nb_8x8_src_to_brz,/notebooks/nb_8x8_execute,8X8,BR,DEV,2026-09-03T07:30:30.285Z,2026-09-03T07:34:40.551Z,SUCCESS,SCHEDULE,Fabric,4,4,0,0,0,1,2026-09-03T07:30:23.675Z,1066d6e5-305c-4662-a3fb-18d67007
20260903074343,4,8x8 Bronze Pipeline,nb_8x8_src_to_brz,/notebooks/nb_8x8_execute,8X8,BR,DEV,2026-09-03T07:43:52.723Z,2026-09-03T07:47:40.987Z,SUCCESS,SCHEDULE,Fabric,4,4,0,0,0,1,2026-09-03T07:43:44.806Z,1066d6e5-305c-4662-a3fb-18d67007
20260903054547,4,8x8 Bronze Pipeline,nb_8x8_src_to_brz,/notebooks/nb_8x8_execute,8X8,BR,DEV,2026-09-03T05:46:00.546Z,2026-09-03T07:14:08.476Z,SUCCESS,SCHEDULE,Fabric,4,4,3,0,1,2,2026-09-03T05:59:53.674Z,1066d6e5-305c-4662-a3fb-18d67007
20260903054547,4,8x8 Bronze Pipeline,nb_8x8_src_to_brz,/notebooks/nb_8x8_execute,8X8,BR,DEV,2026-09-03T05:46:00.546Z,2026-09-03T07:14:08.476Z,SUCCESS,SCHEDULE,Fabric,4,4,3,0,1,3,2026-09-03T07:05:28.356Z,1066d6e5-305c-4662-a3fb-18d67007
202607161844309699,82,Salesforce Bronze Pipeline,nb_salesforce_src_to_brz,/notebooks/nb_salesforce_execute,SALESFORCE,BR,DEV,2026-08-28T10:47:03.893Z,,RUNNING,SCHEDULE,Fabric,10,0,0,0,1,2,2026-08-28T10:47:05.689Z,2b16353c-bcd4-48d1-8db2-5f7768416428
202609041327755202,26,SAMMS DartsSrv Silver Pipeline,pl_execute_dartsrv,/notebooks/nb_darts_bronze_to_silver,Lakehouse,SL,DEV,2026-09-04T13:27:59.346Z,,RUNNING,SCHEDULE,Fabric,1,0,0,0,0,1,2026-09-04T13:27:59.346Z,660717f8-6fba-4f9a-bbd9-b4fb5ff0ffac
202609041316269212,26,SAMMS DartsSrv Silver Pipeline,pl_execute_dartsrv,/notebooks/nb_darts_bronze_to_silver,Lakehouse,SL,DEV,2026-09-04T13:16:13.159Z,,RUNNING,SCHEDULE,Fabric,1,0,0,0,0,1,2026-09-04T13:16:13.159Z,9b5eeb6a-42d4-430f-b98a-e42f462d949c
202609041336431628,26,SAMMS DartsSrv Silver Pipeline,pl_execute_dartsrv,/notebooks/nb_darts_bronze_to_silver,Lakehouse,SL,DEV,2026-09-04T13:36:29.534Z,,RUNNING,SCHEDULE,Fabric,1,0,0,0,0,1,2026-09-04T13:36:29.534Z,41d19a18-951b-4ed4-a9cf-bf307a7c0670
202609011115228560,18,SAMMS Orders Bronze,pl_SaveOrders,/pipelines/pl_SaveOrders,SAMMS,BR,DEV,2026-09-01T11:15:16.690Z,2026-09-01T11:27:57.152Z,SUCCESS,MANUAL,MANUAL,2,2,0,0,0,1,2026-09-01T11:15:16.690Z,51d2b2a8-f55a-4c15-81a5-8a10d317f1ae
202609011043370438,18,SAMMS Orders Bronze,pl_SaveOrders,/pipelines/pl_SaveOrders,SAMMS,BR,DEV,2026-09-01T10:43:31.706Z,2026-09-01T10:56:03.003Z,SUCCESS,MANUAL,MANUAL,2,2,0,0,0,1,2026-09-01T10:43:31.706Z,328316bf-c54a-4380-9fd7-d644d5fc41c8
20260907085246,102,QQ_GLTRAN Gold Pipeline,nb_qq_gltran_slv_to_gld,None,LAKEHOUSE,GL,DEV,2026-09-07T08:52:59.413Z,2026-09-07T08:55:30.675Z,SUCCESS,SCHEDULE,Fabric,1,1,0,0,0,1,2026-09-07T08:52:47.568Z,49061cae-9c41-49bf-8a9d-5bcf8fc7e716
202608291129561210,138,CDC Orders Bronze,pl_Orders,BHG-DATA-PLATFORM-CORE-DEV/2_Engineering/3_Orchestration/pl_Orders,SAMMS,BR,DEV,2026-08-29T11:29:49.948Z,,RUNNING,SCHEDULE,Fabric,3,0,0,0,0,1,2026-08-29T11:29:49.948Z,02866ca0-860a-4e9f-8134-b92893c72dfb
202608291028377595,138,CDC Orders Bronze,pl_Orders,BHG-DATA-PLATFORM-CORE-DEV/2_Engineering/3_Orchestration/pl_Orders,SAMMS,BR,DEV,2026-08-29T10:28:31.724Z,,RUNNING,SCHEDULE,Fabric,3,0,0,0,0,1,2026-08-29T10:28:31.724Z,94ef01c5-03a1-46bd-a390-5db343d71b93
202608291250544987,138,CDC Orders Bronze,pl_Orders,BHG-DATA-PLATFORM-CORE-DEV/2_Engineering/3_Orchestration/pl_Orders,SAMMS,BR,DEV,2026-08-29T12:50:48.421Z,,RUNNING,SCHEDULE,Fabric,3,0,0,0,0,1,2026-08-29T12:50:48.421Z,c52a003d-b50f-4815-ad8f-03863584bc4b
202608291226618124,138,CDC Orders Bronze,pl_Orders,BHG-DATA-PLATFORM-CORE-DEV/2_Engineering/3_Orchestration/pl_Orders,SAMMS,BR,DEV,2026-08-29T12:26:56.038Z,,RUNNING,SCHEDULE,Fabric,3,0,0,0,0,1,2026-08-29T12:26:56.038Z,dc23b4ba-2ce0-47ec-ab76-b99d4a09d211
202608291055580707,138,CDC Orders Bronze,pl_Orders,BHG-DATA-PLATFORM-CORE-DEV/2_Engineering/3_Orchestration/pl_Orders,SAMMS,BR,DEV,2026-08-29T10:55:52.847Z,,RUNNING,SCHEDULE,Fabric,3,0,0,0,0,1,2026-08-29T10:55:52.847Z,d35ec2f7-0dfa-4a2b-9038-3b2432e9b372
202608291340519374,138,CDC Orders Bronze,pl_Orders,BHG-DATA-PLATFORM-CORE-DEV/2_Engineering/3_Orchestration/pl_Orders,SAMMS,BR,DEV,2026-08-29T13:40:46.315Z,,RUNNING,SCHEDULE,Fabric,3,0,0,0,0,1,2026-08-29T13:40:46.315Z,6b95750e-1e2a-4d67-b145-561cb34796e6
202608291007334041,138,CDC Orders Bronze,pl_Orders,BHG-DATA-PLATFORM-CORE-DEV/2_Engineering/3_Orchestration/pl_Orders,SAMMS,BR,DEV,2026-08-29T10:07:27.385Z,,RUNNING,SCHEDULE,Fabric,3,0,0,0,0,1,2026-08-29T10:07:27.385Z,4e6bfb73-69bb-458d-aac4-f14e1e5ab525
202608291151317918,138,CDC Orders Bronze,pl_Orders,BHG-DATA-PLATFORM-CORE-DEV/2_Engineering/3_Orchestration/pl_Orders,SAMMS,BR,DEV,2026-08-29T11:51:25.756Z,,RUNNING,SCHEDULE,Fabric,3,0,0,0,0,1,2026-08-29T11:51:25.756Z,fb499d6c-a550-45fe-82f0-e453ac2a136f
202608291209281098,138,CDC Orders Bronze,pl_Orders,BHG-DATA-PLATFORM-CORE-DEV/2_Engineering/3_Orchestration/pl_Orders,SAMMS,BR,DEV,2026-08-29T12:09:23.132Z,,RUNNING,SCHEDULE,Fabric,3,0,0,0,0,1,2026-08-29T12:09:23.132Z,a5a520af-eb61-4488-afb7-d321bfb4d61f
202608291315186981,138,CDC Orders Bronze,pl_Orders,BHG-DATA-PLATFORM-CORE-DEV/2_Engineering/3_Orchestration/pl_Orders,SAMMS,BR,DEV,2026-08-29T13:15:13.544Z,,RUNNING,SCHEDULE,Fabric,3,0,0,0,0,1,2026-08-29T13:15:13.544Z,ef096080-d454-467e-a4bd-595a9d6d8014
202608291106502148,138,CDC Orders Bronze,pl_Orders,BHG-DATA-PLATFORM-CORE-DEV/2_Engineering/3_Orchestration/pl_Orders,SAMMS,BR,DEV,2026-08-29T11:06:44.200Z,,RUNNING,SCHEDULE,Fabric,3,0,0,0,0,1,2026-08-29T11:06:44.200Z,1592a1fb-22e4-4205-9288-926388ef63cd
20260907051943,101,QQ_GLTRAN Silver Pipeline,nb_qq_gltran_brz_to_slv,/notebooks/nb_qq_qltran_brz_to_slv,LAKEHOUSE,SL,DEV,2026-09-07T05:19:51.298Z,,RUNNING,SCHEDULE,Fabric,1,0,0,0,0,1,2026-09-07T05:19:51.298Z,bca532eb-83d7-4e3e-bde2-7cc9db9dc122
20260831123020,101,QQ_GLTRAN Silver Pipeline,nb_qq_gltran_brz_to_slv,/notebooks/nb_qq_qltran_brz_to_slv,LAKEHOUSE,SL,DEV,2026-08-31T12:30:40.649Z,,RUNNING,SCHEDULE,Fabric,1,0,0,0,0,1,2026-08-31T12:30:40.649Z,0da6e75e-5a69-4862-a340-cdd568a9c764
20260908055525,101,QQ_GLTRAN Silver Pipeline,nb_qq_gltran_brz_to_slv,/notebooks/nb_qq_qltran_brz_to_slv,LAKEHOUSE,SL,DEV,2026-09-08T05:55:27.229Z,,RUNNING,SCHEDULE,Fabric,1,0,0,0,0,1,2026-09-08T05:55:27.229Z,d21a22ed-079c-4197-be60-19877f0c18c0
20260908082851,101,QQ_GLTRAN Silver Pipeline,nb_qq_gltran_brz_to_slv,/notebooks/nb_qq_qltran_brz_to_slv,LAKEHOUSE,SL,DEV,2026-09-08T08:28:53.239Z,,RUNNING,SCHEDULE,Fabric,1,0,0,0,0,1,2026-09-08T08:28:53.239Z,6e2a224e-b08c-490a-be8f-d3678578d491
20260904102015,101,QQ_GLTRAN Silver Pipeline,nb_qq_gltran_brz_to_slv,/notebooks/nb_qq_qltran_brz_to_slv,LAKEHOUSE,SL,DEV,2026-09-04T10:20:26.187Z,,RUNNING,SCHEDULE,Fabric,1,0,0,0,0,1,2026-09-04T10:20:26.187Z,a2b79122-a062-4ea8-a301-db2a1318199f
20260902102834,101,QQ_GLTRAN Silver Pipeline,nb_qq_gltran_brz_to_slv,/notebooks/nb_qq_qltran_brz_to_slv,LAKEHOUSE,SL,DEV,2026-09-02T10:28:43.828Z,,RUNNING,SCHEDULE,Fabric,1,0,0,0,0,1,2026-09-02T10:28:43.828Z,0bac3e96-9d2f-4fc3-a6af-cb22f235b46a
20260908074022,101,QQ_GLTRAN Silver Pipeline,nb_qq_gltran_brz_to_slv,/notebooks/nb_qq_qltran_brz_to_slv,LAKEHOUSE,SL,DEV,2026-09-08T07:40:24.328Z,,RUNNING,SCHEDULE,Fabric,1,0,0,0,0,1,2026-09-08T07:40:24.328Z,b9964aa1-7649-47f5-a645-afb1522ab816
20260902112817,101,QQ_GLTRAN Silver Pipeline,nb_qq_gltran_brz_to_slv,/notebooks/nb_qq_qltran_brz_to_slv,LAKEHOUSE,SL,DEV,2026-09-02T11:28:26.024Z,,RUNNING,SCHEDULE,Fabric,1,0,0,0,0,1,2026-09-02T11:28:26.024Z,99713cf3-93d8-4ad6-9c4e-9dc07347860e
20260908071053,101,QQ_GLTRAN Silver Pipeline,nb_qq_gltran_brz_to_slv,/notebooks/nb_qq_qltran_brz_to_slv,LAKEHOUSE,SL,DEV,2026-09-08T07:10:54.828Z,,RUNNING,SCHEDULE,Fabric,1,0,0,0,0,1,2026-09-08T07:10:54.828Z,5d18dcda-c6f0-4d67-8736-c6767bdb2394
20260831074008,101,QQ_GLTRAN Silver Pipeline,nb_qq_gltran_brz_to_slv,/notebooks/nb_qq_qltran_brz_to_slv,LAKEHOUSE,SL,DEV,2026-08-31T07:40:15.010Z,,RUNNING,SCHEDULE,Fabric,1,0,0,0,0,1,2026-08-31T07:40:18.245Z,78ce6bae-52b1-44c2-9f7e-188484e707df
20260908105924,101,QQ_GLTRAN Silver Pipeline,nb_qq_gltran_brz_to_slv,/notebooks/nb_qq_qltran_brz_to_slv,LAKEHOUSE,SL,DEV,2026-09-08T10:59:26.429Z,,RUNNING,SCHEDULE,Fabric,1,0,0,0,0,1,2026-09-08T10:59:26.429Z,af81f259-1578-4204-bdb6-a05208e46ed7
20260907104151,101,QQ_GLTRAN Silver Pipeline,nb_qq_gltran_brz_to_slv,/notebooks/nb_qq_qltran_brz_to_slv,LAKEHOUSE,SL,DEV,2026-09-07T11:22:44.232Z,,RUNNING,SCHEDULE,Fabric,1,0,0,0,0,5,2026-09-07T11:22:44.232Z,febd9bc8-75c6-4368-a516-f0351188daa4
20260907124111,101,QQ_GLTRAN Silver Pipeline,nb_qq_gltran_brz_to_slv,/notebooks/nb_qq_qltran_brz_to_slv,LAKEHOUSE,SL,DEV,2026-09-07T12:41:16.955Z,,RUNNING,SCHEDULE,Fabric,1,0,0,0,0,1,2026-09-07T12:41:16.955Z,03d14284-f9c3-4d2e-9729-2e3083b8d33e
20260908081215,101,QQ_GLTRAN Silver Pipeline,nb_qq_gltran_brz_to_slv,/notebooks/nb_qq_qltran_brz_to_slv,LAKEHOUSE,SL,DEV,2026-09-08T08:12:18.173Z,,RUNNING,SCHEDULE,Fabric,1,0,0,0,0,1,2026-09-08T08:12:18.173Z,e25e17c3-1859-46e8-9c58-c119a7671c9c
20260831111314,101,QQ_GLTRAN Silver Pipeline,nb_qq_gltran_brz_to_slv,/notebooks/nb_qq_qltran_brz_to_slv,LAKEHOUSE,SL,DEV,2026-08-31T11:13:30.271Z,,RUNNING,SCHEDULE,Fabric,1,0,0,0,0,1,2026-08-31T11:13:30.271Z,d5eac79e-3c62-41a9-a5d7-bc44d27ead24
20260907131829,101,QQ_GLTRAN Silver Pipeline,nb_qq_gltran_brz_to_slv,/notebooks/nb_qq_qltran_brz_to_slv,LAKEHOUSE,SL,DEV,2026-09-07T13:18:31.348Z,,RUNNING,SCHEDULE,Fabric,1,0,0,0,0,1,2026-09-07T13:18:31.348Z,6100e949-2422-43aa-a662-97fffdd74ef1
20260907102251,101,QQ_GLTRAN Silver Pipeline,nb_qq_gltran_brz_to_slv,/notebooks/nb_qq_qltran_brz_to_slv,LAKEHOUSE,SL,DEV,2026-09-07T10:36:27.243Z,,RUNNING,SCHEDULE,Fabric,1,0,0,0,0,4,2026-09-07T10:36:27.243Z,846d4ac3-7863-4b80-977d-629c9a3000f3
20260908065932,101,QQ_GLTRAN Silver Pipeline,nb_qq_gltran_brz_to_slv,/notebooks/nb_qq_qltran_brz_to_slv,LAKEHOUSE,SL,DEV,2026-09-08T06:59:35.982Z,,RUNNING,SCHEDULE,Fabric,1,0,0,0,0,1,2026-09-08T06:59:35.982Z,5481aa3d-c115-4ed0-a64a-8e1d0ae70935
20260907115154,101,QQ_GLTRAN Silver Pipeline,nb_qq_gltran_brz_to_slv,/notebooks/nb_qq_qltran_brz_to_slv,LAKEHOUSE,SL,DEV,2026-09-07T11:51:59.592Z,,RUNNING,SCHEDULE,Fabric,1,0,0,0,0,1,2026-09-07T11:51:59.592Z,174a6461-d193-4195-bf67-804ec5854ef1
20260908075751,101,QQ_GLTRAN Silver Pipeline,nb_qq_gltran_brz_to_slv,/notebooks/nb_qq_qltran_brz_to_slv,LAKEHOUSE,SL,DEV,2026-09-08T07:57:53.267Z,,RUNNING,SCHEDULE,Fabric,1,0,0,0,0,1,2026-09-08T07:57:53.267Z,b5b138f0-7118-4250-bf4e-9a6934017be1
20260907085105,101,QQ_GLTRAN Silver Pipeline,nb_qq_gltran_brz_to_slv,/notebooks/nb_qq_qltran_brz_to_slv,LAKEHOUSE,SL,DEV,2026-09-07T08:51:08.346Z,,RUNNING,SCHEDULE,Fabric,1,0,0,0,0,1,2026-09-07T08:51:08.346Z,49061cae-9c41-49bf-8a9d-5bcf8fc7e716
20260907090008,101,QQ_GLTRAN Silver Pipeline,nb_qq_gltran_brz_to_slv,/notebooks/nb_qq_qltran_brz_to_slv,LAKEHOUSE,SL,DEV,2026-09-07T09:51:34.858Z,,RUNNING,SCHEDULE,Fabric,1,0,0,0,0,3,2026-09-07T09:51:34.858Z,11463ad2-ac17-44e2-883f-b7f86a42dcb9
20260907134203,101,QQ_GLTRAN Silver Pipeline,nb_qq_gltran_brz_to_slv,/notebooks/nb_qq_qltran_brz_to_slv,LAKEHOUSE,SL,DEV,2026-09-07T13:42:05.561Z,,RUNNING,SCHEDULE,Fabric,1,0,0,0,0,1,2026-09-07T13:42:05.561Z,c9352ab0-1fbc-4096-bd90-9bcf656c46c4
20260904111041,101,QQ_GLTRAN Silver Pipeline,nb_qq_gltran_brz_to_slv,/notebooks/nb_qq_qltran_brz_to_slv,LAKEHOUSE,SL,DEV,2026-09-04T11:10:48.906Z,,RUNNING,SCHEDULE,Fabric,1,0,0,0,0,1,2026-09-04T11:10:48.906Z,4a18e739-62cb-4756-aa6f-1d8b3a292113
20260902085956,95,chatmeter Silver Pipeline,nb_chatmeter_brz_to_slv,/notebooks/nb_chatmeter_brz_to_slv,Chatmeter,SL,DEV,2026-09-02T08:59:56.000Z,,RUNNING,SCHEDULE,Fabric,1,0,0,0,0,1,2026-09-02T08:59:58.263Z,9cf4ff96-63a2-4e42-bc47-6e1888342768
20260908093641,101,QQ_GLTRAN Silver Pipeline,nb_qq_gltran_brz_to_slv,"",QQ,QQ_GLTRAN,DEV,2026-09-08T09:36:45.328Z,2026-09-08T09:37:53.030Z,SUCCESS,SCHEDULED,SYSTEM,1,1,0,0,0,1,2026-09-08T09:36:45.328Z,0e560989-261d-4a0d-b280-bbb466dc1b12
202609011043470438,19,SAMMS Orders Silver,pl_SaveOrders,/pipelines/pl_SaveOrders,BR,SL,DEV,2026-09-01T10:43:31.706Z,2026-09-01T10:57:23.085Z,SUCCESS,MANUAL,MANUAL,1,1,0,0,0,1,2026-09-01T10:43:31.706Z,328316bf-c54a-4380-9fd7-d644d5fc41c8
202609021343888394,120,SAMMS P1/P2 Assessments Gold,pl_p1p2_assessments,BHG-DATA-PLATFORM-CORE-DEV/2_Engineering/3_Orchestration/pl_p1p2_assessments,Silver Lakehouse,GL,DEV,2026-09-02T13:44:02.069Z,,RUNNING,SCHEDULE,Fabric,12,0,0,0,1,1,2026-09-02T13:44:02.069Z,
20260831101202,102,QQ_GLTRAN Gold Pipeline,nb_qq_gltran_slv_to_gld,"",LAKEHOUSE,GL,DEV,2026-08-31T10:12:08.364Z,2026-08-31T10:16:09.490Z,SUCCESS,SCHEDULE,Fabric,1,1,0,0,0,1,2026-08-31T10:12:08.364Z,9c46e6d2-bc29-486b-834a-5cb790eff166
20260831135918,102,QQ_GLTRAN Gold Pipeline,nb_qq_gltran_slv_to_gld,"",LAKEHOUSE,GL,DEV,2026-08-31T13:59:25.515Z,2026-08-31T14:03:16.509Z,SUCCESS,SCHEDULE,Fabric,1,1,0,0,0,1,2026-08-31T13:59:25.515Z,e8e82550-ed4c-4021-936a-26d7edfe3122
20260831143556,102,QQ_GLTRAN Gold Pipeline,nb_qq_gltran_slv_to_gld,"",LAKEHOUSE,GL,DEV,2026-08-31T14:36:01.382Z,2026-08-31T14:40:37.307Z,SUCCESS,SCHEDULE,Fabric,1,1,0,0,0,1,2026-08-31T14:36:01.382Z,fa4047d4-f27a-487b-936c-970d9787c3cb
20260902102939,102,QQ_GLTRAN Gold Pipeline,nb_qq_gltran_slv_to_gld,"",LAKEHOUSE,GL,DEV,2026-09-02T10:29:46.737Z,2026-09-02T10:34:21.097Z,SUCCESS,SCHEDULE,Fabric,1,1,0,0,0,1,2026-09-02T10:29:46.737Z,0bac3e96-9d2f-4fc3-a6af-cb22f235b46a
20260831095411,102,QQ_GLTRAN Gold Pipeline,nb_qq_gltran_slv_to_gld,"",LAKEHOUSE,GL,DEV,2026-08-31T09:54:15.986Z,2026-08-31T09:57:44.012Z,SUCCESS,SCHEDULE,Fabric,1,1,0,0,0,1,2026-08-31T09:54:15.986Z,99ee6f68-ff7d-4d6b-900e-e5e0d7f1a4b2
20260828125614,102,QQ_GLTRAN Gold Pipeline,nb_qq_gltran_slv_to_gld,"",LAKEHOUSE,GL,DEV,2026-08-28T12:56:26.663Z,2026-08-28T13:00:19.038Z,SUCCESS,SCHEDULE,Fabric,1,1,0,0,0,1,2026-08-28T12:56:21.379Z,40ea0c42-ff24-4d7b-9f66-580dbb474a44
20260828110730,102,QQ_GLTRAN Gold Pipeline,nb_qq_gltran_slv_to_gld,"",LAKEHOUSE,GL,DEV,2026-08-28T11:07:43.738Z,2026-08-28T11:10:55.796Z,SUCCESS,SCHEDULE,Fabric,1,1,0,0,0,1,2026-08-28T11:07:36.891Z,5f5824ef-55ad-442d-8665-a73e613ea2bc
20260831134221,102,QQ_GLTRAN Gold Pipeline,nb_qq_gltran_slv_to_gld,"",LAKEHOUSE,GL,DEV,2026-08-31T13:42:26.143Z,2026-08-31T13:46:25.853Z,SUCCESS,SCHEDULE,Fabric,1,1,0,0,0,1,2026-08-31T13:42:26.143Z,07dd075b-5bf5-472f-9e55-115a32dc1362
20260831131639,102,QQ_GLTRAN Gold Pipeline,nb_qq_gltran_slv_to_gld,"",LAKEHOUSE,GL,DEV,2026-08-31T13:16:45.665Z,2026-08-31T13:22:55.761Z,SUCCESS,SCHEDULE,Fabric,1,1,0,0,0,1,2026-08-31T13:16:45.665Z,2ec586ea-689b-4d60-a32b-0ce26aadbc29
20260831092621,102,QQ_GLTRAN Gold Pipeline,nb_qq_gltran_slv_to_gld,"",LAKEHOUSE,GL,DEV,2026-08-31T09:26:27.010Z,2026-08-31T09:29:44.914Z,SUCCESS,SCHEDULE,Fabric,1,1,0,0,0,1,2026-08-31T09:26:27.010Z,5c914870-1259-45db-8e01-071c49c2c48b
20260904124002,102,QQ_GLTRAN Gold Pipeline,nb_qq_gltran_slv_to_gld,"",LAKEHOUSE,GL,DEV,2026-09-04T12:40:07.199Z,2026-09-04T12:44:27.198Z,SUCCESS,SCHEDULE,Fabric,1,1,0,0,0,1,2026-09-04T12:40:07.199Z,3d506aa0-0269-43eb-aec3-b5d371469503
20260831103449,102,QQ_GLTRAN Gold Pipeline,nb_qq_gltran_slv_to_gld,"",LAKEHOUSE,GL,DEV,2026-08-31T10:34:54.916Z,2026-08-31T10:38:58.958Z,SUCCESS,SCHEDULE,Fabric,1,1,0,0,0,1,2026-08-31T10:34:54.916Z,09e49ee2-06d3-4d4e-bead-026bdae61ffd
20260907052943,102,QQ_GLTRAN Gold Pipeline,nb_qq_gltran_slv_to_gld,"",LAKEHOUSE,GL,DEV,2026-09-07T05:29:49.839Z,2026-09-07T05:34:26.992Z,SUCCESS,SCHEDULE,Fabric,1,1,0,0,0,1,2026-09-07T05:29:49.839Z,11881138-e193-4401-91c9-28193ebd1a8a
20260902121209,102,QQ_GLTRAN Gold Pipeline,nb_qq_gltran_slv_to_gld,"",LAKEHOUSE,GL,DEV,2026-09-02T12:12:20.930Z,2026-09-02T12:17:42.194Z,SUCCESS,SCHEDULE,Fabric,1,1,0,0,0,1,2026-09-02T12:12:20.930Z,8be66682-1794-4c68-b3dc-9ff94405c2fa
20260907070422,102,QQ_GLTRAN Gold Pipeline,nb_qq_gltran_slv_to_gld,"",LAKEHOUSE,GL,DEV,2026-09-07T07:04:22.453Z,2026-09-07T07:08:26.674Z,SUCCESS,SCHEDULE,Fabric,1,1,0,0,0,1,2026-09-07T07:04:24.814Z,9f5bb09f-5148-427e-a670-091e051e6718
20260812052205,102,QQ_GLTRAN Gold Pipeline,nb_qq_gltran_slv_to_gld,"",LAKEHOUSE,GL,DEV,2026-09-07T06:18:46.010Z,2026-09-07T06:21:34.043Z,SUCCESS,SCHEDULE,Fabric,1,1,0,0,1,3,2026-09-07T06:18:47.417Z,a75ae2d8-c139-4f27-be77-19ed5feecca1
20260831080315,102,QQ_GLTRAN Gold Pipeline,nb_qq_gltran_slv_to_gld,"",LAKEHOUSE,GL,DEV,2026-08-31T08:03:18.387Z,2026-08-31T08:06:34.922Z,SUCCESS,SCHEDULE,Fabric,1,1,0,0,0,1,2026-08-31T08:03:20.116Z,cd211bd8-5ba0-4029-bfb0-d15791bb4716
20260831123259,102,QQ_GLTRAN Gold Pipeline,nb_qq_gltran_slv_to_gld,"",LAKEHOUSE,GL,DEV,2026-08-31T12:33:40.146Z,2026-08-31T12:38:14.597Z,SUCCESS,SCHEDULE,Fabric,1,1,0,0,0,1,2026-08-31T12:33:40.146Z,0da6e75e-5a69-4862-a340-cdd568a9c764
20260902094702,102,QQ_GLTRAN Gold Pipeline,nb_qq_gltran_slv_to_gld,"",LAKEHOUSE,GL,DEV,2026-09-02T09:47:08.667Z,2026-09-02T09:51:29.412Z,SUCCESS,SCHEDULE,Fabric,1,1,0,0,0,1,2026-09-02T09:47:08.667Z,37c478d0-9f56-4e8a-8c38-be79ba66e3f9
20260904120250,102,QQ_GLTRAN Gold Pipeline,nb_qq_gltran_slv_to_gld,"",LAKEHOUSE,GL,DEV,2026-09-04T12:02:54.973Z,2026-09-04T12:05:54.938Z,SUCCESS,SCHEDULE,Fabric,1,1,0,0,0,1,2026-09-04T12:02:54.973Z,a32139d4-7f73-4d6a-9430-a52d8d74e9b7
20260831054326,102,QQ_GLTRAN Gold Pipeline,nb_qq_gltran_slv_to_gld,"",LAKEHOUSE,GL,DEV,2026-08-31T05:43:37.284Z,2026-08-31T05:46:50.131Z,SUCCESS,SCHEDULE,Fabric,1,1,0,0,0,1,2026-08-31T05:43:31.469Z,9256b474-7b69-4c66-a79f-19b103abc4c0
20260902113041,102,QQ_GLTRAN Gold Pipeline,nb_qq_gltran_slv_to_gld,"",LAKEHOUSE,GL,DEV,2026-09-02T11:30:47.928Z,2026-09-02T11:34:36.175Z,SUCCESS,SCHEDULE,Fabric,1,1,0,0,0,1,2026-09-02T11:30:47.928Z,99713cf3-93d8-4ad6-9c4e-9dc07347860e
20260907104151,100,QQ_GLTRAN Bronze Pipeline,pl_qq_gltran,None,MYSQLSERVER,BR,DEV,2026-09-07T10:27:08.228Z,2026-09-07T11:17:46.474Z,SUCCESS,SCHEDULE,Fabric,1,1,1,0,1,10,2026-09-07T11:12:58.988Z,febd9bc8-75c6-4368-a516-f0351188daa4
20260907052331,100,QQ_GLTRAN Bronze Pipeline,pl_qq_gltran,None,MYSQLSERVER,BR,DEV,2026-09-07T05:23:47.740Z,2026-09-07T11:47:17.393Z,SUCCESS,SCHEDULE,Fabric,1,1,0,0,1,3,2026-09-07T08:44:43.049Z,49061cae-9c41-49bf-8a9d-5bcf8fc7e716
20260907102251,100,QQ_GLTRAN Bronze Pipeline,pl_qq_gltran,None,MYSQLSERVER,BR,DEV,2026-09-07T10:14:45.544Z,2026-09-07T10:32:20.205Z,SUCCESS,SCHEDULE,Fabric,1,1,1,0,1,9,2026-09-07T10:30:49.819Z,846d4ac3-7863-4b80-977d-629c9a3000f3
20260903084041,130,Azure Sql Python Gold,pl_azure_sql_python,/pipelines/pl_Azure_Sql_Python,SILVER LAKEHOUSE,GL,DEV,2026-09-03T08:40:41.828Z,,RUNNING,MANUAL,MANUAL,2,0,0,0,0,1,2026-09-03T08:40:41.828Z,b073a76f-9b12-413a-bd93-ee42079b5d97
20260903070257,130,Azure Sql Python Gold,pl_azure_sql_python,/pipelines/pl_Azure_Sql_Python,SILVER LAKEHOUSE,GL,DEV,2026-09-03T07:02:57.723Z,,RUNNING,MANUAL,MANUAL,2,0,0,0,0,1,2026-09-03T07:02:57.723Z,f8921f53-dc77-4e7a-9244-91d5b95cb282
20260904063454,38,KnowBe4 Silver Pipeline,nb_knowbe4_brz_to_slv,/notebooks/nb_knowbe4_brz_to_slv,KNOWBE4,SL,DEV,2026-09-04T06:34:54.220Z,,RUNNING,SCHEDULE,Fabric,1,0,0,0,0,1,2026-09-04T06:34:56.568Z,c3c33961-48a7-4ac5-b3da-1075a50af5fa
20260831153319,37,KnowBe4 Bronze Pipeline,nb_knowbe4_src_to_brz,/notebooks/nb_knowbe4_execution,KNOWBE4,BR,DEV,2026-08-31T15:33:19.252Z,2026-08-31T15:40:15.568Z,SUCCESS,SCHEDULE,Fabric,1,1,0,0,0,1,2026-08-31T15:33:21.016Z,abc
20260903102705,37,KnowBe4 Bronze Pipeline,nb_knowbe4_src_to_brz,/notebooks/nb_knowbe4_execution,KNOWBE4,BR,DEV,2026-09-03T11:35:13.530Z,,RUNNING,SCHEDULE,Fabric,1,0,0,0,1,2,2026-09-03T11:35:15.260Z,cd5f77bc-e728-4d2c-88af-e256c453dd59
20260624115731,37,KnowBe4 Bronze Pipeline,nb_knowbe4_src_to_brz,/notebooks/nb_knowbe4_execution,KNOWBE4,BR,DEV,2026-08-31T06:14:02.330Z,2026-08-31T06:15:36.356Z,FAILED,SCHEDULE,Fabric,1,0,1,0,1,3,2026-08-31T06:14:04.014Z,abc
202609041336331628,25,SAMMS DartsSrv Bronze Pipeline,pl_execute_dartsrv,/pipelines/dartSRV_Pipeline,SAMMS,BR,DEV,2026-09-04T13:36:29.534Z,,RUNNING,SCHEDULE,Fabric,2,0,0,0,0,1,2026-09-04T13:36:29.534Z,41d19a18-951b-4ed4-a9cf-bf307a7c0670
202609041327655202,25,SAMMS DartsSrv Bronze Pipeline,pl_execute_dartsrv,/pipelines/dartSRV_Pipeline,SAMMS,BR,DEV,2026-09-04T13:27:59.346Z,,RUNNING,SCHEDULE,Fabric,2,0,0,0,0,1,2026-09-04T13:27:59.346Z,660717f8-6fba-4f9a-bbd9-b4fb5ff0ffac
20260831075319,100,QQ_GLTRAN Bronze Pipeline,pl_qq_gltran,"",MYSQLSERVER,BR,DEV,2026-08-31T07:53:25.893Z,2026-08-31T07:55:36.950Z,SUCCESS,SCHEDULE,Fabric,1,1,0,0,0,1,2026-08-31T07:53:28.723Z,cd211bd8-5ba0-4029-bfb0-d15791bb4716
20260907052331,100,QQ_GLTRAN Bronze Pipeline,pl_qq_gltran,"",MYSQLSERVER,BR,DEV,2026-09-07T05:23:47.740Z,2026-09-07T11:47:17.393Z,SUCCESS,SCHEDULE,Fabric,1,1,0,0,1,2,2026-09-07T05:55:47.208Z,0a436771-4f06-476b-bee3-7b9d5bcb25eb
20260908083605,100,QQ_GLTRAN Bronze Pipeline,pl_qq_gltran,"",MYSQLSERVER,BR,DEV,2026-09-08T08:36:08.719Z,2026-09-08T08:38:11.760Z,SUCCESS,SCHEDULE,Fabric,1,1,0,0,0,1,2026-09-08T08:36:08.719Z,e6004494-8034-4769-8f72-2b7109c60495
20260908054812,100,QQ_GLTRAN Bronze Pipeline,pl_qq_gltran,"",MYSQLSERVER,BR,DEV,2026-09-08T05:48:29.408Z,2026-09-08T05:50:44.339Z,SUCCESS,SCHEDULE,Fabric,1,1,0,0,0,1,2026-09-08T05:48:15.056Z,d21a22ed-079c-4197-be60-19877f0c18c0
20260828124724,100,QQ_GLTRAN Bronze Pipeline,pl_qq_gltran,"",MYSQLSERVER,BR,DEV,2026-08-28T12:47:39.738Z,2026-08-28T12:49:32.372Z,SUCCESS,SCHEDULE,Fabric,1,1,0,0,0,1,2026-08-28T12:47:32.821Z,40ea0c42-ff24-4d7b-9f66-580dbb474a44
20260908034705,100,QQ_GLTRAN Bronze Pipeline,pl_qq_gltran,"",MYSQLSERVER,BR,DEV,2026-09-08T03:47:15.809Z,2026-09-08T03:49:12.564Z,SUCCESS,SCHEDULE,Fabric,1,1,0,0,0,1,2026-09-08T03:47:15.809Z,46a9a56e-0600-4598-9fca-db37b4a86652
20260908052812,100,QQ_GLTRAN Bronze Pipeline,pl_qq_gltran,"",MYSQLSERVER,BR,DEV,2026-09-08T05:28:22.133Z,2026-09-08T05:30:05.078Z,SUCCESS,SCHEDULE,Fabric,1,1,0,0,0,1,2026-09-08T05:28:22.133Z,1af6f9c0-de07-46ce-9d94-4a023d844ee9
20260908095222,100,QQ_GLTRAN Bronze Pipeline,pl_qq_gltran,"",MYSQLSERVER,BR,DEV,2026-09-08T09:52:25.893Z,2026-09-08T09:55:05.090Z,SUCCESS,SCHEDULE,Fabric,1,1,0,0,0,1,2026-09-08T09:52:25.893Z,6350fe6e-e637-4eb4-aac4-015d68ccf3fe
20260908080620,100,QQ_GLTRAN Bronze Pipeline,pl_qq_gltran,"",MYSQLSERVER,BR,DEV,2026-09-08T08:06:24.235Z,2026-09-08T08:08:27.803Z,SUCCESS,SCHEDULE,Fabric,1,1,0,0,0,1,2026-09-08T08:06:24.235Z,e25e17c3-1859-46e8-9c58-c119a7671c9c
20260828105811,100,QQ_GLTRAN Bronze Pipeline,pl_qq_gltran,"",MYSQLSERVER,BR,DEV,2026-08-28T10:58:26.655Z,2026-08-28T11:00:42.658Z,SUCCESS,SCHEDULE,Fabric,1,1,0,0,0,1,2026-08-28T10:58:20.460Z,5f5824ef-55ad-442d-8665-a73e613ea2bc
20260831111713,100,QQ_GLTRAN Bronze Pipeline,pl_qq_gltran,"",MYSQLSERVER,BR,DEV,2026-08-31T11:17:24.159Z,2026-08-31T11:19:41.401Z,SUCCESS,SCHEDULE,Fabric,1,1,0,0,0,1,2026-08-31T11:17:24.159Z,27127f1f-7540-42fb-babc-8705f6188148
20260908060913,100,QQ_GLTRAN Bronze Pipeline,pl_qq_gltran,"",MYSQLSERVER,BR,DEV,2026-09-08T06:09:26.615Z,2026-09-08T06:32:49.020Z,SUCCESS,SCHEDULE,Fabric,1,1,0,0,0,1,2026-09-08T06:09:16.511Z,c2aec021-343a-4386-9d16-76ad553ccc83
20260907153730,100,QQ_GLTRAN Bronze Pipeline,pl_qq_gltran,"",MYSQLSERVER,BR,DEV,2026-09-07T15:37:44.161Z,2026-09-07T15:39:50.514Z,SUCCESS,SCHEDULE,Fabric,1,1,0,0,0,1,2026-09-07T15:37:34.579Z,5697f28d-d34c-4ea1-97ba-86411f09cc26
20260904105317,100,QQ_GLTRAN Bronze Pipeline,pl_qq_gltran,"",MYSQLSERVER,BR,DEV,2026-09-04T10:53:27.169Z,2026-09-04T11:07:33.413Z,SUCCESS,SCHEDULE,Fabric,1,1,0,0,0,1,2026-09-04T10:53:27.169Z,4a18e739-62cb-4756-aa6f-1d8b3a292113
20260904113930,100,QQ_GLTRAN Bronze Pipeline,pl_qq_gltran,"",MYSQLSERVER,BR,DEV,2026-09-04T11:39:41.817Z,2026-09-04T11:53:13.188Z,SUCCESS,SCHEDULE,Fabric,1,1,0,0,0,1,2026-09-04T11:39:41.817Z,a32139d4-7f73-4d6a-9430-a52d8d74e9b7
20260907151546,100,QQ_GLTRAN Bronze Pipeline,pl_qq_gltran,"",MYSQLSERVER,BR,DEV,2026-09-07T15:15:59.471Z,2026-09-07T15:17:34.244Z,SUCCESS,SCHEDULE,Fabric,1,1,0,0,0,1,2026-09-07T15:15:49.642Z,0460ec9f-7fac-46d5-9e9b-69695287cfbb
20260831085454,100,QQ_GLTRAN Bronze Pipeline,pl_qq_gltran,"",MYSQLSERVER,BR,DEV,2026-08-31T08:55:04.913Z,2026-08-31T08:57:25.952Z,SUCCESS,SCHEDULE,Fabric,1,1,0,0,0,1,2026-08-31T08:55:04.913Z,f9912f9a-df28-421c-976b-62650ae76af6
20260831133325,100,QQ_GLTRAN Bronze Pipeline,pl_qq_gltran,"",MYSQLSERVER,BR,DEV,2026-08-31T13:33:37.728Z,2026-08-31T13:35:43.998Z,SUCCESS,SCHEDULE,Fabric,1,1,0,0,0,1,2026-08-31T13:33:37.728Z,07dd075b-5bf5-472f-9e55-115a32dc1362
20260831130729,100,QQ_GLTRAN Bronze Pipeline,pl_qq_gltran,"",MYSQLSERVER,BR,DEV,2026-08-31T13:07:38.854Z,2026-08-31T13:10:01.093Z,SUCCESS,SCHEDULE,Fabric,1,1,0,0,0,1,2026-08-31T13:07:38.854Z,2ec586ea-689b-4d60-a32b-0ce26aadbc29
20260908082245,100,QQ_GLTRAN Bronze Pipeline,pl_qq_gltran,"",MYSQLSERVER,BR,DEV,2026-09-08T08:22:49.091Z,2026-09-08T08:24:59.652Z,SUCCESS,SCHEDULE,Fabric,1,1,0,0,0,1,2026-09-08T08:22:49.091Z,6e2a224e-b08c-490a-be8f-d3678578d491
20260831053408,100,QQ_GLTRAN Bronze Pipeline,pl_qq_gltran,"",MYSQLSERVER,BR,DEV,2026-08-31T05:34:23.452Z,2026-08-31T05:36:37.794Z,SUCCESS,SCHEDULE,Fabric,1,1,0,0,0,1,2026-08-31T05:34:16.820Z,9256b474-7b69-4c66-a79f-19b103abc4c0
20260907052331,100,QQ_GLTRAN Bronze Pipeline,pl_qq_gltran,"",MYSQLSERVER,BR,DEV,2026-09-07T05:23:47.740Z,2026-09-07T11:47:17.393Z,SUCCESS,SCHEDULE,Fabric,1,1,0,0,0,1,2026-09-07T05:23:41.154Z,11881138-e193-4401-91c9-28193ebd1a8a
20260831102411,100,QQ_GLTRAN Bronze Pipeline,pl_qq_gltran,"",MYSQLSERVER,BR,DEV,2026-08-31T10:24:33.560Z,2026-08-31T10:26:55.727Z,SUCCESS,SCHEDULE,Fabric,1,1,0,0,0,1,2026-08-31T10:24:33.560Z,09e49ee2-06d3-4d4e-bead-026bdae61ffd
20260907052331,100,QQ_GLTRAN Bronze Pipeline,pl_qq_gltran,"",MYSQLSERVER,BR,DEV,2026-09-07T11:45:38.546Z,2026-09-07T11:47:17.393Z,SUCCESS,SCHEDULE,Fabric,1,1,0,0,1,4,2026-09-07T11:45:38.546Z,174a6461-d193-4195-bf67-804ec5854ef1
20260904123118,100,QQ_GLTRAN Bronze Pipeline,pl_qq_gltran,"",MYSQLSERVER,BR,DEV,2026-09-04T12:31:42.461Z,2026-09-04T12:33:53.840Z,SUCCESS,SCHEDULE,Fabric,1,1,0,0,0,1,2026-09-04T12:31:42.461Z,3d506aa0-0269-43eb-aec3-b5d371469503
20260908060913,100,QQ_GLTRAN Bronze Pipeline,pl_qq_gltran,"",MYSQLSERVER,BR,DEV,2026-09-08T06:09:26.615Z,2026-09-08T06:32:49.020Z,SUCCESS,SCHEDULE,Fabric,1,1,0,0,1,2,2026-09-08T06:30:23.800Z,e403e9f6-1206-49ac-bede-045a2ed95a50
20260908091610,100,QQ_GLTRAN Bronze Pipeline,pl_qq_gltran,"",MYSQLSERVER,BR,DEV,2026-09-08T09:16:13.731Z,2026-09-08T09:17:38.459Z,SUCCESS,SCHEDULE,Fabric,1,1,0,0,0,1,2026-09-08T09:16:13.731Z,6327b150-025b-4080-85da-54d58e3842cf
20260831105301,100,QQ_GLTRAN Bronze Pipeline,pl_qq_gltran,"",MYSQLSERVER,BR,DEV,2026-08-31T10:53:10.693Z,2026-08-31T10:55:28.208Z,SUCCESS,SCHEDULE,Fabric,1,1,0,0,0,1,2026-08-31T10:53:10.693Z,cce5d437-9aff-454c-ac59-09fc8b76618b
20260908085837,100,QQ_GLTRAN Bronze Pipeline,pl_qq_gltran,"",MYSQLSERVER,BR,DEV,2026-09-08T08:58:40.783Z,2026-09-08T09:00:35.905Z,SUCCESS,SCHEDULE,Fabric,1,1,0,0,0,1,2026-09-08T08:58:40.783Z,a0114d93-3f82-4471-a6e0-a067ad105269
20260907144833,100,QQ_GLTRAN Bronze Pipeline,pl_qq_gltran,"",MYSQLSERVER,BR,DEV,2026-09-07T14:48:46.005Z,2026-09-07T14:50:49.978Z,SUCCESS,SCHEDULE,Fabric,1,1,0,0,0,1,2026-09-07T14:48:36.395Z,ac5b8015-db8f-42f7-a7bf-bc43167fdd7f
20260831135014,100,QQ_GLTRAN Bronze Pipeline,pl_qq_gltran,"",MYSQLSERVER,BR,DEV,2026-08-31T13:50:23.733Z,2026-08-31T13:52:45.077Z,SUCCESS,SCHEDULE,Fabric,1,1,0,0,0,1,2026-08-31T13:50:23.733Z,e8e82550-ed4c-4021-936a-26d7edfe3122
20260902120309,100,QQ_GLTRAN Bronze Pipeline,pl_qq_gltran,"",MYSQLSERVER,BR,DEV,2026-09-02T12:03:19.429Z,2026-09-02T12:05:57.285Z,SUCCESS,SCHEDULE,Fabric,1,1,0,0,0,1,2026-09-02T12:03:19.429Z,8be66682-1794-4c68-b3dc-9ff94405c2fa
20260908074837,100,QQ_GLTRAN Bronze Pipeline,pl_qq_gltran,"",MYSQLSERVER,BR,DEV,2026-09-08T07:48:40.299Z,2026-09-08T07:54:19.444Z,SUCCESS,SCHEDULE,Fabric,1,1,0,0,0,1,2026-09-08T07:48:40.299Z,b5b138f0-7118-4250-bf4e-9a6934017be1
20260831141430,100,QQ_GLTRAN Bronze Pipeline,pl_qq_gltran,"",MYSQLSERVER,BR,DEV,2026-08-31T14:14:40.028Z,2026-08-31T14:17:01.596Z,SUCCESS,SCHEDULE,Fabric,1,1,0,0,0,1,2026-08-31T14:14:40.028Z,a4313f80-ca41-4f61-a623-6667a2502fd6
20260831050816,100,QQ_GLTRAN Bronze Pipeline,pl_qq_gltran,"",MYSQLSERVER,BR,DEV,2026-08-31T05:08:35.999Z,2026-08-31T05:11:09.452Z,SUCCESS,SCHEDULE,Fabric,1,1,0,0,0,1,2026-08-31T05:08:25.759Z,1c008b8f-6986-49fb-8a1e-935c0f7c97b8
20260812034005,100,QQ_GLTRAN Bronze Pipeline,pl_qq_gltran,"",MYSQLSERVER,BR,DEV,2026-09-07T08:12:42.951Z,2026-09-07T12:36:34.851Z,SUCCESS,SCHEDULE,Fabric,1,1,0,0,1,6,2026-09-07T08:12:42.951Z,f205c31d-a56d-4c82-909d-d1cc597f1efb
20260907130946,100,QQ_GLTRAN Bronze Pipeline,pl_qq_gltran,"",MYSQLSERVER,BR,DEV,2026-09-07T13:09:59.751Z,2026-09-07T13:11:50.307Z,SUCCESS,SCHEDULE,Fabric,1,1,0,0,0,1,2026-09-07T13:09:49.199Z,6100e949-2422-43aa-a662-97fffdd74ef1
20260902112243,100,QQ_GLTRAN Bronze Pipeline,pl_qq_gltran,"",MYSQLSERVER,BR,DEV,2026-09-02T11:22:53.235Z,2026-09-02T11:25:06.292Z,SUCCESS,SCHEDULE,Fabric,1,1,0,0,0,1,2026-09-02T11:22:53.235Z,99713cf3-93d8-4ad6-9c4e-9dc07347860e
20260908073511,100,QQ_GLTRAN Bronze Pipeline,pl_qq_gltran,"",MYSQLSERVER,BR,DEV,2026-09-08T07:35:14.756Z,2026-09-08T07:36:37.337Z,SUCCESS,SCHEDULE,Fabric,1,1,0,0,0,1,2026-09-08T07:35:14.756Z,b9964aa1-7649-47f5-a645-afb1522ab816
20260904095657,100,QQ_GLTRAN Bronze Pipeline,pl_qq_gltran,"",MYSQLSERVER,BR,DEV,2026-09-04T09:57:07.453Z,2026-09-04T10:15:53.996Z,SUCCESS,SCHEDULE,Fabric,1,1,0,0,0,1,2026-09-04T09:57:07.453Z,a2b79122-a062-4ea8-a301-db2a1318199f
20260812034005,100,QQ_GLTRAN Bronze Pipeline,pl_qq_gltran,"",MYSQLSERVER,BR,DEV,2026-09-07T06:55:39.419Z,2026-09-07T12:36:34.851Z,SUCCESS,SCHEDULE,Fabric,1,1,0,0,1,4,2026-09-07T06:55:41.055Z,9f5bb09f-5148-427e-a670-091e051e6718
20260812034005,100,QQ_GLTRAN Bronze Pipeline,pl_qq_gltran,"",MYSQLSERVER,BR,DEV,2026-09-07T12:34:30.749Z,2026-09-07T12:36:34.851Z,SUCCESS,SCHEDULE,Fabric,1,1,0,0,1,7,2026-09-07T12:34:30.749Z,03d14284-f9c3-4d2e-9729-2e3083b8d33e
20260828135018,100,QQ_GLTRAN Bronze Pipeline,pl_qq_gltran,"",MYSQLSERVER,BR,DEV,2026-08-28T13:50:39.748Z,2026-08-28T13:52:45.009Z,SUCCESS,SCHEDULE,Fabric,1,1,0,0,0,1,2026-08-28T13:50:27.778Z,47a89ced-7b86-4b2a-bd89-db372bb485ec
20260831073441,100,QQ_GLTRAN Bronze Pipeline,pl_qq_gltran,"",MYSQLSERVER,BR,DEV,2026-08-31T07:34:47.892Z,2026-08-31T07:36:50.158Z,SUCCESS,SCHEDULE,Fabric,1,1,0,0,0,1,2026-08-31T07:34:50.790Z,78ce6bae-52b1-44c2-9f7e-188484e707df
20260812034005,100,QQ_GLTRAN Bronze Pipeline,pl_qq_gltran,"",MYSQLSERVER,BR,DEV,2026-09-07T06:09:03.182Z,2026-09-07T12:36:34.851Z,SUCCESS,SCHEDULE,Fabric,1,1,0,0,1,3,2026-09-07T06:09:05.049Z,a75ae2d8-c139-4f27-be77-19ed5feecca1
20260812034005,100,QQ_GLTRAN Bronze Pipeline,pl_qq_gltran,"",MYSQLSERVER,BR,DEV,2026-09-07T07:38:15.705Z,2026-09-07T12:36:34.851Z,SUCCESS,SCHEDULE,Fabric,1,1,0,0,1,5,2026-09-07T07:38:15.705Z,9157f2d0-670d-4802-8929-0872c51356e9
20260831142710,100,QQ_GLTRAN Bronze Pipeline,pl_qq_gltran,"",MYSQLSERVER,BR,DEV,2026-08-31T14:27:20.424Z,2026-08-31T14:29:40.528Z,SUCCESS,SCHEDULE,Fabric,1,1,0,0,0,1,2026-08-31T14:27:20.424Z,fa4047d4-f27a-487b-936c-970d9787c3cb
20260908103115,100,QQ_GLTRAN Bronze Pipeline,pl_qq_gltran,"",MYSQLSERVER,BR,DEV,2026-09-08T10:31:18.781Z,2026-09-08T10:33:32.736Z,SUCCESS,SCHEDULE,Fabric,1,1,0,0,0,1,2026-09-08T10:31:18.781Z,844841fe-75a2-4a3b-b143-75357897be5e
20260902102154,100,QQ_GLTRAN Bronze Pipeline,pl_qq_gltran,"",MYSQLSERVER,BR,DEV,2026-09-02T10:22:05.156Z,2026-09-02T10:24:24.352Z,SUCCESS,SCHEDULE,Fabric,1,1,0,0,0,1,2026-09-02T10:22:05.156Z,0bac3e96-9d2f-4fc3-a6af-cb22f235b46a
20260908111133,100,QQ_GLTRAN Bronze Pipeline,pl_qq_gltran,"",MYSQLSERVER,BR,DEV,2026-09-08T11:11:36.583Z,2026-09-08T11:14:02.056Z,SUCCESS,SCHEDULE,Fabric,1,1,0,0,0,1,2026-09-08T11:11:36.583Z,d878edd4-f775-440e-b7a6-032bab37ea96
20260907133507,100,QQ_GLTRAN Bronze Pipeline,pl_qq_gltran,"",MYSQLSERVER,BR,DEV,2026-09-07T13:35:21.608Z,2026-09-07T14:42:18.741Z,FAILED,SCHEDULE,Fabric,1,0,1,0,0,1,2026-09-07T13:35:10.716Z,c9352ab0-1fbc-4096-bd90-9bcf656c46c4
20260908093128,100,QQ_GLTRAN Bronze Pipeline,pl_qq_gltran,"",QQ,QQ_GLTRAN,DEV,2026-09-08T09:31:32.276Z,2026-09-08T09:33:39.554Z,SUCCESS,SCHEDULED,SYSTEM,1,1,0,0,0,1,2026-09-08T09:31:32.276Z,0e560989-261d-4a0d-b280-bbb466dc1b12
202608311932635132,77,SAMMS PatientPreAdmission Silver Pipeline,pl_ppa,,Fabric,SL,DEV,2026-08-31T19:32:47.200Z,2026-08-31T19:49:43.840Z,SKIPPED,SCHEDULE,Fabric,1,0,0,1,0,1,2026-08-31T19:32:47.200Z,cfdfdc3e-feee-431f-b7ae-4c79340592fa
202608311932535132,76,SAMMS PatientPreAdmission Bronze Pipeline,pl_ppa,,SAMMS,BR,DEV,2026-08-31T19:32:47.200Z,2026-08-31T19:48:53.757Z,FAILED,SCHEDULE,Fabric,115,0,115,0,0,1,2026-08-31T19:32:47.200Z,cfdfdc3e-feee-431f-b7ae-4c79340592fa
202609031509726424,44,SAMMS Global Silver,pl_execute_samms_global,,LAKEHOUSE,SL,DEV,2026-09-03T15:09:56.473Z,2026-09-03T15:35:53.278Z,SUCCESS,MANUAL,MANUAL,13,13,0,0,0,1,2026-09-03T15:09:56.473Z,80483189-97f8-4d1d-8157-697e9a146982
202609031647700278,44,SAMMS Global Silver,pl_execute_samms_global,,LAKEHOUSE,SL,DEV,2026-09-03T16:47:53.959Z,2026-09-03T17:11:53.901Z,SUCCESS,MANUAL,MANUAL,13,13,0,0,0,1,2026-09-03T16:47:53.959Z,19ce24cf-1d06-4393-80c8-2aba56f3390a
202609031324678132,44,SAMMS Global Silver,pl_execute_samms_global,,LAKEHOUSE,SL,DEV,2026-09-03T13:24:51.487Z,2026-09-03T13:49:55.978Z,SUCCESS,MANUAL,MANUAL,13,13,0,0,0,1,2026-09-03T13:24:51.487Z,dc09db6e-8a85-40c4-9b7f-e305f6845bee
202608281835767815,35,SAMMS Notes Silver Pipeline,Execute_Notes,,Lakehouse,SL,DEV,2026-08-28T18:36:00.668Z,2026-08-28T18:40:25.750Z,SUCCESS,Manual,Manual,2,2,0,0,0,1,2026-08-28T18:36:00.668Z,8e23258c-98e6-4e5b-b927-9ac8867dc9e7
202608281812532917,35,SAMMS Notes Silver Pipeline,Execute_Notes,,Lakehouse,SL,DEV,2026-08-28T18:12:37.874Z,2026-08-28T18:18:40.878Z,SUCCESS,Manual,Manual,2,2,0,0,0,1,2026-08-28T18:12:37.874Z,458bbcf5-cb92-4c77-b377-3297f084a916
202608281959452750,35,SAMMS Notes Silver Pipeline,Execute_Notes,,Lakehouse,SL,DEV,2026-08-28T19:59:28.552Z,2026-08-28T20:08:19.336Z,SUCCESS,Manual,Manual,2,2,0,0,0,1,2026-08-28T19:59:28.552Z,4656989f-76f4-4530-9c0f-37d9fd4d8113
202608311330704153,35,SAMMS Notes Silver Pipeline,Execute_Notes,,Lakehouse,SL,DEV,2026-08-31T13:30:53.949Z,2026-08-31T13:40:50.060Z,SUCCESS,Manual,Manual,2,2,0,0,0,1,2026-08-31T13:30:53.949Z,ff1f6c6f-cfd8-4eb9-9a6c-c39c12bfa894
202608281944779155,35,SAMMS Notes Silver Pipeline,Execute_Notes,,Lakehouse,SL,DEV,2026-08-28T19:45:01.422Z,2026-08-28T19:54:09.193Z,SUCCESS,Manual,Manual,2,2,0,0,0,1,2026-08-28T19:45:01.422Z,efbc12e1-b596-4992-bb1e-5de64340fc31
202608281847477699,35,SAMMS Notes Silver Pipeline,Execute_Notes,,Lakehouse,SL,DEV,2026-08-28T18:47:31.640Z,2026-08-28T19:27:13.880Z,SUCCESS,Manual,Manual,2,2,0,0,0,1,2026-08-28T18:47:31.640Z,d66e4bd3-e6d0-4238-8a1c-0b9f6b234cef
20260901102446,40,ZOOM API Bronze Pipeline,nb_zoom_src_to_brz,/notebooks/nb_zoomapi_bronze,Zoom,BR,DEV,2026-09-01T10:24:46.000Z,,RUNNING,SCHEDULE,Fabric,6,0,0,0,0,1,2026-09-01T10:24:48.272Z,4d36e408-9b61-4c1b-b839-f62212168a8f
202609031647600278,43,SAMMS Global Bronze,pl_execute_samms_global,,SAMMS,BR,DEV,2026-09-03T16:47:53.959Z,2026-09-03T17:09:43.487Z,SUCCESS,MANUAL,MANUAL,12,12,0,0,0,1,2026-09-03T16:47:53.959Z,19ce24cf-1d06-4393-80c8-2aba56f3390a
202609031324578132,43,SAMMS Global Bronze,pl_execute_samms_global,,SAMMS,BR,DEV,2026-09-03T13:24:51.487Z,2026-09-03T13:46:56.241Z,SUCCESS,MANUAL,MANUAL,12,12,0,0,0,1,2026-09-03T13:24:51.487Z,dc09db6e-8a85-40c4-9b7f-e305f6845bee
202609031509626424,43,SAMMS Global Bronze,pl_execute_samms_global,,SAMMS,BR,DEV,2026-09-03T15:09:56.473Z,2026-09-03T15:33:13.670Z,SUCCESS,MANUAL,MANUAL,12,12,0,0,0,1,2026-09-03T15:09:56.473Z,80483189-97f8-4d1d-8157-697e9a146982
202608281847377699,34,SAMMS Notes Bronze Pipeline,Execute_Notes,,SAMMS,BR,DEV,2026-08-28T18:47:31.640Z,2026-08-28T19:26:21.653Z,SUCCESS,Manual,Manual,228,228,0,0,0,1,2026-08-28T18:47:31.640Z,d66e4bd3-e6d0-4238-8a1c-0b9f6b234cef
202608281835667815,34,SAMMS Notes Bronze Pipeline,Execute_Notes,,SAMMS,BR,DEV,2026-08-28T18:36:00.668Z,2026-08-28T18:39:29.125Z,SUCCESS,Manual,Manual,2,2,0,0,0,1,2026-08-28T18:36:00.668Z,8e23258c-98e6-4e5b-b927-9ac8867dc9e7
202608281959352750,34,SAMMS Notes Bronze Pipeline,Execute_Notes,,SAMMS,BR,DEV,2026-08-28T19:59:28.552Z,2026-08-28T20:07:31.381Z,SUCCESS,Manual,Manual,2,2,0,0,0,1,2026-08-28T19:59:28.552Z,4656989f-76f4-4530-9c0f-37d9fd4d8113
202608311330604153,34,SAMMS Notes Bronze Pipeline,Execute_Notes,,SAMMS,BR,DEV,2026-08-31T13:30:53.949Z,2026-08-31T13:39:53.901Z,SUCCESS,Manual,Manual,2,2,0,0,0,1,2026-08-31T13:30:53.949Z,ff1f6c6f-cfd8-4eb9-9a6c-c39c12bfa894
202608281812432917,34,SAMMS Notes Bronze Pipeline,Execute_Notes,,SAMMS,BR,DEV,2026-08-28T18:12:37.874Z,2026-08-28T18:16:26.642Z,SUCCESS,Manual,Manual,2,2,0,0,0,1,2026-08-28T18:12:37.874Z,458bbcf5-cb92-4c77-b377-3297f084a916
202608281944679155,34,SAMMS Notes Bronze Pipeline,Execute_Notes,,SAMMS,BR,DEV,2026-08-28T19:45:01.422Z,2026-08-28T19:53:13.456Z,SUCCESS,Manual,Manual,2,2,0,0,0,1,2026-08-28T19:45:01.422Z,efbc12e1-b596-4992-bb1e-5de64340fc31
20260903093220,0,Source_to_Bronze,pl_knowbe4,N/A,KNOWBE4,BR,DEV,2026-09-03T09:26:42.027Z,2026-09-03T09:30:04.076Z,FAILED,MANUAL,SYSTEM,1,0,1,0,0,1,2026-09-03T09:32:34.431Z,2389f92b-83e5-4cf1-95f2-b2afa5697bb0
20260901033248,6,8x8 Gold Pipeline,nb_8x8_slv_to_gld,/notebooks/nb_8x8_slv_to_gld,8X8,GL,DEV,2026-09-01T03:32:49.911Z,,RUNNING,SCHEDULE,Fabric,4,0,0,0,0,1,2026-09-01T03:32:49.911Z,c8a5efd8-1123-48ea-8575-8e8ee1ef61f7
20260907051400,4,8x8 Bronze Pipeline,nb_8x8_src_to_brz,/notebooks/nb_8x8_execute,8X8,BR,DEV,2026-09-07T05:14:03.345Z,,RUNNING,SCHEDULE,Fabric,4,0,0,0,0,1,2026-09-07T05:14:03.345Z,8e269908-5aef-4620-9afd-bccaaad05ee8
20260903062128,5,8x8 Silver Pipeline,nb_8x8_brz_to_slv,/notebooks/nb_8x8_brz_to_slv,8X8,SL,DEV,2026-09-03T06:21:30.544Z,,RUNNING,SCHEDULE,Fabric,4,0,0,0,0,1,2026-09-03T06:21:30.544Z,1066d6e5-305c-4662-a3fb-18d67007
202609010951232611,18,SAMMS Orders Bronze,pl_SaveOrders,/pipelines/pl_SaveOrders,SAMMS,BR,DEV,2026-09-01T09:51:17.244Z,,RUNNING,MANUAL,MANUAL,2,0,0,0,0,1,2026-09-01T09:51:17.244Z,fa059dd8-e968-40a4-b6e9-cddfa5d94b9e
202609011115328560,19,SAMMS Orders Silver,pl_SaveOrders,/pipelines/pl_SaveOrders,BR,SL,DEV,2026-09-01T11:15:16.690Z,,RUNNING,MANUAL,MANUAL,1,0,0,0,0,1,2026-09-01T11:15:16.690Z,51d2b2a8-f55a-4c15-81a5-8a10d317f1ae
202609010951332611,19,SAMMS Orders Silver,pl_SaveOrders,/pipelines/pl_SaveOrders,BR,SL,DEV,2026-09-01T09:51:17.244Z,,RUNNING,MANUAL,MANUAL,1,0,0,0,0,1,2026-09-01T09:51:17.244Z,fa059dd8-e968-40a4-b6e9-cddfa5d94b9e
20260908093904,102,QQ_GLTRAN Gold Pipeline,nb_qq_gltran_slv_to_gld,"",QQ,QQ_GLTRAN,DEV,2026-09-08T09:39:06.808Z,,RUNNING,SCHEDULED,SYSTEM,1,0,0,0,0,1,2026-09-08T09:39:06.808Z,0e560989-261d-4a0d-b280-bbb466dc1b12
20260828135924,102,QQ_GLTRAN Gold Pipeline,nb_qq_gltran_slv_to_gld,"",LAKEHOUSE,GL,DEV,2026-08-28T13:59:31.272Z,,RUNNING,SCHEDULE,Fabric,1,0,0,0,0,1,2026-08-28T13:59:31.272Z,47a89ced-7b86-4b2a-bd89-db372bb485ec
20260904102538,102,QQ_GLTRAN Gold Pipeline,nb_qq_gltran_slv_to_gld,"",LAKEHOUSE,GL,DEV,2026-09-04T10:25:51.126Z,,RUNNING,SCHEDULE,Fabric,1,0,0,0,0,1,2026-09-04T10:25:51.126Z,a2b79122-a062-4ea8-a301-db2a1318199f
20260831142253,102,QQ_GLTRAN Gold Pipeline,nb_qq_gltran_slv_to_gld,"",LAKEHOUSE,GL,DEV,2026-08-31T14:22:59.318Z,,RUNNING,SCHEDULE,Fabric,1,0,0,0,0,1,2026-08-31T14:22:59.318Z,a4313f80-ca41-4f61-a623-6667a2502fd6
20260831074113,102,QQ_GLTRAN Gold Pipeline,nb_qq_gltran_slv_to_gld,"",LAKEHOUSE,GL,DEV,2026-08-31T07:41:17.510Z,,RUNNING,SCHEDULE,Fabric,1,0,0,0,0,1,2026-08-31T07:41:19.415Z,78ce6bae-52b1-44c2-9f7e-188484e707df
20260907050745,102,QQ_GLTRAN Gold Pipeline,nb_qq_gltran_slv_to_gld,"",LAKEHOUSE,GL,DEV,2026-09-07T05:07:49.785Z,,RUNNING,SCHEDULE,Fabric,1,0,0,0,0,1,2026-09-07T05:07:49.785Z,f74a5d25-bd7c-423d-be43-4d097b916c61
20260831112549,102,QQ_GLTRAN Gold Pipeline,nb_qq_gltran_slv_to_gld,"",LAKEHOUSE,GL,DEV,2026-08-31T11:25:54.916Z,,RUNNING,SCHEDULE,Fabric,1,0,0,0,0,1,2026-08-31T11:25:54.916Z,27127f1f-7540-42fb-babc-8705f6188148
20260831090355,102,QQ_GLTRAN Gold Pipeline,nb_qq_gltran_slv_to_gld,"",LAKEHOUSE,GL,DEV,2026-08-31T09:04:00.808Z,,RUNNING,SCHEDULE,Fabric,1,0,0,0,0,1,2026-08-31T09:04:00.808Z,f9912f9a-df28-421c-976b-62650ae76af6
20260831051838,102,QQ_GLTRAN Gold Pipeline,nb_qq_gltran_slv_to_gld,"",LAKEHOUSE,GL,DEV,2026-08-31T05:18:43.950Z,,RUNNING,SCHEDULE,Fabric,1,0,0,0,0,1,2026-08-31T05:18:43.950Z,1c008b8f-6986-49fb-8a1e-935c0f7c97b8
20260907095614,100,QQ_GLTRAN Bronze Pipeline,pl_qq_gltran,None,MYSQLSERVER,BR,DEV,2026-09-07T10:20:35.965Z,,RUNNING,SCHEDULE,Fabric,1,0,0,0,1,8,2026-09-07T10:20:35.965Z,4fcd6866-aab9-408a-84fa-35e80c6bd478
20260907090008,100,QQ_GLTRAN Bronze Pipeline,pl_qq_gltran,None,MYSQLSERVER,BR,DEV,2026-09-07T09:46:14.597Z,,RUNNING,SCHEDULE,Fabric,1,0,0,0,1,7,2026-09-07T09:46:14.597Z,11463ad2-ac17-44e2-883f-b7f86a42dcb9
20260624115731,37,KnowBe4 Bronze Pipeline,nb_knowbe4_src_to_brz,/notebooks/nb_knowbe4_execution,KNOWBE4,BR,DEV,2026-08-31T06:37:44.076Z,,RUNNING,SCHEDULE,Fabric,1,0,0,0,1,4,2026-08-31T06:37:46.550Z,abc
20260903060742,5,8x8 Silver Pipeline,nb_8x8_brz_to_slv,/notebooks/nb_8x8_brz_to_slv,8X8,SL,DEV,2026-09-03T06:07:44.805Z,,RUNNING,SCHEDULE,Fabric,4,0,0,0,0,1,2026-09-03T06:07:44.805Z,run_20260903060644
20260908070715,100,QQ_GLTRAN Bronze Pipeline,pl_qq_gltran,"",MYSQLSERVER,BR,DEV,2026-09-08T07:07:18.577Z,,RUNNING,SCHEDULE,Fabric,1,0,0,0,0,1,2026-09-08T07:07:18.577Z,5d18dcda-c6f0-4d67-8736-c6767bdb2394
20260831091815,100,QQ_GLTRAN Bronze Pipeline,pl_qq_gltran,"",MYSQLSERVER,BR,DEV,2026-08-31T09:18:23.862Z,,RUNNING,SCHEDULE,Fabric,1,0,0,0,0,1,2026-08-31T09:18:23.862Z,5c914870-1259-45db-8e01-071c49c2c48b
20260908110419,100,QQ_GLTRAN Bronze Pipeline,pl_qq_gltran,"",MYSQLSERVER,BR,DEV,2026-09-08T11:04:22.231Z,,RUNNING,SCHEDULE,Fabric,1,0,0,0,0,1,2026-09-08T11:04:22.231Z,1bb6c43b-cb93-446c-8f87-7c51a93af387
20260908105352,100,QQ_GLTRAN Bronze Pipeline,pl_qq_gltran,"",MYSQLSERVER,BR,DEV,2026-09-08T10:53:55.376Z,,RUNNING,SCHEDULE,Fabric,1,0,0,0,0,1,2026-09-08T10:53:55.376Z,af81f259-1578-4204-bdb6-a05208e46ed7
20260908065514,100,QQ_GLTRAN Bronze Pipeline,pl_qq_gltran,"",MYSQLSERVER,BR,DEV,2026-09-08T06:55:18.483Z,,RUNNING,SCHEDULE,Fabric,1,0,0,0,0,1,2026-09-08T06:55:18.483Z,5481aa3d-c115-4ed0-a64a-8e1d0ae70935
20260908072702,100,QQ_GLTRAN Bronze Pipeline,pl_qq_gltran,"",MYSQLSERVER,BR,DEV,2026-09-08T07:27:06.123Z,,RUNNING,SCHEDULE,Fabric,1,0,0,0,0,1,2026-09-08T07:27:06.123Z,f9c07595-f223-4eb3-9ab5-89006dc39fd6
20260907050015,100,QQ_GLTRAN Bronze Pipeline,pl_qq_gltran,"",MYSQLSERVER,BR,DEV,2026-09-07T05:00:24.541Z,,RUNNING,SCHEDULE,Fabric,1,0,0,0,0,1,2026-09-07T05:00:24.541Z,f74a5d25-bd7c-423d-be43-4d097b916c61
20260831100518,100,QQ_GLTRAN Bronze Pipeline,pl_qq_gltran,"",MYSQLSERVER,BR,DEV,2026-08-31T10:05:26.567Z,,RUNNING,SCHEDULE,Fabric,1,0,0,0,0,1,2026-08-31T10:05:26.567Z,9c46e6d2-bc29-486b-834a-5cb790eff166
20260902094025,100,QQ_GLTRAN Bronze Pipeline,pl_qq_gltran,"",MYSQLSERVER,BR,DEV,2026-09-02T09:40:34.519Z,,RUNNING,SCHEDULE,Fabric,1,0,0,0,0,1,2026-09-02T09:40:34.519Z,37c478d0-9f56-4e8a-8c38-be79ba66e3f9
20260908085036,100,QQ_GLTRAN Bronze Pipeline,pl_qq_gltran,"",MYSQLSERVER,BR,DEV,2026-09-08T08:50:39.386Z,,RUNNING,SCHEDULE,Fabric,1,0,0,0,0,1,2026-09-08T08:50:39.386Z,87732f2b-54c5-476f-8050-2c183396a2bf
20260831110719,100,QQ_GLTRAN Bronze Pipeline,pl_qq_gltran,"",MYSQLSERVER,BR,DEV,2026-08-31T11:07:30.215Z,,RUNNING,SCHEDULE,Fabric,1,0,0,0,0,1,2026-08-31T11:07:30.215Z,d5eac79e-3c62-41a9-a5d7-bc44d27ead24
20260831094604,100,QQ_GLTRAN Bronze Pipeline,pl_qq_gltran,"",MYSQLSERVER,BR,DEV,2026-08-31T09:46:14.290Z,,RUNNING,SCHEDULE,Fabric,1,0,0,0,0,1,2026-08-31T09:46:14.290Z,99ee6f68-ff7d-4d6b-900e-e5e0d7f1a4b2
20260908071927,100,QQ_GLTRAN Bronze Pipeline,pl_qq_gltran,"",MYSQLSERVER,BR,DEV,2026-09-08T07:19:30.270Z,,RUNNING,SCHEDULE,Fabric,1,0,0,0,0,1,2026-09-08T07:19:30.270Z,6cfdddb1-3285-41a5-a2d2-7f3b24ce17f2
20260907051417,100,QQ_GLTRAN Bronze Pipeline,pl_qq_gltran,"",MYSQLSERVER,BR,DEV,2026-09-07T05:14:27.391Z,,RUNNING,SCHEDULE,Fabric,1,0,0,0,0,1,2026-09-07T05:14:27.391Z,bca532eb-83d7-4e3e-bde2-7cc9db9dc122
20260831122522,100,QQ_GLTRAN Bronze Pipeline,pl_qq_gltran,"",MYSQLSERVER,BR,DEV,2026-08-31T12:25:40.641Z,,RUNNING,SCHEDULE,Fabric,1,0,0,0,0,1,2026-08-31T12:25:40.641Z,0da6e75e-5a69-4862-a340-cdd568a9c764
20260831034816,100,QQ_GLTRAN Bronze Pipeline,pl_qq_gltran,"",MYSQLSERVER,BR,DEV,2026-08-31T03:48:29.912Z,,RUNNING,SCHEDULE,Fabric,1,0,0,0,0,1,2026-08-31T03:48:29.912Z,3628463a-db79-41f2-a479-fe0ce7b794c4
202609031624201027,44,SAMMS Global Silver,pl_execute_samms_global,,LAKEHOUSE,SL,DEV,2026-09-03T16:24:04.461Z,,RUNNING,MANUAL,MANUAL,13,0,0,0,0,1,2026-09-03T16:24:04.461Z,65c89a63-c52f-4888-8f50-2696177d2490
202609031624101027,43,SAMMS Global Bronze,pl_execute_samms_global,,SAMMS,BR,DEV,2026-09-03T16:24:04.461Z,,RUNNING,MANUAL,MANUAL,12,0,0,0,0,1,2026-09-03T16:24:04.461Z,65c89a63-c52f-4888-8f50-2696177d2490
20260908113536,141,AzureSQL5 Workflows Silver Pipeline,nb_azuresql_05_slv_to_slv123,BHG-DATA-PLATFORM-CORE-DEV/2_Engineering/2_Transformation/AzureSQL_05/nb_azuresql_05_slv_to_slv123,AzureSQL5 Workflows,SL,DEV,2026-09-08T11:35:36.484Z,2026-09-08T11:36:58.431Z,FAILED,SCHEDULED,Fabric,7,0,1,0,0,1,2026-09-08T11:35:36.484Z,e50b54a8-071c-416b-b298-c3dbcd919ea8
20260907043521,141,AzureSQL5 Workflows Silver Pipeline,nb_azuresql_05_slv_to_slv,BHG-DATA-PLATFORM-CORE-DEV/2_Engineering/2_Transformation/AzureSQL_05/nb_azuresql_05_slv_to_slv,AzureSQL5 Workflows,SL,DEV,2026-09-07T05:08:34.244Z,2026-09-07T05:11:29.028Z,SUCCESS,SCHEDULED,Fabric,10,10,0,0,1,2,2026-09-07T05:08:34.244Z,56cee43e-77d1-47ce-9ee5-d3bb87c45c20
20260907054908,141,AzureSQL5 Workflows Silver Pipeline,nb_azuresql_05_slv_to_slv,BHG-DATA-PLATFORM-CORE-DEV/2_Engineering/2_Transformation/AzureSQL_05/nb_azuresql_05_slv_to_slv,AzureSQL5 Workflows,SL,DEV,2026-09-07T05:49:08.635Z,2026-09-07T05:55:34.631Z,SUCCESS,SCHEDULED,Fabric,10,10,0,0,0,1,2026-09-07T05:49:08.635Z,efcb7980-23b7-4dad-a613-0ec15e5af44a
20260907060848,141,AzureSQL5 Workflows Silver Pipeline,nb_azuresql_05_slv_to_slv,BHG-DATA-PLATFORM-CORE-DEV/2_Engineering/2_Transformation/AzureSQL_05/nb_azuresql_05_slv_to_slv,AzureSQL5 Workflows,SL,DEV,2026-09-07T06:08:48.706Z,2026-09-07T06:15:15.055Z,SUCCESS,SCHEDULED,Fabric,10,10,0,0,0,1,2026-09-07T06:08:48.706Z,cf11fb94-1c71-47fd-aff8-c68ca34de8c5
20260907202459,141,AzureSQL5 Workflows Silver Pipeline,nb_azuresql_05_slv_to_slv,BHG-DATA-PLATFORM-CORE-DEV/2_Engineering/2_Transformation/AzureSQL_05/nb_azuresql_05_slv_to_slv,AzureSQL5 Workflows,SL,DEV,2026-09-07T20:24:59.828Z,2026-09-07T20:31:42.050Z,SUCCESS,SCHEDULED,Fabric,10,10,0,0,0,1,2026-09-07T20:24:59.828Z,870e0242-5dd7-4aac-a78a-33a4dd219a39
20260907200457,141,AzureSQL5 Workflows Silver Pipeline,nb_azuresql_05_slv_to_slv,BHG-DATA-PLATFORM-CORE-DEV/2_Engineering/2_Transformation/AzureSQL_05/nb_azuresql_05_slv_to_slv,AzureSQL5 Workflows,SL,DEV,2026-09-07T20:04:57.285Z,2026-09-07T20:10:30.657Z,SUCCESS,SCHEDULED,Fabric,10,10,0,0,0,1,2026-09-07T20:04:57.285Z,df39e74e-3a35-4065-9433-2c4803081f3d
20260903065411,141,AzureSQL5 Workflows Silver Pipeline,nb_azuresql_05_slv_to_slv,BHG-DATA-PLATFORM-CORE-DEV/2_Engineering/2_Transformation/AzureSQL_05/nb_azuresql_05_slv_to_slv,AzureSQL5 Workflows,SL,DEV,2026-09-04T07:24:51.543Z,2026-09-04T07:28:30.312Z,SUCCESS,SCHEDULED,Fabric,10,10,0,0,1,5,2026-09-04T07:24:51.543Z,e1eca275-7998-40b3-998f-4c7a1a01a736
20260903065411,141,AzureSQL5 Workflows Silver Pipeline,nb_azuresql_05_slv_to_slv,BHG-DATA-PLATFORM-CORE-DEV/2_Engineering/2_Transformation/AzureSQL_05/nb_azuresql_05_slv_to_slv,AzureSQL5 Workflows,SL,DEV,2026-09-04T06:50:50.956Z,2026-09-04T06:56:34.194Z,FAILED,SCHEDULED,Fabric,10,9,1,0,1,4,2026-09-04T06:50:50.956Z,d6480cb5-d898-420d-8213-6c11df16bef3
20260907043521,141,AzureSQL5 Workflows Silver Pipeline,nb_azuresql_05_slv_to_slv,BHG-DATA-PLATFORM-CORE-DEV/2_Engineering/2_Transformation/AzureSQL_05/nb_azuresql_05_slv_to_slv,AzureSQL5 Workflows,SL,DEV,2026-09-07T04:35:21.993Z,2026-09-07T04:41:25.653Z,FAILED,SCHEDULED,Fabric,10,9,1,0,0,1,2026-09-07T04:35:21.993Z,779bbb8b-3f8e-4399-b8b9-890d68401aa1
20260903065411,141,AzureSQL5 Workflows Silver Pipeline,nb_azuresql_05_slv_to_slv,BHG-DATA-PLATFORM-CORE-DEV/2_Engineering/2_Transformation/AzureSQL_05/nb_azuresql_05_slv_to_slv,AzureSQL5 Workflows,SL,DEV,2026-09-04T06:33:58.166Z,2026-09-04T06:38:00.048Z,FAILED,SCHEDULED,Fabric,10,6,4,0,1,3,2026-09-04T06:33:58.166Z,ab6c46cf-1051-4b05-9f0f-347e7121db93
20260903065411,141,AzureSQL5 Workflows Silver Pipeline,nb_azuresql_05_slv_to_slv,BHG-DATA-PLATFORM-CORE-DEV/2_Engineering/2_Transformation/AzureSQL_05/nb_azuresql_05_slv_to_slv,AzureSQL5 Workflows,SL,DEV,2026-09-03T08:07:04.044Z,2026-09-03T08:09:46.535Z,FAILED,SCHEDULED,Fabric,7,6,1,0,1,2,2026-09-03T08:07:04.044Z,b06012a0-2e6f-4c81-af7e-cd687d985935
20260831072835,131,AzureSQL4 Workflows Silver Pipeline,nb_azuresql_04_slv_to_slv,BHG-DATA-PLATFORM-CORE-DEV/2_Engineering/2_Transformation/AzureSQL4/nb_azuresql4_slv_to_slv,AzureSQL4 Workflows,SL,DEV,2026-09-01T06:29:51.799Z,2026-09-01T06:45:44.673Z,SUCCESS,SCHEDULED,Fabric,12,12,0,0,1,2,2026-09-01T06:29:51.799Z,f386ddbf-c5af-4242-bf29-5f60b1e71ecf
20260828114902,131,AzureSQL4 Workflows Silver Pipeline,nb_azuresql_04_slv_to_slv,BHG-DATA-PLATFORM-CORE-DEV/2_Engineering/2_Transformation/AzureSQL4/nb_azuresql4_slv_to_slv,AzureSQL4 Workflows,SL,DEV,2026-08-28T11:49:02.530Z,2026-08-28T12:03:31.978Z,SUCCESS,SCHEDULED,Fabric,12,12,0,0,0,1,2026-08-28T11:49:02.530Z,e752845a-2a63-48ca-b4ef-ba7a68ece0b6
20260830071538,131,AzureSQL4 Workflows Silver Pipeline,nb_azuresql_04_slv_to_slv,BHG-DATA-PLATFORM-CORE-DEV/2_Engineering/2_Transformation/AzureSQL4/nb_azuresql4_slv_to_slv,AzureSQL4 Workflows,SL,DEV,2026-08-30T07:58:01.923Z,2026-08-30T08:12:35.376Z,SUCCESS,SCHEDULED,Fabric,12,12,0,0,1,2,2026-08-30T07:58:01.923Z,8cf8f378-16db-4eda-8552-9c6ae683939d
20260830082705,131,AzureSQL4 Workflows Silver Pipeline,nb_azuresql_04_slv_to_slv,BHG-DATA-PLATFORM-CORE-DEV/2_Engineering/2_Transformation/AzureSQL4/nb_azuresql4_slv_to_slv,AzureSQL4 Workflows,SL,DEV,2026-08-30T09:08:40.984Z,2026-08-30T09:23:29.132Z,SUCCESS,SCHEDULED,Fabric,12,12,0,0,1,2,2026-08-30T09:08:40.984Z,d0826a4c-ff98-435d-adfd-e339a02d1b06
20260830064606,131,AzureSQL4 Workflows Silver Pipeline,nb_azuresql_04_slv_to_slv,BHG-DATA-PLATFORM-CORE-DEV/2_Engineering/2_Transformation/AzureSQL4/nb_azuresql4_slv_to_slv,AzureSQL4 Workflows,SL,DEV,2026-08-30T07:03:41.581Z,2026-08-30T07:14:40.609Z,FAILED,SCHEDULED,Fabric,12,11,1,0,1,2,2026-08-30T07:03:41.581Z,0fae7162-ad60-4757-b9b2-8e417a5b19d1
20260830063351,131,AzureSQL4 Workflows Silver Pipeline,nb_azuresql_04_slv_to_slv,BHG-DATA-PLATFORM-CORE-DEV/2_Engineering/2_Transformation/AzureSQL4/nb_azuresql4_slv_to_slv,AzureSQL4 Workflows,SL,DEV,2026-08-30T06:33:51.734Z,2026-08-30T06:45:17.711Z,FAILED,SCHEDULED,Fabric,12,9,3,0,0,1,2026-08-30T06:33:51.734Z,f5468d60-c3b5-4f89-8aff-6c67bdfcebae
202608281738447493,35,SAMMS Notes Silver Pipeline,Execute_Notes,,Lakehouse,SL,DEV,2026-08-28T17:38:28.084Z,,RUNNING,Manual,Manual,2,0,0,0,0,1,2026-08-28T17:38:28.084Z,
202608281731447362,35,SAMMS Notes Silver Pipeline,Execute_Notes,,Lakehouse,SL,DEV,2026-08-28T17:31:28.639Z,,RUNNING,Manual,Manual,2,0,0,0,0,1,2026-08-28T17:31:28.639Z,
20260907061417,141,AzureSQL5 Workflows Silver Pipeline,nb_azuresql_05_slv_to_slv,BHG-DATA-PLATFORM-CORE-DEV/2_Engineering/2_Transformation/AzureSQL_05/nb_azuresql_05_slv_to_slv,AzureSQL5 Workflows,SL,DEV,2026-09-07T06:14:17.240Z,,RUNNING,SCHEDULED,Fabric,10,0,0,0,0,1,2026-09-07T06:14:17.240Z,f4a30330-acea-4c49-913d-e09dacb41390
202608281738347493,34,SAMMS Notes Bronze Pipeline,Execute_Notes,,SAMMS,BR,DEV,2026-08-28T17:38:28.084Z,,RUNNING,Manual,Manual,2,0,0,0,0,1,2026-08-28T17:38:28.084Z,
202608281731347362,34,SAMMS Notes Bronze Pipeline,Execute_Notes,,SAMMS,BR,DEV,2026-08-28T17:31:28.639Z,,RUNNING,Manual,Manual,2,0,0,0,0,1,2026-08-28T17:31:28.639Z,
20260903181050,127,OneDrive - Overdue Course Silver Pipeline,nb_overduecourses_brz_to_slv,/notebooks/nb_overduecourses_brz_to_slv,OneDrive - Overdue Course,SL,DEV,2026-09-03T18:21:59.950Z,2026-09-03T18:23:17.449Z,SUCCESS,SCHEDULE,Fabric,1,1,0,0,1,8,2026-09-03T18:21:59.950Z,5360e0f0-1b6e-453c-963d-303c626d47b0
20260903181050,126,OneDrive - Overdue Course Bronze Pipeline,nb_overduecourses_src_to_brz,/notebooks/nb_overduecourses_src_to_brz,OneDrive - Overdue Course,BR,DEV,2026-09-03T18:19:08.532Z,2026-09-03T18:20:24.864Z,SUCCESS,SCHEDULE,Fabric,1,1,0,0,1,7,2026-09-03T18:19:08.532Z,5360e0f0-1b6e-453c-963d-303c626d47b0
20260902095617,126,OneDrive - Overdue Course Bronze Pipeline,nb_overduecourses_src_to_brz,/notebooks/nb_overduecourses_src_to_brz,OneDrive - Overdue Course,BR,DEV,2026-09-02T10:12:20.330Z,2026-09-02T10:13:48.828Z,SUCCESS,SCHEDULE,Fabric,1,1,0,0,1,2,2026-09-02T10:12:20.330Z,8a6f1e0c-6911-49b3-a6e2-a915b3060644
20260903180808,126,OneDrive - Overdue Course Bronze Pipeline,nb_overduecourses_src_to_brz,/notebooks/nb_overduecourses_src_to_brz,OneDrive - Overdue Course,BR,DEV,2026-09-03T18:08:08.220Z,2026-09-03T18:09:50.584Z,SUCCESS,SCHEDULE,Fabric,1,1,0,0,1,6,2026-09-03T18:08:08.220Z,574a4698-b70b-461e-850c-a34d8f152509
20260902093644,126,OneDrive - Overdue Course Bronze Pipeline,nb_overduecourses_src_to_brz,/notebooks/nb_overduecourses_src_to_brz,OneDrive - Overdue Course,BR,DEV,2026-09-02T09:53:54.083Z,2026-09-02T09:55:15.490Z,SUCCESS,SCHEDULE,Fabric,1,1,0,0,1,2,2026-09-02T09:53:54.083Z,46143f78-d0dd-4612-bc72-7509b4b9369c
20260903191655,127,OneDrive - Overdue Course Silver Pipeline,nb_overduecourses_brz_to_slv,/notebooks/nb_overduecourses_brz_to_slv,OneDrive - Overdue Course,SL,DEV,2026-09-03T19:16:55.070Z,2026-09-03T19:18:20.811Z,SUCCESS,SCHEDULE,Fabric,1,1,0,0,0,1,2026-09-03T19:16:55.070Z,e43a8f33-1096-489d-9499-bf0c83753e23
20260831100753,126,OneDrive - Overdue Course Bronze Pipeline,nb_overduecourses_src_to_brz,/notebooks/nb_overduecourses_src_to_brz,OneDrive - Overdue Course,BR,DEV,2026-09-02T09:34:41.791Z,2026-09-02T09:35:57.240Z,SUCCESS,SCHEDULE,Fabric,1,1,0,0,1,8,2026-09-02T09:34:41.791Z,d2f0a918-4c32-4516-a936-7d0dfd6fe16f
20260902093847,127,OneDrive - Overdue Course Silver Pipeline,nb_overduecourses_brz_to_slv,/notebooks/nb_overduecourses_brz_to_slv,OneDrive - Overdue Course,SL,DEV,2026-09-02T10:32:11.212Z,2026-09-02T10:33:03.716Z,SUCCESS,SCHEDULE,Fabric,1,1,0,0,1,2,2026-09-02T10:32:11.212Z,fae6f27e-61f7-4550-97cb-ae854acd3594
20260828105004,126,OneDrive - Overdue Course Bronze Pipeline,nb_overduecourses_src_to_brz,/notebooks/nb_overduecourses_src_to_brz,OneDrive - Overdue Course,BR,DEV,2026-09-02T10:29:31.348Z,2026-09-02T10:30:46.518Z,SUCCESS,SCHEDULE,Fabric,1,1,0,0,1,2,2026-09-02T10:29:31.348Z,fae6f27e-61f7-4550-97cb-ae854acd3594
20260903193139,127,OneDrive - Overdue Course Silver Pipeline,nb_overduecourses_brz_to_slv,/notebooks/nb_overduecourses_brz_to_slv,OneDrive - Overdue Course,SL,DEV,2026-09-03T19:31:39.586Z,2026-09-03T19:32:46.728Z,SUCCESS,SCHEDULE,Fabric,1,1,0,0,0,1,2026-09-03T19:31:39.586Z,a5570b6d-ab4f-492f-a0f3-019ba8a0989c
20260903190247,126,OneDrive - Overdue Course Bronze Pipeline,nb_overduecourses_src_to_brz,/notebooks/nb_overduecourses_src_to_brz,OneDrive - Overdue Course,BR,DEV,2026-09-03T19:02:47.883Z,2026-09-03T19:03:48.196Z,SUCCESS,SCHEDULE,Fabric,1,1,0,0,0,1,2026-09-03T19:02:47.883Z,94765793-67d3-4a98-afae-52065647e781
20260903192921,126,OneDrive - Overdue Course Bronze Pipeline,nb_overduecourses_src_to_brz,/notebooks/nb_overduecourses_src_to_brz,OneDrive - Overdue Course,BR,DEV,2026-09-03T19:29:21.706Z,2026-09-03T19:30:21.817Z,SUCCESS,SCHEDULE,Fabric,1,1,0,0,0,1,2026-09-03T19:29:21.706Z,a5570b6d-ab4f-492f-a0f3-019ba8a0989c
20260902095739,127,OneDrive - Overdue Course Silver Pipeline,nb_overduecourses_brz_to_slv,/notebooks/nb_overduecourses_brz_to_slv,OneDrive - Overdue Course,SL,DEV,2026-09-02T10:15:09.110Z,2026-09-02T10:15:57.879Z,SUCCESS,SCHEDULE,Fabric,1,1,0,0,1,2,2026-09-02T10:15:09.110Z,8a6f1e0c-6911-49b3-a6e2-a915b3060644
20260828070842,121,OffWeek Counseling Silver Pipeline,nb_offweekcounseling_slv_to_slv,/notebooks/nb_offweekcounseling_slv_to_slv,OffWeek Counseling,SL,DEV,2026-08-31T07:07:51.590Z,2026-08-31T07:10:50.497Z,SUCCESS,SCHEDULE,Fabric,1,1,0,0,1,2,2026-08-31T07:07:51.590Z,c109bed6-61e8-4611-8aec-6c6c13a8385b
20260903164737,121,OffWeek Counseling Silver Pipeline,nb_offweekcounseling_slv_to_slv,/notebooks/nb_offweekcounseling_slv_to_slv,OffWeek Counseling,SL,DEV,2026-09-03T16:47:37.153Z,2026-09-03T16:50:51.050Z,SUCCESS,SCHEDULE,Fabric,1,1,0,0,0,1,2026-09-03T16:47:37.153Z,924c339f-a40c-4fa0-9746-4d59d8146524
20260903151658,121,OffWeek Counseling Silver Pipeline,nb_offweekcounseling_slv_to_slv,/notebooks/nb_offweekcounseling_slv_to_slv,OffWeek Counseling,SL,DEV,2026-09-03T15:38:12.576Z,2026-09-03T15:41:26.088Z,SUCCESS,SCHEDULE,Fabric,1,1,0,0,1,2,2026-09-03T15:38:12.576Z,4fde8a32-a568-463b-b92b-1366373b5ff5
20260903143537,121,OffWeek Counseling Silver Pipeline,nb_offweekcounseling_slv_to_slv,/notebooks/nb_offweekcounseling_slv_to_slv,OffWeek Counseling,SL,DEV,2026-09-03T14:35:37.892Z,2026-09-03T14:38:36.259Z,SUCCESS,SCHEDULE,Fabric,1,1,0,0,0,1,2026-09-03T14:35:37.892Z,f15cb285-b6b1-4860-8783-c75a284b7e30
20260825030415,121,OffWeek Counseling Silver Pipeline,nb_offweekcounseling_slv_to_slv,/notebooks/nb_offweekcounseling_slv_to_slv,OffWeek Counseling,SL,DEV,2026-09-03T06:05:41.144Z,2026-09-03T06:08:47.881Z,SUCCESS,SCHEDULE,Fabric,1,1,0,0,1,2,2026-09-03T06:05:41.144Z,11b0f007-ed6d-4ee6-9a5c-040380b29931
20260903143917,121,OffWeek Counseling Silver Pipeline,nb_offweekcounseling_slv_to_slv,/notebooks/nb_offweekcounseling_slv_to_slv,OffWeek Counseling,SL,DEV,2026-09-03T15:09:42.435Z,2026-09-03T15:16:05.401Z,SUCCESS,SCHEDULE,Fabric,1,1,0,0,1,2,2026-09-03T15:09:42.435Z,e922c4e4-ba62-4f6d-9b8c-63d0b5108629
20260903172129,121,OffWeek Counseling Silver Pipeline,nb_offweekcounseling_slv_to_slv,/notebooks/nb_offweekcounseling_slv_to_slv,OffWeek Counseling,SL,DEV,2026-09-03T17:21:29.997Z,2026-09-03T17:24:52.686Z,SUCCESS,SCHEDULE,Fabric,1,1,0,0,0,1,2026-09-03T17:21:29.997Z,5a9c4813-8a98-491b-8ba0-773490315d42
20260907034322,121,OffWeek Counseling Silver Pipeline,nb_offweekcounseling_slv_to_slv,/notebooks/nb_offweekcounseling_slv_to_slv,OffWeek Counseling,SL,DEV,2026-09-07T03:43:22.948Z,2026-09-07T03:46:22.572Z,SUCCESS,SCHEDULE,Fabric,1,1,0,0,0,1,2026-09-07T03:43:22.948Z,5d2076cb-9eed-4560-8c54-92c47621dd72
20260903132033,121,OffWeek Counseling Silver Pipeline,nb_offweekcounseling_slv_to_slv,/notebooks/nb_offweekcounseling_slv_to_slv,OffWeek Counseling,SL,DEV,2026-09-03T13:20:33.292Z,2026-09-03T13:24:02.741Z,SUCCESS,SCHEDULE,Fabric,1,1,0,0,0,1,2026-09-03T13:20:33.292Z,8354fe9a-a940-4119-ab8e-6c094f3224d7
20260903095718,121,OffWeek Counseling Silver Pipeline,nb_offweekcounseling_slv_to_slv,/notebooks/nb_offweekcounseling_slv_to_slv,OffWeek Counseling,SL,DEV,2026-09-03T09:57:18.043Z,2026-09-03T10:00:21.586Z,SUCCESS,SCHEDULE,Fabric,1,1,0,0,0,1,2026-09-03T09:57:18.043Z,c635a2b4-fd80-403f-957d-852c27b3649e
20260903170330,121,OffWeek Counseling Silver Pipeline,nb_offweekcounseling_slv_to_slv,/notebooks/nb_offweekcounseling_slv_to_slv,OffWeek Counseling,SL,DEV,2026-09-03T17:03:30.988Z,2026-09-03T17:06:41.841Z,SUCCESS,SCHEDULE,Fabric,1,1,0,0,0,1,2026-09-03T17:03:30.988Z,79148fba-3b5b-4bd1-ba61-2fb3620a4279
20260903065325,121,OffWeek Counseling Silver Pipeline,nb_offweekcounseling_slv_to_slv,/notebooks/nb_offweekcounseling_slv_to_slv,OffWeek Counseling,SL,DEV,2026-09-03T06:53:25.144Z,2026-09-03T06:56:13.608Z,SUCCESS,SCHEDULE,Fabric,1,1,0,0,0,1,2026-09-03T06:53:25.144Z,99698447-e02c-478c-bc1e-40fdc49c170e
20260903140001,121,OffWeek Counseling Silver Pipeline,nb_offweekcounseling_slv_to_slv,/notebooks/nb_offweekcounseling_slv_to_slv,OffWeek Counseling,SL,DEV,2026-09-03T14:00:01.581Z,2026-09-03T14:05:28.881Z,SUCCESS,SCHEDULE,Fabric,1,1,0,0,0,1,2026-09-03T14:00:01.581Z,93171e05-6d5e-4b1a-8640-e486f2cee83d
20260903134733,121,OffWeek Counseling Silver Pipeline,nb_offweekcounseling_slv_to_slv,/notebooks/nb_offweekcounseling_slv_to_slv,OffWeek Counseling,SL,DEV,2026-09-03T13:47:33.792Z,2026-09-03T13:50:43.386Z,SUCCESS,SCHEDULE,Fabric,1,1,0,0,0,1,2026-09-03T13:47:33.792Z,139f1961-be70-4847-a8fc-297093dde165
20260907031155,121,OffWeek Counseling Silver Pipeline,nb_offweekcounseling_slv_to_slv,/notebooks/nb_offweekcounseling_slv_to_slv,OffWeek Counseling,SL,DEV,2026-09-07T03:11:55.315Z,2026-09-07T03:14:51.622Z,SUCCESS,SCHEDULE,Fabric,1,1,0,0,0,1,2026-09-07T03:11:55.315Z,32ebc41d-1616-4d5e-aeab-1fc3f7fe7d06
20260821064504,121,OffWeek Counseling Silver Pipeline,nb_offweekcounseling_slv_to_slv,/notebooks/nb_offweekcounseling_slv_to_slv,OffWeek Counseling,SL,DEV,2026-09-03T06:30:07.182Z,2026-09-03T06:32:58.296Z,SUCCESS,SCHEDULE,Fabric,1,1,0,0,1,2,2026-09-03T06:30:07.182Z,f96f5b99-9d68-4178-8a83-78819af29a92
20260903163530,121,OffWeek Counseling Silver Pipeline,nb_offweekcounseling_slv_to_slv,/notebooks/nb_offweekcounseling_slv_to_slv,OffWeek Counseling,SL,DEV,2026-09-03T16:35:30.524Z,2026-09-03T16:38:35.912Z,SUCCESS,SCHEDULE,Fabric,1,1,0,0,0,1,2026-09-03T16:35:30.524Z,c4aab6bd-7246-42a6-8543-50273d44cf3d
20260828072135,121,OffWeek Counseling Silver Pipeline,nb_offweekcounseling_slv_to_slv,/notebooks/nb_offweekcounseling_slv_to_slv,OffWeek Counseling,SL,DEV,2026-08-31T06:22:00.189Z,2026-08-31T06:25:40.220Z,SUCCESS,SCHEDULE,Fabric,1,1,0,0,1,3,2026-08-31T06:22:00.189Z,37c5b12d-f877-4498-bf21-95491b7fdee7
20260908085619,116,Patient Services Silver Pipeline,nb_patientservices_slv_to_slv,/notebooks/nb_patientservices_slv_to_slv,Patient Services,SL,DEV,2026-09-08T08:56:19.760Z,2026-09-08T08:59:16.664Z,SUCCESS,SCHEDULE,Fabric,1,1,0,0,0,1,2026-09-08T08:56:19.760Z,131a5d97-d8c6-4025-b83a-b72dccab3d72
202609031157343197,139,CDC Orders Silver,pl_Orders,BHG-DATA-PLATFORM-CORE-DEV/2_Engineering/3_Orchestration/pl_Orders,Bronze Lakehouse,SL,DEV,2026-09-03T11:57:18.712Z,2026-09-03T12:14:30.065Z,SUCCESS,SCHEDULE,Fabric,1,1,0,0,0,1,2026-09-03T11:57:18.712Z,e094fd0a-1f4a-4369-85ee-0e102ddb1eac
202609081012464975,139,CDC Orders Silver,pl_Orders,BHG-DATA-PLATFORM-CORE-DEV/2_Engineering/3_Orchestration/pl_Orders,Bronze Lakehouse,SL,DEV,2026-09-08T10:12:30.597Z,2026-09-08T10:30:07.290Z,SUCCESS,SCHEDULE,Fabric,1,1,0,0,0,1,2026-09-08T10:12:30.597Z,3d333425-7f19-40f0-b7c4-971bc2bdbbfe
202609030609347364,139,CDC Orders Silver,pl_Orders,BHG-DATA-PLATFORM-CORE-DEV/2_Engineering/3_Orchestration/pl_Orders,Bronze Lakehouse,SL,DEV,2026-09-03T06:09:18.689Z,2026-09-03T06:28:36.377Z,SUCCESS,SCHEDULE,Fabric,1,1,0,0,0,1,2026-09-03T06:09:18.689Z,e45cf123-426f-484e-ac7c-c7869e0d3df2
202609081119205039,139,CDC Orders Silver,pl_Orders,BHG-DATA-PLATFORM-CORE-DEV/2_Engineering/3_Orchestration/pl_Orders,Bronze Lakehouse,SL,DEV,2026-09-08T11:19:04.367Z,2026-09-08T11:38:19.841Z,SUCCESS,SCHEDULE,Fabric,1,1,0,0,0,1,2026-09-08T11:19:04.367Z,fc8412ff-1da3-49a2-828d-5e8326311ca8
202609030647470206,139,CDC Orders Silver,pl_Orders,BHG-DATA-PLATFORM-CORE-DEV/2_Engineering/3_Orchestration/pl_Orders,Bronze Lakehouse,SL,DEV,2026-09-03T06:47:31.059Z,2026-09-03T07:06:56.685Z,SUCCESS,SCHEDULE,Fabric,1,1,0,0,0,1,2026-09-03T06:47:31.059Z,8a978163-dc4c-4328-851c-ec293737fd61
202609080926719001,139,CDC Orders Silver,pl_Orders,BHG-DATA-PLATFORM-CORE-DEV/2_Engineering/3_Orchestration/pl_Orders,Bronze Lakehouse,SL,DEV,2026-09-08T09:26:57.279Z,2026-09-08T09:44:10.684Z,SUCCESS,SCHEDULE,Fabric,1,1,0,0,0,1,2026-09-08T09:26:57.279Z,f04a2298-90b2-4fc2-8ba2-e972eeef4935
202609030402553468,139,CDC Orders Silver,pl_Orders,BHG-DATA-PLATFORM-CORE-DEV/2_Engineering/3_Orchestration/pl_Orders,Bronze Lakehouse,SL,DEV,2026-09-03T04:02:39.821Z,2026-09-03T04:25:12.490Z,SUCCESS,SCHEDULE,Fabric,1,1,0,0,0,1,2026-09-03T04:02:39.821Z,d4885e65-6479-4750-a76b-c74c49e3e9cb
202609081212445742,139,CDC Orders Silver,pl_Orders,BHG-DATA-PLATFORM-CORE-DEV/2_Engineering/3_Orchestration/pl_Orders,Bronze Lakehouse,SL,DEV,2026-09-08T12:12:34.815Z,2026-09-08T12:26:14.693Z,SUCCESS,SCHEDULE,Fabric,1,1,0,0,0,1,2026-09-08T12:12:34.815Z,05780c2b-a5ee-466c-ac2e-8efa57d1bdfd
202609080746662868,139,CDC Orders Silver,pl_Orders,BHG-DATA-PLATFORM-CORE-DEV/2_Engineering/3_Orchestration/pl_Orders,Bronze Lakehouse,SL,DEV,2026-09-08T07:47:02.012Z,2026-09-08T08:04:16.628Z,SUCCESS,SCHEDULE,Fabric,1,1,0,0,0,1,2026-09-08T07:47:02.012Z,8c117b12-3656-4f28-b328-39d84f54b3d8
202609010919351817,139,CDC Orders Silver,pl_Orders,BHG-DATA-PLATFORM-CORE-DEV/2_Engineering/3_Orchestration/pl_Orders,Bronze Lakehouse,SL,DEV,2026-09-01T09:19:49.724Z,2026-09-01T09:42:10.195Z,SUCCESS,SCHEDULE,Fabric,1,1,0,0,0,1,2026-09-01T09:19:49.724Z,33535b71-d0d3-48e6-81e2-12a8a0f169a7
202609081212345742,138,CDC Orders Bronze,pl_Orders,BHG-DATA-PLATFORM-CORE-DEV/2_Engineering/3_Orchestration/pl_Orders,SAMMS,BR,DEV,2026-09-08T12:12:34.815Z,2026-09-08T12:25:58.886Z,SUCCESS,SCHEDULE,Fabric,2,2,0,0,0,1,2026-09-08T12:12:34.815Z,05780c2b-a5ee-466c-ac2e-8efa57d1bdfd
202609030609247364,138,CDC Orders Bronze,pl_Orders,BHG-DATA-PLATFORM-CORE-DEV/2_Engineering/3_Orchestration/pl_Orders,SAMMS,BR,DEV,2026-09-03T06:09:18.689Z,2026-09-03T06:25:38.611Z,SUCCESS,SCHEDULE,Fabric,1,1,0,0,0,1,2026-09-03T06:09:18.689Z,e45cf123-426f-484e-ac7c-c7869e0d3df2
202609080926619001,138,CDC Orders Bronze,pl_Orders,BHG-DATA-PLATFORM-CORE-DEV/2_Engineering/3_Orchestration/pl_Orders,SAMMS,BR,DEV,2026-09-08T09:26:57.279Z,2026-09-08T09:43:57.423Z,SUCCESS,SCHEDULE,Fabric,4,4,0,0,0,1,2026-09-08T09:26:57.279Z,f04a2298-90b2-4fc2-8ba2-e972eeef4935
202609081119105039,138,CDC Orders Bronze,pl_Orders,BHG-DATA-PLATFORM-CORE-DEV/2_Engineering/3_Orchestration/pl_Orders,SAMMS,BR,DEV,2026-09-08T11:19:04.367Z,2026-09-08T11:37:59.038Z,SUCCESS,SCHEDULE,Fabric,2,2,0,0,0,1,2026-09-08T11:19:04.367Z,fc8412ff-1da3-49a2-828d-5e8326311ca8
202609080746562868,138,CDC Orders Bronze,pl_Orders,BHG-DATA-PLATFORM-CORE-DEV/2_Engineering/3_Orchestration/pl_Orders,SAMMS,BR,DEV,2026-09-08T07:47:02.012Z,2026-09-08T08:04:01.121Z,SUCCESS,SCHEDULE,Fabric,4,4,0,0,0,1,2026-09-08T07:47:02.012Z,8c117b12-3656-4f28-b328-39d84f54b3d8
202609010919251817,138,CDC Orders Bronze,pl_Orders,BHG-DATA-PLATFORM-CORE-DEV/2_Engineering/3_Orchestration/pl_Orders,SAMMS,BR,DEV,2026-09-01T09:19:49.724Z,2026-09-01T09:36:24.802Z,SUCCESS,SCHEDULE,Fabric,3,3,0,0,0,1,2026-09-01T09:19:49.724Z,33535b71-d0d3-48e6-81e2-12a8a0f169a7
202609081012364975,138,CDC Orders Bronze,pl_Orders,BHG-DATA-PLATFORM-CORE-DEV/2_Engineering/3_Orchestration/pl_Orders,SAMMS,BR,DEV,2026-09-08T10:12:30.597Z,2026-09-08T10:29:53.312Z,SUCCESS,SCHEDULE,Fabric,4,4,0,0,0,1,2026-09-08T10:12:30.597Z,3d333425-7f19-40f0-b7c4-971bc2bdbbfe
202609030647370206,138,CDC Orders Bronze,pl_Orders,BHG-DATA-PLATFORM-CORE-DEV/2_Engineering/3_Orchestration/pl_Orders,SAMMS,BR,DEV,2026-09-03T06:47:31.059Z,2026-09-03T07:03:50.486Z,SUCCESS,SCHEDULE,Fabric,1,1,0,0,0,1,2026-09-03T06:47:31.059Z,8a978163-dc4c-4328-851c-ec293737fd61
202609031157243197,138,CDC Orders Bronze,pl_Orders,BHG-DATA-PLATFORM-CORE-DEV/2_Engineering/3_Orchestration/pl_Orders,SAMMS,BR,DEV,2026-09-03T11:57:18.712Z,2026-09-03T12:14:10.254Z,SUCCESS,SCHEDULE,Fabric,3,3,0,0,0,1,2026-09-03T11:57:18.712Z,e094fd0a-1f4a-4369-85ee-0e102ddb1eac
202609030402453468,138,CDC Orders Bronze,pl_Orders,BHG-DATA-PLATFORM-CORE-DEV/2_Engineering/3_Orchestration/pl_Orders,SAMMS,BR,DEV,2026-09-03T04:02:39.821Z,2026-09-03T04:19:49.200Z,SUCCESS,SCHEDULE,Fabric,3,3,0,0,0,1,2026-09-03T04:02:39.821Z,d4885e65-6479-4750-a76b-c74c49e3e9cb
20260904084918,110,Cash Flow Silver Pipeline,nb_cashflow_brz_to_slv,/notebooks/nb_cashflow_brz_to_slv,Cash Flow,SL,DEV,2026-09-04T08:49:18.597Z,2026-09-04T08:51:53.456Z,SUCCESS,SCHEDULE,Fabric,1,1,0,0,0,1,2026-09-04T08:49:18.597Z,d42c3a80-d402-47a6-9d0e-a2f670f0338a
20260902035827,110,Cash Flow Silver Pipeline,nb_cashflow_brz_to_slv,/notebooks/nb_cashflow_brz_to_slv,Cash Flow,SL,DEV,2026-09-02T08:55:28.646Z,2026-09-02T08:58:18.195Z,SUCCESS,SCHEDULE,Fabric,1,1,0,0,1,2,2026-09-02T08:55:28.646Z,cc136ea8-572b-4137-a8c9-bc9ec64f83b6
20260903201615,109,Cash Flow Bronze Pipeline,nb_cashflow_src_to_brz,/notebooks/nb_cashflow_src_to_brz,Cash Flow,BR,DEV,2026-09-03T20:27:57.921Z,2026-09-03T20:33:32.646Z,SUCCESS,SCHEDULE,Fabric,4,4,0,0,1,2,2026-09-03T20:27:57.921Z,7a57419a-bb25-4ef5-a179-dddc64ce8c4f
20260902094154,110,Cash Flow Silver Pipeline,nb_cashflow_brz_to_slv,/notebooks/nb_cashflow_brz_to_slv,Cash Flow,SL,DEV,2026-09-02T09:58:46.115Z,2026-09-02T10:01:29.497Z,SUCCESS,SCHEDULE,Fabric,1,1,0,0,1,2,2026-09-02T09:58:46.115Z,c029585a-08e5-4f27-88c1-b279d1dfe21d
20260902032359,109,Cash Flow Bronze Pipeline,nb_cashflow_src_to_brz,/notebooks/nb_cashflow_src_to_brz,Cash Flow,BR,DEV,2026-09-02T03:42:46.788Z,2026-09-02T03:49:31.889Z,SUCCESS,SCHEDULE,Fabric,4,4,0,0,1,2,2026-09-02T03:42:46.788Z,d0354a1d-b115-4cc7-88f9-15c40e686970
20260903211835,110,Cash Flow Silver Pipeline,nb_cashflow_brz_to_slv,/notebooks/nb_cashflow_brz_to_slv,Cash Flow,SL,DEV,2026-09-03T21:18:35.768Z,2026-09-03T21:21:11.146Z,SUCCESS,SCHEDULE,Fabric,1,1,0,0,0,1,2026-09-03T21:18:35.768Z,47074de9-d3a9-4b3d-b69c-7be5bb05cabc
20260904074530,109,Cash Flow Bronze Pipeline,nb_cashflow_src_to_brz,/notebooks/nb_cashflow_src_to_brz,Cash Flow,BR,DEV,2026-09-04T07:45:30.980Z,2026-09-04T07:52:40.941Z,SUCCESS,SCHEDULE,Fabric,4,4,0,0,0,1,2026-09-04T07:45:30.980Z,714261ac-6ca6-4f7a-a1cc-65ca648efe73
20260903210644,109,Cash Flow Bronze Pipeline,nb_cashflow_src_to_brz,/notebooks/nb_cashflow_src_to_brz,Cash Flow,BR,DEV,2026-09-03T21:06:44.193Z,2026-09-03T21:14:05.094Z,SUCCESS,SCHEDULE,Fabric,4,4,0,0,0,1,2026-09-03T21:06:44.193Z,47074de9-d3a9-4b3d-b69c-7be5bb05cabc
20260904062932,109,Cash Flow Bronze Pipeline,nb_cashflow_src_to_brz,/notebooks/nb_cashflow_src_to_brz,Cash Flow,BR,DEV,2026-09-04T06:29:32.893Z,2026-09-04T06:37:01.243Z,SUCCESS,SCHEDULE,Fabric,4,4,0,0,0,1,2026-09-04T06:29:32.893Z,d40ce3b6-17a1-46ab-b12e-c683ffcad914
20260904064024,110,Cash Flow Silver Pipeline,nb_cashflow_brz_to_slv,/notebooks/nb_cashflow_brz_to_slv,Cash Flow,SL,DEV,2026-09-04T06:40:24.498Z,2026-09-04T06:43:00.545Z,SUCCESS,SCHEDULE,Fabric,1,1,0,0,0,1,2026-09-04T06:40:24.498Z,d40ce3b6-17a1-46ab-b12e-c683ffcad914
20260903205429,110,Cash Flow Silver Pipeline,nb_cashflow_brz_to_slv,/notebooks/nb_cashflow_brz_to_slv,Cash Flow,SL,DEV,2026-09-03T20:54:29.877Z,2026-09-03T20:57:19.472Z,SUCCESS,SCHEDULE,Fabric,1,1,0,0,0,1,2026-09-03T20:54:29.877Z,cf6c7c8f-6ed2-4b6a-8a3f-4a5233cb59d5
20260902073656,109,Cash Flow Bronze Pipeline,nb_cashflow_src_to_brz,/notebooks/nb_cashflow_src_to_brz,Cash Flow,BR,DEV,2026-09-02T08:48:52.784Z,2026-09-02T08:51:22.951Z,SUCCESS,SCHEDULE,Fabric,4,4,0,0,1,3,2026-09-02T08:48:52.784Z,cc136ea8-572b-4137-a8c9-bc9ec64f83b6
20260831113956,109,Cash Flow Bronze Pipeline,nb_cashflow_src_to_brz,/notebooks/nb_cashflow_src_to_brz,Cash Flow,BR,DEV,2026-09-01T06:52:18.465Z,2026-09-01T06:54:13.802Z,SUCCESS,SCHEDULE,Fabric,4,4,0,0,1,3,2026-09-01T06:52:18.465Z,c494ff15-7c1e-47e5-8a0b-9b879ea70768
20260831113956,109,Cash Flow Bronze Pipeline,nb_cashflow_src_to_brz,/notebooks/nb_cashflow_src_to_brz,Cash Flow,BR,DEV,2026-09-01T06:26:43.616Z,2026-09-01T06:34:11.914Z,FAILED,SCHEDULE,Fabric,4,3,1,0,1,2,2026-09-01T06:26:43.616Z,dd39e0f0-8c11-409c-baf1-c1eb0bc831e6
20260831100956,109,Cash Flow Bronze Pipeline,nb_cashflow_src_to_brz,/notebooks/nb_cashflow_src_to_brz,Cash Flow,BR,DEV,2026-08-31T10:09:56.680Z,2026-08-31T10:18:01.645Z,FAILED,SCHEDULE,Fabric,4,3,1,0,0,1,2026-08-31T10:09:56.680Z,24dba459-dc03-43ff-935b-02975da59b9d
20260902073656,109,Cash Flow Bronze Pipeline,nb_cashflow_src_to_brz,/notebooks/nb_cashflow_src_to_brz,Cash Flow,BR,DEV,2026-09-02T08:33:30.711Z,2026-09-02T08:39:56.536Z,FAILED,SCHEDULE,Fabric,4,3,1,0,1,2,2026-09-02T08:33:30.711Z,5c34dd32-79db-4626-b497-8f8aa2079363
20260904113454,129,Azure Sql Python Silver,pl_azure_sql_python,/pipelines/pl_Azure_Sql_Python,Azure_Sql,SL,DEV,2026-09-07T10:17:21.497Z,2026-09-07T10:22:02.463Z,PARTIAL_SUCCESS,MANUAL,MANUAL,2,1,1,0,1,2,2026-09-07T10:17:21.497Z,59e851e0-897f-4c3c-ab10-d7c44d4ebdc4
20260902135415,129,Azure Sql Python Silver,pl_azure_sql_python,/pipelines/pl_Azure_Sql_Python,Azure_Sql,SL,DEV,2026-09-02T13:54:15.614Z,2026-09-02T13:58:33.214Z,PARTIAL_SUCCESS,MANUAL,MANUAL,2,1,1,0,0,1,2026-09-02T13:54:15.614Z,45419c76-388a-4885-8a6e-e1a255f50e99
20260902135415,129,Azure Sql Python Silver,pl_azure_sql_python,/pipelines/pl_Azure_Sql_Python,Azure_Sql,SL,DEV,2026-09-02T14:14:30.253Z,2026-09-02T14:17:21.289Z,SUCCESS,MANUAL,MANUAL,2,2,0,0,1,2,2026-09-02T14:14:30.253Z,'45419c76-388a-4885-8a6e-e1a255f50e99'
20260831113838,101,,nb_qq_gltran_brz_to_slv,,,,,2026-08-31T11:38:53.000Z,2026-08-31T11:39:57.773Z,SUCCESS,,,,1,0,0,,1,2026-08-31T11:38:53.000Z,19c559af-f091-43f5-8c0f-1833bb34822b
20260831121604,101,,nb_qq_gltran_brz_to_slv,,,,,2026-08-31T12:16:19.647Z,2026-08-31T12:17:28.293Z,SUCCESS,,,,1,0,0,,1,2026-08-31T12:16:19.647Z,d6010baf-6f49-48cb-b62b-42e03a1188a5
20260831114052,102,,nb_qq_gltran_slv_to_gld,,,,,2026-08-31T11:41:01.477Z,2026-08-31T11:44:47.458Z,SUCCESS,,,,1,0,0,,1,2026-08-31T11:41:01.477Z,19c559af-f091-43f5-8c0f-1833bb34822b
20260902083546,129,Azure Sql Python Silver,pl_azure_sql_python,/pipelines/pl_Azure_Sql_Python,Azure_Sql,SL,DEV,2026-09-02T08:35:46.062Z,2026-09-02T08:39:19.721Z,SUCCESS,MANUAL,MANUAL,2,2,0,0,0,1,2026-09-02T08:35:46.062Z,f3f50506-ab42-4017-a5e3-5d4c793aa0e6
20260902105228,129,Azure Sql Python Silver,pl_azure_sql_python,/pipelines/pl_Azure_Sql_Python,Azure_Sql,SL,DEV,2026-09-02T10:52:28.084Z,2026-09-02T10:56:06.730Z,SUCCESS,MANUAL,MANUAL,2,2,0,0,0,1,2026-09-02T10:52:28.084Z,3506b852-499a-468c-8078-080e698457ef
20260903121340,129,Azure Sql Python Silver,pl_azure_sql_python,/pipelines/pl_Azure_Sql_Python,Azure_Sql,SL,DEV,2026-09-08T11:26:12.982Z,2026-09-08T11:30:12.467Z,SUCCESS,MANUAL,MANUAL,2,2,0,0,1,2,2026-09-08T11:26:12.982Z,3f9de54d-9a8f-4df0-8670-5ed7c25ab4cf
20260904085923,129,Azure Sql Python Silver,pl_azure_sql_python,/pipelines/pl_Azure_Sql_Python,Azure_Sql,SL,DEV,2026-09-04T08:59:23.670Z,2026-09-04T09:03:17.379Z,SUCCESS,MANUAL,MANUAL,2,2,0,0,0,1,2026-09-04T08:59:23.670Z,a7509d48-2072-4539-bbb5-3825d8741944
20260908034159,129,Azure Sql Python Silver,pl_azure_sql_python,/pipelines/pl_Azure_Sql_Python,Azure_Sql,SL,DEV,2026-09-08T04:00:51.330Z,2026-09-08T04:04:02.842Z,SUCCESS,MANUAL,MANUAL,2,2,0,0,1,2,2026-09-08T04:00:51.330Z,6304a7b3-dc45-41d5-a589-785ca3248459
20260902100032,129,Azure Sql Python Silver,pl_azure_sql_python,/pipelines/pl_Azure_Sql_Python,Azure_Sql,SL,DEV,2026-09-02T10:00:32.229Z,2026-09-02T10:04:09.501Z,SUCCESS,MANUAL,MANUAL,2,2,0,0,0,1,2026-09-02T10:00:32.229Z,24176910-d49a-4f0b-93ef-8ea1937bca36
20260903065753,129,Azure Sql Python Silver,pl_azure_sql_python,/pipelines/pl_Azure_Sql_Python,Azure_Sql,SL,DEV,2026-09-03T06:57:53.761Z,2026-09-03T07:01:34.194Z,SUCCESS,MANUAL,MANUAL,2,2,0,0,0,1,2026-09-03T06:57:53.761Z,f8921f53-dc77-4e7a-9244-91d5b95cb282
20260902101332,129,Azure Sql Python Silver,pl_azure_sql_python,/pipelines/pl_Azure_Sql_Python,Azure_Sql,SL,DEV,2026-09-02T10:13:32.561Z,2026-09-02T10:17:35.894Z,SUCCESS,MANUAL,MANUAL,2,2,0,0,0,1,2026-09-02T10:13:32.561Z,24cb0943-51a7-4a50-ab37-5fffed8584c8
20260902113148,129,Azure Sql Python Silver,pl_azure_sql_python,/pipelines/pl_Azure_Sql_Python,Azure_Sql,SL,DEV,2026-09-02T11:31:48.798Z,2026-09-02T11:35:44.037Z,SUCCESS,MANUAL,MANUAL,2,2,0,0,0,1,2026-09-02T11:31:48.798Z,94a1a7b5-9da2-43d5-9194-cbb05b4fd44c
20260902073739,129,Azure Sql Python Silver,pl_azure_sql_python,/pipelines/pl_Azure_Sql_Python,Azure_Sql,SL,DEV,2026-09-02T07:37:39.447Z,2026-09-02T07:41:36.421Z,SUCCESS,MANUAL,MANUAL,2,2,0,0,0,1,2026-09-02T07:37:39.447Z,391059bc-57e5-49c5-af48-252a2b55168c
20260902092543,129,Azure Sql Python Silver,pl_azure_sql_python,/pipelines/pl_Azure_Sql_Python,Azure_Sql,SL,DEV,2026-09-02T09:25:43.489Z,2026-09-02T09:29:16.128Z,SUCCESS,MANUAL,MANUAL,2,2,0,0,0,1,2026-09-02T09:25:43.489Z,e382a313-3d19-4b82-9b57-fd2a0e196c56
20260903090028,129,Azure Sql Python Silver,pl_azure_sql_python,/pipelines/pl_Azure_Sql_Python,Azure_Sql,SL,DEV,2026-09-03T09:00:28.099Z,2026-09-03T09:05:25.677Z,SUCCESS,MANUAL,MANUAL,2,2,0,0,0,1,2026-09-03T09:00:28.099Z,c8492d56-1821-4068-a9fe-b7dd40adbafa
20260903131413,129,Azure Sql Python Silver,pl_azure_sql_python,/pipelines/pl_Azure_Sql_Python,Azure_Sql,SL,DEV,2026-09-08T05:36:31.082Z,2026-09-08T05:40:26.460Z,SUCCESS,MANUAL,MANUAL,2,2,0,0,1,2,2026-09-08T05:36:31.082Z,5f4fa39c-2bfa-4433-b23d-f7983e8c1a2e
20260902103552,129,Azure Sql Python Silver,pl_azure_sql_python,/pipelines/pl_Azure_Sql_Python,Azure_Sql,SL,DEV,2026-09-02T10:35:52.377Z,2026-09-02T10:39:58.468Z,SUCCESS,MANUAL,MANUAL,2,2,0,0,0,1,2026-09-02T10:35:52.377Z,78a4ffb1-a727-4484-9bb3-a619e88004d4
20260904120701,129,Azure Sql Python Silver,pl_azure_sql_python,/pipelines/pl_Azure_Sql_Python,Azure_Sql,SL,DEV,2026-09-04T12:07:01.179Z,2026-09-04T12:12:28.001Z,SUCCESS,MANUAL,MANUAL,2,2,0,0,0,1,2026-09-04T12:07:01.179Z,a3df7d89-3924-493c-b358-bb016a1b1833
20260903052105,129,Azure Sql Python Silver,pl_azure_sql_python,/pipelines/pl_Azure_Sql_Python,Azure_Sql,SL,DEV,2026-09-03T05:21:05.098Z,2026-09-03T05:25:03.469Z,SUCCESS,MANUAL,MANUAL,2,2,0,0,0,1,2026-09-03T05:21:05.098Z,dfcc7090-6aed-405f-b6cd-6bb0271aee4d
20260903083548,129,Azure Sql Python Silver,pl_azure_sql_python,/pipelines/pl_Azure_Sql_Python,Azure_Sql,SL,DEV,2026-09-03T08:35:48.579Z,2026-09-03T08:39:18.694Z,SUCCESS,MANUAL,MANUAL,2,2,0,0,0,1,2026-09-03T08:35:48.579Z,b073a76f-9b12-413a-bd93-ee42079b5d97
20260904113454,129,Azure Sql Python Silver,pl_azure_sql_python,/pipelines/pl_Azure_Sql_Python,Azure_Sql,SL,DEV,2026-09-08T05:12:43.791Z,2026-09-08T05:15:01.493Z,SUCCESS,MANUAL,MANUAL,2,2,0,0,1,3,2026-09-08T05:12:43.791Z,a468a7ef-f4f0-4f75-9a4b-9f10041efb90
20260904110122,129,Azure Sql Python Silver,pl_azure_sql_python,/pipelines/pl_Azure_Sql_Python,Azure_Sql,SL,DEV,2026-09-07T10:34:46.011Z,2026-09-07T10:38:31.885Z,SUCCESS,MANUAL,MANUAL,2,2,0,0,1,2,2026-09-07T10:34:46.011Z,99033397-8470-4a39-91b2-99c27aed5089
20260903071006,129,Azure Sql Python Silver,pl_azure_sql_python,/pipelines/pl_Azure_Sql_Python,Azure_Sql,SL,DEV,2026-09-03T07:10:06.815Z,2026-09-03T07:13:40.988Z,SUCCESS,MANUAL,MANUAL,2,2,0,0,0,1,2026-09-03T07:10:06.815Z,5d717f31-08a0-46d8-9f4f-a1e32d7e0c04
20260902115015,129,Azure Sql Python Silver,pl_azure_sql_python,/pipelines/pl_Azure_Sql_Python,Azure_Sql,SL,DEV,2026-09-02T11:50:15.926Z,2026-09-02T11:53:48.331Z,SUCCESS,MANUAL,MANUAL,2,2,0,0,0,1,2026-09-02T11:50:15.926Z,e8e62fc1-7c20-4a22-b85b-df9e49ca1166
20260902120444,129,Azure Sql Python Silver,pl_azure_sql_python,/pipelines/pl_Azure_Sql_Python,Azure_Sql,SL,DEV,2026-09-02T12:04:44.648Z,2026-09-02T12:08:22.136Z,SUCCESS,MANUAL,MANUAL,2,2,0,0,0,1,2026-09-02T12:04:44.648Z,325dbe90-d834-46da-addb-cfdd40b210fa
20260902085252,129,Azure Sql Python Silver,pl_azure_sql_python,/pipelines/pl_Azure_Sql_Python,Azure_Sql,SL,DEV,2026-09-02T08:52:52.118Z,2026-09-02T08:56:19.460Z,SUCCESS,MANUAL,MANUAL,2,2,0,0,0,1,2026-09-02T08:52:52.118Z,1a271d40-e925-4513-b84c-2f60ddb77cc5
20260903123136,129,Azure Sql Python Silver,pl_azure_sql_python,/pipelines/pl_Azure_Sql_Python,Azure_Sql,SL,DEV,2026-09-08T11:09:59.152Z,2026-09-08T11:12:58.206Z,SUCCESS,MANUAL,MANUAL,2,2,0,0,1,3,2026-09-08T11:09:59.152Z,fe654495-a612-4a17-9fd5-04bdafeff38b
20260902111039,129,Azure Sql Python Silver,pl_azure_sql_python,/pipelines/pl_Azure_Sql_Python,Azure_Sql,SL,DEV,2026-09-02T11:10:39.580Z,2026-09-02T11:14:34.349Z,SUCCESS,MANUAL,MANUAL,2,2,0,0,0,1,2026-09-02T11:10:39.580Z,ac5fafbf-2002-499b-9ca0-d3ba19fc74c2
20260902064006,129,Azure Sql Python Silver,pl_azure_sql_python,/pipelines/pl_Azure_Sql_Python,Azure_Sql,SL,DEV,2026-09-02T06:40:06.481Z,2026-09-02T06:44:05.070Z,SUCCESS,MANUAL,MANUAL,2,2,0,0,0,1,2026-09-02T06:40:06.481Z,432e1fd9-5757-4fbd-b5fe-306e7dd0feb7
20260902072154,129,Azure Sql Python Silver,pl_azure_sql_python,/pipelines/pl_Azure_Sql_Python,Azure_Sql,SL,DEV,2026-09-02T07:21:54.325Z,2026-09-02T07:25:39.798Z,SUCCESS,MANUAL,MANUAL,2,2,0,0,0,1,2026-09-02T07:21:54.325Z,cfc73f64-c97a-42ba-92ba-46c5d817d8b9
20260903123136,129,Azure Sql Python Silver,pl_azure_sql_python,/pipelines/pl_Azure_Sql_Python,Azure_Sql,SL,DEV,2026-09-08T05:54:53.778Z,2026-09-08T05:57:59.808Z,FAILED,MANUAL,MANUAL,2,1,1,0,1,2,2026-09-08T05:54:53.778Z,2bc2c23e-4fff-4fcf-8329-7318fd2d456d
202609031138463419,139,CDC Orders Silver,pl_Orders,BHG-DATA-PLATFORM-CORE-DEV/2_Engineering/3_Orchestration/pl_Orders,Bronze Lakehouse,SL,DEV,2026-09-03T11:38:30.085Z,,RUNNING,SCHEDULE,Fabric,1,0,0,0,0,1,2026-09-03T11:38:30.085Z,b2c82eda-0c7b-4a22-a066-e44d31584da6
202609030714351752,139,CDC Orders Silver,pl_Orders,BHG-DATA-PLATFORM-CORE-DEV/2_Engineering/3_Orchestration/pl_Orders,Bronze Lakehouse,SL,DEV,2026-09-03T07:15:32.510Z,,RUNNING,SCHEDULE,Fabric,1,0,0,0,0,1,2026-09-03T07:15:32.510Z,83b6c9a6-6c79-4fbb-9849-b10cef346e6a
202609080914357193,139,CDC Orders Silver,pl_Orders,BHG-DATA-PLATFORM-CORE-DEV/2_Engineering/3_Orchestration/pl_Orders,Bronze Lakehouse,SL,DEV,2026-09-08T09:14:20.258Z,,RUNNING,SCHEDULE,Fabric,1,0,0,0,0,1,2026-09-08T09:14:20.258Z,c3c056d5-29d8-4fcd-9201-8b67eee55b7f
202609080627625459,147,SAMMS Batch Payments Bronze,pl_batchpayments,/pipelines/pl_batchpayments,SAMMS,BR,DEV,2026-09-08T06:27:57.014Z,2026-09-08T06:42:37.977Z,SUCCESS,MANUAL,MANUAL,6,6,0,0,0,1,2026-09-08T06:27:57.014Z,0c68bed2-8f22-4a44-9abe-e68b250db4b9
202609080548118491,147,SAMMS Batch Payments Bronze,pl_batchpayments,/pipelines/pl_batchpayments,SAMMS,BR,DEV,2026-09-08T05:48:43.935Z,2026-09-08T06:04:00.814Z,SUCCESS,MANUAL,MANUAL,6,6,0,0,0,1,2026-09-08T05:48:43.935Z,ccb69063-ae98-485c-b24b-b0a238d7c18a
202609071857449470,147,SAMMS Batch Payments Bronze,pl_batchpayments,/pipelines/pl_batchpayments,SAMMS,BR,DEV,2026-09-07T18:57:40.064Z,2026-09-07T19:13:54.016Z,SUCCESS,MANUAL,MANUAL,1,1,0,0,0,1,2026-09-07T18:57:40.064Z,e9e1213a-49ea-4c6e-8ea8-bfbef19c5025
202609071803429320,147,SAMMS Batch Payments Bronze,pl_batchpayments,/pipelines/pl_batchpayments,SAMMS,BR,DEV,2026-09-07T18:03:37.457Z,2026-09-07T18:19:04.626Z,SUCCESS,MANUAL,MANUAL,1,1,0,0,0,1,2026-09-07T18:03:37.457Z,456f6246-f685-4db2-9dd1-3c2de1d01c40
202609080627725459,148,SAMMS Batch Payments Silver,pl_batchpayments,/pipelines/pl_batchpayments,BR,SL,DEV,2026-09-08T06:27:57.014Z,2026-09-08T06:44:46.199Z,SUCCESS,MANUAL,MANUAL,1,1,0,0,0,1,2026-09-08T06:27:57.014Z,0c68bed2-8f22-4a44-9abe-e68b250db4b9
202609071803529320,148,SAMMS Batch Payments Silver,pl_batchpayments,/pipelines/pl_batchpayments,BR,SL,DEV,2026-09-07T18:03:37.457Z,2026-09-07T18:20:34.728Z,SUCCESS,MANUAL,MANUAL,1,1,0,0,0,1,2026-09-07T18:03:37.457Z,456f6246-f685-4db2-9dd1-3c2de1d01c40
202609080548218491,148,SAMMS Batch Payments Silver,pl_batchpayments,/pipelines/pl_batchpayments,BR,SL,DEV,2026-09-08T05:48:43.935Z,2026-09-08T06:05:45.537Z,SUCCESS,MANUAL,MANUAL,1,1,0,0,0,1,2026-09-08T05:48:43.935Z,ccb69063-ae98-485c-b24b-b0a238d7c18a
202609071857549470,148,SAMMS Batch Payments Silver,pl_batchpayments,/pipelines/pl_batchpayments,BR,SL,DEV,2026-09-07T18:57:40.064Z,2026-09-07T19:15:47.560Z,SUCCESS,MANUAL,MANUAL,1,1,0,0,0,1,2026-09-07T18:57:40.064Z,e9e1213a-49ea-4c6e-8ea8-bfbef19c5025
202609080548318491,149,SAMMS Batch Payments Gold,pl_batchpayments,/pipelines/pl_batchpayments,SL,GL,DEV,2026-09-08T05:48:43.935Z,2026-09-08T06:07:00.353Z,SUCCESS,MANUAL,MANUAL,1,1,0,0,0,1,2026-09-08T05:48:43.935Z,ccb69063-ae98-485c-b24b-b0a238d7c18a
202609080627825459,149,SAMMS Batch Payments Gold,pl_batchpayments,/pipelines/pl_batchpayments,SL,GL,DEV,2026-09-08T06:27:57.014Z,2026-09-08T06:46:35.956Z,SUCCESS,MANUAL,MANUAL,1,1,0,0,0,1,2026-09-08T06:27:57.014Z,0c68bed2-8f22-4a44-9abe-e68b250db4b9
202609071857649470,149,SAMMS Batch Payments Gold,pl_batchpayments,/pipelines/pl_batchpayments,SL,GL,DEV,2026-09-07T18:57:40.064Z,2026-09-07T19:17:19.919Z,SUCCESS,MANUAL,MANUAL,1,1,0,0,0,1,2026-09-07T18:57:40.064Z,e9e1213a-49ea-4c6e-8ea8-bfbef19c5025
20260831120944,100,,pl_qq_gltran,,,,,2026-08-31T12:09:54.885Z,2026-08-31T12:12:07.472Z,SUCCESS,,,,1,0,0,,1,2026-08-31T12:09:54.885Z,d6010baf-6f49-48cb-b62b-42e03a1188a5
20260831064224,100,,pl_qq_gltran,,,,,2026-08-31T06:42:37.139Z,2026-08-31T06:45:17.730Z,SUCCESS,,,,1,0,0,,1,2026-08-31T06:42:37.139Z,6471b19c-e4d3-4f79-b8d7-15c1a0b13dee
20260831113136,100,,pl_qq_gltran,,,,,2026-08-31T11:31:46.792Z,2026-08-31T11:34:41.111Z,SUCCESS,,,,1,0,0,,1,2026-08-31T11:31:46.792Z,19c559af-f091-43f5-8c0f-1833bb34822b
20260831070250,100,,pl_qq_gltran,,,,,2026-08-31T07:03:00.477Z,2026-08-31T07:05:40.365Z,SUCCESS,,,,1,0,0,,1,2026-08-31T07:03:00.477Z,57ba7982-ea73-4ffd-a402-3d624933af0a
202609031138363419,138,CDC Orders Bronze,pl_Orders,BHG-DATA-PLATFORM-CORE-DEV/2_Engineering/3_Orchestration/pl_Orders,SAMMS,BR,DEV,2026-09-03T11:38:30.085Z,,RUNNING,SCHEDULE,Fabric,3,0,0,0,0,1,2026-09-03T11:38:30.085Z,b2c82eda-0c7b-4a22-a066-e44d31584da6
202609030714251752,138,CDC Orders Bronze,pl_Orders,BHG-DATA-PLATFORM-CORE-DEV/2_Engineering/3_Orchestration/pl_Orders,SAMMS,BR,DEV,2026-09-03T07:15:32.510Z,,RUNNING,SCHEDULE,Fabric,1,0,0,0,0,1,2026-09-03T07:15:32.510Z,83b6c9a6-6c79-4fbb-9849-b10cef346e6a
202609080914257193,138,CDC Orders Bronze,pl_Orders,BHG-DATA-PLATFORM-CORE-DEV/2_Engineering/3_Orchestration/pl_Orders,SAMMS,BR,DEV,2026-09-08T09:14:20.258Z,,RUNNING,SCHEDULE,Fabric,4,0,0,0,0,1,2026-09-08T09:14:20.258Z,c3c056d5-29d8-4fcd-9201-8b67eee55b7f
202609011446585399,18,SAMMS Orders Bronze,pl_SaveOrders,/pipelines/pl_SaveOrders,SAMMS,BR,DEV,2026-09-01T14:46:53.268Z,2026-09-01T15:01:35.287Z,SUCCESS,MANUAL,MANUAL,2,2,0,0,0,1,2026-09-01T14:46:53.268Z,b5c0e877-5d64-436b-80db-f99eaf918b45
202609011251101425,18,SAMMS Orders Bronze,pl_SaveOrders,/pipelines/pl_SaveOrders,SAMMS,BR,DEV,2026-09-01T12:51:07.865Z,2026-09-01T13:12:51.139Z,SUCCESS,MANUAL,MANUAL,2,2,0,0,0,1,2026-09-01T12:51:07.865Z,f6aa51de-9f35-48c9-bc2e-0351d0a17771
202609011148101538,18,SAMMS Orders Bronze,pl_SaveOrders,/pipelines/pl_SaveOrders,SAMMS,BR,DEV,2026-09-01T11:48:05.571Z,2026-09-01T12:03:04.813Z,SUCCESS,MANUAL,MANUAL,2,2,0,0,0,1,2026-09-01T11:48:05.571Z,2ce55787-1d6c-4ae8-a1d1-ad0ecb61dafb
202609080714302807,18,SAMMS Orders Bronze,pl_SaveOrders,/pipelines/pl_SaveOrders,SAMMS,BR,DEV,2026-09-08T07:14:24.661Z,2026-09-08T07:31:50.445Z,SUCCESS,MANUAL,MANUAL,2,2,0,0,0,1,2026-09-08T07:14:24.661Z,60236488-77d9-43e9-8104-e7376443a0c0
202609011351438075,18,SAMMS Orders Bronze,pl_SaveOrders,/pipelines/pl_SaveOrders,SAMMS,BR,DEV,2026-09-01T13:51:37.929Z,2026-09-01T14:08:53.997Z,SUCCESS,MANUAL,MANUAL,2,2,0,0,0,1,2026-09-01T13:51:37.929Z,216790a4-77ac-48a1-a0f2-067ed3c00261
202609011446685399,19,SAMMS Orders Silver,pl_SaveOrders,/pipelines/pl_SaveOrders,BR,SL,DEV,2026-09-01T14:46:53.268Z,2026-09-01T15:04:21.834Z,SUCCESS,MANUAL,MANUAL,1,1,0,0,0,1,2026-09-01T14:46:53.268Z,b5c0e877-5d64-436b-80db-f99eaf918b45
202609011251201425,19,SAMMS Orders Silver,pl_SaveOrders,/pipelines/pl_SaveOrders,BR,SL,DEV,2026-09-01T12:51:07.865Z,2026-09-01T13:16:06.217Z,SUCCESS,MANUAL,MANUAL,1,1,0,0,0,1,2026-09-01T12:51:07.865Z,f6aa51de-9f35-48c9-bc2e-0351d0a17771
202609011351538075,19,SAMMS Orders Silver,pl_SaveOrders,/pipelines/pl_SaveOrders,BR,SL,DEV,2026-09-01T13:51:37.929Z,2026-09-01T14:11:46.595Z,SUCCESS,MANUAL,MANUAL,1,1,0,0,0,1,2026-09-01T13:51:37.929Z,216790a4-77ac-48a1-a0f2-067ed3c00261
202609080714402807,19,SAMMS Orders Silver,pl_SaveOrders,/pipelines/pl_SaveOrders,BR,SL,DEV,2026-09-08T07:14:24.661Z,2026-09-08T07:32:06.112Z,SUCCESS,MANUAL,MANUAL,1,1,0,0,0,1,2026-09-08T07:14:24.661Z,60236488-77d9-43e9-8104-e7376443a0c0
202609011148201538,19,SAMMS Orders Silver,pl_SaveOrders,/pipelines/pl_SaveOrders,BR,SL,DEV,2026-09-01T11:48:05.571Z,2026-09-01T12:05:46.643Z,SUCCESS,MANUAL,MANUAL,1,1,0,0,0,1,2026-09-01T11:48:05.571Z,2ce55787-1d6c-4ae8-a1d1-ad0ecb61dafb
202609071501541608,147,SAMMS Batch Payments Bronze,pl_batchpayments,/pipelines/pl_batchpayments,SAMMS,BR,DEV,2026-09-07T15:01:48.524Z,,RUNNING,MANUAL,MANUAL,1,0,0,0,0,1,2026-09-07T15:01:48.524Z,c456f764-25c5-4f6a-b4c2-de7e7bf54066
202609081127243497,147,SAMMS Batch Payments Bronze,pl_batchpayments,/pipelines/pl_batchpayments,SAMMS,BR,DEV,2026-09-08T11:27:19.467Z,,RUNNING,MANUAL,MANUAL,6,0,0,0,0,1,2026-09-08T11:27:19.467Z,f21d41af-e8c8-453f-8bf3-bf243bb2ef24
202609071525678362,147,SAMMS Batch Payments Bronze,pl_batchpayments,/pipelines/pl_batchpayments,SAMMS,BR,DEV,2026-09-07T15:26:02.165Z,,RUNNING,MANUAL,MANUAL,1,0,0,0,0,1,2026-09-07T15:26:02.165Z,e7757ec1-f5cc-4efe-bccd-984488261ef0
20260831070943,101,,nb_qq_gltran_brz_to_slv,,,,,2026-08-31T07:09:53.188Z,,RUNNING,,,,0,0,0,,1,2026-08-31T07:09:53.188Z,57ba7982-ea73-4ffd-a402-3d624933af0a
20260831064912,101,,nb_qq_gltran_brz_to_slv,,,,,2026-08-31T06:49:21.226Z,,RUNNING,,,,0,0,0,,1,2026-08-31T06:49:21.226Z,6471b19c-e4d3-4f79-b8d7-15c1a0b13dee
20260831071050,102,,nb_qq_gltran_slv_to_gld,,,,,2026-08-31T07:11:23.961Z,,RUNNING,,,,0,0,0,,1,2026-08-31T07:11:23.961Z,57ba7982-ea73-4ffd-a402-3d624933af0a
20260831121832,102,,nb_qq_gltran_slv_to_gld,,,,,2026-08-31T12:18:41.013Z,,RUNNING,,,,0,0,0,,1,2026-08-31T12:18:41.013Z,d6010baf-6f49-48cb-b62b-42e03a1188a5
20260831062837,102,,nb_qq_gltran_slv_to_gld,,,,,2026-08-31T06:28:43.307Z,,RUNNING,,,,0,0,0,,1,2026-08-31T06:28:43.307Z,dc5f6fb5-ed9a-4ebe-8bf8-d94837c0ef14
20260831062735,101,,nb_qq_gltran_brz_to_slv,,,,,2026-08-31T06:27:43.617Z,,RUNNING,,,,0,0,0,,1,2026-08-31T06:27:43.617Z,dc5f6fb5-ed9a-4ebe-8bf8-d94837c0ef14
20260831065015,102,,nb_qq_gltran_slv_to_gld,,,,,2026-08-31T06:50:43.981Z,,RUNNING,,,,0,0,0,,1,2026-08-31T06:50:43.981Z,6471b19c-e4d3-4f79-b8d7-15c1a0b13dee
202609071525778362,148,SAMMS Batch Payments Silver,pl_batchpayments,/pipelines/pl_batchpayments,BR,SL,DEV,2026-09-07T15:26:02.165Z,,RUNNING,MANUAL,MANUAL,1,0,0,0,0,1,2026-09-07T15:26:02.165Z,e7757ec1-f5cc-4efe-bccd-984488261ef0
202609071501641608,148,SAMMS Batch Payments Silver,pl_batchpayments,/pipelines/pl_batchpayments,BR,SL,DEV,2026-09-07T15:01:48.524Z,,RUNNING,MANUAL,MANUAL,1,0,0,0,0,1,2026-09-07T15:01:48.524Z,c456f764-25c5-4f6a-b4c2-de7e7bf54066
202609081127343497,148,SAMMS Batch Payments Silver,pl_batchpayments,/pipelines/pl_batchpayments,BR,SL,DEV,2026-09-08T11:27:19.467Z,,RUNNING,MANUAL,MANUAL,1,0,0,0,0,1,2026-09-08T11:27:19.467Z,f21d41af-e8c8-453f-8bf3-bf243bb2ef24
202609081127443497,149,SAMMS Batch Payments Gold,pl_batchpayments,/pipelines/pl_batchpayments,SL,GL,DEV,2026-09-08T11:27:19.467Z,,RUNNING,MANUAL,MANUAL,1,0,0,0,0,1,2026-09-08T11:27:19.467Z,f21d41af-e8c8-453f-8bf3-bf243bb2ef24
202609071525878362,149,SAMMS Batch Payments Gold,pl_batchpayments,/pipelines/pl_batchpayments,SL,GL,DEV,2026-09-07T15:26:02.165Z,,RUNNING,MANUAL,MANUAL,1,0,0,0,0,1,2026-09-07T15:26:02.165Z,e7757ec1-f5cc-4efe-bccd-984488261ef0
202609071803629320,149,SAMMS Batch Payments Gold,pl_batchpayments,/pipelines/pl_batchpayments,SL,GL,DEV,2026-09-07T18:03:37.457Z,,RUNNING,MANUAL,MANUAL,1,0,0,0,0,1,2026-09-07T18:03:37.457Z,456f6246-f685-4db2-9dd1-3c2de1d01c40
202609071501741608,149,SAMMS Batch Payments Gold,pl_batchpayments,/pipelines/pl_batchpayments,SL,GL,DEV,2026-09-07T15:01:48.524Z,,RUNNING,MANUAL,MANUAL,1,0,0,0,0,1,2026-09-07T15:01:48.524Z,c456f764-25c5-4f6a-b4c2-de7e7bf54066
202609011238695369,18,SAMMS Orders Bronze,pl_SaveOrders,/pipelines/pl_SaveOrders,SAMMS,BR,DEV,2026-09-01T12:39:03.996Z,,RUNNING,MANUAL,MANUAL,2,0,0,0,0,1,2026-09-01T12:39:03.996Z,af4c2ea0-92ca-45ed-a212-040b2345c472
202609011222555850,18,SAMMS Orders Bronze,pl_SaveOrders,/pipelines/pl_SaveOrders,SAMMS,BR,DEV,2026-09-01T12:22:50.356Z,,RUNNING,MANUAL,MANUAL,2,0,0,0,0,1,2026-09-01T12:22:50.356Z,edc68595-2c9a-4471-b14d-b1294e59c87f
20260831062152,100,,pl_qq_gltran,,,,,2026-08-31T06:22:02.729Z,,RUNNING,,,,0,0,0,,1,2026-08-31T06:22:02.729Z,dc5f6fb5-ed9a-4ebe-8bf8-d94837c0ef14
20260831060433,100,,pl_qq_gltran,,,,,2026-08-31T06:04:42.974Z,,RUNNING,,,,0,0,0,,1,2026-08-31T06:04:42.974Z,84c0fafe-5efb-4ec6-976e-189dd1c635b7
202609011222655850,19,SAMMS Orders Silver,pl_SaveOrders,/pipelines/pl_SaveOrders,BR,SL,DEV,2026-09-01T12:22:50.356Z,,RUNNING,MANUAL,MANUAL,1,0,0,0,0,1,2026-09-01T12:22:50.356Z,edc68595-2c9a-4471-b14d-b1294e59c87f
202609011238795369,19,SAMMS Orders Silver,pl_SaveOrders,/pipelines/pl_SaveOrders,BR,SL,DEV,2026-09-01T12:39:03.996Z,,RUNNING,MANUAL,MANUAL,1,0,0,0,0,1,2026-09-01T12:39:03.996Z,af4c2ea0-92ca-45ed-a212-040b2345c472
